{"beta": [0.11231640135348998, -0.4804103531734515, 0.2177666345126042, -0.17816940845747745, 0.06645058010130604, -0.17016165445253043, -0.35523520262335373], "R": [[-0.23145502494313774, 1.1572751247156892], [-1.03130082502003, -0.24526634736029335], [-0.9665372452263888, 0.1600647930125333], [-0.23821647948833946, 26.150966377476646], [0.16737920598533462, 1.0959008413253646], [0.2670459436688699, 1.4100139556865243]], "mse": 0.12362632849755978, "vol": 34.4414985094701, "inc": 33, "msevvol": 0.0035894584686426245, "msevinc": 0.003746252378713933}