{"beta": [0.22528369621238573, -0.11352903123086414, 0.38777158666013223, -0.006077864787156524, -0.3456972327544193, 0.06477685076026571, -0.07234288743664827], "R": [[-1.7201851746019652, 1.720185174601965], [-1.13130082502003, 1.4962299892472228], [-1.2772928491263928, 1.3340984998439032], [2.404565209889576, 26.150966377476646], [-0.9760197726155688, 19.14347425562218], [-3.261858092384089, 4.1252797458964094]], "mse": 0.00803426322618494, "vol": 83313.62532517572, "inc": 5, "msevvol": 9.643396497063904e-08, "msevinc": 0.0016068526452369882}