{"beta": [-0.11005688615086365, 1.0314472102339107, -0.7548948276361982, 0.2620375192370959, -0.38081138755176136, -0.3214060139262076, 0.009055020857284749], "R": [[-1.720185174601965, 0.9258200997725514], [-1.13130082502003, 1.496229989247223], [-0.9192739747865711, 1.3340984998439032], [0.15690404318190215, 26.150966377476646], [0.15759265114861537, 1.0959008413253646], [0.7900991017108473, 1.468130973246744]], "mse": 0.11621745121778343, "vol": 259.0844098033554, "inc": 13, "msevvol": 0.0004485698360082425, "msevinc": 0.008939803939829495}