{"beta": [-0.11613616065440127, 0.0025039507354924304, 0.11202446323995821, -0.015709894351564727, -0.055663446782602065, -0.0100412621826111, -0.34815147811231256], "R": [[-1.6923938634770468, 1.6968959665685883], [-1.0618306677398395, 1.5755795222543156], [-1.1934563591118503, 1.420181465660709], [0.0923287530945518, 26.016148822943872], [-0.956551151406026, 18.730810247203966], [-3.1508650991369676, 4.357104412223306]], "mse": 0.22687184448153463, "vol": 89524.27392745683, "inc": 236, "msevvol": 2.53419362736606e-06, "msevinc": 0.000961321374921757}