{"beta": [-0.11245500894526717, -0.04333026531966545, 0.050053421990421884, -0.014763631766318201, -0.03469789261695019, -0.15796192000725343, 0.048082741230738864], "R": [[-1.7201851746019652, 1.7201851746019647], [-1.13130082502003, 1.4962299892472228], [-1.2772928491263928, 1.3340984998439032], [-0.23821647948833946, 26.150966377476646], [-0.9760197726155687, 19.14347425562218], [-1.0502731210294418, 4.1252797458964094]], "mse": 0.6259472254474031, "vol": 64867.135682594475, "inc": 2485, "msevvol": 9.64968190533748e-06, "msevinc": 0.00025189023156837147}