{"beta": [0.012291184244026993, -0.08279544850854828, 0.11976244583107175, -0.009081951815470193, -0.02708557992160019, -0.08512307255116824, -0.11414877720763375], "R": [[-0.4629100498862757, 1.720185174601965], [-1.13130082502003, 1.4962299892472233], [-1.1772928491263928, 0.982108103876507], [-0.23821647948833946, 26.150966377476646], [-0.056526958919697945, 19.14347425562218], [0.20892892610865021, 4.1252797458964094]], "mse": 0.18005618545751545, "vol": 24578.9073820306, "inc": 322, "msevvol": 7.325638306817201e-06, "msevinc": 0.0005591807001786195}