{"beta": [-0.2170725972295001, -0.05752162336899476, 0.02160837058296871, -0.028383583513006353, -0.05663385218168869, -0.18700105360738045, 0.04621289606994415], "R": [[-1.6923938634770468, 1.6968959665685883], [-1.0618306677398395, 1.5755795222543156], [-1.1934563591118503, 1.420181465660709], [-0.23792987968180157, 26.016148822943872], [-0.9565511514060262, 18.730810247203966], [-0.9037797170931134, 4.357104412223306]], "mse": 0.6685419915739244, "vol": 63529.410869931875, "inc": 1873, "msevvol": 1.0523346311878702e-05, "msevinc": 0.0003569364610645619}