{"beta": [-0.23433036457867723, -0.05258304757083527, 0.0054933483468524325, -0.02556647136183528, -0.05149618892992529, -0.224103857285809, 0.0734793338627048], "R": [[-1.6923938634770468, 1.6968959665685883], [-1.0618306677398395, 1.5755795222543154], [-1.1934563591118503, 1.4201814656607088], [-0.23792987968180157, 26.016148822943872], [-0.9565511514060261, 18.730810247203966], [-0.9037797170931139, 4.357104412223306]], "mse": 0.7340890115108518, "vol": 63529.41086993187, "inc": 1888, "msevvol": 1.1555104973565751e-05, "msevinc": 0.0003888183323680359}