{"beta": [0.03307226287720913, -0.03928805120832855, -0.04420218943872071, -0.0011160701191024467, -0.06699426374470531, -0.0614080250294108, -0.5793057663544725], "R": [[-1.6923938634770468, 1.6968959665685883], [-1.0618306677398395, 1.5755795222543156], [-1.1934563591118503, 1.420181465660709], [1.0852915936980834, 26.016148822943872], [-0.9565511514060261, 18.73081024720397], [-3.150865099136967, 4.357104412223306]], "mse": 0.06435226396971105, "vol": 86095.21613032435, "inc": 17, "msevvol": 7.474545841466908e-07, "msevinc": 0.0037854272923359446}