{"beta": [-0.14669798743835133, 0.002868108433094629, -0.03816216799866722, -0.01392029281635423, -0.029035944461771223, -0.2084206804389373, 0.032326793602861954], "R": [[-0.14271666800175814, 1.5968959665685882], [-1.0618306677398395, 1.5755795222543154], [-1.1934563591118503, 1.4201814656607088], [-0.23792987968180157, 26.016148822943872], [-0.9565511514060261, 18.730810247203966], [0.5538745789733551, 4.357104412223306]], "mse": 0.36108966769629003, "vol": 23572.872501810718, "inc": 394, "msevvol": 1.5318017253457484e-05, "msevinc": 0.0009164712378078427}