{"beta": [-0.17495022483836037, 0.07287687227605594, -0.017330281951534597, -0.027833972302936577, -0.04551103196358692, -0.09324211056467643, -0.06894651325348808], "R": [[-1.6923938634770468, 1.6968959665685883], [-1.0618306677398395, 1.5755795222543156], [-1.1934563591118503, 1.420181465660709], [-0.11890114056413237, 26.016148822943872], [-0.9565511514060262, 18.730810247203966], [0.179611989442777, 4.357104412223306]], "mse": 0.4443935930239678, "vol": 50217.87301038434, "inc": 798, "msevvol": 8.8493113384566e-06, "msevinc": 0.0005568842017844208}