{"beta": [-0.024693796273112977, -0.180263627584144, 0.10121070979492877, -0.6795648938046562, -0.23300118112422602, 0.029210984023409985, -0.34808370125252364], "R": [[0.14721877109329956, 0.727089649283415], [-0.9618306677398394, 0.2841734213851726], [-0.9409144485862245, 0.32479722672450545], [-0.23792987968180157, 0.6961280452532362], [0.08757653111730218, 18.730810247203966], [0.9675332305597861, 1.8342465957884986]], "mse": 0.0702171618766073, "vol": 13.802447361042608, "inc": 13, "msevvol": 0.005087297929119089, "msevinc": 0.005401320144354408}