{"beta": [-0.050003250646732604, -0.04350489868774262, 0.08750203159011385, -0.006938941937986216, -0.029553488555330208, -0.04352909058856381, -0.16812026972935015], "R": [[-0.4629100498862757, 1.7201851746019647], [-1.13130082502003, 1.4962299892472228], [-1.2772928491263928, 1.3340984998439032], [0.011701734804375974, 26.150966377476646], [-0.9760197726155687, 19.14347425562218], [0.48014167472300884, 4.1252797458964094]], "mse": 0.10492349678232507, "vol": 28715.531709321072, "inc": 255, "msevvol": 3.65389357384829e-06, "msevinc": 0.00041146469326401987}