{"beta": [-0.05527146847952039, -0.038871837203181714, -0.019050133919752174, -0.0071688693551347354, -0.04295197062943547, 0.008322167307568715, -0.6045782730131369], "R": [[-1.0125229852869313, 1.6968959665685883], [-1.0618306677398395, 1.5755795222543156], [-1.1934563591118503, 0.46092640004167795], [0.3330088236587143, 26.016148822943872], [-0.9565511514060262, 18.730810247203966], [0.27810214458240123, 4.357104412223306]], "mse": 0.039435749190855525, "vol": 24382.566600180777, "inc": 61, "msevvol": 1.6173748169137839e-06, "msevinc": 0.0006464876916533693}