{"beta": [-0.055643824137695724, -1.0140053975789132, 0.7179527620465768, -0.034308309772482316, 0.0993154802424153, -0.03579790947003467, -0.6787651007162081], "R": [[-1.6923938634770468, 0.727089649283415], [-1.0618306677398395, 1.5755795222543156], [-0.9988417563807659, 1.420181465660709], [0.3727205719208413, 2.5489707147813854], [0.06043621328900328, 18.730810247203966], [0.35689426869410235, 1.656964316537171]], "mse": 0.026774020029593615, "vol": 815.3967351606365, "inc": 6, "msevvol": 3.2835574236532877e-05, "msevinc": 0.004462336671598936}