{"beta": [-0.05138533185551221, 0.07587276016067614, -0.06424727241511598, -0.01024123517595373, -0.04048537524025624, 0.045755137759369784, -0.627626332578212], "R": [[-1.5923938634770467, 1.6968959665685883], [-1.0618306677398395, 1.5755795222543156], [-1.1934563591118503, 1.420181465660709], [0.3330088236587143, 26.016148822943872], [-0.956551151406026, 18.730810247203966], [-3.1508650991369676, 4.357104412223306]], "mse": 0.044602571675410874, "vol": 86076.25468251044, "inc": 85, "msevvol": 5.181750976494744e-07, "msevinc": 0.0005247361373577749}