{"beta": [-0.09137405787539118, -0.047293543274533494, 0.07962689025026198, -0.01849181472470775, -0.0406398436277327, -0.10362555987637272, 0.00898667701142455], "R": [[-1.720185174601965, 1.720185174601965], [-1.13130082502003, 1.4962299892472228], [-1.2772928491263928, 1.3340984998439032], [-0.23821647948833946, 26.150966377476646], [-0.9760197726155687, 19.14347425562218], [-0.934039085909002, 4.1252797458964094]], "mse": 0.3887729342014947, "vol": 63410.33113997727, "inc": 2405, "msevvol": 6.131066140362598e-06, "msevinc": 0.0001616519476929292}