{"beta": [-0.09549481910691159, -0.04279454720335377, 0.07160614121593872, -0.018478686824964455, -0.04054810634622366, -0.10974257393914333, 0.014266088369311623], "R": [[-1.720185174601965, 1.720185174601965], [-1.13130082502003, 1.4962299892472228], [-1.2772928491263928, 1.3340984998439032], [-0.23821647948833946, 26.150966377476646], [-0.9760197726155687, 19.14347425562218], [-1.0502731210294414, 4.1252797458964094]], "mse": 0.38469476627889687, "vol": 64867.13568259446, "inc": 1633, "msevvol": 5.930503362461871e-06, "msevinc": 0.0002355754845553563}