{"beta": [0.05436053481816676, -0.19388691836823788, 0.2900696247008514, -0.07296460859964014, -0.1616969278864565, -0.03677031176233628, -0.21336171920938235], "R": [[-1.720185174601965, 1.1572751247156892], [-1.03130082502003, 1.496229989247223], [-0.886479052440575, 1.3340984998439032], [0.13750727731918527, 26.150966377476646], [0.15759265114861537, 1.0959008413253646], [0.15081190854843052, 4.1252797458964094]], "mse": 0.1660316548214081, "vol": 1566.7306667306357, "inc": 19, "msevvol": 0.00010597332288636024, "msevinc": 0.008738508148495163}