{"beta": [0.4573805087795214, -3.057058702517252, 1.387915756601308, -0.2935600508153233, -1.0751435324373886, -0.8363727758801053, 0.34495408184576476], "R": [[-0.2314550249431379, 1.720185174601965], [-1.13130082502003, 1.4962299892472228], [-1.0309213942438957, 1.3340984998439032], [0.810762911016324, 26.150966377476646], [-0.9760197726155687, 1.1092630160261188], [-3.261858092384089, 1.8943224353550219]], "mse": 0.05439779573025748, "vol": 3304.346196254366, "inc": 9, "msevvol": 1.6462498933047623e-05, "msevinc": 0.006044199525584164}