{"beta": [-0.04619347650890842, -0.03797375714687548, 0.11888103982008959, -0.008623053584968208, -0.010794530634487908, -0.0014303505217230098, -0.2667559838837067], "R": [[-0.9258200997725514, 1.720185174601965], [-1.13130082502003, 1.4962299892472228], [-1.2772928491263928, 1.3340984998439032], [0.10996693593382956, 26.150966377476646], [-0.9760197726155687, 19.14347425562218], [-3.261858092384089, 4.1252797458964094]], "mse": 0.08690082671905522, "vol": 70268.61443765758, "inc": 130, "msevvol": 1.2366947521948616e-06, "msevinc": 0.0006684678978388863}