{"beta": [0.4653332015540637, 0.449666438371973, -0.08341598797053937, -0.423682747420439, -0.44218230370816813, 0.9677358969029287, -1.4123901249431239], "R": [[0.23145502494313785, 1.1572751247156892], [-0.8674424950569903, -0.24526634736029335], [-0.9322954880710106, 0.1600647930125333], [-0.23821647948833946, 0.41854186267069554], [0.23635565649579493, 1.0959008413253646], [0.6738650665904079, 1.4100139556865243]], "mse": 0.2696344322245917, "vol": 0.26148442996581545, "inc": 12, "msevvol": 1.0311682124241268, "msevinc": 0.022469536018715975}