{"beta": [-0.15737977580510393, -0.048463043467101646, 0.07351179746451497, -0.02292265406108887, -0.04018570424608206, -0.07242976856794048, 0.03750201633896444], "R": [[-1.1572751247156892, 1.720185174601965], [-1.13130082502003, 1.4962299892472233], [-1.2772928491263928, 1.3340984998439032], [-0.23821647948833946, 26.150966377476646], [-0.9760197726155688, 19.14347425562218], [-3.261858092384089, 4.1252797458964094]], "mse": 0.6110908892967941, "vol": 77436.96427249236, "inc": 2488, "msevvol": 7.891462366040472e-06, "msevinc": 0.0002456153092028915}