{"beta": [-0.13382043546812086, -0.05465510747774192, 0.050290702753472416, 0.07060865644987938, -0.1544222686671487, -0.21346097920627244, -0.12029670378987363], "R": [[-0.46291004988627577, 0.9258200997725514], [-1.13130082502003, 1.496229989247223], [-1.2772928491263928, 1.3340984998439032], [0.15690404318190215, 26.150966377476646], [0.15759265114861537, 1.0959008413253646], [0.5188863530964887, 1.468130973246744]], "mse": 0.06131897102406462, "vol": 220.6152099469401, "inc": 12, "msevvol": 0.0002779453467365753, "msevinc": 0.0051099142520053846}