{"beta": [-0.09137405787539143, -0.047293543274545775, 0.07962689025027463, -0.01849181472470766, -0.040639843627732215, -0.10362555987637331, 0.008986677011424948], "R": [[-1.7201851746019652, 1.7201851746019647], [-1.13130082502003, 1.4962299892472228], [-1.2772928491263928, 1.3340984998439032], [-0.23821647948833946, 26.150966377476646], [-0.9760197726155687, 19.14347425562218], [-0.934039085909002, 4.1252797458964094]], "mse": 0.37945676910949827, "vol": 63410.33113997727, "inc": 1582, "msevvol": 5.984147413957729e-06, "msevinc": 0.00023985889324241357}