{"beta": [-0.24241860051111655, 0.3043957262877045, -0.24054235493949216, -0.2137296584243388, 0.1268391546246583, -0.2828710774091573, 0.024574246195131336], "R": [[-0.14271666800175814, 1.3069605274735303], [-0.9618306677398394, 0.17985226525342285], [-1.1934563591118503, 0.25359491089371505], [-0.23792987968180157, 26.016148822943872], [-0.006612456549960621, 18.730810247203966], [0.7902509513084586, 1.8342465957884986]], "mse": 0.16707262029557254, "vol": 1230.0026827111305, "inc": 94, "msevvol": 0.00013583110235769298, "msevinc": 0.0017773683010167292}