{"beta": [0.18203781330655477, -0.07135361402379478, -0.00622639564259333, -0.0046683270489618605, -0.01983704184259225, -0.14051482986283606, -0.2641007025401545], "R": [[-0.23145502494313774, 1.3887301496588271], [-1.13130082502003, -0.024361043261973525], [-1.0309213942438957, 0.6006259924694063], [-0.23821647948833946, 26.150966377476646], [-0.022698792056915384, 19.14347425562218], [0.5770033706567084, 4.1252797458964094]], "mse": 0.11788837752282284, "vol": 5251.303614316897, "inc": 155, "msevvol": 2.2449354709070284e-05, "msevinc": 0.000760570177566599}