{"beta": [-0.08165370482964306, -0.1464748486136707, 0.21915328201366044, -0.008128121826685935, -0.044350405127980747, -0.01936738533963026, -0.4264652968880661], "R": [[-0.7225875461918737, 1.6968959665685883], [-1.0618306677398395, 1.5755795222543156], [-1.1934563591118503, 1.420181465660709], [0.11285884652224776, 26.016148822943872], [-0.9565511514060262, 18.730810247203966], [0.3174982066382517, 4.357104412223306]], "mse": 0.18523931804706142, "vol": 34357.948560993675, "inc": 135, "msevvol": 5.391454548522208e-06, "msevinc": 0.0013721430966448995}