{"beta": [0.04890768742272748, -1.012089379745742, 0.5376144827276479, -0.0887353523931371, -0.4742938076442265, 0.2687239700881465, -0.9113301159713951], "R": [[0.23145502494313785, 0.9258200997725514], [-1.13130082502003, 1.4962299892472228], [-1.0309213942438957, 0.7043158204751291], [0.3308777251536011, 26.150966377476646], [-0.9760197726155687, 1.1150541795725155], [0.8288437800843271, 1.7587160610478425]], "mse": 0.034546371826485886, "vol": 158.94430172191775, "inc": 14, "msevvol": 0.0002173489168987433, "msevinc": 0.0024675979876061347}