{"beta": [0.017118597320516828, -0.21075031948558634, -0.281688831949938, -0.12746210555507184, -0.290421044723926, -0.17630028257202665, -0.13178773897234525], "R": [[-0.7225875461918735, 1.3069605274735303], [-0.6998090723154677, 1.4755795222543155], [-1.1934563591118503, 0.3421754190628678], [-0.23792987968180157, 26.016148822943872], [0.7079568998149331, 1.8944850476035209], [0.35689426869410235, 1.4599840062579181]], "mse": 0.19663636430315465, "vol": 232.974803034097, "inc": 17, "msevvol": 0.0008440241680314929, "msevinc": 0.011566844959009098}