{"beta": [0.05214212552856771, 0.015876726696639566, 0.17213940628911706, -0.20539780294102836, -0.1104628858499901, -0.1661722665017302, 0.1323005594750762], "R": [[-0.4326521070968158, 1.6968959665685883], [-1.0618306677398395, 1.5755795222543156], [-1.1934563591118503, 1.420181465660709], [1.085291593698083, 26.016148822943872], [-0.956551151406026, 18.730810247203966], [-3.1508650991369676, 2.0903209991515275]], "mse": 0.02006070782153453, "vol": 37762.85671713429, "inc": 12, "msevvol": 5.312285553977251e-07, "msevinc": 0.0016717256517945441}