{"beta": [-0.05991856416399481, 0.06671218153059319, 0.026068924834789415, -0.009338898679095898, -0.03552140449841972, 0.019793616402476163, -0.5371282905530744], "R": [[-1.6923938634770468, 1.6968959665685883], [-1.0618306677398395, 1.5755795222543156], [-1.1934563591118503, 1.420181465660709], [0.18213661692982397, 26.016148822943872], [-0.956551151406026, 18.730810247203966], [-3.1508650991369676, 4.357104412223306]], "mse": 0.043738228524031836, "vol": 89214.13507519024, "inc": 156, "msevvol": 4.902611955736496e-07, "msevinc": 0.00028037325976943485}