{"beta": [0.29501369453628845, -0.2156279962535826, 0.11565837324912334, -0.0429773884731639, -0.14018368943572362, 0.0420158773909309, -0.6194291210465028], "R": [[0.23145502494313785, 0.9258200997725514], [-1.13130082502003, 1.4962299892472228], [-1.0617872035107154, 0.7043158204751291], [0.19049429006932506, 1.4004822549746319], [-0.9760197726155687, 1.0959008413253646], [0.2864182828556099, 4.1252797458964094]], "mse": 0.028506750936987468, "vol": 31.010468116374934, "inc": 12, "msevvol": 0.0009192621933344699, "msevinc": 0.002375562578082289}