{"beta": [0.013399221499135232, 0.08882053755457764, 0.011448774042690095, -0.18493907660304643, -0.021549547995938265, 0.0036304047370401484, -0.17502399129897558], "R": [[-0.46291004988627577, 1.3887301496588271], [-1.13130082502003, 0.27641002462573927], [-1.1772928491263928, 0.3397134485108203], [-0.05228905841453885, 26.150966377476646], [-0.03059509778874192, 19.14347425562218], [0.5770033706567084, 1.9524394529152416]], "mse": 0.14772043962134654, "vol": 2732.545485868554, "inc": 97, "msevvol": 5.405964525944307e-05, "msevinc": 0.0015228911301169747}