{"beta": [-0.15156030399448395, -0.011007982951606925, 0.01903720708476366, -0.006612901521480674, -0.010484241244079833, -0.0800519239646279, -0.33009148215755557], "R": [[0.14721877109329962, 1.3069605274735303], [-1.0618306677398395, 1.5755795222543156], [-1.0934563591118502, 1.3201814656607087], [-0.23792987968180157, 26.016148822943872], [0.5772472138265673, 18.730810247203966], [-0.09616044494817699, 4.357104412223306]], "mse": 0.17486365904230466, "vol": 15669.251921758188, "inc": 65, "msevvol": 1.11596686246068e-05, "msevinc": 0.0026902101391123793}