{"beta": [-0.17240281365941892, -0.04858242319600015, 0.05068348344492836, -0.025269233562448097, -0.0397027783409845, -0.08797128780846306, 0.05550744542061898], "R": [[-1.3887301496588274, 1.720185174601965], [-1.13130082502003, 1.4962299892472233], [-1.2772928491263928, 1.3340984998439032], [-0.23821647948833946, 26.150966377476646], [-0.9760197726155688, 19.14347425562218], [-3.261858092384089, 4.1252797458964094]], "mse": 0.6140259260810139, "vol": 83665.78157414576, "inc": 2695, "msevvol": 7.339032929930329e-06, "msevinc": 0.00022783893361076583}