{"beta": [-0.08819789258383486, -0.07452127801806052, 0.07627912656927571, -0.01662879601915237, -0.037903949241850164, -0.15290827717927985, -0.11110875056009525], "R": [[-1.6923938634770468, 1.6968959665685883], [-1.0618306677398395, 1.5755795222543156], [-1.1934563591118503, 1.4201814656607088], [-0.23792987968180157, 26.016148822943872], [-0.13709819908529042, 18.730810247203966], [-0.05676438289232655, 4.357104412223306]], "mse": 0.4316051445179652, "vol": 51082.45455712946, "inc": 671, "msevvol": 8.449185699079276e-06, "msevinc": 0.0006432267429477872}