{"beta": [-0.07238716340213919, -0.8869537258425298, 1.0149757451987196, 0.015343044106200953, 0.1977546890430325, -0.3596988133413214, -0.01986607336103952], "R": [[-1.7201851746019652, 1.720185174601965], [-1.13130082502003, 1.4962299892472228], [-1.2772928491263928, 1.3340984998439032], [2.745021125038054, 26.150966377476646], [-0.9760197726155688, 19.14347425562218], [-3.261858092384089, 4.1252797458964094]], "mse": 0.010456673771272493, "vol": 82119.14468138298, "inc": 8, "msevvol": 1.2733539556267565e-07, "msevinc": 0.0013070842214090617}