{"beta": [-0.22313718206245942, 0.015285134474493103, 0.045043733925944136, -0.029456145527619614, -0.024585079484428268, -0.12140185959912714, -0.02817494416569029], "R": [[-1.6923938634770468, 1.6968959665685883], [-1.0618306677398395, 1.5755795222543156], [-1.1934563591118503, 1.420181465660709], [-0.08647837480099341, 26.016148822943872], [-0.9565511514060261, 18.73081024720397], [-3.150865099136967, 4.357104412223306]], "mse": 0.2931897714289272, "vol": 90141.75924616263, "inc": 525, "msevvol": 3.252541040698719e-06, "msevinc": 0.0005584567074836709}