{"beta": [-0.11245500894526717, -0.04333026531966545, 0.050053421990421884, -0.014763631766318201, -0.03469789261695019, -0.15796192000725343, 0.048082741230738864], "R": [[-1.720185174601965, 1.720185174601965], [-1.13130082502003, 1.496229989247223], [-1.2772928491263928, 1.3340984998439032], [-0.2382164794883394, 26.150966377476646], [-0.9760197726155686, 19.14347425562218], [-1.0502731210294416, 4.1252797458964094]], "mse": 0.39039506145722197, "vol": 64867.13568259446, "inc": 1643, "msevvol": 6.018379836709441e-06, "msevinc": 0.00023761111470311746}