{"beta": [-0.06051862180670943, -0.029113174234733235, 0.044286287218296444, -0.011580236560583513, -0.039058786377672204, -0.08666291582100825, -0.03502879697028374], "R": [[-0.6943650748294135, 1.720185174601965], [-1.13130082502003, 1.496229989247223], [-1.2772928491263928, 1.3340984998439032], [-0.2382164794883394, 26.150966377476646], [-0.9760197726155686, 19.14347425562218], [0.07332255180147307, 4.1252797458964094]], "mse": 0.22800446833040497, "vol": 35642.148296749474, "inc": 661, "msevvol": 6.397046172191555e-06, "msevinc": 0.00034493868128654306}