{"beta": [-0.11811693330337428, -0.12910562132445022, -0.011662870591068459, -0.010176108752203013, -0.02294130472052043, -0.07410758165609282, -0.3727976641695585], "R": [[-1.6923938634770468, 1.3069605274735303], [-0.6998090723154677, 1.4755795222543155], [-0.6841033840304243, 0.3421754190628678], [-0.23792987968180157, 24.59791340064441], [0.6067531888587552, 2.0881138861568678], [0.3174982066382517, 4.357104412223306]], "mse": 0.046497012811500156, "vol": 995.1962910177056, "inc": 18, "msevvol": 4.6721449055996254e-05, "msevinc": 0.0025831673784166755}