{"beta": [0.06534997336936166, -0.2004654152999189, 0.20992505143408374, -0.0006061106566091264, 0.0028929362030963904, -0.06857345772155425, -0.3762033475398683], "R": [[-1.7201851746019652, 1.720185174601965], [-1.13130082502003, 1.4962299892472228], [-1.2772928491263928, 1.3340984998439032], [0.8107629110163241, 26.150966377476646], [-0.9760197726155688, 19.14347425562218], [-3.261858092384089, 4.1252797458964094]], "mse": 0.02155044799593503, "vol": 88905.43886498811, "inc": 33, "msevvol": 2.423974086519224e-07, "msevinc": 0.0006530438786646978}