{"beta": [0.011381281597305242, -0.20962154628064264, 0.21738611064525565, -0.0021330266619847544, -0.1167684012911211, 0.010577900213638925, -0.35837198804689724], "R": [[-0.9258200997725513, 1.1572751247156892], [-1.13130082502003, 0.2572325311930279], [-1.2772928491263928, 0.5294899476747826], [0.11629599743863961, 26.150966377476646], [-0.440829404187589, 2.0513280459000987], [-3.2618580923840885, 4.1252797458964094]], "mse": 0.06582396251363407, "vol": 2504.8120865370092, "inc": 73, "msevvol": 2.627900227223752e-05, "msevinc": 0.0009016981166251242}