{"beta": [0.13700116078531896, 0.20646094519227656, -0.1798916431429494, -0.2907538990900045, -0.24151772080470968, 0.05097284973963033, -0.3076141327655653], "R": [[0.4629100498862757, 1.1572751247156892], [-0.8674424950569903, -0.32998717277822054], [-0.9665372452263888, 0.1600647930125333], [-0.23821647948833946, 0.41854186267069554], [0.29326520283190666, 1.2753245071744201], [0.5188863530964887, 1.4100139556865243]], "mse": 0.15849544734607013, "vol": 0.24164842997152086, "inc": 13, "msevvol": 0.6558927254969105, "msevinc": 0.01219195748815924}