{"beta": [-0.2178621139366562, -0.07509879056585013, 0.03560955604996856, -0.02578069529075825, -0.05248534058708538, -0.20629582688667006, 0.06033718460234612], "R": [[-1.6923938634770468, 1.6968959665685883], [-1.0618306677398395, 1.5755795222543156], [-1.1934563591118503, 1.420181465660709], [-0.23792987968180157, 26.016148822943872], [-0.9565511514060262, 18.730810247203966], [-0.7855915309255619, 4.357104412223306]], "mse": 0.7363070279212064, "vol": 62102.19338054268, "inc": 1203, "msevvol": 1.1856377171887453e-05, "msevinc": 0.0006120590423285174}