{"beta": [0.909215548204143, -1.487392760357882, 5.486887571222378, -3.166780338568433, 0.31626444087313055, -4.0649474497965965, 13.19252512562814], "R": [[-0.4326521070968158, 1.6968959665685883], [-1.0618306677398395, 1.5755795222543156], [-1.1934563591118503, 1.420181465660709], [1.1697450905418862, 2.5489707147813854], [-0.956551151406026, 1.2469659897572498], [-3.1508650991369676, 2.0312269060677512]], "mse": 0.36171426767933346, "vol": 231.18912688340967, "inc": 2, "msevvol": 0.0015645816589884374, "msevinc": 0.18085713383966673}