{"beta": [-0.08891700941715257, -0.10375814525634837, 0.2178615761105699, -0.011439127698350341, -0.03349344512328133, 0.0034689579586090653, -0.44823827948450196], "R": [[-1.6923938634770468, 1.6968959665685883], [-1.0618306677398395, 1.5755795222543156], [-1.1934563591118503, 1.420181465660709], [0.11285884652224776, 26.016148822943872], [-0.9565511514060262, 18.730810247203966], [-3.150865099136967, 4.357104412223306]], "mse": 0.14321432894383956, "vol": 89453.37613142117, "inc": 206, "msevvol": 1.6009941171301912e-06, "msevinc": 0.0006952151890477649}