{"beta": [-0.17240281365941867, -0.048582423196007946, 0.05068348344493561, -0.025269233562448028, -0.039702778340984055, -0.08797128780846401, 0.055507445420619146], "R": [[-1.3887301496588274, 1.720185174601965], [-1.13130082502003, 1.4962299892472233], [-1.2772928491263928, 1.3340984998439032], [-0.23821647948833946, 26.150966377476646], [-0.9760197726155688, 19.14347425562218], [-3.261858092384089, 4.1252797458964094]], "mse": 0.6140259260810141, "vol": 83665.78157414576, "inc": 2695, "msevvol": 7.339032929930332e-06, "msevinc": 0.0002278389336107659}