{"beta": [-0.026238599779320172, -0.06077806054383241, 0.07411093878123357, -0.01029955098736683, -0.03343778427783267, -0.12063127425382889, -0.030022360979454807], "R": [[-1.7201851746019652, 1.7201851746019647], [-1.13130082502003, 1.4962299892472228], [-1.2772928491263928, 1.3340984998439032], [-0.23821647948833946, 26.150966377476646], [-0.2674368737871602, 19.14347425562218], [0.48014167472300884, 4.1252797458964094]], "mse": 0.20029762427578865, "vol": 44076.877637462625, "inc": 482, "msevvol": 4.544278882983944e-06, "msevinc": 0.00041555523708669843}