{"beta": [-0.11245500894526687, -0.0433302653196754, 0.050053421990431876, -0.014763631766318064, -0.03469789261694981, -0.15796192000725462, 0.04808274123073917], "R": [[-1.720185174601965, 1.720185174601965], [-1.13130082502003, 1.496229989247223], [-1.2772928491263928, 1.3340984998439032], [-0.2382164794883394, 26.150966377476646], [-0.9760197726155686, 19.14347425562218], [-1.0502731210294416, 4.1252797458964094]], "mse": 0.6259472254474032, "vol": 64867.13568259446, "inc": 2485, "msevvol": 9.649681905337484e-06, "msevinc": 0.0002518902315683715}