{"beta": [-0.24632074947029178, -0.06326602522483055, 0.021421837671121952, -0.03440320578183026, -0.048412051423478125, -0.12020628072965524, 0.022312008954384725], "R": [[-1.3024584243819888, 1.6968959665685883], [-1.0618306677398395, 1.5755795222543156], [-1.1934563591118503, 1.4201814656607088], [-0.23792987968180157, 26.016148822943872], [-0.9565511514060261, 18.730810247203966], [-3.150865099136967, 4.357104412223306]], "mse": 0.6509126577196994, "vol": 80233.85632911845, "inc": 1268, "msevvol": 8.112693163465338e-06, "msevinc": 0.0005133380581385642}