{"beta": [-0.21339667898008827, -0.07994038980377212, 0.04346560025691055, -0.026869133892987715, -0.05238661868909193, -0.19351978145230816, 0.0498843818024516], "R": [[-1.6923938634770468, 1.6968959665685883], [-1.0618306677398395, 1.5755795222543156], [-1.1934563591118503, 1.420181465660709], [-0.23792987968180168, 26.016148822943872], [-0.956551151406026, 18.730810247203966], [-0.7855915309255617, 4.357104412223306]], "mse": 0.7337518089839613, "vol": 62102.19338054268, "inc": 1197, "msevvol": 1.1815231782358497e-05, "msevinc": 0.0006129923216240278}