{"beta": [0.07283252043877667, -0.18510995893134863, 0.16715746161064193, -0.0012919692540964273, 0.0038989330981285663, -0.0833439214340672, -0.34511714260634824], "R": [[-1.720185174601965, 1.6201851746019649], [-1.13130082502003, 1.4962299892472228], [-1.2772928491263928, 1.3340984998439032], [0.5822462648037873, 26.150966377476646], [-0.09669084995074795, 19.14347425562218], [-3.261858092384089, 4.1252797458964094]], "mse": 0.021071955645109386, "vol": 83292.97714703613, "inc": 35, "msevvol": 2.529859823345167e-07, "msevinc": 0.0006020558755745539}