{"beta": [0.2762798288698096, -1.3438260826805646, 0.6817839882691573, -0.13682194189303704, -0.37877885290213936, -0.362569438048104, -0.11946733160331076], "R": [[-1.6201851746019649, 1.720185174601965], [-1.13130082502003, 1.4962299892472228], [-1.2772928491263928, 1.3340984998439032], [0.810762911016324, 26.150966377476646], [-0.9760197726155687, 1.3749961124314516], [-3.261858092384089, 1.8943224353550219]], "mse": 0.01899428808417954, "vol": 7040.57573609565, "inc": 17, "msevvol": 2.6978316541358332e-06, "msevinc": 0.0011173110637752671}