{"beta": [0.23863668068091234, 0.014120373712005203, -0.1750678813483228, -0.12158916817678989, 0.10220217975577746, 0.0941933175480386, -0.08668582463873359, 0.9833343283397193, -0.11529538964385085, 0.27873503093892055, 0.752263791497245, 0.7396161302421247], "R": [[-1.1486865614333561, 0.5409193113300172], [-2.0125996747469777, 2.308173809528907], [-0.6957531361190138, 1.247497233019729], [-2.306328501214799, 0.5104083388713813], [-0.45420165174782934, 1.3444533905959801], [-0.07434022144445884, 1.3045019368303457], [-0.9395076438021857, 15.110644293668837], [-0.6117999790190289, 1.9538883176914308], [-0.9041149963561597, 1.206053990952793], [-0.8766738020979417, 1.191193742086525], [-1.8909183913560328, -0.20163526565014234]], "mse": 0.884169807368633, "vol": 30082.215171911554, "inc": 14, "msevvol": 2.9391778574677653e-05, "msevinc": 0.06315498624061665}