{"beta": [0.24019191424577888, 0.8762432485506905, 0.2729096901025391, 0.13282704290626435, 0.0956323590055152, -0.16256072290085713, 0.22029342331285287, 0.9781758414175995, -0.23464839673317073, 0.9583973695500783, 0.7420436897174157, 0.5346742481594347], "R": [[-0.8670855826394614, 0.5409193113300172], [-0.9510858617492711, 2.308173809528907], [-0.6957531361190138, 1.247497233019729], [-1.354018904325017, 0.5104083388713813], [-4.241444488552639, 1.3444533905959801], [-0.07434022144445884, 1.3045019368303457], [-0.9395076438021857, 0.6838233715080582], [-0.6117999790190289, 1.9538883176914308], [-0.9041149963561597, 1.206053990952793], [-0.531974717931093, 3.3012268919967234], [-1.8909183913560328, -0.20390243130735486]], "mse": 1.077216949308847, "vol": 7278.0316571975245, "inc": 28, "msevvol": 0.00014800937946505714, "msevinc": 0.03847203390388739}