{"beta": [0.047433775462196764, -0.030775325678719316, 0.04546627936850674, 0.036750257981390026, -0.02826990569220133, 0.09547801459994985, 0.0017303563319503534, 0.009550329309239686, -0.006413061944719016, 0.029431918424143454, 0.26088188624752906, -0.021013871934380954], "R": [[-1.8118885190211482, 0.8225202901239119], [-2.0125996747469777, 2.308173809528907], [-2.521978111015047, 24.050349106616267], [-2.306328501214799, 5.670996570404462], [-4.241444488552639, 1.3444533905959801], [-3.1759735352273033, 9.29572167341846], [-0.9395076438021857, 15.110644293668837], [-0.6117999790190289, 2.053888317691431], [-1.0041149963561593, 1.206053990952793], [-4.1498813091984434, 3.3012268919967234], [-1.8909183913560328, 3.2968460545112412]], "mse": 0.9693273005238803, "vol": 614419716.1554126, "inc": 646, "msevvol": 1.577630526880255e-09, "msevinc": 0.0015005066571577093}