{"beta": [-0.15029335826893095, 0.28202505566031927, 0.5470959130524117, 0.26521558425899316, -0.7612368250753063, -0.25827414380375857, 0.1104302528049142, 0.15613032391493234, 0.22468593499277212, -0.2805837777080112, 0.1980216075442307, 0.002143994283240867, 0.17563599176533093, 0.018559837466256852, 0.08133948191991809, 0.12814240633889304, 9.566278508850033e-05, 0.08426779588404361, -0.031762373647026124, -0.07682091674546157, 0.006904235232819765, -0.040943637028399704, -0.1845059640364013, 0.15242120084023883, -0.07249054090070414, 0.3061734093175022, -0.08176906586017661, -0.26323756077757304], "R": [[-0.1, 1.0], [-0.1, 1.0], [-0.1, 1.1], [-0.09999999999999998, 1.1], [-0.1, 1.1], [-0.1, 1.0], [-0.1, 1.0], [-0.1, 1.1], [-0.1, 1.1], [-0.1, 1.0], [-0.09999999999999998, 1.1], [-0.1, 1.1], [-0.10000000000000002, 1.0], [-0.10000000000000003, 1.1], [-0.1, 1.1], [-0.10000000000000002, 1.1], [-0.09999999999999998, 1.1], [-0.10000000000000003, 1.0], [-0.09999999999999998, 1.1], [-0.1, 1.1], [-1.7210408544128346, 0.6490137739569877], [-1.0752850153643772, 1.5450550162549663], [-2.7506561756272165, 2.221574435698607], [-1.0693307472552724, 0.6839159410444287], [-1.7919422551589226, 1.2696558409309646], [-1.335654730362813, 0.5672378987725761], [-1.427984621655857, 2.377114349452829]], "mse": 0.6561257252558754, "vol": 25023.249912656345, "inc": 157, "msevvol": 2.622064390301349e-05, "msevinc": 0.00417914474685271}