{"beta": [0.12693552148450504, 0.033830931952253715, -0.2660790385052078, -0.005223991723936164, 0.13672564328755382, 0.005983256875234914, -0.005463640396035304, -0.2860474013864695, -0.1316475800257072, 0.11238704177298398, 0.7371783622577123, 0.08108799702024452], "R": [[-1.1486865614333561, 2.048924205299496], [-0.9510858617492711, 1.7274169030300537], [-1.137287558888664, 1.1676718006545943], [-1.886712402381131, 0.9898324871218838], [-0.9038654123337816, 1.3444533905959801], [-0.6576965191761068, 1.4635991089389775], [-0.9395076438021857, 0.6838233715080582], [-0.6117999790190289, 1.9538883176914308], [-0.9041149963561597, 1.206053990952793], [-0.7519355821956641, 1.5242880150805072], [-1.8909183913560328, -0.20163526565014234]], "mse": 0.8823402705183145, "vol": 9152.859480910613, "inc": 48, "msevvol": 9.640050438429008e-05, "msevinc": 0.018382088969131554}