{"beta": [-0.00828349808575745, 0.09220905542258696, 0.1718588457312209, 0.29526355065934135, 0.011794703176754961, 0.8985266343880166, -0.3492347464327281, -0.03062782925187382, 0.1920131463494636, -0.1288895234475774, -0.05715434744618502, 0.42911633098394697], "R": [[-1.39348134574445, -0.6022541502987503], [-2.1678075959963774, -0.11688950822273048], [-3.013722095571801, 0.41890221168655517], [-2.4014857337967093, 0.2272657013575784], [-0.9899278071196775, 5.4189037710799495], [-1.1060435623718787, 0.19006720027982427], [-1.2883164539645324, 1.8056034008933703], [-0.21340330868756002, 8.918084865187856], [-0.25036706077527937, 6.750392678051216], [-0.4029460231906212, 0.992170930768723], [-1.6562955312242984, -0.022792279168234564]], "mse": 0.732067199617701, "vol": 54824.25096458274, "inc": 25, "msevvol": 1.3352981331028618e-05, "msevinc": 0.02928268798470804}