{"beta": [0.19085379638514416, 0.2486313732402269, 0.9312072964619462, 0.10565582618948297, -0.7401339544139148, -0.330305360260018, -0.009601994995254692, 0.1587278030683131, 0.576744643910343, -0.27213270254477123, 0.06099111638921089, -0.052551453568632875, 0.29276869632904556, -0.06462338164625125, 0.1942078510210149, 0.06247338393316838, -0.1374374846226927, 0.05945742924878574, 0.39376865095286295, 0.09408968978772952, -0.05108644062501996, 0.037424916461259825, -0.10768268616916414, 0.25985202982641503, -0.16269129360963427, 0.1874309833080215, -0.08527295914579659, -0.16169668787191302], "R": [[-0.1, 1.1], [-0.1, 1.0], [-0.1, 1.1], [-0.10000000000000003, 1.1], [-0.1, 1.1], [-0.09999999999999999, 1.1], [-0.09999999999999998, 1.0], [-0.1, 1.0], [-0.1, 1.0], [-0.1, 1.1], [0.0, 1.1], [-0.09999999999999998, 1.0], [-0.1, 1.1], [-0.1, 1.0], [-0.1, 1.1], [-0.1, 1.1], [-0.09999999999999998, 1.1], [-0.09999999999999998, 1.1], [-0.10000000000000003, 1.1], [-0.1, 1.0], [-0.7053031565400537, 1.3261722392055082], [-0.9164765285995684, 1.0686295559605405], [-2.750656175627217, 0.928516782867151], [-1.6954902388030053, 0.6839159410444287], [-1.3165284669005914, 3.079874271543797], [-1.335654730362813, 1.0179610560564236], [-3.311921066360926, 0.9048554954993902]], "mse": 0.7446908193511613, "vol": 29440.429272426645, "inc": 134, "msevvol": 2.5294835630967676e-05, "msevinc": 0.005557394174262398}