{"beta": [-0.24967256024192494, 0.08641405272049706, 0.6065251652872665, 0.056803653032014255, -0.8783878184037739, -0.15736548594764768, 0.06278061060845404, 0.023504853445724963, 0.2840983295183003, -0.2418132886790263, 0.25195201332752815, 0.03559387253973013, 0.1781628859794633, 0.10119719615005802, -0.033944213236044664, 0.11631793740739059, 0.23212363268752204, -0.042795193060852096, -0.06755620642975443, 0.2894374727741478, 0.00046516040353165335, -0.033913473068678916, -0.19678745930461836, 0.26064923891363523, -0.14181543004312802, 0.12177746679161915, -0.1014642938586553, -0.3616137547828984], "R": [[-0.1, 1.0], [-0.1, 1.1], [-0.1, 1.1], [-0.09999999999999998, 1.1], [-0.1, 1.1], [-0.1, 1.0], [-0.1, 1.0], [-0.1, 1.1], [-0.1, 1.1], [-0.1, 1.0], [-0.09999999999999998, 1.1], [-0.1, 1.1], [-0.10000000000000002, 1.1], [-0.10000000000000003, 1.1], [-0.1, 1.1], [-0.10000000000000002, 1.1], [-0.09999999999999998, 1.1], [-0.10000000000000003, 1.1], [-0.09999999999999998, 1.1], [-0.1, 1.1], [-2.4981993196613552, 0.6490137739569877], [-2.048731692570825, 1.7038635030197753], [-1.099681283835746, 2.221574435698607], [-1.6954902388030053, 1.685771351452899], [-1.7919422551589226, 1.2696558409309646], [-1.335654730362813, 0.5672378987725761], [-3.311921066360926, 2.377114349452829]], "mse": 0.7606004377563146, "vol": 118990.07324493807, "inc": 228, "msevvol": 6.3921335369769685e-06, "msevinc": 0.0033359668322645378}