{"beta": [-0.08926661678362786, 0.028633655025644304, 0.02469551554509217, -0.02212624354916857, 0.03554149639605699, 0.08051394279585075, 0.1709640603197881, 0.03025123956459715, 0.17333559245629357, -0.031689424669327115, 0.2626149496952072, -0.21228789405344936], "R": [[-1.7572237442263516, -0.07476935333494972], [-2.1678075959963774, 0.33332235818657263], [-1.9476736802121315, 0.8048361263654179], [-2.4014857337967093, 0.6649342189804358], [-2.3418202881624546, 5.4189037710799495], [-3.014327126394013, 1.0889827292156817], [-1.2883164539645324, 1.2493007251596386], [-0.21340330868756002, 8.918084865187856], [-0.25036706077527937, 6.750392678051216], [-4.7899245497589265, 0.992170930768723], [-2.3133427231696846, 3.672922252623378]], "mse": 1.4340411123252255, "vol": 6350832.449659956, "inc": 113, "msevvol": 2.258036444343621e-07, "msevinc": 0.012690629312612615}