{"beta": [-0.27121121183215213, 0.05579709674642351, -0.1515610469080939, 0.37681179834145667, 0.004104649619749769, 0.3639197403332873, 0.08045231171348459, 0.19713139198105564, 0.052886329970120945, 0.32041427623631025, 0.2539916956273792, -0.2846647971765149], "R": [[-1.8118885190211482, -0.022282646257774763], [-2.0125996747469777, 0.2164666254622294], [-1.4790401912018962, 0.359439297957608], [-1.0876721552969602, 0.5104083388713814], [-1.4434619250369245, 0.8048568778928373], [-0.6364835628949566, 0.912062245629055], [-0.9395076438021857, 15.110644293668837], [-0.6117999790190289, 1.9538883176914308], [-0.9041149963561597, 1.206053990952793], [-0.9197717945514212, 3.3012268919967234], [-1.371492744771739, 0.5873383830597716]], "mse": 0.8691915772484095, "vol": 29317.859727142135, "inc": 54, "msevvol": 2.9647170200617407e-05, "msevinc": 0.01609614031941499}