{"beta": [0.40760795946109324, -0.09556890090733815, 0.021418561062241503, 0.18386905509710383, -0.12676605208859554, 0.05479279816166872, 0.19183901171462484, -0.060785488889719894, 0.3295380474192902, 0.007984288246913064, 0.36837116399036535, 0.4237658456859941], "R": [[-1.7572237442263516, -0.3385117518168512], [-2.1678075959963774, 0.03318111391370393], [-3.0137220955718016, 1.0354255722427257], [-2.4014857337967093, 0.7621938895632929], [-2.982577280579566, 5.4189037710799495], [-1.2105686238760485, 9.279222489638407], [-1.2883164539645324, 0.682883455321657], [-0.21340330868756002, 8.918084865187856], [-0.25036706077527937, 6.750392678051216], [-0.34132140840341074, 8.738392508636064], [-1.1770342084244394, 0.8880551563100316]], "mse": 0.6610738259074603, "vol": 8329506.651960142, "inc": 127, "msevvol": 7.936530379646111e-08, "msevinc": 0.0052053057158067744}