{"beta": [-0.024423722245233197, -0.04844260699807487, 0.06844553179584108, 0.030601143223045923, 0.0006665346054845512, 0.037373778416931076, 0.1752529710143903, 0.0383319437232721, 0.1352506740370417, 0.02043368895274519, 0.3045477560962886, -0.1642343231397238], "R": [[-1.7572237442263516, -0.07476935333494972], [-2.1678075959963774, 0.3333223581865727], [-1.9476736802121315, 0.804836126365418], [-2.4014857337967093, 0.7621938895632929], [-2.3418202881624546, 5.4189037710799495], [-3.0143271263940123, 1.088982729215682], [-1.2883164539645324, 0.7233418317386557], [-0.21340330868756002, 8.918084865187856], [-0.25036706077527937, 6.750392678051216], [-4.7899245497589265, 2.054572309917962], [-2.3133427231696846, 3.672922252623378]], "mse": 0.6012586087468574, "vol": 6148595.09891359, "inc": 263, "msevvol": 9.778796604334789e-08, "msevinc": 0.0022861544058815873}