{"beta": [0.24590945858563737, 0.4279595237207348, -0.0986507634175222, -0.23732143139629433, 0.3012839161039496, 0.519423024863446, 0.7883991934115447, 3.2571190362676457, 0.14285714285714285, 0.10392315344273509, 0.16093977026756556, 1.051802713112592], "R": [[-1.6572237442263515, -0.07476935333494972], [-2.1678075959963774, -0.34199544142738203], [-1.4088225540567385, 0.10578601675842059], [-1.57203820442528, -0.5508116633052793], [-1.4405586341339367, -0.08866615309115944], [-0.5311557240989463, 0.6604299770485866], [-1.2883164539645324, 0.6120812965919091], [-0.21340330868756002, 8.918084865187856], [-0.25036706077527937, 6.750392678051216], [-2.816869015096776, 1.191685688697927], [-1.0766653450108563, 0.43388604936356845]], "mse": 0.7905816976969963, "vol": 5295.802709312561, "inc": 7, "msevvol": 0.000149284582733185, "msevinc": 0.11294024252814232}