{"beta": [-0.006499647270706671, 0.21202512900147036, -0.2940183823053272, 0.2652106287853168, -0.1661921029972718, 0.1842821133361955, 0.059602503373672955, 0.03906353840792408, -0.19970335553069746, 0.04487789961052055, 0.3381274243311647, -0.2103968713725531], "R": [[-1.1486865614333561, 0.5409193113300172], [-0.33296983910788847, 1.38401911267373], [-0.9102839856003127, 0.6937082959866087], [-0.5549786572408464, 1.0431018369274951], [-0.5441344038650198, 1.2545206384787897], [-3.1759735352273033, 0.20142821021050183], [-0.9395076438021857, 15.110644293668837], [-0.6117999790190289, 1.9538883176914312], [-0.9041149963561597, 1.206053990952793], [-4.1498813091984434, 0.3452625772864243], [-1.8909183913560328, 0.4082322961399925]], "mse": 0.8144707180723212, "vol": 40569.13517537208, "inc": 27, "msevvol": 2.007611733776258e-05, "msevinc": 0.030165582150826712}