{"beta": [0.041370451564856, 0.04564103482070905, 0.04108586767068435, -0.008366909316614922, 0.03726238812171015, 0.033560639877908915, 0.05377249785797188, -0.02396873360932117, 0.030883459945454994, 0.01292028001581737, 0.3179299060917883, -0.0485874557290674], "R": [[-1.7572237442263516, 0.18897304514694957], [-2.1678075959963774, 2.534311068096654], [-3.013722095571801, 10.965817738591115], [-2.4014857337967093, 5.238879065791867], [-2.982577280579566, 5.4189037710799495], [-3.014327126394013, 9.279222489638407], [-1.2883164539645324, 22.438229432520206], [-0.21340330868756002, 8.918084865187856], [-0.25036706077527937, 6.750392678051216], [-4.7899245497589265, 8.738392508636064], [-2.3133427231696846, 0.5944762308253015]], "mse": 0.676836113851609, "vol": 6023554537.943315, "inc": 754, "msevvol": 1.1236490175163389e-10, "msevinc": 0.0008976606284504099}