{"beta": [0.052800631998318664, 0.011888107319591347, 0.04647155278534251, 0.019874091003300603, 0.021226214403656858, 0.08095326537582426, 0.00613433429847746, 0.037575662547028446, -0.011778377051967992, 0.054493112161844846, 0.31727304172620113, 0.03459779884910726], "R": [[-1.8118885190211482, 2.048924205299496], [-2.0125996747469777, 1.7960964611013186], [-2.521978111015047, 24.050349106616267], [-2.306328501214799, 5.670996570404462], [-4.241444488552639, 5.041763475283599], [-3.1759735352273033, 9.29572167341846], [-0.9395076438021857, 15.110644293668837], [-0.6117999790190289, 2.053888317691431], [-0.9041149963561597, 1.206053990952793], [-4.1498813091984434, 3.3012268919967234], [-1.8909183913560328, 0.62361303357517]], "mse": 0.8463292891455582, "vol": 610448734.7722334, "inc": 987, "msevvol": 1.3864051818558277e-09, "msevinc": 0.0008574764834301501}