{"beta": [-0.23059151608517384, 0.026963193551666074, -0.015641113608270262, 0.4516635550702551, -0.06561281624116473, 0.7045261269538842, -0.7368677312261542, 0.4217808430034438, 0.14822359416184303, 0.4429160992387089, 0.22318481843827429, -0.4316596759704689], "R": [[-1.8118885190211482, -0.022282646257774763], [-1.569201884390654, 0.2164666254622294], [-1.4790401912018962, 0.1074902770551518], [-1.0876721552969602, 0.5104083388713814], [-1.4434619250369245, 0.8048568778928373], [-0.6364835628949566, 0.912062245629055], [-0.9395076438021857, 15.110644293668837], [-0.6117999790190289, 1.9538883176914308], [-0.9041149963561597, 1.206053990952793], [-0.42819779743102093, 1.4218146671692624], [-1.371492744771739, 0.13390525161729228]], "mse": 0.9329306735847787, "vol": 6826.742448635275, "inc": 16, "msevvol": 0.00013665824961234322, "msevinc": 0.058308167099048666}