{"beta": [0.02413584370779526, -0.08032967249058831, 0.047204210713236376, -0.07274110660684334, 0.1525421287836668, 0.11233236654958377, 0.2638262658621366, -0.08465435825877103, 0.16223804859662483, 0.055486257164148886, 0.2924239253296398, -0.0867963816060502], "R": [[-1.7572237442263516, -0.07476935333494972], [-2.1678075959963774, 0.33332235818657263], [-3.0137220955718016, 0.13248584733368762], [-2.4014857337967093, -0.1131431456824219], [-2.982577280579566, 0.3619646739230997], [-1.2105686238760485, 9.279222489638407], [-1.2883164539645324, 0.6828834553216572], [-0.21340330868756002, 8.918084865187856], [-0.25036706077527937, 6.750392678051216], [-4.7899245497589265, 8.738392508636064], [-2.3133427231696846, 2.935579969947126]], "mse": 1.6296139476421687, "vol": 9510927.394579435, "inc": 78, "msevvol": 1.7134122468130027e-07, "msevinc": 0.020892486508232933}