{"beta": [0.21386021774168312, -0.3204028449069125, -0.3236019727542982, -0.1517004082718765, -0.1953716515738244, 0.01145503514626571, 0.0863923026528206, -16.319574243930266, 12.033112582781458, -0.010422979569660233, 0.18592265262765215, -0.4688627754641753], "R": [[-1.7572237442263516, -0.3385117518168512], [-1.4675251074506397, -0.34199544142738203], [-3.0137220955718016, 0.7441546932398106], [-2.4014857337967093, -0.3562923221395649], [-0.9899278071196775, 0.6323431701316551], [-0.2907480826393558, 2.09242331965571], [-1.2883164539645324, 22.438229432520206], [-0.21340330868756002, 8.918084865187856], [-0.25036706077527937, 6.750392678051216], [-2.8168690150967763, 8.738392508636064], [-1.6337125369562424, 3.672922252623378]], "mse": 595.3439888354914, "vol": 4412929.777075675, "inc": 11, "msevvol": 0.0001349090103196723, "msevinc": 54.122180803226485}