{"beta": [0.6217253264437267, -0.9053059607510696, -0.45387623957847445, -0.5770714780095253, 0.7488310291518246, -0.339825586760907, -0.10287424521615415, 7.1098564313801935, 0.08120429352209199, -0.5115288476203289, 0.30972002661668735, 0.5771603929051585], "R": [[-1.7572237442263516, 0.18897304514694946], [-1.4675251074506397, 0.18325173605013828], [-0.3869472202215105, 1.0281438002676524], [-0.7939608397624223, 0.6649342189804359], [-0.5392969801054185, 0.9027216663402106], [-0.5625132425501974, 0.3782123109873292], [-1.2883164539645324, 3.241875763696824], [-0.21340330868756002, 8.918084865187856], [-0.25036706077527937, 6.750392678051216], [-0.9062941782990885, 8.738392508636064], [-1.4204287022023785, -0.050393716606969674]], "mse": 0.6154015959450319, "vol": 34430.27655758499, "inc": 22, "msevvol": 1.787384992147148e-05, "msevinc": 0.027972799815683267}