{"beta": [-0.007841215225274855, -0.10308776675451364, 0.03597681995921972, 0.05573749947314432, -0.0007634205241112167, 0.10349066348525678, 0.04167198925621157, 0.12990260668174636, -0.029577617099049776, 0.07404983773436653, 0.3256358438782374, -0.044741040733995284], "R": [[-1.8118885190211482, 0.8225202901239118], [-2.0125996747469777, 0.6972235319610827], [-2.521978111015047, 0.4492429093683842], [-2.306328501214799, 0.4571389890657699], [-1.8931256856228769, 5.041763475283599], [-3.1759735352273033, 0.9438816800507814], [-0.9395076438021857, 15.110644293668837], [-0.6117999790190289, 1.9538883176914308], [-0.9041149963561597, 1.206053990952793], [-4.1498813091984434, 3.3012268919967234], [-1.8909183913560328, 2.0224542440752193]], "mse": 0.7897887517895068, "vol": 4243334.569968571, "inc": 247, "msevvol": 1.8612455340643963e-07, "msevinc": 0.0031975253108886916}