{"beta": [0.0015603046274221127, 0.0023118256288124214, 0.023017707823202754, 0.042473776212606514, -0.035810582208710744, 0.004320487480137628, 0.0622810279994905, -0.006831496092364201, 0.0546367687750206, 0.013039736358562709, 0.33562492931215615, -0.13047523115815537], "R": [[-1.7572237442263516, -0.07476935333494972], [-2.1678075959963774, 2.534311068096654], [-3.0137220955718016, 10.965817738591115], [-2.4014857337967093, 5.238879065791867], [-2.982577280579566, 1.263226327951618], [-3.014327126394013, 9.279222489638407], [-1.2883164539645324, 22.438229432520206], [-0.21340330868756002, 8.918084865187856], [-0.25036706077527937, 6.750392678051216], [-4.7899245497589265, 8.738392508636064], [-2.3133427231696846, 3.672922252623378]], "mse": 1.0620901857832696, "vol": 5417538645.623227, "inc": 354, "msevvol": 1.9604662841516069e-10, "msevinc": 0.0030002547620996316}