{"beta": [0.0683278582999556, 0.29898017508128777, 0.3716793011619378, 0.2262490954907915, -0.5537534784008584, -0.07188327073255499, -0.021603869152548777, -0.013321422713899638, 0.07194502825091859, -0.27845991353190774, 0.12194341546729454, 0.02397259502187147, 0.19347445291728674, 0.06704931858580221, -0.21166466696977487, -0.04747342162298884, 0.003418910702228709, 0.011028802854856582, -0.03398999402447371, 0.22826546913444876, -0.04755839372900542, -0.042928874998017244, -0.22484834516559873, 0.2363931618755179, -0.1555559796648505, 0.12192539703627511, -0.037610464272007, -0.2233082257107489], "R": [[-0.1, 1.1], [-0.1, 1.1], [-0.1, 1.1], [-0.09999999999999998, 1.1], [-0.1, 1.1], [-0.10000000000000002, 1.0], [-0.10000000000000003, 1.1], [-0.1, 1.0], [-0.1, 1.1], [-0.1, 1.0], [0.0, 1.1], [-0.1, 1.1], [-0.10000000000000003, 1.1], [-0.1, 1.1], [-0.1, 1.1], [-0.10000000000000003, 1.1], [-0.09999999999999998, 1.1], [-0.09999999999999998, 1.1], [-0.10000000000000003, 1.1], [-0.1, 1.1], [-2.4981993196613552, 1.3261722392055082], [-2.048731692570825, 1.4656507728725623], [-1.338292871291459, 2.221574435698607], [-2.5468817033043174, 1.0596116732950847], [-1.7919422551589224, 3.079874271543797], [-1.335654730362813, 1.6940457919821947], [-3.311921066360926, 0.9048554954993903]], "mse": 0.7267373681171573, "vol": 290716.67642657727, "inc": 427, "msevvol": 2.4998131412688338e-06, "msevinc": 0.0017019610494547009}