{"beta": [-0.25059836811073627, -0.33447985107845707, 0.06561163916970834, 0.12175753308002313, -0.0537090520818028, 0.2515752795082336, 0.0724828381568072, 0.20883203492541236, -0.004429592785370416, 0.142668876399733, 0.5114015800590584, -0.34380827590779633], "R": [[-1.39348134574445, -0.6022541502987503], [-2.1678075959963774, -0.11688950822273048], [-3.013722095571801, 10.965817738591115], [-2.4014857337967093, 5.238879065791867], [-0.9899278071196775, 5.4189037710799495], [-1.2105686238760485, 0.5140948909427495], [-1.2883164539645324, 22.438229432520206], [-0.21340330868756002, 8.918084865187856], [-0.25036706077527937, 6.750392678051216], [-0.4029460231906212, 0.992170930768723], [-1.6312033153709027, -0.022792279168234564]], "mse": 0.5098378462049592, "vol": 6520315.945127987, "inc": 50, "msevvol": 7.819219965650784e-08, "msevinc": 0.010196756924099184}