{"beta": [-0.07187541379415699, 0.18152392025672878, 0.49341829326569947, 0.14192125955532686, -0.7839012842244655, -0.1584497095042344, 0.10253210618917316, 0.12259878324186571, 0.2889360862450583, -0.3080637869600925, 0.17562066930883025, 0.025283486716914095, 0.19004326153394563, 0.07396575543893855, -0.16456414345790543, 0.026423486248879406, 0.12228793510453052, 0.022542661784520458, 0.028910603826491625, 0.01608209023885937, 0.06849399688204308, -0.034981890455005646, -0.1350595977858745, 0.1329951455556977, -0.033671023652601745, 0.25949138459205995, -0.14749879225836737, -0.23754065254259063], "R": [[-0.1, 1.0], [-0.1, 1.0], [-0.1, 1.1], [-0.09999999999999998, 1.1], [-0.1, 1.1], [-0.1, 1.1], [-0.1, 1.0], [-0.1, 1.0], [-0.1, 1.1], [-0.1, 1.0], [-0.09999999999999998, 1.1], [-0.1, 1.0], [-0.10000000000000002, 1.0], [-0.10000000000000003, 1.1], [-0.1, 1.1], [-0.10000000000000002, 1.1], [-0.09999999999999998, 1.1], [-0.10000000000000003, 1.1], [-0.09999999999999998, 1.1], [-0.1, 1.1], [-1.7210408544128346, 0.6490137739569877], [-0.9164765285995684, 1.8626719897845838], [-2.7506561756272165, 2.221574435698607], [-1.0693307472552724, 0.9969957801233358], [-1.7919422551589226, 0.7273912635318479], [-1.335654730362813, 1.1306418453773854], [-3.311921066360926, 2.377114349452829]], "mse": 0.6962916316431647, "vol": 49876.37982243356, "inc": 177, "msevvol": 1.396034824744807e-05, "msevinc": 0.0039338510262325686}