{"beta": [-0.10055263769759891, -0.17801163703708564, -0.02914934127279185, -0.19659132476859406, 0.20233276597429373, -0.1177817497994541, 0.02364423630060035, -0.054972946072475694, 2.3953864950581356, -0.2676801701401867, 0.537854857536483, 0.250994150427351], "R": [[-1.7572237442263516, -0.07476935333494972], [-2.1678075959963774, 1.9840992016873504], [-0.3869472202215105, 1.8218569455505964], [-0.696701169179565, 1.1512325718947218], [-0.5392969801054185, 0.9027216663402106], [-0.7924683778593702, 0.3782123109873292], [-0.9354516013582905, 1.0975818135958932], [-0.21340330868756002, 8.918084865187856], [-0.25036706077527937, 6.750392678051216], [-0.9280188515051888, 8.738392508636064], [-2.3133427231696846, 0.08008580583068814]], "mse": 0.9179424281067341, "vol": 144730.7529868093, "inc": 44, "msevvol": 6.342414512210788e-06, "msevinc": 0.020862327911516685}