{"beta": [0.022869327673279167, -0.025545955837645004, 0.053771872487777095, 0.0418316247932058, 0.010453980593977235, 0.09278676793405108, 0.0010260564057152101, 0.020915120584311837, -0.001280559392652617, 0.037844993658015684, 0.3003802273718176, 0.003278810976760238], "R": [[-1.8118885190211484, 0.822520290123912], [-2.0125996747469777, 2.308173809528907], [-2.521978111015047, 24.050349106616267], [-2.306328501214799, 5.670996570404462], [-4.241444488552639, 5.041763475283599], [-3.1759735352273033, 9.29572167341846], [-0.9395076438021857, 15.110644293668837], [-0.6117999790190289, 2.053888317691431], [-1.0041149963561598, 1.206053990952793], [-4.1498813091984434, 3.3012268919967234], [-1.8909183913560328, 2.0224542440752193]], "mse": 0.8521494762904553, "vol": 770266813.2055043, "inc": 1002, "msevvol": 1.1063042853218512e-09, "msevinc": 0.000850448579132191}