{"beta": [0.08536605402702015, -0.15544239419083508, -0.039349335599754676, 0.09941980726128206, 0.08033341138019204, 0.04979040312631347, 0.04905019504718064, 0.09840270194330403, -0.04084437932612278, 0.09927065249067933, 0.6250480703989767, 0.2029313556391985], "R": [[-1.1486865614333561, 2.048924205299496], [-1.019765419820536, 1.7274169030300537], [-0.9102839856003127, 24.050349106616267], [-2.306328501214799, 0.9898324871218838], [-4.241444488552639, 5.041763475283599], [-0.8486131257064651, 9.29572167341846], [-0.9395076438021857, 0.6838233715080582], [-0.6117999790190289, 1.9538883176914308], [-0.9041149963561597, 1.206053990952793], [-0.8766738020979417, 3.3012268919967234], [-1.8909183913560328, 0.0250813000710971]], "mse": 0.7911390391986168, "vol": 4788290.704721709, "inc": 172, "msevvol": 1.6522368585902245e-07, "msevinc": 0.004599645576736144}