{"beta": [0.07210053053967143, 0.016044780067678097, 0.01997476070027042, 0.010922634830384548, 0.028451827879420757, 0.028946510626205, 0.03240613673554876, 0.01243432680822855, 0.041490574520207775, 0.004239217121766912, 0.3141418798599436, -0.02929851425354449], "R": [[-1.7572237442263516, -0.0747693533349496], [-2.1678075959963774, 2.534311068096654], [-3.0137220955718016, 10.965817738591115], [-2.4014857337967093, 5.238879065791867], [-2.982577280579566, 5.4189037710799495], [-3.014327126394013, 9.279222489638407], [-1.2883164539645324, 22.438229432520206], [-0.21340330868756002, 8.918084865187856], [-0.25036706077527937, 6.750392678051216], [-4.7899245497589265, 8.738392508636064], [-2.3133427231696846, 3.672922252623378]], "mse": 0.7966431651904048, "vol": 10720078570.375168, "inc": 738, "msevvol": 7.431318343056928e-11, "msevinc": 0.001079462283455833}