{"beta": [0.6198400911828819, -0.5829101057925342, 0.22647043658924015, 0.8944906242908688, 0.043971729242000095, 0.12592598957490939, 0.528284139293447, -11.862111020999352, 125.43098591549295, 0.044850147021889816, 0.016655706949335585, 18.078416963559697], "R": [[-1.7572237442263516, -0.6022541502987503], [-2.1678075959963774, 0.18325173605013828], [-0.8359898253510053, 0.41890221168655517], [-0.7453310044709938, 0.22726570135757834], [-1.1701801379253811, 0.4520908393259514], [-1.074686043920628, 0.3573072986864958], [-1.2883164539645324, 0.47047697913241376], [-0.21340330868756002, 8.918084865187856], [-0.25036706077527937, 6.750392678051216], [-0.2830870044731216, 0.992170930768723], [-1.493196128177226, 0.29086041899921256]], "mse": 0.8015748416197566, "vol": 1969.4543348107327, "inc": 5, "msevvol": 0.0004070035173965021, "msevinc": 0.1603149683239513}