{"beta": [0.09804099368770482, 0.029121840306098982, 0.023884055238819243, 0.003544303872255735, 0.0330369194458795, 0.0452445477375196, 0.0344084332143353, -0.02150563338463744, 0.012852060472694157, 0.0060771141916664655, 0.27827104952670906, -0.021160110548127987], "R": [[-1.7572237442263516, 0.9802002405926492], [-2.1678075959963774, 2.534311068096654], [-3.013722095571801, 10.965817738591115], [-2.4014857337967093, 5.238879065791867], [-2.982577280579566, 5.4189037710799495], [-3.014327126394013, 9.279222489638407], [-1.2883164539645324, 22.438229432520206], [-0.21340330868756002, 8.918084865187856], [-0.25036706077527937, 6.750392678051216], [-4.7899245497589265, 8.738392508636064], [-2.3133427231696846, 0.5944762308253015]], "mse": 0.7003102611899344, "vol": 8472433392.175632, "inc": 916, "msevvol": 8.265751157591598e-11, "msevinc": 0.0007645308528274393}