{"beta": [0.2735626415386948, 0.01594073761083066, -0.0475570818347249, -0.08731912039585901, -0.04555968692746863, -0.013279257577002953, 0.5065322983550689, -2.6633720099275773, -1.1764705882352942, -0.20350623949049498, 0.3352105356739744, 0.04742673910758278], "R": [[-1.7572237442263516, -0.3385117518168512], [-2.1678075959963774, -0.19192481929094762], [-3.0137220955718016, 0.41890221168655517], [-2.4014857337967093, 0.17863586606614978], [-1.4405586341339367, 5.4189037710799495], [-0.3848206379931093, 2.3432834672657172], [-1.2883164539645324, 0.682883455321657], [-0.21340330868756002, 8.918084865187856], [-0.25036706077527937, 6.750392678051216], [-0.16324379470927253, 8.738392508636064], [-1.0766653450108563, 0.8880551563100316]], "mse": 33.8170768748961, "vol": 1023907.9396771383, "inc": 27, "msevvol": 3.3027458391971646e-05, "msevinc": 1.2524843286998557}