{"beta": [0.044833748372916864, 0.12801145721507382, 0.053596083837094605, 0.10642603868681576, 0.097941316174503, 0.6108632215209421, 0.09428347729196786, -0.050418535069559074, 0.10393568457806164, -0.010504885360546603, 0.029940624929349464, 0.012797936118907453, -0.03062633925766071, -0.01648269945555076, 0.007849677288470908, -0.054334876872512816, -0.08817202141910266], "R": [[-0.1, 1.0], [-0.09999999999999998, 1.1], [-0.1, 1.1], [-0.1, 1.1], [-0.1, 1.1], [-2.0513859638781464, 0.44524281310617275], [-1.0784111940537748, 1.0220651665449352], [-0.9162524959454874, 1.81942467389398], [-0.8213817176178455, 1.3506608274186915], [-1.4169791737417383, 2.708998760482675], [-1.787219490427016, 1.3008344096959592], [-1.4032255388300936, 6.1113898898974], [-0.7175431378773933, 3.3033577420364173], [-0.7862811582964232, 1.087622518762787], [-0.5274526967944777, 2.3394401474107607], [-0.9437002178516671, 1.6434063210297825]], "mse": 0.6152660993814668, "vol": 380309.8304687241, "inc": 1054, "msevvol": 1.6178022498739093e-06, "msevinc": 0.0005837439273068945}