{"beta": [0.13463190949262488, 0.1485893306804226, 0.13676769911918746, 0.10987342132435016, 0.21588239664317935, 0.47717407322854033, -0.022709441011456048, -0.045943618939265414, 0.05320316226809764, -0.06110444630346659, 0.05826725062082205, -0.029986511199566628, 0.04398308238963758, -0.05734014160322735, 0.002949180163140763, 0.21382465903143952, -0.025343865740783227], "R": [[-0.09999999999999998, 1.0], [-0.09999999999999998, 1.0], [-0.09999999999999998, 1.0], [-0.1, 1.0], [-0.1, 1.0], [-1.1571816649253654, 7.308664912350221], [-1.076292805095683, 1.024282873724542], [-2.151039691244473, -0.3331100172071344], [-0.9934178623585472, 2.31791943291289], [-1.4180186531120405, 0.9982166143618095], [-1.0159391370594286, 1.3002340769356713], [-1.4028577002652836, 0.6229849276494595], [-0.7168216464527583, 3.304913477522386], [-0.7857143967286861, 2.7073977753677876], [-0.5275743359844131, 2.3387746079232747], [-0.9437099428352796, 0.39926200185177585]], "mse": 0.7270541077075502, "vol": 105703.80150076319, "inc": 427, "msevvol": 6.878221004211479e-06, "msevinc": 0.0017027028283549185}