{"beta": [-0.06848911525315984, -0.014955900751379661, -0.06678986748382577, -0.10467289478570292, -0.11718667463951844, 0.5532589895875666, 0.11164317287333685, 0.01885076759505863, 0.13556747848286832, -0.01779356444028309, -0.012425719504951568, 0.0346884154186715, 0.06928182583563595, -0.04683906438843117, 0.0497676753184767, -0.07519197083217546, 0.05317738839573697], "R": [[-0.09999999999999998, 1.1], [-0.1, 1.0], [-0.09999999999999998, 1.0], [-0.1, 1.0], [-0.1, 1.0], [-3.6351241692909233, 0.6333928670731435], [-0.9769183989499992, 1.1236269488575596], [-0.8093065344953754, 1.979252768237227], [-0.49163826998151194, 2.3173220832340404], [-0.6125184424923834, 0.9981412909820018], [-1.7875307746960678, 2.172004748495182], [-1.4026371056557283, 1.0075418146478838], [-0.7169950228232278, 1.1462011746635918], [-0.6856874150981881, 2.1007614950650706], [-0.527513004764509, 2.439110129645856], [-0.9436399543409113, 2.571568308445986]], "mse": 0.5469499631598759, "vol": 102684.9991888058, "inc": 860, "msevvol": 5.326483590404523e-06, "msevinc": 0.0006359883292556696}