{"beta": [-0.0019887119577774795, 0.012117697450165235, 0.017998707936544074, 0.013653547572610971, 0.003853874937853104, 0.6151217056155802, 0.09990289990113825, -0.02019417498179444, 0.05963183035260116, -0.021861417101960032, 0.010943062458406455, -0.006252000228167625, -0.0113877141786727, -0.0004072532076714252, 0.014874009021376203, -0.05755075414173058, -0.013048953484554978], "R": [[-0.1, 1.1], [-0.1, 1.1], [-0.1, 1.1], [-0.09999999999999998, 1.1], [-0.1, 1.1], [-3.9918644005925885, 6.457576198303895], [-1.0784111940537748, 1.1220651665449353], [-2.251719604905245, 2.190064806581906], [-2.4828060419456293, 2.317941267123266], [-1.5169791737417384, 2.708998760482675], [-1.0152060153962723, 2.172847884726703], [-1.4032255388300936, 6.1113898898974], [-0.7175431378773933, 3.3033577420364177], [-0.7862811582964232, 2.708111384813539], [-0.5274526967944777, 2.4394401474107608], [-0.9437002178516671, 1.6434063210297825]], "mse": 0.5702567171012431, "vol": 13321501.382123224, "inc": 2098, "msevvol": 4.280724077141174e-08, "msevinc": 0.00027180968403300436}