{"beta": [0.07423557685637729, 0.08761763110423765, 0.09781072879140043, 0.08385729312375076, 0.10562797776028626, 0.5182048624848974, -0.013329175588820952, -0.031640394464964514, 0.05767673119617018, -0.004882701362578786, 0.001498475836639903, -0.011861107160505749, -0.0009406401335772238, 0.011541650940942831, 0.004331818368858485, -0.04448058414793427, -0.07785489859628981], "R": [[-0.1, 1.1], [-0.1, 1.1], [-0.1, 1.1], [-0.1, 1.1], [-0.1, 1.1], [-2.679562738466629, 7.308664912350221], [-1.076292805095683, 1.1242828737245418], [-2.2510396912444732, 2.6261580138030496], [-2.4821366099920725, 2.31791943291289], [-1.5180186531120405, 2.709040126011043], [-1.8879968750577951, 2.172291814934038], [-1.4028577002652836, 6.115344285810739], [-0.7168216464527583, 3.304913477522386], [-0.7857143967286861, 2.7073977753677876], [-0.5275743359844131, 2.438774607923275], [-0.9437099428352796, 2.570881909663535]], "mse": 0.7370460444033127, "vol": 24198027.24124313, "inc": 3639, "msevvol": 3.0458931096130473e-08, "msevinc": 0.00020254082011632665}