{"beta": [0.19418691479491454, 0.14948262135285914, 0.17727026477235203, 0.1325458982191443, 0.18108978679602944, 0.45288905838599625, -0.027883251658560707, -0.11017770785525367, 0.02036717615929934, -0.01794539324946258, 0.019473020703501633, 0.04819752625836622, -0.2794773308694975, 0.045375415193422176, -0.03738088483762104, 0.036491765564373314, -0.3513130322102682], "R": [[-0.09999999999999998, 1.1], [-0.09999999999999998, 1.1], [-0.09999999999999998, 1.1], [-0.1, 1.1], [-0.1, 1.1], [-2.679562738466629, 0.8640967027385345], [-1.076292805095683, 1.024282873724542], [-2.2510396912444732, -0.06836297729878327], [-0.13231613182102087, 2.31791943291289], [-1.5180186531120405, 2.709040126011043], [-1.0159391370594286, 1.3002340769356713], [-1.4028577002652836, 1.393321978815357], [-0.7168216464527583, 0.5590968532319016], [-0.7857143967286861, 2.7073977753677876], [-0.5275743359844131, 2.438774607923275], [-0.9437099428352796, 0.8135859834141277]], "mse": 0.5438645394638111, "vol": 63004.388172781706, "inc": 512, "msevvol": 8.632169206569074e-06, "msevinc": 0.001062235428640256}