{"beta": [-0.042463342377850176, -0.08457762861285983, -0.07632846451501289, -0.05652450940419042, -0.11611398109248433, 0.5775666775260356, 0.07398043613910621, -0.06207422243978923, 0.04991353315953844, 0.0006097300476587515, -0.03079217937687424, -0.022666505443046107, 0.00219761463574288, -0.003051794628039541, 0.0673961503344, -0.08924053506031013, 0.11525726146775886], "R": [[-0.1, 1.1], [-0.1, 1.1], [-0.1, 1.1], [-0.1, 1.1], [-0.09999999999999998, 1.1], [-3.6351241692909233, 9.745791327863362], [-0.9769183989499993, 1.1236269488575596], [-2.2506388573287786, 1.5909723589959774], [-0.8857246996206284, 2.3173220832340404], [-1.417848309229576, 2.708801024456387], [-1.0156236700578178, 2.172004748495182], [-1.4026371056557283, 2.1626312747996894], [0.8523351417491218, 3.3032634050648815], [0.3275667340520878, 2.7073885696402087], [-0.42751300476450904, 2.439110129645856], [-0.9436399543409113, 2.571568308445986]], "mse": 0.6151933539066904, "vol": 2372220.217450609, "inc": 236, "msevvol": 2.5933231214420297e-07, "msevinc": 0.0026067514996046203}