{"beta": [-0.001471599968340542, 0.05731157172558076, 0.033239400257262346, 0.09399439170059935, -0.011958029052436082, 0.6298748397439492, 0.10825075632392508, -0.001075027623500529, 0.049995908952514566, -0.036471222073536556, 0.010569497409420384, -0.006096103413228814, -0.06068454317899031, -0.053263034454340205, -0.044949823890922905, -0.03703109334524625, -0.03708010461051413], "R": [[-0.10000000000000003, 1.1], [-0.1, 1.1], [-0.1, 1.0], [-0.09999999999999998, 1.1], [-0.1, 1.1], [-3.9918644005925885, 0.44524281310617275], [-1.0784111940537748, 1.0220651665449352], [-2.251719604905245, 0.6192566251902147], [-2.4828060419456293, 2.317941267123266], [-1.4169791737417383, 2.7089987604826744], [-1.8872194904270163, 2.172847884726703], [-0.533266020016673, 6.1113898898974], [-0.7175431378773933, 0.8520341236279185], [-0.7862811582964232, 0.8342077077543284], [-0.5274526967944777, 2.4394401474107608], [-0.9437002178516671, 1.2288885645495407]], "mse": 0.4821109140938967, "vol": 534705.456352437, "inc": 646, "msevvol": 9.016382914486775e-07, "msevinc": 0.0007463017246035553}