{"beta": [-0.11139701138977721, -0.06703030641405293, -0.025179198803728268, -0.052053137592573, -0.1190442228564038, 0.5565665270297092, 0.0778548162363109, -0.10181506309616788, 0.09363072143765282, -0.0018416484295324532, -0.015565095952187405, 0.039691731478619284, 0.04518173943421086, -0.043283065412423175, 0.01873256217430914, -0.06411272459691016, 0.18651585881867808], "R": [[-0.1, 1.0], [-0.1, 1.0], [-0.1, 1.0], [-0.09999999999999998, 1.0], [-0.10000000000000003, 1.0], [-3.635124169290923, 0.42335131097727985], [-0.9769183989499992, 1.1236269488575596], [-0.032745716012879456, 2.626375163077166], [-2.482619941225386, 1.4911950988347822], [-1.517848309229576, 0.9981412909820018], [-1.0156236700578178, 2.172004748495182], [-1.4026371056557283, 1.0075418146478838], [-0.7169950228232279, 3.3032634050648815], [-0.7856874150981881, 1.8474479577775016], [-0.527513004764509, 2.339110129645856], [-0.9436399543409112, 2.571568308445986]], "mse": 0.58771318313035, "vol": 299142.95462740667, "inc": 536, "msevvol": 1.964656609955491e-06, "msevinc": 0.0010964798192730411}