{"beta": [-0.016353187451168084, 0.012336344427824802, 0.03320953018866707, -0.01397264526537472, -0.00735251343671722, 0.6365565130399817, 0.10407804595680537, -0.0032951138098317226, 0.05662447568555986, -0.03807112707630527, 0.010522742878594053, -0.002537698188539068, -0.0022901094085604067, -0.012562288550843225, 0.002806722217150796, -0.07233469204798593, -0.0003655030431296992], "R": [[-0.10000000000000003, 1.0], [-0.1, 1.0], [-0.1, 1.0], [-0.09999999999999998, 1.0], [-0.1, 1.0], [-3.9918644005925885, 1.1525821870141255], [-1.0784111940537748, 1.0220651665449352], [-2.251719604905245, 1.0251958181341332], [-2.4828060419456293, 1.33536048813738], [-1.4169791737417383, 2.7089987604826744], [-1.0152060153962723, 2.172847884726703], [-1.3032255388300937, 1.006653017610168], [-0.7175431378773933, 3.3033577420364173], [-0.7862811582964232, 2.708111384813539], [-0.5274526967944777, 2.4394401474107608], [-0.9437002178516671, 1.2288885645495407]], "mse": 0.5490736439372343, "vol": 599178.3876690384, "inc": 1617, "msevvol": 9.163775851016178e-07, "msevinc": 0.00033956316879235274}