{"beta": [-0.05650803877192569, -0.06168016607992221, -0.049624595757217796, -0.09264162489581444, -0.10377370231681149, 0.6023806054594113, 0.08461145039813359, -0.0081184749730851, 0.10455442663141387, -0.017077493028497766, -0.009016101211192408, 0.042163186578437616, 0.056256796288493144, -0.04075593894628461, 0.015694671040430534, -0.060027629307335496, 0.10699551406183308], "R": [[-0.09999999999999998, 1.1], [-0.1, 1.1], [-0.09999999999999998, 1.0], [-0.1, 1.0], [-0.1, 1.0], [-3.6351241692909233, 0.5752275130773659], [-0.9769183989499992, 1.1236269488575596], [-2.2506388573287786, 2.626375163077166], [-1.1848673210259917, 2.3173220832340404], [-0.6125184424923834, 0.9981412909820018], [-1.887530774696068, 2.172004748495182], [-1.4026371056557283, 1.0075418146478838], [-0.7169950228232278, 1.4400672075780616], [-0.6856874150981881, 2.1007614950650706], [-0.527513004764509, 2.439110129645856], [-0.9436399543409113, 2.571568308445986]], "mse": 0.5434935526068746, "vol": 285983.6773478445, "inc": 983, "msevvol": 1.9004355690755683e-06, "msevinc": 0.0005528927289998724}