{"beta": [-0.05162476961598024, -0.0333693521147617, -0.06834041572491666, -0.01712401857656786, -0.06993881342018478, 0.5119608061887758, 0.07776570772948631, -0.017094585183036495, 0.12391394178967281, -0.011271293828823472, -0.004424134322922909, 0.03976919441652469, 0.049575409983676155, -0.04360743070183384, -0.0007192530283787615, -0.04260769300000065, 0.026098443231649587], "R": [[-0.1, 1.1], [-0.1, 1.1], [-0.1, 1.0], [-0.09999999999999998, 1.0], [-0.10000000000000003, 1.0], [-3.635124169290923, 1.6448237448886112], [-0.9769183989499992, 1.1236269488575596], [-0.7210609869405482, 2.626375163077166], [-0.8765863961732069, 2.3173220832340404], [-1.517848309229576, 2.708801024456387], [-1.8875307746960674, 1.300097643856932], [-1.4026371056557283, 1.0075418146478838], [-0.7169950228232279, 3.3032634050648815], [-0.7856874150981881, 1.0875073459147946], [-0.527513004764509, 2.439110129645856], [-0.9436399543409112, 2.571568308445986]], "mse": 0.6082039152821552, "vol": 579562.8689810653, "inc": 1411, "msevvol": 1.049418359653447e-06, "msevinc": 0.0004310445891439796}