{"beta": [-0.6275274996576278, -0.29650851558788577, -0.4115408302406412, -0.2928011488321076, -0.3733644017672878, 0.6013968913773905, 0.04605836637724954, -0.045241211533869355, 0.33764251500839915, -0.025857509612742236, -0.08962443466370058, 0.18182517522947772, 0.029537679083691877, -0.07311355962700082, -0.08072796248810586, 0.12769464696409288, 0.26426676089417006], "R": [[-0.1, 1.0], [-0.1, 1.1], [-0.1, 1.1], [-0.1, 1.1], [-0.09999999999999998, 1.1], [-3.6351241692909233, 1.2312034498075253], [-0.9769183989499993, 1.1236269488575596], [-2.2506388573287786, 2.626375163077166], [-0.5857350512061429, 2.3173220832340404], [-0.6125184424923833, 1.8034711577191944], [-1.0156236700578178, 2.172004748495182], [-1.3026371056557282, 1.0075418146478838], [1.1462011746635918, 3.3032634050648815], [1.3408208832023638, 2.7073885696402087], [-0.42751300476450904, 2.439110129645856], [-0.9436399543409113, 2.571568308445986]], "mse": 0.7473838665441911, "vol": 174455.4386637007, "inc": 46, "msevvol": 4.28409611227386e-06, "msevinc": 0.016247475359656326}