{"beta": [0.12443519584435522, 0.1946170827064031, 0.16368930648509417, 0.15958878048999686, 0.2345373414328284, 0.60024504526311, 0.08988643519540124, 0.021397229521658893, 0.06204048106881279, -0.050420091004363336, 0.042640839203519826, 0.15873438229904724, 0.11216135157732114, -0.16546658502579356, 0.013066052299535337, -0.262889612998977, -0.39075205722688006], "R": [[-0.1, 1.1], [-0.1, 1.1], [-0.10000000000000002, 1.0], [-0.10000000000000002, 1.0], [-0.09999999999999998, 1.1], [-3.9918644005925885, 0.8687157277484342], [-1.0784111940537748, 1.0220651665449352], [0.1780183719903008, 2.6254058790138397], [-0.30871497418713845, 2.09585545818916], [-0.6117835868968557, 1.8038031736377922], [-1.7872194904270158, 2.172847884726703], [-0.9182457794233834, 1.3916327770168782], [-0.7175431378773933, 1.1459495759289808], [-0.7862811582964232, 0.5807928967458698], [-0.5274526967944777, 2.4394401474107608], [-0.9437002178516671, 0.8143708080692991]], "mse": 0.5682126237421502, "vol": 36884.81720853406, "inc": 298, "msevvol": 1.540505461989066e-05, "msevinc": 0.0019067537709468129}