{"beta": [-0.042862691165607106, -0.0343716336615971, -0.028139426434178272, -0.0359346976545098, -0.051410633558858554, 0.5910140782055694, 0.07607807611775855, -0.005515992168785138, 0.08240693681365513, -0.020831589823611177, 0.0199974534352943, 0.008006627799374787, -0.004947987775326713, 0.017870406525978686, 0.02277359204653596, -0.06798335686628836, 0.034994206691843284], "R": [[-0.1, 1.1], [-0.1, 1.1], [-0.1, 1.1], [-0.1, 1.1], [-0.1, 1.1], [-3.6351241692909233, 9.745791327863362], [-1.0769183989499993, 1.1236269488575596], [-2.2506388573287786, 2.626375163077166], [-2.482619941225386, 2.3173220832340404], [-1.517848309229576, 2.708801024456387], [-1.8875307746960677, 2.172004748495182], [-1.4026371056557283, 6.11292947530571], [-0.7169950228232279, 3.3032634050648815], [-0.7856874150981881, 2.7073885696402087], [-0.527513004764509, 2.439110129645856], [-0.9436399543409112, 2.571568308445986]], "mse": 0.6249638256832474, "vol": 32390832.55511876, "inc": 3636, "msevvol": 1.9294466254294647e-08, "msevinc": 0.00017188224028692173}