{"beta": [0.1549578061538305, -0.023832518615598444, 0.08710744380814114, 0.1450003265633015, 0.21671703438951334, 0.5930696532946178, -0.047087113545578554, -0.02333782157529947, 0.19471516406943373, -0.09074615459811303, 0.16346656677763508, -0.10687657856758027, 0.1710739932553821, -0.15098016055084518, -0.05609540911255789, 0.14135443647126064, -0.3574528535970175], "R": [[-0.1, 1.1], [-0.1, 1.1], [-0.1, 1.1], [-0.10000000000000003, 1.1], [-0.1, 1.1], [-2.679562738466629, 2.436202099810457], [-0.9762928050956831, 1.1242828737245418], [-1.1803005449138566, 2.6261580138030496], [-0.6953783683096274, 2.31791943291289], [-1.5180186531120405, 0.9982166143618096], [-1.0159391370594286, 2.172291814934038], [-0.9176891746823349, 6.115344285810739], [1.1470561030742314, 3.304913477522386], [0.5808672079238035, 2.7073977753677876], [-0.4275743359844131, 2.438774607923275], [-0.9437099428352795, 2.570881909663535]], "mse": 0.5068022786209391, "vol": 799945.3570122806, "inc": 111, "msevvol": 6.335461218423682e-07, "msevinc": 0.004565786293882334}