{"beta": [0.08598060859458934, 0.05744730140960506, 0.026134349538197356, 0.024865124046189208, 0.00569273288106567, 0.5573940888107218, 0.10869434512666093, -0.021820994575929568, 0.05489488558152694, -0.03898107027566058, 0.05724693912775535, -0.03209393113332472, -0.0093763332806587, -0.021419866445669972, 0.06308240294844306, -0.06059274719580511, 0.023460545039865128], "R": [[-0.1, 1.1], [-0.1, 1.1], [-0.1, 1.1], [-0.1, 1.1], [-0.09999999999999998, 1.1], [-3.6351241692909233, 9.745791327863362], [-0.9769183989499993, 1.1236269488575596], [-2.2506388573287786, 2.626375163077166], [-0.8857246996206284, 2.3173220832340404], [-1.517848309229576, 2.708801024456387], [-1.7875307746960676, 2.172004748495182], [-1.4026371056557283, 2.1626312747996894], [1.1462011746635918, 3.3032634050648815], [-0.685687415098188, 2.7073885696402087], [-0.42751300476450904, 2.439110129645856], [-0.9436399543409113, 2.571568308445986]], "mse": 0.6255615477174276, "vol": 4807862.256442833, "inc": 307, "msevvol": 1.301122025447248e-07, "msevinc": 0.0020376597645518813}