{"beta": [-0.07354824934324133, 0.0028039015550381553, -0.045671285921041624, -0.05758663650048321, -0.08194966791800806, 0.5493123613347222, 0.10455926255452475, -0.005333400340378482, 0.13037234105450618, -0.00813166452918644, -0.01042086966665481, -0.013576315833421497, 0.0010985739902370352, -0.010216907552087462, 0.03896873155850189, -0.07862953077160864, 0.029200775608073774], "R": [[-0.09999999999999998, 1.1], [-0.10000000000000003, 1.1], [-0.1, 1.1], [-0.10000000000000003, 1.1], [-0.1, 1.1], [-3.6351241692909233, 1.5608071224502655], [-0.9769183989499993, 1.1236269488575596], [-0.36807879672122956, 2.626375163077166], [-0.2797704059897801, 2.3173220832340404], [-1.517848309229576, 2.708801024456387], [-1.8875307746960677, 2.172004748495182], [-1.4026371056557283, 6.11292947530571], [-0.7169950228232279, 3.3032634050648815], [-0.7856874150981881, 2.7073885696402087], [-0.527513004764509, 2.439110129645856], [-0.9436399543409112, 2.571568308445986]], "mse": 0.5874913419763862, "vol": 3988563.237079227, "inc": 810, "msevvol": 1.4729397706794252e-07, "msevinc": 0.0007252979530572669}