{"beta": [0.029985164877239786, 0.08212184235906385, 0.0020119665521533994, 0.055196264035922156, 0.06928385010643966, 0.49169626575124686, 0.0019564470920005457, -0.006707209818109026, 0.10625575049203029, -0.010117318716938316, -0.015459004432418513, -0.003545388054331591, 0.015498109020152088, 0.009769060477684636, -0.008201560617365416, 0.058794413571752364, 0.037161514323222324], "R": [[-0.1, 1.1], [-0.10000000000000003, 1.0], [-0.09999999999999998, 1.1], [-0.1, 1.1], [-0.1, 1.1], [-2.679562738466629, 1.5678010233326334], [-0.976292805095683, 1.1242828737245418], [-2.2510396912444732, 0.4434812998573595], [-1.0075051405338946, 1.5162960411758761], [-1.5180186531120405, 0.9982166143618095], [-1.8879968750577951, 0.5281763389373046], [-1.4028577002652836, 6.115344285810739], [-0.7168216464527583, 3.304913477522386], [-0.7857143967286861, 2.7073977753677876], [-0.5275743359844131, 2.438774607923275], [-0.9437099428352796, 0.39926200185177585]], "mse": 0.6310602477006985, "vol": 354014.16845524166, "inc": 675, "msevvol": 1.7825847209854935e-06, "msevinc": 0.0009349040706677015}