{"beta": [0.021212858188532104, 0.061121491700608904, 0.01339344274848833, 0.04378188584489864, 0.14865693868336338, 0.5545257534814201, 0.09135273409657758, 0.14352399383859654, 0.15905681158222335, 0.06961602160499436, 0.09244628997418644, 0.01771436300702762, 0.003375634667944369, -0.31120141842299015, -0.1334179166881523, 0.08190342833054463, -0.4756540625729197], "R": [[-0.1, 1.1], [-0.1, 1.1], [-0.10000000000000002, 1.1], [-0.10000000000000002, 1.1], [-0.09999999999999998, 1.1], [-3.9918644005925885, 2.8860290079398645], [-1.0784111940537748, 1.0220651665449352], [0.1603688418623015, 2.6254058790138397], [-0.07489819370736361, 2.317941267123266], [-0.6117835868968557, 0.9986075867929096], [-1.7872194904270158, 1.3008344096959594], [-0.533266020016673, 6.1113898898974], [-0.7175431378773933, 0.5581186713268561], [-0.7862811582964232, 0.5807928967458698], [-0.5274526967944777, 2.4394401474107608], [-0.9437002178516671, 1.2288885645495407]], "mse": 0.5784946545992955, "vol": 78761.18092069162, "inc": 240, "msevvol": 7.3449210364406454e-06, "msevinc": 0.0024103943941637313}