{"beta": [0.08865471513591479, 0.16220258596665438, 0.12398815455311722, 0.13224445624459324, 0.11978493752475183, 0.4470054765614014, -0.014718904370592624, -0.04287300586779343, 0.07472562112969436, 0.013013653789322276, 0.009360777992759306, -0.0022832829618492085, -0.06262650418070806, -0.027012272975002895, 0.005361105997644375, 0.02457272132158066, -0.10541094920379723], "R": [[-0.1, 1.0], [-0.10000000000000003, 1.0], [-0.09999999999999998, 1.0], [-0.1, 1.0], [-0.1, 1.0], [-1.2657317994850936, 0.7480603520022739], [-0.976292805095683, 1.1242828737245418], [-1.515646795464433, 0.567029918481257], [-1.8822313366367174, 2.31791943291289], [-1.4180186531120405, 0.9982166143618095], [-1.787996875057795, 0.5281763389373046], [-0.5325206490993863, 1.3933219788153568], [-0.7168216464527583, 1.7350153529165615], [-0.7857143967286861, 2.7073977753677876], [-0.5275743359844131, 2.3387746079232747], [-0.9437099428352796, 2.056557928101183]], "mse": 0.5957460247964605, "vol": 47307.21814359668, "inc": 873, "msevvol": 1.2593131622919122e-05, "msevinc": 0.0006824123995377555}