{"beta": [0.11119626850442187, 0.13410589424286076, 0.14273079239101544, 0.10786607641982952, 0.10402673663071133, 0.4853782396531957, -0.1411929959934151, -0.018620716883395224, 0.03452123234818989, -0.04286633949730152, 0.007020526956832871, -0.024127205272600448, 0.0023671217570358227, 0.009112439818668905, -0.003753461758404693, -0.020598693130256987, 0.04156708897543719], "R": [[-0.1, 1.1], [-0.1, 1.1], [-0.1, 1.1], [-0.09999999999999998, 1.1], [-0.1, 1.1], [-2.679562738466629, 7.308664912350221], [-0.9762928050956828, 1.1242828737245418], [-2.2510396912444732, 2.6261580138030496], [-1.6374343175366517, 2.31791943291289], [-1.5180186531120405, 2.709040126011043], [-1.887996875057795, 2.172291814934038], [-1.4028577002652836, 6.115344285810739], [-0.7168216464527583, 3.304913477522386], [-0.7857143967286861, 2.7073977753677876], [-0.5275743359844131, 2.438774607923275], [-0.9437099428352796, 2.570881909663535]], "mse": 0.7920479588272722, "vol": 19033603.077966347, "inc": 1681, "msevvol": 4.161313838388075e-08, "msevinc": 0.00047117665605429635}