{"beta": [0.02329243768440842, 0.058033278302819014, 0.055610858659964166, 0.08288689457322931, -0.0318670122865362, 0.6514571996209876, 0.08940321871935063, -0.026482446715359265, 0.017067126443481167, -0.030890985996384086, 0.017930149718082603, 0.05523538739907015, -0.012285916045050475, 0.014175990030191862, -0.003790217042439767, -0.13313105019448498, -0.05662043536433924], "R": [[-0.1, 1.1], [-0.1, 1.0], [-0.1, 1.0], [-0.09999999999999998, 1.0], [-0.1, 1.0], [-3.9918644005925885, 0.8687157277484343], [-1.0784111940537748, 1.0220651665449352], [-1.075098267097456, 1.0251958181341332], [-2.4828060419456293, 1.2537983678246925], [-0.6117835868968557, 2.708998760482675], [-1.8872194904270159, 2.172847884726703], [-0.9182457794233833, 1.006653017610168], [-0.7175431378773933, 0.8520341236279184], [-0.7862811582964232, 2.708111384813539], [-0.5274526967944777, 2.4394401474107608], [-0.9437002178516671, 0.8143708080692993]], "mse": 0.5383967081567205, "vol": 104517.57932356444, "inc": 776, "msevvol": 5.151255048588118e-06, "msevinc": 0.0006938101909236088}