{"beta": [-0.11192592099511985, -0.001344359984474253, -0.03358532132723493, -0.09604339752949588, 0.0031509310385918394, 0.5025241795287119, 0.030718071480018132, 0.053051362635251904, 0.1395851145123031, 0.00411073016443572, 0.019708730903060783, -0.02583149193321428, 0.0077890525430915035, 0.036627509815369816, 0.05286759175121189, -0.0977117825632657, -0.13208986123586655], "R": [[-0.1, 1.0], [-0.1, 1.0], [-0.10000000000000002, 1.0], [-0.10000000000000002, 1.0], [-0.09999999999999998, 1.0], [-1.5534562730350485, 1.6109567155005289], [-1.0784111940537748, 1.0220651665449352], [0.07212119122232075, 2.6254058790138397], [-0.005386769104768874, 1.8681873124989732], [-1.5169791737417384, 2.708998760482675], [-1.7872194904270158, 0.5288209346652153], [-0.9182457794233834, 6.1113898898974], [-0.7175431378773933, 3.3033577420364177], [-0.7862811582964232, 2.6081113848135384], [-0.5274526967944777, 2.4394401474107608], [-0.9437002178516671, 2.5724418339902657]], "mse": 0.5541898141200183, "vol": 501654.1115349273, "inc": 445, "msevvol": 1.104724951669081e-06, "msevinc": 0.00124537036880903}