{"beta": [0.1567198268593144, 0.2203601229278493, 0.256470023574716, 0.23705546221221843, 0.26587139653088837, 0.5471917820389743, 0.03323686137602212, -0.1217688687325974, 0.10027685524158735, -0.047450787617337405, 0.06126500106409227, -0.03834071446361176, 0.047398245438852384, -0.09300521399985984, -0.0029190129510564193, 0.0775301909901332, -0.23045593192881633], "R": [[-0.1, 1.1], [-0.1, 1.1], [-0.1, 1.1], [-0.10000000000000003, 1.1], [-0.1, 1.1], [-2.679562738466629, 7.308664912350221], [-1.076292805095683, 1.1242828737245418], [-2.2510396912444732, 2.6261580138030496], [-2.4821366099920725, 2.31791943291289], [-1.5180186531120405, 2.709040126011043], [-1.887996875057795, 2.172291814934038], [-1.4028577002652836, 6.115344285810739], [0.8530764781530662, 3.304913477522386], [-0.17908175486769018, 2.7073977753677876], [-0.4275743359844131, 2.438774607923275], [-0.9437099428352795, 2.570881909663535]], "mse": 0.7742330640162676, "vol": 11779337.45160374, "inc": 513, "msevvol": 6.5728065538258e-08, "msevinc": 0.0015092262456457457}