{"beta": [-0.048245194210775125, -0.06759702416659417, -0.027378897258151135, -0.0032605719810799975, -0.08628983816259238, 0.6117602365236988, 0.13379057128156532, 0.017700642897972855, 0.02892187991392607, -0.0094416834482485, 0.01525336609488686, -0.04850040453362125, -0.008200685015051898, -0.013613691351787525, 0.0443090975010971, -0.047372603625870334, 0.07213002588979296], "R": [[-0.10000000000000003, 1.0], [-0.1, 1.0], [-0.1, 1.0], [-0.09999999999999998, 1.0], [-0.1, 1.0], [-3.9918644005925885, 3.325789342376059], [-1.0784111940537748, 1.0220651665449352], [-2.151719604905245, 1.007546288006137], [-1.7046104215610618, 1.3723732686880963], [-0.6117835868968557, 0.9986075867929095], [-1.0152060153962723, 2.172847884726703], [-0.533266020016673, 1.006653017610168], [-0.7175431378773933, 3.3033577420364173], [-0.7862811582964232, 2.708111384813539], [-0.5274526967944777, 2.4394401474107608], [-0.9437002178516671, 0.8143708080692991]], "mse": 0.522765291069302, "vol": 139428.87165883323, "inc": 543, "msevvol": 3.7493331535268385e-06, "msevinc": 0.0009627353426690645}