{"beta": [-0.02892162122941637, 0.024580454300790325, -0.04368602868326437, -0.01210041591440951, 0.0013908057298429243, 0.6272762065431801, 0.0632033316036037, 0.001726047347791954, 0.0873385483525057, 0.0012435810038373435, 0.047776479552946484, 0.003455822594338768, -0.01890228827404751, -0.09965452732732046, 0.012319450438340694, -0.04455241223702031, -0.0469172950769596], "R": [[-0.1, 1.0], [-0.1, 1.0], [-0.10000000000000002, 1.0], [-0.10000000000000002, 1.0], [-0.09999999999999998, 1.0], [-3.9918644005925885, 1.252633480034], [-1.0784111940537748, 1.0220651665449352], [-0.17497223056963218, 2.6254058790138397], [-1.3059710821814554, 2.317941267123266], [-0.6117835868968557, 0.9986075867929096], [-1.7872194904270158, 1.3008344096959594], [-1.3032255388300935, 6.1113898898974], [-0.7175431378773933, 3.3033577420364177], [-0.7862811582964232, 0.5807928967458698], [-0.5274526967944777, 2.4394401474107608], [-0.9437002178516671, 1.2288885645495407]], "mse": 0.5477710122799354, "vol": 235222.6746988303, "inc": 684, "msevvol": 2.32873388154981e-06, "msevinc": 0.0008008348132747593}