{"beta": [-0.0760946961412079, -0.045189727246803826, -0.058369816403944355, -0.042145991610627015, -0.05645965932076164, 0.5981528190431645, 0.11451517869179419, -0.002759516592625, 0.022274586607455817, 0.0034776775706620816, -0.001070815339183396, -0.0017396433015447795, 0.03968557782361543, 0.0007166972703638312, 0.03549372670256553, -0.12423148225657478, 0.02452515914119531], "R": [[-0.09999999999999998, 1.0], [-0.1, 1.0], [-0.10000000000000003, 1.0], [-0.1, 1.0], [-0.1, 1.0], [-3.9918644005925885, 3.325789342376059], [-1.0784111940537748, 1.0220651665449352], [-2.151719604905245, 1.0075462880061368], [-1.3059710821814554, 1.3723732686880963], [-0.6117835868968557, 0.9986075867929095], [-1.0152060153962723, 2.172847884726703], [-1.3032255388300937, 1.006653017610168], [-0.7175431378773933, 3.3033577420364177], [-0.7862811582964232, 2.7081113848135385], [-0.5274526967944777, 2.4394401474107608], [-0.9437002178516671, 0.3998530515890576]], "mse": 0.5224204316913255, "vol": 139124.51522053368, "inc": 736, "msevvol": 3.7550566186211613e-06, "msevinc": 0.0007098103691458226}