{"beta": [0.053273157564673254, 0.13739405353355472, 0.03779064324606197, 0.09362009924381534, 0.0951552118987824, 0.6076476448280809, 0.07260013928845907, -0.014814170079976511, 0.14376756546549135, -0.0396799434979527, 0.044614420083998046, 0.0447315003914859, 0.04267336849538691, -0.1695124264290696, 0.12891113093834158, 0.04868062742098251, -0.06876034709994598], "R": [[-0.1, 1.1], [-0.1, 1.1], [-0.10000000000000002, 1.1], [-0.10000000000000002, 1.1], [-0.09999999999999998, 1.1], [-2.0513859638781464, 0.8687157277484342], [-1.0784111940537748, 1.0220651665449352], [0.26626602263028176, 2.6254058790138397], [-0.861611353115713, 1.8340220629570074], [-1.5169791737417384, 2.708998760482675], [-1.7872194904270158, 2.172847884726703], [-0.9182457794233834, 1.3916327770168782], [-0.7175431378773933, 0.5581186713268561], [-0.7862811582964232, 0.8342077077543284], [-0.5274526967944777, 2.4394401474107608], [-0.9437002178516671, 1.2288885645495407]], "mse": 0.5227069594049468, "vol": 49993.83700241567, "inc": 289, "msevvol": 1.0455427923639668e-05, "msevinc": 0.001808674600017117}