{"beta": [0.04751607928573683, 0.09940192421298118, 0.03486910968859266, 0.11852395866788204, 0.13786207193332103, 0.5406900072358447, -0.011479467628134172, -0.016107275091560555, 0.057146019037903534, 0.00250729141384706, 0.009481021048805032, 0.024437756914263826, -0.05516710008597131, 0.08490451633524648, -0.023877180918399635, 0.004475641731747586, 0.0238107116895171], "R": [[-0.1, 1.1], [-0.10000000000000003, 1.0], [-0.09999999999999998, 1.1], [-0.1, 1.0], [-0.1, 1.1], [-2.679562738466629, 0.7143723792078756], [-0.976292805095683, 1.1242828737245418], [-1.8862926513361256, 0.6905785371051544], [-0.2971420682473104, 1.5162960411758761], [-1.5180186531120405, 0.9982166143618095], [-1.8879968750577951, 1.3002340769356713], [-0.5325206490993863, 1.3933219788153568], [-0.7168216464527583, 3.304913477522386], [-0.7857143967286861, 0.5808672079238036], [-0.5275743359844131, 2.438774607923275], [-0.9437099428352796, 0.39926200185177585]], "mse": 0.5608218770262584, "vol": 23562.775816522237, "inc": 336, "msevvol": 2.380118036148397e-05, "msevinc": 0.0016691127292448166}