{"beta": [-0.0037379129947350447, 0.06971428756435456, 0.047923176120910876, 0.020905751821371037, 0.054780545150731795, 0.5121081274476386, 0.17330562604064742, 0.05946609494326643, 0.028801165507710166, 0.006316232974682372, -0.03462112422849932, 0.0004077838284057011, 0.05231997182902886, -0.030690854007076607, -0.13907920527148368, -0.04095132007058508, -0.06617201744224599], "R": [[-0.09999999999999998, 1.0], [-0.10000000000000003, 1.0], [-0.1, 1.1], [-0.10000000000000003, 1.0], [-0.1, 1.1], [-3.6351241692909233, 0.2650122917665516], [-0.9769183989499993, 1.1236269488575596], [0.07314894105291647, 2.014550987259158], [0.01836482678282514, 2.3173220832340404], [-1.517848309229576, 2.708801024456387], [-1.7875307746960676, 0.5281905392186821], [-1.3026371056557282, 1.0075418146478838], [-0.7169950228232279, 0.8523351417491218], [-0.7856874150981881, 1.3408208832023638], [-0.527513004764509, 2.439110129645856], [-0.9436399543409112, 0.39956314420417527]], "mse": 0.6299386235345708, "vol": 21072.321695978644, "inc": 181, "msevvol": 2.9894125223742463e-05, "msevinc": 0.00348032388693133}