{"beta": [-0.04788977958458873, -0.032867835055418994, -0.030865683138300355, -0.040113365101504775, -0.05563011734628032, 0.5902705663784318, 0.07819045552609864, -0.003255127945346038, 0.0849268948674551, -0.023287070577489265, 0.021908071429075467, 0.007812120237990781, -0.007049072246679676, 0.018300842310851072, 0.025340473232283545, -0.06853975959141942, 0.03858764773162504], "R": [[-0.09999999999999998, 1.1], [-0.1, 1.1], [-0.1, 1.1], [-0.09999999999999998, 1.1], [-0.1, 1.1], [-3.6351241692909233, 9.745791327863362], [-1.0769183989499993, 1.1236269488575596], [-2.2506388573287786, 2.0498492062810887], [-2.482619941225386, 2.3173220832340404], [-1.517848309229576, 2.708801024456387], [-1.8875307746960677, 2.172004748495182], [-1.4026371056557283, 6.11292947530571], [-0.6169950228232279, 3.3032634050648815], [-0.7856874150981878, 2.7073885696402087], [-0.527513004764509, 2.439110129645856], [-0.9436399543409112, 2.571568308445986]], "mse": 0.6277004875865558, "vol": 27851371.07418579, "inc": 3595, "msevvol": 2.2537507611908693e-08, "msevinc": 0.00017460375176260245}