{"beta": [0.10220110530121211, 0.06547118652835306, 0.06674062242628077, 0.08011212966923188, 0.08676051953197714, 0.4526035491819376, -0.02739524860707274, -0.09332261223736787, -0.06529167113411885, -0.011805872672374148, -0.01687735994590338, 0.02287411268520768, 0.09262177682930202, 0.05463680443357912, -0.029045154237018103, -0.03545669233880206, -0.012216131403839961], "R": [[-0.09999999999999998, 1.0], [-0.09999999999999998, 1.0], [-0.09999999999999998, 1.0], [-0.1, 1.0], [-0.1, 1.0], [-2.679562738466629, 1.4817095373025042], [-1.076292805095683, 1.024282873724542], [-2.2510396912444732, 0.0375358386645579], [-0.24681874362464895, 2.31791943291289], [-1.4180186531120405, 2.709040126011043], [-1.787996875057795, 1.3002340769356713], [-1.3028577002652835, 6.115344285810739], [-0.7168216464527583, 3.304913477522386], [-0.7857143967286861, 2.1007651335067914], [-0.5275743359844131, 2.3387746079232747], [-0.9437099428352796, 2.5708819096635356]], "mse": 0.6379453599462254, "vol": 913631.7036282303, "inc": 713, "msevvol": 6.982522141173577e-07, "msevinc": 0.0008947340251700216}