{"beta": [0.0690672328033405, 0.1320357190557645, 0.028205065706965234, 0.06996148409151721, 0.11739773224444618, 0.5216663673697449, -0.009425996081514272, -0.07146932856556762, 0.12494084977918356, 0.009814043740889383, -0.006930401543202028, 0.016469970208750333, -0.03960868767234843, -0.05252513195010002, -0.05332372269274757, 0.012044027850758495, -0.15097786977880567], "R": [[-0.1, 1.0], [-0.10000000000000003, 1.0], [-0.09999999999999998, 1.1], [-0.1, 1.0], [-0.1, 1.1], [-1.2657317994850936, 0.7143723792078756], [-0.976292805095683, 1.1242828737245418], [-1.8862926513361256, 0.00223623334344214], [-0.27637257842223306, 2.31791943291289], [-1.4180186531120405, 0.9982166143618095], [-1.787996875057795, 0.5281763389373046], [-0.5325206490993863, 1.3933219788153568], [-0.7168216464527583, 1.7350153529165615], [-0.7857143967286861, 1.0874998497847996], [-0.5275743359844131, 2.438774607923275], [-0.9437099428352796, 0.39926200185177585]], "mse": 0.4987593716033476, "vol": 7702.091685197655, "inc": 331, "msevvol": 6.475635346718781e-05, "msevinc": 0.0015068258960826211}