{"beta": [0.15199760115965313, 0.08986472789536766, 0.12295470373083041, 0.10049976636508065, 0.21565091936698091, 0.6138486520290063, -0.07104356644022998, -0.03874313221787445, 0.2197659882489231, -0.06597517049311499, 0.1639364201672585, -0.07101466866208136, 0.10969577841736423, -0.18000624338945975, -0.07875063964103886, 0.18232268931839868, -0.19656307971109008], "R": [[-0.1, 1.1], [-0.1, 1.1], [-0.1, 1.1], [-0.10000000000000003, 1.1], [-0.1, 1.1], [-2.679562738466629, 7.308664912350221], [-0.9762928050956831, 1.1242828737245418], [-1.1803005449138566, 2.6261580138030496], [-0.7037195967384119, 2.31791943291289], [-1.5180186531120405, 1.8036283701864262], [-1.0159391370594286, 2.172291814934038], [-1.3028577002652835, 6.115344285810739], [1.1470561030742314, 3.304913477522386], [0.8341835288543016, 2.7073977753677876], [-0.4275743359844131, 2.438774607923275], [-0.9437099428352795, 2.570881909663535]], "mse": 0.6393584788154172, "vol": 1920935.2954063213, "inc": 182, "msevvol": 3.3283707178704234e-07, "msevinc": 0.0035129586748099844}