{"beta": [-0.04275058403181742, -0.03199520730001767, -0.028494041373827158, -0.026023370506678942, -0.03610135588491997, 0.5843741130739738, 0.08249241558721546, -0.005934572823624075, 0.08468628139977757, -0.008978903345352974, 0.01391084470736481, 0.00832895610201774, -0.019485474577488088, 0.023218093310715532, 0.011204741284516989, -0.05455516096075498, 0.03315203859576651], "R": [[-0.09999999999999998, 1.1], [-0.1, 1.1], [-0.09999999999999998, 1.1], [-0.1, 1.0], [-0.1, 1.0], [-3.6351241692909233, 9.745791327863362], [-0.9769183989499992, 1.1236269488575596], [-1.9741477622191208, 2.626375163077166], [-1.1848673210259917, 2.3173220832340404], [-1.517848309229576, 2.708801024456387], [-1.887530774696068, 2.172004748495182], [-1.4026371056557283, 6.11292947530571], [-0.7169950228232278, 3.3032634050648815], [-0.6856874150981881, 2.7073885696402087], [-0.527513004764509, 2.439110129645856], [-0.9436399543409113, 1.6427662427492618]], "mse": 0.6031591190381925, "vol": 12780115.698720377, "inc": 3023, "msevvol": 4.7195121957979184e-08, "msevinc": 0.0001995233605816052}