{"beta": [-0.038729015723808824, -0.030915234358480738, 0.01727996584625399, -0.05200534905069512, -0.038712432494215916, 0.557110069729456, 0.08495661088847509, -0.07063430081260455, 0.04218222644433485, 0.008996717343236642, 0.02482339776743508, -0.0179707807815036, 0.011268785230818769, 0.018498930389055174, -0.0013346204853206286, 0.01972804027018304, -0.03343912984984883], "R": [[-0.09999999999999998, 1.1], [-0.1, 1.1], [-0.1, 1.1], [-0.09999999999999998, 1.1], [-0.1, 1.1], [-3.6351241692909233, 2.145692070963363], [-1.0769183989499993, 1.1236269488575596], [-2.2506388573287786, 2.626375163077166], [-2.482619941225386, 2.3173220832340404], [-1.517848309229576, 2.708801024456387], [-1.8875307746960677, 2.172004748495182], [-1.4026371056557283, 6.11292947530571], [-0.716995022823228, 3.3032634050648815], [-0.7856874150981878, 2.7073885696402087], [-0.42751300476450893, 2.439110129645856], [-0.9436399543409112, 2.571568308445986]], "mse": 0.6674598012064382, "vol": 13521773.893571658, "inc": 360, "msevvol": 4.936185196261513e-08, "msevinc": 0.0018540550033512174}