{"beta": [-0.034604634724567755, -0.030316847900203437, -0.016091208163386207, -0.022614334626472814, -0.018198218580739733, 0.5462676537756106, 0.08753227966827568, -0.02712855319393437, 0.10299137378591114, -0.00127062182945899, 0.022204414684407123, 0.0018280071044400909, -0.02143730463670311, 0.0056980586438753365, 0.027952449768424478, -0.09046669117823386, -0.027706106850386047], "R": [[-0.09999999999999998, 1.0], [-0.1, 1.0], [-0.09999999999999998, 1.0], [-0.1, 1.0], [-0.1, 1.0], [-3.6351241692909233, 9.745791327863362], [-0.9769183989499992, 1.1236269488575596], [-2.2506388573287786, 1.3085866068205239], [-0.5118977523895822, 2.3173220832340404], [-1.417848309229576, 2.708801024456387], [-1.887530774696068, 2.172004748495182], [-1.4026371056557283, 3.3177207349514957], [-0.6169950228232279, 1.7339332404925316], [-0.7856874150981881, 1.8474479577775016], [-0.527513004764509, 2.339110129645856], [-0.9436399543409113, 1.6427662427492618]], "mse": 0.5827483319010901, "vol": 1654368.4630559888, "inc": 1894, "msevvol": 3.522482112749076e-07, "msevinc": 0.0003076812734430254}