{"beta": [-0.22819411212724933, -0.1583780736477443, -0.17181571120303638, -0.18949598000775963, -0.04022024412007944, 0.6181457431625819, 0.08865997014774558, -0.009851542686828484, 0.24686246690990435, -0.018074473213017823, -0.06072319520313068, 0.06577853245759814, 0.09081079964564524, -0.20206989768002062, -0.0048173114827676404, 0.04760519201347328, 0.17558717585669084], "R": [[-0.1, 1.1], [-0.1, 1.1], [-0.1, 1.1], [-0.1, 1.1], [-0.09999999999999998, 1.1], [-1.3216093088960505, 1.2312034498075253], [-0.9769183989499993, 1.1236269488575596], [-1.1799378342256595, 2.626375163077166], [-0.5857350512061429, 2.3173220832340404], [-1.417848309229576, 1.8034711577191944], [-1.0156236700578178, 2.172004748495182], [-1.3026371056557282, 2.5476610948502914], [1.1462011746635918, 3.3032634050648815], [0.8341938086272256, 2.7073885696402087], [-0.42751300476450904, 2.439110129645856], [-0.014837888644186892, 2.571568308445986]], "mse": 0.4272226588498477, "vol": 174632.9260808693, "inc": 76, "msevvol": 2.446403827947135e-06, "msevinc": 0.005621350774340101}