{"beta": [-0.042862691165608875, -0.03437163366159883, -0.028139426434179753, -0.0359346976545111, -0.05141063355886007, 0.5910140782055702, 0.0760780761177573, -0.0055159921687851126, 0.0824069368136563, -0.02083158982361177, 0.019997453435294535, 0.008006627799375377, -0.004947987775325861, 0.017870406525975453, 0.022773592046527628, -0.06798335686627828, 0.0349942066918447], "R": [[-0.1, 1.1], [-0.1, 1.1], [-0.1, 1.1], [-0.1, 1.1], [-0.09999999999999998, 1.1], [-3.6351241692909233, 9.745791327863362], [-1.0769183989499993, 1.1236269488575596], [-2.2506388573287786, 2.626375163077166], [-2.482619941225386, 2.3173220832340404], [-1.517848309229576, 2.708801024456387], [-1.8875307746960677, 2.172004748495182], [-1.4026371056557283, 6.11292947530571], [-0.716995022823228, 3.3032634050648815], [-0.7856874150981881, 2.7073885696402087], [-0.42751300476450904, 2.439110129645856], [-0.9436399543409113, 2.571568308445986]], "mse": 0.6487612489998411, "vol": 31298990.717191584, "inc": 2425, "msevvol": 2.0727864833146082e-08, "msevinc": 0.0002675304119586974}