{"beta": [-0.037000412012349, 0.0442316910395284, 0.01656004022026688, 0.045378526413366184, 0.08306730067222502, 0.47701314003593503, 0.09440899239476938, 0.004409592089243442, 0.05102460798792981, 0.014718195941440793, -0.05285416058289228, 0.10038147080176452, 0.00884068491269574, -0.01625516463697022, -0.0454745120937122, -0.11000355557426267, -0.03914373846499151], "R": [[-0.09999999999999998, 1.1], [-0.10000000000000003, 1.0], [-0.1, 1.0], [-0.10000000000000003, 1.0], [-0.1, 1.1], [-3.6351241692909233, 1.7579230443248455], [-0.9769183989499993, 1.1236269488575596], [0.037850722030985606, 2.626375163077166], [-0.07950978223734584, 2.3173220832340404], [-1.517848309229576, 0.9981412909820018], [-1.8875307746960677, 0.5281905392186821], [-1.3026371056557282, 1.0075418146478838], [-0.7169950228232279, 2.6155313392359414], [-0.7856874150981881, 0.8341938086272258], [-0.527513004764509, 2.439110129645856], [-0.9436399543409112, 1.2283652099008997]], "mse": 0.523187369905883, "vol": 65792.73779056847, "inc": 463, "msevvol": 7.952053486074613e-06, "msevinc": 0.0011299943194511511}