{"beta": [0.023640935991446607, 0.04191713520492088, 0.04140734967329455, 0.04716240006898692, 0.01764142342544797, 0.6135164997696824, 0.09100378156441005, -0.023955796307931893, 0.051050290701281746, -0.015007861904420114, 0.012617658282922141, -0.010247697443599242, -0.016764974374064406, 0.011320187476614634, 0.015142195372920223, -0.056857737613396825, -0.031012254979067823], "R": [[-0.1, 1.1], [-0.09999999999999998, 1.1], [-0.1, 1.1], [-0.1, 1.1], [-0.1, 1.1], [-3.991864400592589, 6.457576198303895], [-1.0784111940537748, 1.1220651665449353], [-0.9162524959454874, 2.190064806581906], [-2.4828060419456293, 2.317941267123266], [-1.5169791737417384, 2.708998760482675], [-1.887219490427016, 2.172847884726703], [-1.4032255388300936, 6.1113898898974], [-0.7175431378773933, 3.3033577420364173], [-0.7862811582964232, 2.7081113848135385], [-0.5274526967944777, 2.4394401474107608], [-0.9437002178516671, 1.6434063210297825]], "mse": 0.5692264970765144, "vol": 11864490.680493098, "inc": 1878, "msevvol": 4.7977322618020454e-08, "msevinc": 0.00030310250110570524}