{"beta": [0.017857591747818303, 0.10605780705823134, 0.05073348610302736, 0.11708745610891319, 0.05780947774708002, 0.5981488482992849, 0.08595262520490402, -0.019207351846191587, 0.06709415774819333, -0.010434402842301625, -0.013385526914064317, 0.01105272721433565, 0.01070208238187165, -0.004805154424362934, -0.0017648363480842794, -0.10693841844890703, -0.09706503671185074], "R": [[-0.1, 1.0], [-0.09999999999999998, 1.0], [-0.1, 1.0], [-0.1, 1.0], [-0.1, 1.0], [-3.991864400592589, 3.3257893423760585], [-1.0784111940537748, 1.0220651665449352], [-0.8633039055614987, 0.8663500469821644], [-2.4828060419456293, 1.3723732686880963], [-1.4169791737417383, 0.9986075867929095], [-1.887219490427016, 1.3008344096959592], [-0.9182457794233833, 1.006653017610168], [-0.7175431378773933, 2.32161138513323], [-0.7862811582964232, 2.7081113848135385], [-0.5274526967944777, 2.4394401474107608], [-0.9437002178516671, 0.8143708080692992]], "mse": 0.5662126872935582, "vol": 135542.60638036567, "inc": 961, "msevvol": 4.1773778918241186e-06, "msevinc": 0.0005891911418247224}