{"beta": [-0.4952739783378476, 0.009614611844041174, 0.23487339450163613, 1.349613834696207, -0.9826397762495805, -0.5413564413472934, -0.28517036998217243, 0.2274519246508893, -0.02144132808214797, 0.20805775197466198, 0.2183053803992467, 0.023319559264652883], "R": [[-2.7959321704778626, 6.122627160047834], [-2.746572466088649, 0.7310462406328785], [-2.877433136057892, 5.334375481884963], [-2.4563033545612583, 4.986747718998426], [-2.4742496470777513, 1.249333645407733], [-1.5400337573459435, 0.9275614869825971], [-1.898207975706763, 0.11864296424456688], [-0.9079524055590782, 0.24234105811970544], [-0.688649780344704, 1.6988029782571497], [-1.4448575338251728, 0.7921097593287006], [-1.0615978541703437, 1.0399357648970522]], "mse": 0.6257715337500062, "vol": 453539.06665917166, "inc": 46, "msevvol": 1.3797522192730198e-06, "msevinc": 0.013603728994565351}