{"beta": [-1.5272006536045806, 0.48963648892023276, 0.2977809439100882, 0.7983397846129311, -0.17595848198158398, -0.09825098045420438, -0.3855402413268068, 0.5420070037513448, 0.04307679280409164, 0.2445393467301269, 0.15009100452754706, -0.10210289044041564], "R": [[-2.7959321704778626, 6.122627160047834], [-0.9577631127278852, 0.3932843699607257], [-0.8923016965419263, 0.521546883095048], [-2.4563033545612583, 4.986747718998426], [-2.4742496470777513, 0.2610836565480556], [-0.7175020092364299, 2.6726249832016244], [-1.898207975706763, -0.22540720446464646], [-1.3033657836986607, 0.24234105811970544], [-0.688649780344704, 1.6988029782571497], [-1.4448575338251728, 0.7921097593287006], [-1.0615978541703437, 1.0399357648970522]], "mse": 0.6814889967406187, "vol": 34123.02700947308, "inc": 17, "msevvol": 1.9971528216164025e-05, "msevinc": 0.040087588043565804}