{"beta": [0.1807923004558286, -0.2221690320307, -0.09482529806332843, 0.5658480787399915, -0.30488441421104384, -0.4028597765434929, -0.36330611574332033, 0.19719196472775286, -0.019910684549009537, 0.07978214040915227, 0.11027687108376812, 0.024756574394939206], "R": [[-2.7959321704778626, 6.122627160047834], [-2.746572466088649, 3.5331412060101006], [-2.877433136057892, 5.334375481884963], [-2.4563033545612583, 4.986747718998426], [-2.4742496470777513, 5.631750263799668], [-2.462565505455457, 2.6726249832016244], [-1.898207975706763, 0.8804683378149654], [-3.452326015876494, 1.931834582897919], [-0.688649780344704, 1.7988029782571497], [-1.4448575338251728, 0.7921097593287006], [-1.0615978541703437, 1.1399357648970518]], "mse": 0.7750575168792678, "vol": 26114594.187199283, "inc": 164, "msevvol": 2.967909481278409e-08, "msevinc": 0.004725960468776024}