{"beta": [-0.010839571059786557, -0.12215276974633996, -0.01112660493705121, 0.7049709722582784, -0.35964182513084664, -0.48771425525094014, -0.3334296756125826, 0.18929896154762735, -0.022595289220678393, 0.0935858742433256, 0.10931922582745605, 0.013082263366630842], "R": [[-2.7959321704778626, 6.122627160047834], [-2.746572466088649, 3.5331412060101], [-2.877433136057892, 5.334375481884963], [-2.4563033545612583, 4.986747718998426], [-2.4742496470777513, 5.631750263799668], [-2.462565505455457, 2.6726249832016244], [-1.898207975706763, 3.6099946272353787], [-3.452326015876494, 4.224581498035601], [-0.688649780344704, 1.7988029782571497], [-1.5448575338251727, 0.7921097593287006], [-1.0615978541703437, 1.139935764897052]], "mse": 0.7693797722440283, "vol": 77111034.85853748, "inc": 205, "msevvol": 9.977557345138458e-09, "msevinc": 0.0037530720597269674}