{"beta": [-1.0166743628394965, 0.7852883752651747, 0.6551262360436647, 0.21954432717926506, 0.09774725853752832, -0.08953453820741063, -0.6092339329819304, 0.16325619964110263, -0.08316121189389687, 0.2605537541471955, 0.1369146348217334, -0.12541369562741925], "R": [[-2.7959321704778626, 6.122627160047834], [-0.9577631127278852, 0.3932843699607257], [-0.42101883666293477, 1.9353954627320225], [-2.4563033545612583, 4.986747718998426], [-0.7271663323116218, 5.631750263799668], [-0.7175020092364299, 2.672624983201624], [-1.0486701081616918, 0.6715807353843732], [-3.452326015876494, 0.8893811314390216], [-0.688649780344704, 1.6988029782571499], [-1.4448575338251728, 0.7921097593287006], [-1.0615978541703437, 1.039935764897052]], "mse": 1.1287859946361103, "vol": 381900.4162973073, "inc": 28, "msevvol": 2.9557076831185143e-06, "msevinc": 0.04031378552271823}