{"beta": [-0.15587383653127987, -0.15602233855040232, 0.04670518741813532, 0.7581487241452083, -0.4081612964349177, -0.43026522815291585, -0.2441662528416392, 0.16731413629426586, -0.01986544104860563, 0.11421868476270691, 0.0653900339953508, 0.029643272010751703], "R": [[-2.7959321704778626, 6.122627160047834], [-2.746572466088649, 0.7310462406328785], [-2.877433136057892, 5.334375481884963], [-2.4563033545612583, 0.9203149882395518], [-1.0565829952648478, 1.249333645407733], [-2.462565505455457, 2.6726249832016244], [-1.898207975706763, 0.5364181691057528], [-3.452326015876494, 1.0691144851388317], [-0.688649780344704, 1.6988029782571497], [-1.4448575338251728, 0.7921097593287006], [-1.0615978541703437, 1.0399357648970522]], "mse": 0.6548162253285863, "vol": 1258164.682853235, "inc": 97, "msevvol": 5.204535099837727e-07, "msevinc": 0.00675068273534625}