{"beta": [-0.1680329800588019, -0.17685173465250154, 0.14298514346083196, 0.6792601609485678, -0.2629888991235815, -0.36343237346847307, -0.24216397905354892, 0.20215830189299996, 0.0017000892170908907, 0.15959476509658488, 0.08803984689236709, 0.08416576922134471], "R": [[-2.7959321704778626, 6.122627160047834], [-2.746572466088649, 0.7310462406328785], [-1.3635845564209177, 5.334375481884963], [-2.4563033545612583, 4.986747718998426], [-1.0565829952648478, 0.5905003195012815], [-2.462565505455457, 0.9275614869825971], [-1.898207975706763, 0.5364181691057528], [-3.352326015876494, 0.8893811314390216], [-0.688649780344704, 1.6988029782571497], [-1.4448575338251728, 0.7921097593287006], [-1.0615978541703437, 1.0399357648970522]], "mse": 0.7430985453692862, "vol": 1000703.642428948, "inc": 84, "msevvol": 7.425760373626778e-07, "msevinc": 0.008846411254396265}