{"beta": [-0.6637632715834597, 0.5311531816952039, 0.43636629401849764, 0.6441812314846117, -0.17694939327243497, -0.35737466254004047, -0.5382935406278273, 0.0438490930490778, -0.07608956851158959, 0.24868551627790003, 0.120291603729913, -0.12927375375804373], "R": [[-2.7959321704778626, 6.122627160047834], [-0.9577631127278852, 0.3932843699607257], [-0.42101883666293477, 1.9353954627320225], [-2.4563033545612583, 4.986747718998426], [-0.7271663323116218, 5.631750263799668], [-2.4625655054554576, 2.672624983201624], [-1.0486701081616918, 0.6715807353843732], [-3.452326015876494, 1.931834582897919], [-0.688649780344704, 1.6988029782571499], [-1.4448575338251728, 0.7921097593287006], [-1.0615978541703437, 1.039935764897052]], "mse": 1.1040497810714243, "vol": 717378.2448523326, "inc": 38, "msevvol": 1.5390064990034446e-06, "msevinc": 0.029053941607142742}