{"beta": [-1.3819647610873613, 0.39447524737485024, 0.3360424733852838, 1.447939940159694, -0.6285151728531729, -0.47851792707101576, -0.39402647671936974, 0.4691190811448358, 0.028490522608690075, 0.2352973791600399, 0.13824793197015026, -0.08652678585814748], "R": [[-2.7959321704778626, 6.122627160047834], [-0.9577631127278852, 0.3932843699607257], [-0.8923016965419263, 0.521546883095048], [-2.4563033545612583, 4.986747718998426], [-2.4742496470777513, 0.2610836565480556], [-0.7175020092364299, 2.6726249832016244], [-1.898207975706763, -0.22540720446464646], [-0.9079524055590782, 0.24234105811970544], [-0.688649780344704, 1.6988029782571497], [-1.4448575338251728, 0.7921097593287006], [-1.0615978541703437, 1.0399357648970522]], "mse": 0.6205093236529606, "vol": 25393.880565189258, "inc": 16, "msevvol": 2.4435387969161933e-05, "msevinc": 0.03878183272831004}