{"beta": [-0.010839571059794863, -0.12215276974633373, -0.011126604937046222, 0.7049709722582652, -0.3596418251308395, -0.4877142552509335, -0.33342967561258313, 0.18929896154762685, -0.0225952892206786, 0.09358587424332615, 0.10931922582745555, 0.013082263366631059], "R": [[-2.7959321704778626, 6.122627160047834], [-2.746572466088649, 3.5331412060101], [-2.877433136057892, 5.334375481884963], [-2.4563033545612583, 4.986747718998426], [-2.4742496470777513, 5.631750263799668], [-2.462565505455457, 2.6726249832016244], [-1.8982079757067631, 3.6099946272353787], [-3.452326015876494, 4.224581498035601], [-0.5886497803447042, 1.6988029782571497], [-1.5448575338251727, 0.7921097593287006], [-1.0615978541703437, 1.139935764897052]], "mse": 0.7693797722440275, "vol": 70911034.91145265, "inc": 205, "msevvol": 1.0849930101919399e-08, "msevinc": 0.0037530720597269635}