{"beta": [-0.11886343237747386, -0.04059836395679693, 0.06801689072069031, 0.6636667399515099, -0.3541009994414652, -0.44827628798293284, -0.34857132810040187, 0.19523968405946993, -0.013763513547417746, 0.09552171247553047, 0.08263015425383693, 0.014279161091025045], "R": [[-2.7959321704778626, 6.122627160047834], [-2.746572466088649, 3.5331412060101], [-2.877433136057892, 5.334375481884963], [-2.4563033545612583, 4.986747718998426], [-2.4742496470777513, 5.631750263799668], [-2.4625655054554576, 2.672624983201624], [-1.898207975706763, 3.6099946272353787], [-3.452326015876494, 1.212901168098679], [-0.688649780344704, 1.7988029782571495], [-1.5448575338251729, 0.7921097593287006], [-1.0615978541703437, 1.139935764897052]], "mse": 0.7687813721434157, "vol": 46860079.446650155, "inc": 273, "msevvol": 1.6405891351905784e-08, "msevinc": 0.0028160489822103138}