{"beta": [0.023558158252324973, 0.14925252425888125, -0.10474702742218367, -0.11775650240646451, 0.12743228564606016, -0.004625064867483891], "R": [[-1.3767654645611844, 3.615181352813236], [-1.761779282579846, 0.9121829326680108], [-1.310910811246963, 2.3330237003102603], [-0.5313915329587728, 2.4180798036097926], [-1.0217648016985406, 1.1848754456205048]], "mse": 0.9152764884273177, "vol": 316.57126695647105, "inc": 106, "msevvol": 0.0028912178203247024, "msevinc": 0.008634683853087903}