{"beta": [0.049446980024690446, 0.16565997349834916, 0.03958093573978299, -0.059871129928543536, 0.09123503231746688, 0.07187967780656258], "R": [[-1.3767654645611844, 3.615181352813236], [-1.761779282579846, 0.9121829326680108], [-1.310910811246963, -0.06293264072788851], [-0.5313915329587728, 2.4180798036097926], [-1.0217648016985406, 1.0848754456205048]], "mse": 0.7150891933240393, "vol": 103.5062946520958, "inc": 85, "msevvol": 0.0069086541618322735, "msevinc": 0.008412814039106344}