{"beta": [1.825534533276445, 0.30373472105216953, -0.0693224226531353, 0.23129576843470212, 0.029194663757536148, 1.464006278833042], "R": [[-0.9573023434028897, -0.7656244707079128], [-1.761779282579846, 0.9121829326680108], [-1.310910811246963, -0.06293264072788851], [-0.5313915329587728, 2.4180798036097926], [-1.0217648016985406, 1.0848754456205048]], "mse": 0.5169462981199785, "vol": 3.974374546700042, "inc": 10, "msevvol": 0.1300698492418646, "msevinc": 0.05169462981199785}