{"beta": [-0.053744675417300124, 0.0986872251874829, 0.0071799345868352425, -0.08132041376713323, 0.07946905695139503, 0.019412735897501997], "R": [[-0.5100539737812771, 0.32055014123028913], [-0.01247113908127473, 0.9121829326680108], [-1.2109108112469629, 2.3330237003102603], [-0.5313915329587728, 2.4180798036097926], [-1.0217648016985406, 1.0848754456205048]], "mse": 1.1292351940178762, "vol": 16.911947036064426, "inc": 17, "msevvol": 0.06677144811356152, "msevinc": 0.06642559964811036}