{"beta": [0.3119358601436988, 0.28206903691893437, 0.0003110271487901267, 0.103187199905017, 0.041761443461345756, 0.2718188102012208], "R": [[-1.0211949676345486, -0.44616134954961817], [-1.761779282579846, 0.9121829326680108], [-1.310910811246963, -0.06293264072788851], [-0.5313915329587728, 2.4180798036097926], [-1.0217648016985406, 1.0848754456205048]], "mse": 0.8941325668115749, "vol": 11.923123640100126, "inc": 44, "msevvol": 0.07499146983634453, "msevinc": 0.020321194700263067}