{"beta": [0.3144539576877972, 0.12913233847714212, -0.12130620505554901, -0.017932786430344138, 0.08471713734802346, 0.1523464307414105], "R": [[-1.3767654645611844, 3.615181352813236], [-1.7617792825798462, 0.9121829326680108], [-1.2109108112469629, -0.06293264072788862], [-0.5313915329587728, 2.4180798036097926], [-1.0217648016985406, 1.1848754456205048]], "mse": 0.5213102964554456, "vol": 99.73200745704128, "inc": 30, "msevvol": 0.005227111232870707, "msevinc": 0.017377009881848187}