{"beta": [4.203694094148489, 0.3582198131368287, 0.33572911480809414, 5.336546083727419, -0.06628439395345181, 6.20167156544756], "R": [[-0.9573023434028897, -0.8934097191712308], [-1.761779282579846, 0.9121829326680108], [-1.310910811246963, 2.3330237003102603], [-0.5313915329587728, 2.4180798036097926], [-1.0217648016985406, 1.1848754456205048]], "mse": 28.382278270079865, "vol": 4.051839841680925, "inc": 8, "msevvol": 7.004787794945355, "msevinc": 3.547784783759983}