{"beta": [0.035407180892547296, -0.20559481324628787, 0.10727637787586725, -0.0020400220475907966, -0.02019002067634674, -0.04548477519758827, -0.42976102096636015], "R": [[-1.720185174601965, 1.720185174601965], [-1.13130082502003, 1.4962299892472228], [-1.2772928491263928, 1.3340984998439032], [0.45270186238338894, 26.150966377476646], [-0.9760197726155688, 19.14347425562218], [-3.261858092384089, 4.1252797458964094]], "mse": 0.05663136149295561, "vol": 90161.68665760363, "inc": 63, "msevvol": 6.281089406414704e-07, "msevinc": 0.0008989104998881843}