{"beta": [1.1253392462946061, -3.1767944917941793, 1.275702985748118, -2.08231804399941, -0.2761642990676307, 0.09280277629399455, -1.597201307659671], "R": [[-1.720185174601965, 0.9258200997725514], [-1.13130082502003, 1.496229989247223], [-0.8491024865315354, 1.3340984998439032], [0.1467651886888387, 26.150966377476646], [0.15759265114861537, 19.14347425562218], [0.7900991017108473, 1.3712692773130444]], "mse": 3.287567026168707, "vol": 4355.217485865826, "inc": 9, "msevvol": 0.0007548571424591283, "msevinc": 0.36528522512985634}