{"beta": [-0.011586218078807081, -0.1536270928552687, 0.21337405380937996, 0.004715795936132271, 0.05650737042131134, -0.1921416399741445, -0.19362061667140548], "R": [[-0.4629100498862757, 1.7201851746019647], [-1.13130082502003, 1.496229989247223], [-1.2772928491263928, 1.3340984998439032], [1.4004822549746319, 26.150966377476646], [-0.9760197726155686, 19.14347425562218], [-3.261858092384089, 2.630471324451136]], "mse": 0.004744402910200307, "vol": 43952.16070871526, "inc": 11, "msevvol": 1.0794470246054458e-07, "msevinc": 0.0004313093554727551}