{"beta": [-0.08956558267132346, -0.21182501069217177, 0.25256590273545704, -0.00971129059756883, -0.0009562767423075478, -0.013742391305809346, -0.5150274448696435], "R": [[-1.6923938634770468, 1.6968959665685883], [-1.0618306677398395, 1.5755795222543156], [-1.1934563591118503, 1.420181465660709], [0.12283543858856727, 26.016148822943876], [-0.9565511514060261, 18.730810247203966], [-3.1508650991369676, 4.357104412223306]], "mse": 0.10270925001741725, "vol": 89418.92337104092, "inc": 136, "msevvol": 1.1486299112686535e-06, "msevinc": 0.0007552150736574798}