{"beta": [-0.06438381865974624, -0.0011192773047703486, 0.09393077941836982, -0.014851516088677177, -0.005105157528949581, -0.029748353225466474, -0.16965177889183353], "R": [[-1.7201851746019652, 1.7201851746019647], [-1.13130082502003, 1.496229989247223], [-1.2772928491263928, 1.3340984998439032], [0.007752363814751195, 26.150966377476646], [-0.9760197726155686, 19.14347425562218], [-3.261858092384089, 4.1252797458964094]], "mse": 0.22415913259491863, "vol": 91722.78029662509, "inc": 298, "msevvol": 2.443876339879838e-06, "msevinc": 0.0007522118543453646}