{"beta": [0.29624743335783593, -0.7473322174834304, 0.735115127986628, 0.017555469633153072, -0.6857846124578306, -0.008808347265590545, -0.39865104973538673], "R": [[-1.6923938634770468, 0.727089649283415], [-1.0618306677398395, 1.5755795222543156], [-0.9988417563807659, 1.4201814656607086], [0.4972078667938914, 2.4845213739758085], [-0.02613055357674493, 18.730810247203966], [0.35689426869410235, 1.656964316537171]], "mse": 0.05632831474471229, "vol": 748.058443236489, "inc": 2, "msevvol": 7.529935027670669e-05, "msevinc": 0.028164157372356145}