{"beta": [-0.1322374633533436, -0.289490050605324, 0.48769853722593404, -1.1415604973455191, -0.15440618812747212, -0.10775726794389004, 0.11151296381776504], "R": [[-0.14271666800175814, 1.0170250883784726], [-1.0618306677398395, -0.23938228742557183], [-0.8057507303989612, 1.4201814656607088], [0.12373439765074384, 26.016148822943872], [-0.9565511514060262, 18.730810247203966], [0.888741106448085, 1.5584741613975446]], "mse": 0.09940885147483643, "vol": 724.8425382474195, "inc": 8, "msevvol": 0.00013714544363689645, "msevinc": 0.012426106434354553}