{"beta": [0.49946261740188796, 0.4994717139159028, -0.2628701957983749, -0.02922104273460461, -0.7162120589605097, 0.25790377887285193, 0.25135819645322804], "R": [[-1.720185174601965, 1.720185174601965], [-1.13130082502003, 1.4962299892472228], [-1.2772928491263928, 1.3340984998439032], [2.796305743804254, 26.150966377476646], [-0.9760197726155688, 19.14347425562218], [-3.261858092384089, 4.1252797458964094]], "mse": 0.0023995088836624087, "vol": 81939.21394229215, "inc": 2, "msevvol": 2.9284011503360605e-08, "msevinc": 0.0011997544418312044}