{"beta": [-0.09609047195694052, -0.12339525677363819, 0.17878804512496044, -0.00986157023773187, 0.00047036285748699595, -0.010974276143454602, -0.5147094210470455], "R": [[-1.6923938634770468, 1.6968959665685883], [-1.0618306677398395, 1.5755795222543159], [-1.1934563591118503, 1.4201814656607086], [0.12283543858856749, 26.016148822943872], [-0.956551151406026, 18.730810247203966], [-3.1508650991369676, 4.357104412223306]], "mse": 0.1034906062356053, "vol": 89418.9233710409, "inc": 136, "msevvol": 1.1573680640972874e-06, "msevinc": 0.000760960339967686}