{"beta": [-1.1771706806613926, -0.8288257336625583, 1.0880806722859884, 0.2591329587649435, 1.463538735122218, -3.717055280339747, 1.4093524764203944], "R": [[-1.6923938634770468, 1.6968959665685883], [-1.0618306677398395, 1.5755795222543159], [-1.1934563591118503, 1.4201814656607086], [2.399312566167393, 26.016148822943872], [-0.956551151406026, 18.730810247203966], [-3.1508650991369676, 4.357104412223306]], "mse": 0.03480663246594153, "vol": 81557.42913871571, "inc": 1, "msevvol": 4.2677451745985273e-07, "msevinc": 0.03480663246594153}