{"beta": [-0.21380412027413645, -0.020784206289369493, -0.05007704532508474, -0.046638047540759904, -0.0561679871071454, -0.12418060288670606, 0.0012963828693989682], "R": [[-1.6923938634770468, 1.6968959665685883], [-1.0618306677398395, 1.5755795222543156], [-1.1934563591118503, 1.4201814656607088], [-0.23792987968180157, 26.016148822943872], [-0.9565511514060261, 18.730810247203966], [-3.1508650991369676, 4.357104412223306]], "mse": 0.6959196485801954, "vol": 90664.77576043956, "inc": 1546, "msevvol": 7.675744441468648e-06, "msevinc": 0.00045014207540762963}