{"beta": [-0.012122429485491153, -0.0610654473045924, 0.14167506199582022, -0.007969678230566666, 0.0008954592321950367, -0.017857652066333697, -0.30337346832661644], "R": [[-1.7201851746019652, 1.720185174601965], [-1.13130082502003, 1.4962299892472233], [-1.2772928491263928, 1.3340984998439032], [0.11860246670720376, 26.150966377476646], [-0.9760197726155688, 19.14347425562218], [-3.261858092384089, 4.1252797458964094]], "mse": 0.06782900487190276, "vol": 91333.86561964049, "inc": 161, "msevvol": 7.426490098905522e-07, "msevinc": 0.0004212981669062283}