{"beta": [-0.016529648935194628, -0.11626392733304915, 0.15175944948675904, -0.008817957389343656, -0.10684515168638636, 0.029279958764805675, -0.3419371440593259], "R": [[-1.1572751247156892, 1.7201851746019647], [-1.13130082502003, 1.4962299892472228], [-1.2772928491263928, 1.3340984998439032], [0.11860246670720376, 26.150966377476646], [-0.9760197726155688, 2.0513280459000987], [-3.2618580923840894, 4.1252797458964094]], "mse": 0.08082254270115787, "vol": 11494.266163801709, "inc": 197, "msevvol": 7.0315530847622155e-06, "msevinc": 0.00041026671421907543}