{"beta": [-0.2099976611317942, -0.06399751866214004, 0.01814144885322425, -0.03299508561179054, -0.05224442918546351, -0.20574512555170318, 0.05439866372261846], "R": [[-1.6923938634770468, 1.6968959665685883], [-1.0618306677398395, 1.5755795222543156], [-1.1934563591118503, 1.4201814656607088], [-0.23792987968180157, 26.016148822943872], [-0.9565511514060262, 18.730810247203966], [-0.7855915309255619, 4.357104412223306]], "mse": 0.665711302925988, "vol": 62102.19338054268, "inc": 1211, "msevvol": 1.0719610156870287e-05, "msevinc": 0.000549720316206431}