{"beta": [-0.05762815893364977, 0.00454753032356413, -0.030405426085360295, -0.008699869183915224, -0.010058019208709511, 0.03365083383313895, -0.6688643349468648], "R": [[-1.6923938634770468, 1.6968959665685883], [-1.0618306677398395, 1.5755795222543156], [-1.1934563591118503, 1.4201814656607086], [0.3330088236587143, 26.016148822943872], [-0.9565511514060261, 18.730810247203966], [-3.1508650991369676, 4.357104412223306]], "mse": 0.03708809889892122, "vol": 88693.11908577029, "inc": 72, "msevvol": 4.1816207707223984e-07, "msevinc": 0.0005151124847072392}