{"beta": [-0.05951460187470097, 0.004246106083944539, 0.08358905380601295, -0.014508359128969629, -0.0018954159788810094, -0.02751086715500208, -0.18474646997798932], "R": [[-1.720185174601965, 1.720185174601965], [-1.13130082502003, 1.4962299892472228], [-1.2772928491263928, 1.3340984998439032], [0.01352311331407563, 26.150966377476646], [-0.9760197726155688, 19.14347425562218], [-3.261858092384089, 4.1252797458964094]], "mse": 0.18360481779496646, "vol": 91702.53377344717, "inc": 419, "msevvol": 2.0021782413184524e-06, "msevinc": 0.00043819765583524216}