{"beta": [0.0565002313130051, -0.26825232535107757, 0.17767895667504124, -0.0010072844470394007, -0.17985234958940632, -0.06250756852323838, -0.3252170345127209], "R": [[-1.3887301496588271, 1.3887301496588271], [-1.13130082502003, 1.4962299892472233], [-1.2772928491263928, 1.3340984998439032], [0.49967786841872885, 26.150966377476646], [-0.09669084995074795, 1.4152761027587513], [-3.261858092384089, 4.1252797458964094]], "mse": 0.01933399960539699, "vol": 5460.033731581859, "inc": 43, "msevvol": 3.5410036926265697e-06, "msevinc": 0.00044962789779993}