{"beta": [-0.0520606981114948, -0.04138756570533796, 0.07497782417579418, -0.006520206662148144, -0.012662760277269041, -0.07848768779822281, -0.13502265872109728], "R": [[-0.23145502494313785, 1.7201851746019647], [-1.13130082502003, 1.4962299892472228], [-1.2772928491263928, 1.3340984998439032], [0.005400131267048858, 26.150966377476646], [-0.9760197726155688, 19.14347425562218], [0.48014167472300884, 4.1252797458964094]], "mse": 0.10317196091293895, "vol": 25677.256766831528, "inc": 218, "msevvol": 4.018028944829139e-06, "msevinc": 0.0004732658757474264}