{"beta": [0.14785247407735846, -0.27494264809920893, 0.2585009579921985, 0.011040982253215193, -0.12037668402680414, -0.0031227582430585583, -0.35909166635520007], "R": [[-0.2314550249431379, 1.1572751247156892], [-1.13130082502003, 1.4962299892472233], [-1.0309213942438957, 1.3340984998439032], [0.698491858306631, 26.150966377476646], [-0.9760197726155688, 2.8093838511458116], [0.18955658692191024, 1.8168330786080622]], "mse": 0.02279067918311184, "vol": 1353.0194377272076, "inc": 5, "msevvol": 1.6844310249818332e-05, "msevinc": 0.004558135836622368}