{"beta": [-0.07927281116752942, -0.16413391740080502, 0.2271079071757735, 0.004117659985394415, 0.09001728391553923, -0.18557644054198794, -0.22024993640190066], "R": [[-0.4629100498862757, 1.6201851746019647], [-1.13130082502003, 1.496229989247223], [-1.2772928491263928, 1.3340984998439032], [1.4004822549746319, 26.150966377476646], [-0.9760197726155686, 19.14347425562218], [0.6544927274036679, 2.4173755933969994]], "mse": 0.018655541524933174, "vol": 12547.381763626516, "inc": 10, "msevvol": 1.4868075170083326e-06, "msevinc": 0.0018655541524933174}