{"beta": [-0.20999766113179502, -0.06399751866213962, 0.01814144885322461, -0.032995085611790625, -0.052244429185463334, -0.20574512555170252, 0.054398663722617785], "R": [[-1.6923938634770468, 1.6968959665685883], [-1.0618306677398395, 1.5755795222543156], [-1.1934563591118503, 1.420181465660709], [-0.23792987968180146, 26.016148822943876], [-0.9565511514060261, 18.730810247203966], [-0.7855915309255619, 4.357104412223306]], "mse": 0.6236690443820198, "vol": 62102.19338054269, "inc": 1851, "msevvol": 1.0042625073809747e-05, "msevinc": 0.00033693627465263085}