{"beta": [-0.07313216315174241, -0.009732218737909158, 0.05756825591537239, -0.01823850650320151, -0.04355889496495855, -0.09073037309969524, -0.014755828343932052], "R": [[-1.720185174601965, 1.720185174601965], [-1.13130082502003, 1.496229989247223], [-1.2772928491263928, 1.3340984998439032], [-0.23821647948833943, 26.150966377476646], [-0.9760197726155687, 19.14347425562218], [-3.261858092384089, 4.1252797458964094]], "mse": 3.0514801546395223, "vol": 92585.75552845064, "inc": 1936, "msevvol": 3.295841932943815e-05, "msevinc": 0.0015761777658261996}