{"beta": [0.1539883912380967, -0.3319526247658958, 0.32389170394293015, 0.011987487075295759, -0.12326102080454103, 0.0106191466995648, -0.3693101232309087], "R": [[-0.2314550249431379, 1.1572751247156892], [-1.13130082502003, 1.4962299892472233], [-1.0309213942438957, 1.3340984998439032], [0.698491858306631, 26.150966377476646], [-0.9760197726155688, 19.14347425562218], [0.18955658692191024, 1.8168330786080622]], "mse": 0.019670004252542384, "vol": 7191.324678448118, "inc": 11, "msevvol": 2.73524074243122e-06, "msevinc": 0.0017881822047765804}