{"beta": [0.43219794655569, 0.3362762026329321, -0.21696762189121943, -0.0977306337913423, -0.6009594479459328, 1.357759029198145, -1.31526484083301], "R": [[-1.6923938634770468, 1.6968959665685883], [-1.0618306677398395, 1.5755795222543159], [-1.1934563591118503, 1.4201814656607086], [2.4845213739758085, 26.016148822943872], [-0.956551151406026, 18.730810247203966], [-3.1508650991369676, 4.357104412223306]], "mse": 0.001529228094486147, "vol": 81263.17248091144, "inc": 1, "msevvol": 1.8818217992232086e-08, "msevinc": 0.001529228094486147}