{"beta": [-0.08002008433426298, -0.08112891906611201, 0.17035314943603944, -0.010562167840605584, -0.0004966230994232669, -0.06400098388488858, -0.14151352655623514], "R": [[-1.720185174601965, 1.3887301496588271], [-1.13130082502003, 1.496229989247223], [-1.1772928491263928, 1.0766346447561426], [-0.033658827477386355, 26.150966377476646], [0.12894317636387037, 19.14347425562218], [-3.2618580923840894, 4.1252797458964094]], "mse": 0.13361666533909183, "vol": 67718.11132600471, "inc": 131, "msevvol": 1.9731304184761153e-06, "msevinc": 0.0010199745445732202}