{"beta": [-0.06739577716229019, -0.6448387254361918, 0.800245442219508, -0.298383949767734, -0.09193411139258527, -0.46304684284282377, 0.8551567662907036], "R": [[-0.4629100498862757, 1.7201851746019647], [-1.13130082502003, 1.496229989247223], [-1.2772928491263928, 1.3340984998439032], [1.1827268438514378, 26.150966377476646], [-0.9760197726155686, 1.459317700817443], [0.6544927274036679, 1.8362054177948022]], "mse": 0.05351909242612994, "vol": 1076.3448360767693, "inc": 8, "msevvol": 4.9722998273680336e-05, "msevinc": 0.006689886553266243}