{"beta": [0.03337461364013109, 0.21921053706723798, 0.07923020775254078, -0.7979236908320025, -0.5280627995295281, 0.3013491308087371, -0.3925461637065632], "R": [[-1.6923938634770468, 1.0170250883784726], [-1.0618306677398395, 0.1798522652534229], [-0.6336583534926777, -0.1325871410698945], [-0.23792987968180154, 26.016148822943872], [-0.06424572928346378, 18.730810247203966], [0.9084391374760102, 1.7160584096209468]], "mse": 0.06457668196692881, "vol": 671.7898047719176, "inc": 10, "msevvol": 9.612632032850444e-05, "msevinc": 0.006457668196692881}