{"beta": [-0.2195416154923997, -0.0399699949738269, -0.00830805505343988, -0.034263264601032135, -0.049624183531780115, -0.2137240997368775, 0.059686108581582964], "R": [[-1.6923938634770468, 1.6968959665685883], [-1.0618306677398395, 1.5755795222543156], [-1.1934563591118503, 1.4201814656607088], [-0.23792987968180157, 26.016148822943872], [-0.9565511514060262, 18.730810247203966], [-0.9037797170931137, 4.357104412223306]], "mse": 0.6719890502115649, "vol": 63529.410869931875, "inc": 1273, "msevvol": 1.0577605568976143e-05, "msevinc": 0.0005278782798205537}