{"beta": [-0.10180473454376396, -0.06225797429934315, 0.12624725478357018, -0.011718073732838414, -0.020834687003934114, -0.11391194871387586, -0.25999248376467543], "R": [[-1.6923938634770468, 1.6968959665685883], [-1.0618306677398395, 1.5755795222543156], [-1.1934563591118503, 1.420181465660709], [0.0810431098165576, 26.016148822943876], [-0.9565511514060261, 18.730810247203966], [-0.05676438289232655, 4.357104412223306]], "mse": 0.27634319826007875, "vol": 52653.44004174793, "inc": 223, "msevvol": 5.24834081193881e-06, "msevinc": 0.001239207167085555}