{"beta": [-0.009346914129560438, -0.44880277090280424, 0.7727231796533361, -0.5463095362746871, -0.1628375147557373, -0.598765795460848, 1.476486425677927], "R": [[-0.43265210709681584, 1.3069605274735303], [-1.0618306677398395, 1.5755795222543156], [-1.1934563591118503, 1.420181465660709], [1.085291593698083, 26.016148822943876], [-0.9565511514060261, 1.2469659897572498], [-3.1508650991369676, 2.0903209991515275]], "mse": 0.0038400244674585463, "vol": 3452.7001608679557, "inc": 6, "msevvol": 1.1121801165882947e-06, "msevinc": 0.0006400040779097578}