{"beta": [-0.08979727282891162, -0.005060749975183302, 0.06856667848622558, -0.019493371709439076, -0.021978860325742536, -0.10906160507454218, 0.024036943905720802], "R": [[-1.720185174601965, 1.720185174601965], [-1.13130082502003, 1.4962299892472228], [-1.2772928491263928, 1.3340984998439032], [-0.12036880062444943, 26.150966377476646], [-0.9760197726155688, 19.14347425562218], [-3.261858092384089, 4.1252797458964094]], "mse": 0.3461744408655362, "vol": 92172.29003980603, "inc": 1737, "msevvol": 3.755732234883558e-06, "msevinc": 0.0001992944391856858}