{"beta": [-0.07370590752108235, -0.01855974531828869, 0.06561876718468942, -0.015690335884202676, -0.04501406942916326, -0.10858833949337254, -0.005250042471496259], "R": [[-1.7201851746019652, 1.7201851746019647], [-1.13130082502003, 1.4962299892472228], [-1.2772928491263928, 1.3340984998439032], [-0.23821647948833946, 26.150966377476646], [-0.9760197726155688, 19.14347425562218], [-0.934039085909002, 4.1252797458964094]], "mse": 0.4022302793800102, "vol": 63410.33113997727, "inc": 1591, "msevvol": 6.343292522666274e-06, "msevinc": 0.0002528160146951667}