{"beta": [0.3033905161785327, -0.05417474327073455, 0.17522946302540215, -0.0024392646917936593, -0.39073906942903897, 0.02643826922290814, -0.1351435191989408], "R": [[-1.720185174601965, 1.720185174601965], [-1.13130082502003, 1.4962299892472228], [-1.2772928491263928, 1.3340984998439032], [2.404565209889576, 26.150966377476646], [-0.9760197726155688, 19.14347425562218], [-3.261858092384089, 4.1252797458964094]], "mse": 0.005124079499880641, "vol": 83313.62532517572, "inc": 5, "msevvol": 6.150349933616737e-08, "msevinc": 0.0010248158999761282}