{"beta": [-0.1552824108898049, 0.06566864613049116, -0.0028924120209692142, -0.01766197696826496, -0.02356324922966777, -0.17094317215382324, 0.010833657166131673], "R": [[-0.14271666800175814, 1.6968959665685883], [-1.0618306677398395, 0.1798522652534229], [-1.1934563591118503, 1.4201814656607088], [-0.23792987968180154, 26.016148822943872], [-0.9565511514060261, 18.730810247203966], [0.7311568582246827, 4.357104412223306]], "mse": 0.21881401999529454, "vol": 11188.923813061752, "inc": 264, "msevvol": 1.955630618736137e-05, "msevinc": 0.0008288409848306611}