{"beta": [0.05303747804440369, -0.2666125601581262, 0.18101121113039964, -0.002936562431809162, -0.027997208136039925, -0.03927775881453312, -0.39498978039472366], "R": [[-1.1572751247156892, 1.7201851746019647], [-1.13130082502003, 1.496229989247223], [-1.2772928491263928, 1.3340984998439032], [0.5447066469267396, 26.150966377476646], [-0.9760197726155686, 19.14347425562218], [-3.261858092384089, 4.1252797458964094]], "mse": 0.025900477153073524, "vol": 75139.53844855056, "inc": 79, "msevvol": 3.446983796794022e-07, "msevinc": 0.00032785414117814587}