{"beta": [-0.11660752873459798, -0.0748914106973251, 0.06540157629051634, -0.12049912449917244, -0.05171296286167803, -0.03462261707378769, -0.32594367720531964], "R": [[-1.0125229852869313, 1.6968959665685883], [-1.0618306677398395, 1.5755795222543156], [-1.1934563591118503, 1.420181465660709], [0.7092880645139644, 26.016148822943876], [-0.9565511514060261, 18.730810247203966], [0.35689426869410235, 2.208509185319079]], "mse": 0.02909044145733801, "vol": 17229.620459939157, "inc": 26, "msevvol": 1.6883971138526598e-06, "msevinc": 0.0011188631329745388}