{"beta": [-0.09495271873893858, 0.16676501026430338, 0.06277752426078698, -0.012825411911799825, -0.08364543596060577, -0.08050000523448325, -0.13334971340472343], "R": [[-1.6923938634770468, 1.5968959665685882], [-1.0618306677398395, 0.1798522652534229], [-0.6336583534926777, 0.4785459561625173], [-0.23792987968180154, 26.016148822943872], [-0.201967695541257, 18.730810247203966], [0.7705529202805332, 4.357104412223306]], "mse": 0.1717730889361637, "vol": 8098.146366669755, "inc": 63, "msevvol": 2.12114082851287e-05, "msevinc": 0.0027265569672406936}