{"beta": [-0.07179981588354412, -0.02557827719120487, 0.06460148252465359, -0.010262967380822474, -0.04157647990835573, -0.09679910714835831, -0.02642741222001808], "R": [[-0.6943650748294135, 1.720185174601965], [-1.13130082502003, 1.396229989247223], [-1.2772928491263928, 1.3340984998439032], [-0.23821647948833946, 26.150966377476646], [-0.3157570513107365, 19.14347425562218], [-3.2618580923840894, 4.1252797458964094]], "mse": 0.2662695117935191, "vol": 60455.03732024066, "inc": 947, "msevvol": 4.4044222548907544e-06, "msevinc": 0.0002811716069625334}