{"beta": [-0.059706861919736516, -0.021933063899945378, -0.009200686587787681, -0.008332769140452372, -0.01057133584333764, 0.029841608745008737, -0.6660323585920217], "R": [[-1.302458424381989, 1.6968959665685883], [-1.0618306677398395, 1.5755795222543156], [-1.1934563591118503, 1.420181465660709], [0.3330088236587143, 26.016148822943876], [-0.9565511514060261, 18.730810247203966], [-3.1508650991369676, 4.357104412223306]], "mse": 0.02953354089150075, "vol": 78489.03738439677, "inc": 98, "msevvol": 3.762759982245861e-07, "msevinc": 0.0003013626621581709}