{"beta": [0.09586015635807262, -0.22985456411975483, 0.2150511960868656, 0.000552527428121739, -0.011981815272077232, -0.11308096980254605, -0.2759882095715758], "R": [[-1.720185174601965, 1.720185174601965], [-1.13130082502003, 1.4962299892472228], [-1.2772928491263928, 1.3340984998439032], [0.7908970715424406, 26.150966377476646], [-0.9760197726155688, 19.14347425562218], [-3.261858092384089, 4.1252797458964094]], "mse": 0.021550499891289533, "vol": 88975.13764144761, "inc": 47, "msevvol": 2.422081096197213e-07, "msevinc": 0.000458521274282756}