{"beta": [0.3893667772692321, 0.1000709922218238, 0.019099324947009503, -0.009186328249640371, -0.528698614894267, 0.14667696915479847, -0.16558455790881785], "R": [[-1.720185174601965, 1.720185174601965], [-1.13130082502003, 1.4962299892472228], [-1.2772928491263928, 1.3340984998439032], [2.619853980267223, 26.150966377476646], [-0.9760197726155688, 19.14347425562218], [-3.261858092384089, 4.1252797458964094]], "mse": 0.004715766828893788, "vol": 82558.29032407908, "inc": 5, "msevvol": 5.71204516273562e-08, "msevinc": 0.0009431533657787577}