{"beta": [0.17756192617711514, -0.033495498461166756, -0.061455852258974986, 0.42563554909051227, -0.5885504387046727, -0.29213093527066786, -0.4828190485599099], "R": [[-1.6923938634770468, 0.727089649283415], [-1.0618306677398395, 1.5755795222543156], [-1.1934563591118503, 1.4201814656607086], [0.3727205719208413, 2.399312566167393], [-0.02613055357674493, 18.730810247203966], [0.27810214458240123, 1.656964316537171]], "mse": 0.016802524867275535, "vol": 874.1680736166104, "inc": 9, "msevvol": 1.9221160523239067e-05, "msevinc": 0.0018669472074750596}