{"beta": [-0.041957296574907495, -0.0765557414040809, -0.038496487041638286, -0.008179141031165611, -0.05301708572222592, 0.014503962893082265, -0.6566414170147823], "R": [[-1.302458424381989, 0.727089649283415], [-1.0618306677398395, 1.5755795222543156], [-1.1934563591118503, 1.4201814656607086], [0.3330088236587143, 26.016148822943872], [-0.47956962860428076, 18.730810247203966], [-0.1749525690598781, 4.357104412223306]], "mse": 0.03483403582984988, "vol": 31282.529511149212, "inc": 61, "msevvol": 1.113530023760863e-06, "msevinc": 0.0005710497677024571}