{"beta": [-0.01033639907010142, -0.055258628753103056, 0.146709770078025, -0.008572554523983195, 3.735866796334965e-05, -0.014465359185567917, -0.2942439004791576], "R": [[-1.720185174601965, 1.720185174601965], [-1.13130082502003, 1.4962299892472228], [-1.2772928491263928, 1.3340984998439032], [0.1155386151689024, 26.150966377476646], [-0.9760197726155688, 19.14347425562218], [-3.261858092384089, 4.1252797458964094]], "mse": 0.08008682590218938, "vol": 91344.61506235869, "inc": 169, "msevvol": 8.767547583129679e-07, "msevinc": 0.0004738865437999372}