{"beta": [-0.07617898900786411, -0.01092570046886595, 0.05694508886070066, -0.01481126433988037, -0.04515949457860344, -0.11916358997628437, 0.0033387769459044107], "R": [[-1.7201851746019652, 1.7201851746019647], [-1.13130082502003, 1.496229989247223], [-1.2772928491263928, 1.3340984998439032], [-0.23821647948833946, 26.150966377476646], [-0.9760197726155686, 19.14347425562218], [-0.9340390859090022, 4.1252797458964094]], "mse": 0.4063479946298614, "vol": 63410.33113997727, "inc": 1602, "msevvol": 6.40823013103109e-06, "msevinc": 0.00025365043360166126}