{"beta": [-0.010143284378276628, -0.009069997171465284, 0.13491883478960556, -0.010148315144912873, -0.006421044644611321, -0.014968531353273466, -0.24547078046714094], "R": [[-1.7201851746019652, 1.7201851746019647], [-1.13130082502003, 1.496229989247223], [-1.2772928491263928, 1.3340984998439032], [0.10686876193617478, 26.150966377476646], [-0.9760197726155686, 19.14347425562218], [-3.261858092384089, 4.1252797458964094]], "mse": 0.08763850299346992, "vol": 91375.03301490477, "inc": 180, "msevvol": 9.591077573583438e-07, "msevinc": 0.000486880572185944}