{"beta": [-0.036619586382898375, -0.1892883180640846, 0.12441420980599162, -0.008236385730094236, -0.01662328039862121, 0.012381968209603975, -0.4272736377584995], "R": [[-1.3887301496588274, 1.7201851746019647], [-1.13130082502003, 1.496229989247223], [-1.2772928491263928, 1.3340984998439032], [0.2530069293720767, 26.150966377476646], [-0.9760197726155686, 19.14347425562218], [-3.261858092384089, 4.1252797458964094]], "mse": 0.07897692959796901, "vol": 82108.37865444997, "inc": 168, "msevvol": 9.618620035153835e-07, "msevinc": 0.0004701007714164822}