{"beta": [-0.19194603897373044, 0.03777478636945408, -0.024550748293498167, -0.02423484296833149, -0.021832893413329998, -0.22069913470922317, 0.054069656932993024], "R": [[-1.5923938634770467, 1.6968959665685883], [-1.0618306677398395, 0.8377092755328451], [-1.1934563591118503, 1.4201814656607086], [-0.11890114056413248, 26.016148822943872], [-0.9565511514060261, 18.730810247203966], [0.3174982066382517, 4.357104412223306]], "mse": 0.2528900785681152, "vol": 33942.658778380974, "inc": 437, "msevvol": 7.450508818984679e-06, "msevinc": 0.0005786958319636503}