{"beta": [-0.07313216315174138, -0.009732218737909328, 0.05756825591537087, -0.018238506503201486, -0.043558894964958524, -0.09073037309969642, -0.014755828343931951], "R": [[-1.720185174601965, 1.720185174601965], [-1.13130082502003, 1.496229989247223], [-1.2772928491263928, 1.3340984998439032], [-0.23821647948833943, 26.150966377476646], [-0.9760197726155687, 19.14347425562218], [-3.261858092384089, 4.1252797458964094]], "mse": 0.4155946337625749, "vol": 92585.75552845064, "inc": 2902, "msevvol": 4.488753495507924e-06, "msevinc": 0.00014320972907049445}