{"beta": [-0.23133064531133196, -0.03599782698161301, 0.03811495130038617, -0.04305242743957164, -0.046632221059091254, -0.14238669121882097, 0.03896059952861662], "R": [[-1.6923938634770468, 1.6968959665685883], [-1.0618306677398395, 1.5755795222543159], [-1.1934563591118503, 1.4201814656607086], [-0.11985802224629438, 26.016148822943872], [-0.956551151406026, 18.730810247203966], [-3.1508650991369676, 4.357104412223306]], "mse": 0.5763747656285323, "vol": 90257.03117342657, "inc": 924, "msevvol": 6.385926482791606e-06, "msevinc": 0.000623782213883693}