{"beta": [0.43219794655624144, 0.3362762026334398, -0.21696762189174226, -0.09773063379148722, -0.6009594479466355, 1.3577590292001565, -1.3152648408340932], "R": [[-1.6923938634770468, 1.6968959665685883], [-1.0618306677398395, 1.5755795222543159], [-1.1934563591118503, 1.4201814656607086], [2.4845213739758085, 26.016148822943872], [-0.956551151406026, 18.730810247203966], [-3.1508650991369676, 4.357104412223306]], "mse": 0.001529228094492208, "vol": 81263.17248091144, "inc": 1, "msevvol": 1.881821799230667e-08, "msevinc": 0.001529228094492208}