{"beta": [0.03238385402838262, -0.5350681502000155, 0.5186094035160101, -0.06201265150172885, -0.28644847813865515, -0.012413781535574616, -0.37920416987557987], "R": [[-1.0125229852869313, 0.727089649283415], [-1.0618306677398395, 1.5755795222543156], [-1.1934563591118503, 0.5183709802712646], [0.1190125456695178, 26.016148822943872], [-0.4795696286042809, 18.730810247203966], [0.27810214458240123, 1.8342465957884986]], "mse": 0.045795661546948696, "vol": 6080.33901943168, "inc": 55, "msevvol": 7.5317612061751695e-06, "msevinc": 0.0008326483917627036}