{"beta": [-0.03457931808911261, -0.18112131862116113, 0.20606910250476215, -0.0053223852621204016, 0.002641648076062194, -0.03662712971916542, -0.300414546092927], "R": [[-0.9258200997725514, 1.720185174601965], [-1.13130082502003, 1.4962299892472233], [-1.2772928491263928, 0.6264278799033883], [0.127691053944046, 26.150966377476646], [-0.9760197726155688, 19.14347425562218], [0.11206723017495057, 4.1252797458964094]], "mse": 0.07721665548804864, "vol": 27810.7647581298, "inc": 154, "msevvol": 2.7765024140688626e-06, "msevinc": 0.0005014068538184977}