{"beta": [0.06941588707267077, -0.194770462253986, 0.10341053494525144, 0.03823635744591156, -0.013091903564566205, -0.20901017464792, -0.31697003156073483], "R": [[-1.720185174601965, 1.720185174601965], [-1.13130082502003, 1.496229989247223], [-0.8491024865315354, 1.3340984998439032], [0.13750727731918522, 26.150966377476646], [0.15759265114861537, 19.14347425562218], [0.15081190854843052, 1.3712692773130444]], "mse": 0.032183913794847335, "vol": 11895.925088987538, "inc": 16, "msevvol": 2.705456999274573e-06, "msevinc": 0.0020114946121779585}