{"beta": [-0.16462852574167106, -0.06113785356811478, 0.01737619827945395, -0.03181877341919968, -0.05483068739083363, -0.14976185347989648, -0.021093760012807217], "R": [[-1.6923938634770468, 1.6968959665685883], [-1.0618306677398395, 1.5755795222543156], [-1.1934563591118503, 1.4201814656607088], [-0.23792987968180154, 26.016148822943872], [-0.40102736641568276, 18.730810247203966], [-3.1508650991369676, 4.357104412223306]], "mse": 0.44926959451972287, "vol": 88106.46241534618, "inc": 1488, "msevvol": 5.099167327838033e-06, "msevinc": 0.000301928490940674}