{"beta": [-0.2831439084689924, 0.07814646202381084, -2.479140066412342, 0.18409952930601436, 0.788122870137151, -0.18561803623410977, -0.16507844601843272, -0.2005207501785186, 1.504862662743007, -0.08997743420338902, 0.2895873065636029, 0.11147818197091586, 0.03334411155137644, 0.21719782991766148, 0.27519240649581084, 0.2236517040617229, 0.09973542971366779, -0.18155037130272608, -0.23467458594184923, 0.3939707423057264, -0.05119330974565268, 0.08579288185376213, -0.17427117140040368, 0.11999088036531953, -0.1366757491297409, 0.059033131100621576, -0.2104965391998977, -0.08616802857566014], "R": [[-0.1, 1.1], [-0.10000000000000003, 1.1], [-0.1, 1.1], [-0.1, 1.0], [-0.1, 1.1], [-0.10000000000000002, 1.1], [-0.09999999999999998, 1.0], [-0.1, 1.0], [-0.1, 1.1], [-0.1, 1.1], [-0.09999999999999998, 1.1], [-0.09999999999999998, 1.1], [-0.10000000000000003, 1.1], [-0.10000000000000002, 1.0], [-0.1, 1.1], [-0.1, 1.0], [-0.09999999999999998, 1.1], [-0.09999999999999998, 1.1], [-0.09999999999999998, 1.0], [-0.1, 1.1], [-0.7053031565400536, 1.6647514718297687], [-2.048731692570825, 0.7510125824309231], [-0.2645408699643047, 1.6443512607871806], [-0.8188669879581955, 3.9147135853931747], [-0.8994019117415731, 1.1862303071295894], [-1.335654730362813, 0.2291955308096908], [-3.311921066360926, 2.1398885949262874]], "mse": 1.0880362224237932, "vol": 24265.689582356124, "inc": 72, "msevvol": 4.483846291411052e-05, "msevinc": 0.015111614200330461}