{"beta": [-0.19720770520656103, 0.017643147505485637, -2.3309365819854304, 0.17111017593011, 0.5166245683584318, -0.13320014653473938, -0.29109034129492284, -0.26220108133085834, 1.523026741061418, -0.3904092532730041, 0.1279771174792465, 0.18192567599120582, 0.0031333730935310753, 0.15930957142699903, 0.2218815142756702, 0.10512702997007962, 0.22903989826147234, -0.16077110208301054, -0.41643596696587853, 0.5075406754477684, 0.026363713734315064, 0.10831165604935639, -0.26877917822407177, 0.11275181417867795, -0.1415177834484749, 0.056438165510007465, -0.07389954877887896, 0.13704165690984169], "R": [[-0.1, 1.1], [-0.10000000000000003, 1.1], [-0.1, 1.1], [-0.1, 1.0], [-0.1, 1.1], [-0.10000000000000002, 1.1], [-0.09999999999999998, 1.0], [-0.1, 1.0], [-0.1, 1.1], [-0.1, 1.0], [-0.09999999999999998, 1.1], [-0.09999999999999998, 1.1], [-0.10000000000000003, 1.1], [-0.10000000000000002, 1.0], [-0.1, 1.1], [-0.1, 1.0], [-0.09999999999999998, 1.1], [-0.09999999999999998, 1.1], [-0.09999999999999998, 1.0], [-0.1, 1.1], [-0.7053031565400536, 3.7962268675753306], [-2.048731692570825, 0.6716083390485186], [-0.2645408699643047, 1.882963132690004], [-0.8188669879581955, 3.9147135853931747], [-0.8994019117415731, 1.1445178186908664], [-1.335654730362813, 0.2291955308096908], [-3.311921066360926, 1.3165334134230267]], "mse": 1.376403913233688, "vol": 38422.41989558304, "inc": 57, "msevvol": 3.582293663372088e-05, "msevinc": 0.02414743707427523}