{"beta": [-0.0333075087850773, 0.1050059259919085, 0.15985761726587652, 0.16216512769478994, -0.11357761891328308, -0.05559284433455596, 0.006251597404498888, 0.010717437840931158, 0.10400617126267847, -0.42313136342353797, 0.12177648483086771, -0.008714813054197877, 0.028297613198246654, 0.048519113296675576, 0.2062951975808118, -0.1021302549847986, 0.08827575655192765, -0.13687098244720824, -0.07857947887931249, 0.21584617210830515, -0.056820792135445095, -0.10021815558943045, -0.16685912316861032, 0.21915046552904857, -0.10637948840641381, 0.09932598629029157, -0.12250672057526137, -0.1260499932349085], "R": [[-0.1, 1.1], [-0.1, 1.1], [-0.1, 1.1], [-0.1, 1.1], [-0.1, 1.1], [-0.1, 1.1], [-0.1, 1.1], [-0.1, 1.1], [-0.1, 1.1], [-0.1, 1.1], [-0.1, 1.1], [-0.1, 1.1], [-0.1, 1.1], [-0.1, 1.1], [-0.1, 1.1], [-0.1, 1.1], [-0.1, 1.1], [-0.1, 1.1], [-0.1, 1.1], [-0.1, 1.1], [-2.4981993196613552, 3.7962268675753306], [-2.048731692570825, 3.70956534419748], [-2.7506561756272165, 2.221574435698607], [-2.5468817033043174, 3.9147135853931747], [-1.7919422551589224, 3.079874271543797], [-1.335654730362813, 5.625192628894896], [-3.311921066360926, 2.377114349452829]], "mse": 0.8579352993022233, "vol": 8613066.854051575, "inc": 723, "msevvol": 9.960857309480324e-08, "msevinc": 0.0011866325024927017}