{"beta": [0.018604574022111246, -0.04906964887261369, -0.015935646784005084, 0.017658004195131312, -0.0659113710986838, 0.1886701629525754, 0.0971506254951285, 0.04639922511742222, 0.013203847771287063, -0.012546727144311896, 0.3371780091605956, 0.0076863030965381995], "R": [[-1.8118885190211482, 1.1041212689178093], [-2.0125996747469777, 0.6285439738898179], [-2.521978111015047, 0.9032500559450867], [-2.306328501214799, 0.5104083388713812], [-4.241444488552639, 0.4451258694240753], [-3.1759735352273033, 0.5726549451306413], [-0.9395076438021857, 15.110644293668837], [-0.6117999790190289, 2.053888317691431], [-1.0041149963561595, 1.1060539909527929], [-4.1498813091984434, 1.7197274191709537], [-1.8909183913560328, 3.2968460545112412]], "mse": 0.787570576906051, "vol": 3588719.1489571957, "inc": 311, "msevvol": 2.1945728941617012e-07, "msevinc": 0.0025323812762252443}