{"beta": [0.08263320406433619, 0.13578816791001141, -0.1107139733111352, 0.15540376924451768, -0.08375577176729353, -0.15203829824736795, 0.08956679968522605, 0.044468955537276714, 0.07083493370121792, -0.2098637342326004, 0.12455373366254999, 0.015886981337528073, 0.05741004331442003, 0.15811791113191434, 0.11919987764165543, -0.22856011954097868, 0.0534647862668605, -0.0675561569514978, 0.04974362165321765, 0.4377183105728073, -0.062496056422911596, -0.07243529890912116, -0.21119937792119145, 0.2236872875158667, -0.14382594528907866, 0.04075784497079725, -0.09968336958109204, -0.23258044100855013], "R": [[-0.09999999999999999, 1.1], [-0.09999999999999998, 1.1], [-0.1, 1.1], [-0.1, 1.1], [-0.1, 1.1], [-0.1, 1.1], [-0.09999999999999998, 1.1], [-0.1, 1.1], [-0.1, 1.1], [-0.1, 1.1], [-0.09999999999999998, 1.1], [-0.1, 1.1], [-0.09999999999999998, 1.1], [-0.1, 1.1], [-0.1, 1.1], [-0.1, 1.1], [-0.09999999999999998, 1.1], [-0.09999999999999998, 1.1], [-0.1, 1.1], [-0.09999999999999999, 1.1], [-2.4981993196613557, 3.7962268675753306], [-2.048731692570825, 3.70956534419748], [-1.099681283835746, 2.221574435698607], [-2.5468817033043174, 0.6213000478726798], [-1.066252561651377, 3.079874271543797], [-1.335654730362813, 5.625192628894896], [-3.311921066360926, 2.377114349452829]], "mse": 0.915138181973993, "vol": 2400661.150747916, "inc": 269, "msevvol": 3.8120256233949777e-07, "msevinc": 0.0034020006764832454}