{"beta": [-0.033307508785077204, 0.10500592599190854, 0.1598576172658766, 0.16216512769479005, -0.113577618913283, -0.05559284433455605, 0.006251597404498984, 0.0107174378409313, 0.10400617126267825, -0.4231313634235378, 0.12177648483086803, -0.008714813054197953, 0.028297613198246592, 0.048519113296675416, 0.2062951975808118, -0.1021302549847986, 0.08827575655192743, -0.13687098244720816, -0.07857947887931217, 0.2158461721083048, -0.056820792135444886, -0.10021815558943022, -0.16685912316861015, 0.21915046552904804, -0.10637948840641392, 0.0993259862902919, -0.12250672057526067, -0.1260499932349087], "R": [[-0.1, 1.1], [-0.1, 1.1], [-0.1, 1.1], [-0.1, 1.1], [-0.1, 1.1], [-0.1, 1.1], [-0.1, 1.1], [-0.1, 1.1], [-0.1, 1.1], [-0.1, 1.1], [-0.1, 1.1], [-0.1, 1.1], [-0.1, 1.1], [-0.1, 1.1], [-0.1, 1.1], [-0.1, 1.1], [-0.1, 1.1], [-0.1, 1.1], [-0.1, 1.1], [-0.1, 1.1], [-2.4981993196613552, 3.7962268675753306], [-2.048731692570825, 3.70956534419748], [-2.7506561756272165, 2.221574435698607], [-2.5468817033043174, 3.9147135853931747], [-1.7919422551589224, 3.079874271543797], [-1.335654730362813, 5.625192628894896], [-3.311921066360926, 2.377114349452829]], "mse": 0.857935299302223, "vol": 8613066.854051575, "inc": 723, "msevvol": 9.960857309480321e-08, "msevinc": 0.0011866325024927013}