{"beta": [0.09317472596026832, 0.44904909328627646, 0.10806103066270427, 0.28876418365884127, -0.15240320206754085, 0.15332879442878544, -0.4277546967899849, -6.796570073658803, 5.5004305587342, 0.755088990056655, 0.7429240871278375, -0.09126494270827286], "R": [[-1.39348134574445, 0.7164578421107501], [-0.3419954414273819, 1.608922646346265], [-0.19519389154459155, 1.6737942487241146], [-2.4014857337967093, 0.17863586606614978], [-2.982577280579566, -0.08866615309115944], [-1.2523786484777164, 0.4722848663410817], [-1.2883164539645324, 0.3288726616729184], [-0.21340330868756002, 8.918084865187856], [-0.25036706077527937, 6.750392678051216], [-1.3946559682237045, 0.43654828263845147], [-1.1745249868391, 1.1841433033801017]], "mse": 145.74896769338977, "vol": 44238.09934777726, "inc": 26, "msevvol": 0.0032946480486782696, "msevinc": 5.605729526668838}