{"beta": [0.06825964558215777, 0.027523411670464612, 0.1125725852278829, 0.020740528026821088, -0.24665566485349485, -0.0839932824177806, 0.24593009746882077, -0.02677318990422343, 0.20933038891138733, -0.22351122382640967, 0.38977832508208476, 0.10900422419403735, 0.30482161357295906, 0.08711988728088131, -0.059614494897298184, 0.14534478480638857, 0.004285818893206082, -0.012799081865902088, 0.08860289153922309, 0.16467911789593756, -0.060028657755038246, 0.036218565323689646, -0.27718601206128496, 0.17344480225702844, -0.17577068803763748, 0.016916668269488934, -0.041828990956605756, -0.6020758349470458], "R": [[-0.09999999999999999, 1.1], [-0.09999999999999998, 1.1], [-0.1, 1.1], [-0.1, 1.1], [-0.1, 1.1], [-0.1, 1.1], [-0.09999999999999998, 1.1], [-0.1, 1.1], [-0.1, 1.1], [-0.1, 1.1], [-0.09999999999999998, 1.1], [-0.1, 1.1], [-0.09999999999999998, 1.1], [-0.1, 1.0], [-0.1, 1.0], [-0.1, 1.1], [-0.09999999999999998, 1.1], [-0.09999999999999998, 1.1], [-0.1, 1.1], [-0.09999999999999999, 1.1], [-2.4981993196613557, 0.3104345413327273], [-1.234093502129186, 1.2274380427253493], [-0.8610696963800326, 2.221574435698607], [-2.5468817033043174, 0.6213000478726798], [-1.066252561651377, 1.2696558409309648], [-1.335654730362813, 0.6799186880935381], [-3.311921066360926, 2.377114349452829]], "mse": 0.5919527320382447, "vol": 58260.59027854935, "inc": 154, "msevvol": 1.0160431420417526e-05, "msevinc": 0.0038438489093392514}