{"beta": [0.03630887031901806, -0.11792648653116425, 0.028656908713095834, -0.003105736874356884, -0.05202324694244159, 0.18598010641446064, 0.0972368208609465, 0.031663912751638996, 0.034802743270949336, 0.00036137269060341603, 0.2912035959704551, -0.03678203013679941], "R": [[-1.8118885190211482, 1.104121268917809], [-2.0125996747469777, 0.5598644158185531], [-2.521978111015047, 0.9032500559450867], [-2.306328501214799, 0.5104083388713814], [-4.241444488552639, 0.4451258694240754], [-3.1759735352273033, 0.7105391609581215], [-0.9395076438021857, 15.110644293668837], [-0.6117999790190289, 1.953888317691431], [-1.0041149963561595, 1.1060539909527929], [-4.1498813091984434, 1.7197274191709537], [-1.8909183913560328, 3.296846054511241]], "mse": 0.8761187542762052, "vol": 3488020.1788914017, "inc": 253, "msevvol": 2.51179382383809e-07, "msevinc": 0.0034629199773763054}