{"beta": [-0.033307508785077086, 0.1050059259919087, 0.15985761726587666, 0.16216512769479005, -0.11357761891328275, -0.05559284433455588, 0.006251597404499256, 0.01071743784093124, 0.1040061712626784, -0.42313136342353785, 0.12177648483086799, -0.008714813054197917, 0.028297613198246686, 0.048519113296675465, 0.20629519758081175, -0.10213025498479857, 0.0882757565519277, -0.1368709824472081, -0.07857947887931216, 0.2158461721083052, -0.05682079213544493, -0.10021815558943024, -0.1668591231686101, 0.21915046552904854, -0.106379488406414, 0.09932598629029177, -0.12250672057526094, -0.12604999323490917], "R": [[-0.1, 1.1], [-0.1, 1.1], [-0.1, 1.1], [-0.1, 1.1], [-0.1, 1.1], [-0.1, 1.1], [-0.1, 1.1], [-0.1, 1.1], [-0.1, 1.1], [-0.1, 1.1], [-0.1, 1.1], [-0.1, 1.1], [-0.1, 1.1], [-0.1, 1.1], [-0.1, 1.1], [-0.1, 1.1], [-0.1, 1.1], [-0.1, 1.1], [-0.1, 1.1], [-0.1, 1.1], [-2.4981993196613552, 3.7962268675753306], [-2.048731692570825, 3.70956534419748], [-2.7506561756272165, 2.221574435698607], [-2.5468817033043174, 3.9147135853931747], [-1.7919422551589224, 3.079874271543797], [-1.335654730362813, 5.625192628894896], [-3.311921066360926, 2.377114349452829]], "mse": 0.9389023531739159, "vol": 8613066.854051575, "inc": 482, "msevvol": 1.0900906368005927e-07, "msevinc": 0.0019479301933068795}