{"beta": [0.227361455566687, 0.24572389763650015, 0.10080075961952614, -0.1112552135464447, 0.17162223469343466, -0.01954976784924893, -0.049941437935581326, 1.4430086845680112, 0.3512809266601523, 0.3911714609106858, 0.2398542604157516, 0.2736761932783302], "R": [[-1.39348134574445, 0.7164578421107501], [-0.11688950822273048, 1.608922646346265], [-0.4403468813720456, 1.6737942487241146], [-2.4014857337967093, 0.17863586606614978], [-1.9813156265510474, -0.08866615309115944], [-1.4927862899373063, 0.7022400016502544], [-1.2883164539645324, 0.6221958906961589], [-0.21340330868756002, 8.918084865187856], [-0.25036706077527937, 6.750392678051216], [-1.5172780090797169, 0.43654828263845147], [-1.1067760040349313, 1.003479349235652]], "mse": 5.668419060707445, "vol": 41553.25688600668, "inc": 33, "msevvol": 0.00013641335205703985, "msevinc": 0.17177027456689228}