{"beta": [0.08069886989025375, -0.06140350721970761, 0.015791119202133743, -0.015028671989208832, 0.061905555149812844, 0.0783947186754726, 0.009981989419702414, 0.014711320702364304, -0.0019511060521366056, -0.003522694118467632, 0.2705439795031381, 0.050613422941639785], "R": [[-1.8118885190211482, 0.2593183325361226], [-2.0125996747469777, 2.308173809528907], [-2.521978111015047, 0.9032500559450867], [-2.306328501214799, 5.670996570404462], [-4.241444488552639, 5.041763475283599], [-3.1759735352273033, 9.29572167341846], [-0.9395076438021857, 15.110644293668837], [-0.6117999790190289, 2.053888317691431], [-1.0041149963561595, 1.206053990952793], [-4.1498813091984434, 3.3012268919967234], [-1.8909183913560328, 3.2968460545112412]], "mse": 0.8586479045106893, "vol": 103483343.09049557, "inc": 763, "msevvol": 8.297450380587404e-09, "msevinc": 0.0011253576730153201}