{"beta": [0.05588111232317601, -0.11032387852914687, 0.3472048000937121, -0.08158408539255729, 0.08982466650601935, 0.06500033998679855, 0.08994359252974508, -0.11574796221533647, 0.03768154824187947, 0.12648338953238863, 0.5041087522767248, 0.21648854166190756], "R": [[-1.8118885190211482, -0.30388362505166944], [-2.0125996747469777, 0.6285439738898178], [-1.1298039246044322, 0.11497391133938345], [-2.306328501214799, -0.022285159184732506], [-4.241444488552639, 0.4451258694240754], [-3.1759735352273033, 1.1666177210028654], [-0.9395076438021857, 15.110644293668837], [-0.6117999790190289, 2.053888317691431], [-1.0041149963561595, 1.1060539909527929], [-0.3147957970693033, 1.5999163962802658], [-1.8909183913560328, 0.6462846901472938]], "mse": 0.8467916988866665, "vol": 101078.6746037217, "inc": 64, "msevvol": 8.377550479431078e-06, "msevinc": 0.013231120295104164}