{"beta": [0.1977947988553019, 0.48883266566516365, 0.03135490296518089, -0.1146894441287288, -0.2620161091758504, -0.0008379757254812125, -0.05247837795849287, 2.6163351617223856, 0.5613943207556638, 0.23358076833607405, 0.6732448888553209, -0.3448926416856261], "R": [[-1.129738947262551, 0.18897304514694946], [0.10821642498192108, 1.5338873352780475], [-0.45491042532219106, 10.965817738591115], [-2.4014857337967093, 0.17863586606614978], [-2.982577280579566, -0.08866615309115944], [-1.1478535869735467, 0.4722848663410817], [-0.8241910662115441, 0.9054045256151495], [-0.21340330868756002, 8.918084865187856], [-0.25036706077527937, 6.750392678051216], [-4.789924549758926, 0.15353336921268523], [-0.7078097719659386, 1.003479349235652]], "mse": 1.1126714691380224, "vol": 242955.1267361967, "inc": 9, "msevvol": 4.579740646288864e-06, "msevinc": 0.12363016323755804}