{"beta": [-0.20483207938111983, 0.24052562514916412, 0.2930069350872334, 0.02278399109292864, -0.5239790171114668, -0.6664442563637165, 0.6642183897759453, -5.0483933993963, 2.5996746210428956, -0.05227073373187419, 0.7307589014078925, 0.0041205398767984475], "R": [[-1.39348134574445, -0.3385117518168511], [-1.0173132410413366, 1.0836754688687444], [-0.9719162355523654, 0.36550255053602004], [-0.7939608397624224, 5.238879065791867], [-0.6294231455082703, 0.8125955009373588], [-1.064233537770211, 0.7231450139510889], [-1.2883164539645324, 3.0193546934033315], [-0.21340330868756002, 8.918084865187856], [-0.25036706077527937, 6.750392678051216], [-1.5172780090797169, -0.05473600560739422], [-2.3133427231696846, 0.22311143619504403]], "mse": 1.1091876523299682, "vol": 47087.424894830314, "inc": 12, "msevvol": 2.3555920817656456e-05, "msevinc": 0.09243230436083068}