{"beta": [0.10161683159551006, 0.06122425179196123, 0.03742402398273301, 0.04395504121019661, 0.029202059254798515, 0.03611300977267414, 0.0921180441203543, -0.0002566518832220012, -0.012947109394798505, 0.0210447954141033, 0.29379656345090716, -0.02752454209627483], "R": [[-1.7572237442263516, 2.1351698345202506], [-1.9927722849281602, 2.534311068096654], [-1.5034855897326862, 10.965817738591115], [-2.4014857337967093, 5.238879065791867], [-2.982577280579566, 5.4189037710799495], [-3.014327126394013, 9.279222489638407], [-1.2883164539645324, 22.438229432520206], [-0.21340330868756002, 8.918084865187856], [-0.25036706077527937, 6.750392678051216], [-4.789924549758926, 8.738392508636064], [-2.3133427231696846, 3.672922252623378]], "mse": 0.8453944251129485, "vol": 21298334113.2843, "inc": 878, "msevvol": 3.9692983527085106e-11, "msevinc": 0.0009628638099236315}