{"beta": [0.20009203879754336, -0.6286947715293039, 0.6370935635095412, 0.3159844204203337, -0.23643988697390333, 0.21743442574756094, 0.28502558714035636, 0.28013996304782357, -1.8220198473042137, -0.5634586640026569, 0.2986665590212754, 0.34539491401949607], "R": [[-1.39348134574445, -0.07476935333494966], [-1.092348552109554, -0.2669601303591648], [-1.4282406126569334, 0.10578601675842059], [-2.4014857337967093, 0.17863586606614973], [-0.9899278071196775, 0.3619646739230997], [-1.1060435623718787, 0.346854792536078], [-1.2883164539645324, 0.6424250789046584], [-0.21340330868756002, 8.918084865187856], [-0.25036706077527937, 6.750392678051216], [-0.2741438551282348, 1.4474169697608015], [-1.1770342084244394, 0.596985452410641]], "mse": 0.4320597691163025, "vol": 3189.704560031651, "inc": 23, "msevvol": 0.00013545447892892475, "msevinc": 0.018785207352882718}