{"beta": [0.18997223384119427, -0.21601317819912022, 0.16026967093169078, -0.09778083154320778, 0.15032690687853187, 0.06954881186678119, -0.06338239437543935, 0.03474688199408622, -0.06530041239599402, -0.047533299959827274, 0.18493606137866125, 0.27827959252911094], "R": [[-1.8118885190211482, 2.048924205299496], [-2.0125996747469777, 2.308173809528907], [-2.521978111015047, 24.050349106616267], [-2.306328501214799, 5.670996570404462], [-4.241444488552639, 5.041763475283599], [-3.1759735352273033, 9.29572167341846], [0.8232832531913905, 15.110644293668837], [-0.6117999790190289, 2.053888317691431], [-1.0041149963561598, 1.206053990952793], [-4.1498813091984434, 3.3012268919967234], [-1.890918391356033, 3.296846054511241]], "mse": 0.808364695629831, "vol": 1332105645.2743957, "inc": 83, "msevvol": 6.068322722732091e-10, "msevinc": 0.00973933368228712}