{"beta": [0.0035809105437007763, -0.004223981732029026, 0.06577754411563753, -0.015511619298704196, 0.039277824233158745, 0.010136466259118678, 0.0282164872832478, 0.05137041613680061, -0.02603695970080408, -0.026696241211960948, 0.25866854586452803, 0.02967050503279537], "R": [[-1.8118885190211484, 2.048924205299496], [-2.0125996747469777, 2.308173809528907], [-2.521978111015047, 24.050349106616267], [-2.306328501214799, 5.670996570404462], [-4.241444488552639, 5.041763475283599], [-3.1759735352273033, 9.29572167341846], [-0.9395076438021857, 15.110644293668837], [-0.6117999790190289, 2.053888317691431], [-0.9041149963561594, 1.1060539909527929], [-4.1498813091984434, 3.3012268919967234], [-1.8909183913560328, 3.2968460545112412]], "mse": 1.0034974774404073, "vol": 1361046255.5460014, "inc": 565, "msevvol": 7.372985843437343e-10, "msevinc": 0.0017761017299830217}