{"beta": [0.1319606225684024, -0.10073618987066339, 0.15284826997592524, -0.13682388446957336, 0.36743577669808286, 0.18270868148363126, 0.1704004923969253, -0.015871970102823853, 0.015750923717091626, 0.2543956822627829, 0.7237231363464555, 0.4017159538072926], "R": [[-1.7118885190211481, -0.30388362505166955], [-2.0125996747469777, 0.0791075093196999], [-1.157243916979947, 0.663773758849683], [-1.6203656533530741, 0.4038696392601585], [-4.241444488552639, 0.4451258694240754], [-1.3259046420323588, 0.20142821021050183], [-0.9395076438021857, 15.110644293668837], [-0.6117999790190289, 1.953888317691431], [-1.0041149963561595, 1.1060539909527929], [-0.3147957970693033, 1.2684557649479962], [-1.8909183913560328, 0.38782780522508103]], "mse": 0.8486073284546042, "vol": 24362.126840347082, "inc": 30, "msevvol": 3.483305599777077e-05, "msevinc": 0.028286910948486805}