{"beta": [-0.17223302925620065, -0.12996335040931137, 0.34870898744472734, 0.21602190550035485, -0.5398009055655045, 0.47254037075151845, 0.296482690366671, -22.446733074015665, 18.17283950617284, 0.43645601622935654, 0.9386432260469832, 0.19687791239515798], "R": [[-1.39348134574445, 0.18897304514694946], [-2.0678075959963773, -0.717171996768468], [-1.6879571464345329, 0.11306778873349377], [-2.4014857337967093, 5.238879065791867], [-2.982577280579566, -0.08866615309115944], [-1.1792111054247978, -0.10260297193185086], [-1.2883164539645324, 22.438229432520206], [-0.21340330868756002, 8.918084865187856], [-0.25036706077527937, 6.750392678051216], [-0.029606969576896347, 8.738392508636064], [-2.3133427231696846, -0.017773835997555443]], "mse": 490.4546266777665, "vol": 2797423.11224494, "inc": 12, "msevvol": 0.00017532372008043334, "msevinc": 40.871218889813875}