{"beta": [0.10870380339706188, 0.05483536271144603, 0.027160910671595328, 0.04637217616461288, 0.022021365194960136, 0.035005433549894854, 0.09635285519598477, -0.0031918052996103693, -0.011372064438081777, 0.018075001550939315, 0.28736593980983094, -0.020166009944064263], "R": [[-1.7572237442263516, 2.1351698345202506], [-2.1678075959963774, 2.534311068096654], [-3.013722095571801, 10.965817738591115], [-2.4014857337967093, 5.238879065791867], [-2.982577280579566, 5.4189037710799495], [-3.014327126394013, 9.279222489638407], [-1.2883164539645324, 22.438229432520206], [-0.21340330868756002, 8.918084865187856], [-0.25036706077527937, 6.750392678051216], [-4.7899245497589265, 8.738392508636064], [-2.3133427231696846, 3.672922252623378]], "mse": 0.8495999727197195, "vol": 24801126982.633736, "inc": 1370, "msevvol": 3.4256506702886004e-11, "msevinc": 0.0006201459654888464}