{"beta": [0.18590115932099172, -0.1840729346732287, 0.08510382381155454, -0.166771323795963, 0.2774783084664766, -0.07214755965144756, 0.003670460929816037, 0.0015428618865918789, -0.09940662436083865, -0.11650514161002959, 0.3152813963116201, 0.1842361843832557], "R": [[-1.8118885190211482, 1.385722247711704], [-2.0125996747469777, 2.308173809528907], [-2.521978111015047, 24.050349106616267], [-2.306328501214799, 5.570996570404462], [-4.241444488552639, 5.041763475283599], [-3.1759735352273033, 9.29572167341846], [1.7244086425298444, 15.110644293668837], [-0.6117999790190289, 2.053888317691431], [-1.0041149963561598, 1.206053990952793], [-4.1498813091984434, 3.3012268919967234], [-1.890918391356033, 3.296846054511241]], "mse": 1.0608294366547066, "vol": 1020736054.3231233, "inc": 32, "msevvol": 1.0392788930711086e-09, "msevinc": 0.03315091989545958}