{"beta": [0.09441341839838278, -0.30874706950423275, -0.12986078437600515, 0.0397037941167837, 0.2692568888345327, 0.28736315806045437, 0.007113717325893118, 3.8028895167096004, -3.3920454545454546, -0.024818173950931912, 0.4949064400650379, -0.06260968552862498], "R": [[-1.129738947262551, 2.1351698345202506], [-2.1678075959963774, -0.717171996768468], [-1.6879571464345329, 0.11306778873349377], [-2.4014857337967093, 5.238879065791867], [-2.982577280579566, -0.08866615309115944], [-1.1792111054247978, 0.19006720027982427], [-1.2883164539645324, 22.438229432520206], [-0.21340330868756002, 8.918084865187856], [-0.25036706077527937, 6.750392678051216], [-4.7899245497589265, 8.738392508636064], [-2.3133427231696846, -0.017773835997555443]], "mse": 13.147418120378484, "vol": 12164533.99407079, "inc": 11, "msevvol": 1.0807991598187623e-06, "msevinc": 1.1952198291253167}