{"beta": [-0.22311654965589323, -0.6567173688974635, 0.2787382964203454, -0.11823258620037476, 0.14132946515968137, 0.3131789810540731, -0.4726192862363357, 9.716404848924096, -6.787878787878788, -0.3601414273580906, 0.8403348591903786, -0.37718363786184], "R": [[-1.39348134574445, -0.07476935333494972], [-1.092348552109554, -0.04185419715451322], [-3.013722095571801, 0.375211579836117], [-2.4014857337967093, 0.17863586606614978], [-0.9899278071196775, 0.8125955009373588], [-1.1060435623718787, 0.29459226178399345], [-0.986024571879539, 0.3491018498814178], [-0.21340330868756002, 8.918084865187856], [-0.25036706077527937, 6.750392678051216], [-0.4029460231906213, 0.7169219482331813], [-1.367735048910247, 0.14281634546417754]], "mse": 0.9061942958841158, "vol": 4415.343506869733, "inc": 16, "msevvol": 0.00020523755274627867, "msevinc": 0.05663714349275724}