{"beta": [0.32185456179920474, 0.24722425111687693, 1.572347475810963, -0.39448352968738126, 0.7443035831996959, 0.45036397891333313, 0.3229193130107244, 0.14028720123020613, 0.059332030547434626, -0.7239853268125462, -0.18969806460440575, 0.10409254550032769, 0.03810010247068724, 0.018944633246327697, -1.1097851047441694, -0.035814443946151846, 0.027426934166778418, 0.13468949411983872, -0.07667785883280441, 0.02397477289353958, -0.13291238430328828, -0.1553935208148323, -0.3472602532816501, 0.3277171418633376, -0.3136429543519787, 0.13354462161155808, 0.06087031002693963, 0.02197342349363729], "R": [[-0.09999999999999999, 1.1], [-0.09999999999999998, 1.0], [-0.1, 1.1], [-0.1, 1.1], [-0.1, 1.1], [-0.1, 1.1], [-0.09999999999999998, 1.1], [-0.1, 1.0], [-0.1, 1.1], [-0.1, 1.0], [-0.09999999999999998, 1.1], [-0.1, 1.1], [-0.09999999999999998, 1.1], [-0.1, 1.0], [-0.1, 1.0], [-0.1, 1.0], [-0.09999999999999998, 1.1], [-0.09999999999999998, 1.1], [-0.1, 1.0], [-0.09999999999999999, 1.1], [-1.8903304707249649, 0.3104345413327273], [-0.9958807719819727, 1.624459259637371], [-0.6224581089243194, 0.928516782867151], [-2.2590338371789893, 0.24560431562202378], [-1.0245399339816716, 1.1862303071295894], [-1.335654730362813, 1.0179610560564236], [-0.7418551946791376, 1.3622753315985405]], "mse": 0.8413265102088726, "vol": 5113.731647432351, "inc": 68, "msevvol": 0.00016452300750496166, "msevinc": 0.012372448679542245}