{"beta": [-0.03518108973569657, 0.06785082713966364, -0.1506979905211775, 0.17312200451128731, 0.2739648968688792, -0.1540452222877262, -0.04853337966494844, 0.05629664439953485, 0.18619887214793324, -0.5256421818367795, 0.15697094608020878, 0.024127369591978302, 0.03130683254563191, 0.07651630040708592, 0.1514966452885263, -0.07168872194602362, 0.07212392563499387, -0.1356941539190808, -0.06145490908597383, 0.15608463453758734, -0.035072820939280394, -5.581223709627652e-05, -0.11875457686998885, 0.2084851785853521, -0.08910001468947291, 0.07245132043566818, -0.1943595197280142, -0.05954597128211519], "R": [[-0.10000000000000002, 1.1], [-0.1, 1.1], [-0.1, 1.1], [-0.09999999999999998, 1.1], [-0.1, 1.1], [-0.1, 1.1], [-0.1, 1.1], [-0.1, 1.1], [-0.1, 1.1], [-0.1, 1.1], [-0.09999999999999998, 1.1], [-0.10000000000000003, 1.1], [-0.1, 1.1], [-0.09999999999999999, 1.1], [-0.1, 1.1], [-0.09999999999999999, 1.1], [-0.09999999999999998, 1.1], [-0.09999999999999998, 1.1], [-0.10000000000000003, 1.1], [-0.1, 1.1], [-1.043882389164314, 3.7962268675753306], [-2.048731692570825, 1.1480337993429448], [-2.7506561756272165, 2.221574435698607], [-2.5468817033043174, 3.914713585393175], [-1.7919422551589224, 3.079874271543797], [-1.335654730362813, 5.625192628894896], [-1.427984621655857, 2.377114349452829]], "mse": 0.824761243969596, "vol": 2459239.7666810234, "inc": 525, "msevvol": 3.3537244116814576e-07, "msevinc": 0.0015709737980373257}