{"beta": [-0.04348424940547177, -0.2922199533321384, -0.0543703658331334, -0.06728673958349458, 0.010299762776309354, 0.24664226281046092, 0.6073460738615576, -0.08992179294985865, -0.09988380043943774, -0.1336281494684, 0.47903121260655185, 0.033466467137565174], "R": [[-1.7572237442263516, -0.07476935333494972], [-2.1678075959963774, -0.04185419715451322], [-3.013722095571801, 10.965817738591115], [-2.4014857337967093, 5.238879065791867], [-2.3418202881624546, 5.4189037710799495], [-3.014327126394013, 0.14825717567815644], [-1.2883164539645324, 0.9964358725533969], [-0.21340330868756002, 8.918084865187856], [-0.25036706077527937, 6.750392678051216], [-4.7899245497589265, 8.738392508636064], [-2.3133427231696846, 0.14281634546417754]], "mse": 0.7125679665619867, "vol": 45506610.56356507, "inc": 175, "msevvol": 1.5658559443064856e-08, "msevinc": 0.004071816951782782}