{"beta": [0.05765713738840536, -0.1731934484428718, 0.031132278849412862, 0.03341447413190981, 0.015230376594730302, 0.13447814894464918, 0.21304058655277852, -0.026918805010008533, -0.04142088881433043, -0.016228788522584796, 0.3476857123497811, -0.11389767962626941], "R": [[-1.7572237442263519, 2.1351698345202506], [-2.1678075959963774, 2.534311068096654], [-3.013722095571801, 1.68835779267426], [-2.4014857337967093, 5.238879065791867], [-2.982577280579566, 5.4189037710799495], [-3.0143271263940123, 1.1830552845694344], [-1.2883164539645324, 0.9964358725533969], [-0.21340330868756002, 8.918084865187856], [-0.25036706077527937, 6.750392678051216], [0.33518875695007677, 8.738392508636064], [-2.3133427231696846, 3.672922252623378]], "mse": 0.9093835681354311, "vol": 170363092.26910266, "inc": 263, "msevvol": 5.33791419269958e-09, "msevinc": 0.0034577321982335782}