{"beta": [0.2050767195678819, 0.06759346625584511, 1.2799763939250433, -0.21509811387916825, 0.15332265267370165, -0.0033697464571975336, 0.3288689644267695, 0.07916530711945488, 0.6600191783331881, -0.36286175359556233, 0.3989868562613678, -0.021568029725266315, 0.23334181531458115, -0.027842487837837545, -0.04936954111711829, -0.03548277246870433, 0.20731378298958492, -0.2627253656839531, 0.2703969567453179, -0.0711846253813217, -0.11732470588642223, 0.207902170733681, -0.22507053195474544, 0.3387066682778075, -0.27805323534001347, 0.35638624834065646, 0.12999376653441116, -0.34319654073880573], "R": [[-0.10000000000000002, 1.1], [-0.10000000000000003, 1.1], [-0.1, 1.1], [-0.1, 1.1], [-0.1, 1.1], [-0.1, 1.0], [-0.10000000000000003, 1.1], [-0.1, 1.0], [-0.1, 1.1], [-0.1, 1.0], [0.0, 1.1], [-0.1, 1.0], [-0.10000000000000003, 1.1], [-0.1, 1.1], [-0.1, 1.0], [-0.10000000000000002, 1.1], [-0.09999999999999998, 1.1], [-0.10000000000000003, 1.1], [-0.10000000000000003, 1.1], [-0.10000000000000002, 1.1], [-2.4981993196613552, 0.3104345413327274], [-2.048731692570825, 0.7510125824309232], [-1.338292871291459, 0.8092111313628496], [-1.9459539981000822, 0.3082202087937726], [-1.5250916052491186, 1.1862303071295894], [-1.335654730362813, 0.5672378987725762], [-1.5652103761823983, 2.377114349452829]], "mse": 0.7156071509769135, "vol": 17610.68577414211, "inc": 110, "msevvol": 4.063482593208519e-05, "msevinc": 0.006505519554335578}