{"beta": [0.07625012252033653, 0.0804140741495747, 0.0799350043205655, -0.04392877304820688, 0.006406594730593182, 0.1542406778419147, -0.22483849482628349, -0.29343775526723587, 0.0717072061332877, -0.14658093117031284, 0.5459104453692352, -0.18291684667466326], "R": [[-1.39348134574445, -0.07476935333494972], [-0.717171996768468, 2.059134512755568], [-3.013722095571801, 0.36550255053602004], [-0.7939608397624224, 1.1512325718947218], [-0.9899278071196775, 1.7138571549658768], [-1.1792111054247978, 0.6917874954998378], [-1.2883164539645324, 1.1886131605341406], [-0.21340330868756002, 8.918084865187856], [-0.25036706077527937, 6.750392678051216], [-1.5172780090797169, -0.15380735405246038], [-2.3133427231696846, 0.4690151515583225]], "mse": 0.3753157946053494, "vol": 73131.0849841459, "inc": 27, "msevvol": 5.132096627401524e-06, "msevinc": 0.013900584985383312}