{"beta": [0.0009618323366375651, -0.44907217483546547, 0.03723552753906342, 0.04492487125256647, -0.0032621793018252515, 0.18553680088554625, 0.3339405470667668, -0.10652006186583275, 0.06502744394258156, -0.18843334119266777, 0.3562481309123883, -0.20985908578530327], "R": [[-1.7572237442263519, -0.07476935333494966], [-2.1678075959963774, -0.04185419715451322], [-3.013722095571801, 10.965817738591115], [-2.4014857337967093, 5.238879065791867], [-0.9899278071196775, 5.4189037710799495], [-3.014327126394013, 0.6290724585973363], [-1.2883164539645324, 0.996435872553397], [-0.21340330868756002, 8.918084865187856], [-0.25036706077527937, 6.750392678051216], [-0.011160862756533718, 8.738392508636064], [-1.1770342084244394, 3.6729222526233785]], "mse": 0.6847865717628644, "vol": 55289067.02839847, "inc": 208, "msevvol": 1.2385569309952964e-08, "msevinc": 0.0032922431334753096}