{"beta": [-0.2048320793811068, 0.24052562514916387, 0.29300693508722864, 0.0227839910929308, -0.5239790171114679, -0.6664442563637164, 0.6642183897759463, -93.16432569018329, 63.472598338395585, -0.05227073373187187, 0.7307589014078962, -0.8352351098113284], "R": [[-1.39348134574445, -0.3385117518168511], [-1.0173132410413366, 1.0836754688687444], [-0.9719162355523654, 0.36550255053602004], [-0.7939608397624224, 5.238879065791867], [-0.6294231455082703, 0.8125955009373588], [-1.064233537770211, 0.7231450139510889], [-1.2883164539645324, 3.0193546934033315], [-0.21340330868756002, 8.918084865187856], [-0.25036706077527937, 6.750392678051216], [-1.5172780090797169, -0.05473600560739422], [-2.3133427231696846, 0.22311143619504403]], "mse": 8871.19138224118, "vol": 47087.424894830314, "inc": 21, "msevvol": 0.18839831233190119, "msevinc": 422.4376848686276}