{"beta": [0.25886855490213245, 0.002016298501431024, 2.1476791049274624, -0.25598517523028236, 0.044281476648696236, -0.0043935189336461455, 0.4361391088458603, 0.084577713483493, 0.884393866419286, -0.4015457596199504, 0.516019263197384, 0.056899132315930766, 0.2991140195552793, 0.02652436946813644, -0.18440397657472196, 0.037838302614568026, -0.004307462867854935, 0.03424893540039885, 0.38546802116738427, 0.0832789106914011, -0.05796868450203502, 0.17395758959147012, -0.09422210926915063, 0.24093062984993935, -0.1859532417369283, 0.2784715223297089, 0.12096964124323883, -0.6236953469814613], "R": [[-0.10000000000000002, 1.1], [-0.10000000000000003, 1.1], [-0.1, 1.1], [-0.1, 1.0], [-0.1, 1.1], [-0.1, 1.1], [-0.10000000000000003, 1.1], [-0.1, 1.1], [-0.1, 1.1], [-0.1, 1.1], [-0.10000000000000009, 1.1], [-0.1, 1.1], [-0.10000000000000003, 1.1], [-0.1, 1.1], [-0.1, 1.0], [-0.10000000000000002, 1.0], [-0.09999999999999998, 1.1], [-0.10000000000000003, 1.1], [-0.10000000000000003, 1.1], [-0.10000000000000002, 1.0], [-2.4981993196613552, 0.3104345413327274], [-2.048731692570825, 0.7510125824309232], [-1.4575985227957609, 2.221574435698607], [-2.5468817033043174, 0.3082202087937726], [-1.358241094570297, 1.1445178186908662], [-1.335654730362813, 0.5672378987725762], [-3.311921066360926, 0.90485549549939]], "mse": 1.0111190061184425, "vol": 44902.43360821959, "inc": 68, "msevvol": 2.2518133759533086e-05, "msevinc": 0.014869397148800626}