{"beta": [0.0701824424177733, 0.010778314210199034, 0.08780446987357513, -0.13628933983579153, 0.12905061324080527, 0.12377592321682415, 0.013023255335773873, 0.009972200388599112, 0.0015371964930748032, -0.11862394779569164, 0.22024595017583976, 0.06602500086868582], "R": [[-1.8118885190211482, 2.048924205299496], [-2.0125996747469777, 2.308173809528907], [-2.521978111015047, 24.050349106616267], [-2.306328501214799, 5.670996570404462], [-4.241444488552639, 5.041763475283599], [-3.1759735352273033, 9.29572167341846], [-0.9395076438021857, 15.110644293668837], [-0.5117999790190289, 1.953888317691431], [-1.0041149963561598, 1.206053990952793], [-4.1498813091984434, 3.3012268919967234], [-1.890918391356033, 3.296846054511241]], "mse": 1.0279373063577124, "vol": 1384186489.122625, "inc": 277, "msevvol": 7.426292009317881e-10, "msevinc": 0.003710965004901489}