{"beta": [0.011233727781199323, -0.010161149958580262, 0.019575088723444357, -0.02899511700255481, 0.06820154403943, 0.03118180524157429, 0.006735238370308602, 0.02854389294633392, -0.043454100218969546, -0.018005289313364592, 0.2687753428686332, 0.057393600068124044], "R": [[-1.8118885190211484, 0.822520290123912], [-2.0125996747469777, 2.308173809528907], [-2.521978111015047, 24.050349106616267], [-2.306328501214799, 5.670996570404462], [-4.241444488552639, 5.041763475283599], [-3.1759735352273033, 9.29572167341846], [-0.9395076438021857, 15.110644293668837], [-0.6117999790190289, 2.053888317691431], [-0.9041149963561594, 1.206053990952793], [-4.1498813091984434, 3.3012268919967234], [-1.8909183913560328, 3.2968460545112412]], "mse": 0.8309707396248371, "vol": 974904301.6740441, "inc": 326, "msevvol": 8.523613427471257e-10, "msevinc": 0.0025489899988491937}