{"beta": [0.2939681575173947, -0.6775627246565735, 0.6239146712679766, 0.4073155534989204, -0.09398755117684998, 0.06571903209160193, 0.34999873878561816, 20.038330620681077, -13.425211868690656, -0.385008806325968, 0.43695322733869413, 0.770638901106278], "R": [[-1.129738947262551, -0.07476935333494966], [-1.092348552109554, -0.2669601303591648], [-0.9306528610269529, 0.10578601675842059], [-1.0371100162195654, 0.17863586606614973], [-0.9899278071196775, 0.3619646739230997], [-1.1060435623718787, 9.279222489638407], [-1.2883164539645324, 0.6424250789046584], [-0.21340330868756002, 8.918084865187856], [-0.25036706077527937, 6.750392678051216], [-0.2741438551282348, 1.4474169697608015], [-1.1770342084244394, 1.0586822241131228]], "mse": 0.6502964314981718, "vol": 7318.036324246939, "inc": 8, "msevvol": 8.886214862633801e-05, "msevinc": 0.08128705393727148}