{"beta": [0.05636746089670903, 0.06657462774554386, -0.5539862870055969, 0.18373212113411114, 1.4999192553987286, -0.1543348483465371, -0.08287363460872728, -0.015606477318927009, 0.1723556736881941, -0.3611132063079788, -0.0915483035277656, -0.052591974970273195, 0.09332695777377817, 0.21750876157627355, 0.13330408867082177, -0.1456003613964037, 0.1576479526531339, -0.2697915584812346, -0.19145449286464578, 0.15453086980705327, -0.022775492452743608, -0.01552526423596039, -0.28132155847583845, 0.06763555612802946, -0.09535461528991941, 0.09390591169007069, -0.1276895970194364, 0.2735310775017133], "R": [[-0.1, 1.1], [-0.10000000000000003, 1.1], [-0.1, 1.1], [-0.1, 1.0], [-0.1, 1.1], [-0.10000000000000002, 1.1], [-0.09999999999999998, 1.0], [-0.1, 1.1], [-0.1, 1.1], [-0.1, 1.1], [-0.09999999999999998, 1.1], [-0.09999999999999998, 1.1], [-0.10000000000000003, 1.1], [-0.10000000000000002, 1.1], [-0.1, 1.1], [-0.1, 1.0], [-0.09999999999999998, 1.1], [-0.09999999999999998, 1.1], [-0.09999999999999998, 1.1], [-0.1, 1.1], [-0.7053031565400536, 2.8497787860146797], [-2.048731692570825, 1.2274380427253493], [-0.2645408699643047, 2.221574435698607], [-1.1945627202088516, 1.2474593528103313], [-1.7919422551589224, 3.079874271543797], [-1.335654730362813, 1.6940457919821945], [-3.311921066360926, 0.9048554954993902]], "mse": 0.7670368431033877, "vol": 129962.27814159603, "inc": 155, "msevvol": 5.901995979692573e-06, "msevinc": 0.004948624794215405}