{"beta": [0.2706164884862316, 0.09830491067567601, 0.4196696460291835, -0.27674858947472464, 0.09682732714783253, 0.1072549986592033, 0.1416366618762979, 0.01356336660543259, 0.07074730015009856, 0.5558129979150612, 0.5275748512246665, 0.32283754490921085], "R": [[-1.7118885190211481, -0.30388362505166944], [-0.9510858617492712, 0.6285439738898178], [-1.1697166407869994, 0.11497391133938345], [-2.306328501214799, -0.022285159184732506], [-4.241444488552639, 0.35519311730688496], [-3.1759735352273033, 1.2408630679868926], [-0.9395076438021857, 0.8179194115881854], [-0.6117999790190289, 2.053888317691431], [-1.0041149963561595, 1.1060539909527929], [-0.3147957970693033, 0.9283815192835084], [-1.8909183913560328, 0.6054757083174709]], "mse": 1.1874281460149883, "vol": 4065.0331945594307, "inc": 31, "msevvol": 0.0002921078596859237, "msevinc": 0.03830413374241898}