{"beta": [0.5122877049876612, -0.01673368438005576, -0.2661074618880869, -0.29354186382196545, -0.18764579948300122, 0.8282131696646717, -0.2061770871963377, -0.26571314820869746, 0.20841846825068963, 0.6171834491281265, 0.6350129750855842, 0.03422086077840485], "R": [[-1.4302875402272535, -0.022282646257774763], [-1.2258040940343302, -0.12693116489409428], [-0.7656003894385067, 0.9207118692749598], [-2.306328501214799, 0.350600289454547], [-4.241444488552639, 0.4451258694240753], [-1.23044633876718, 0.20142821021050183], [-0.9395076438021857, 2.0998775547542006], [-0.6117999790190289, 2.053888317691431], [-1.0041149963561595, 1.1060539909527929], [-0.060789938908335506, 1.2684557649479962], [-0.9724715891023573, 1.22894626405088]], "mse": 1.0577216413555477, "vol": 2327.2860005541656, "inc": 15, "msevvol": 0.0004544871756645666, "msevinc": 0.07051477609036985}