{"beta": [0.15167322781345496, 0.14582118958006626, 0.032031054777653216, 0.0786836979829929, -0.06979571128174235, -0.09832640935010581, -0.16228940397782127, 0.044430296836283224, -0.03663816841875294, 0.039197816215619324, 0.377096815119805, -0.19892617155031686], "R": [[-1.7572237442263516, 0.9802002405926493], [-0.19192481929094762, 2.534311068096654], [-1.3675591795313258, 10.965817738591115], [-2.4014857337967093, 5.238879065791867], [-2.982577280579566, 0.3619646739230996], [-3.014327126394013, 0.7022400016502544], [-1.2883164539645324, 0.5109353555494123], [-0.21340330868756002, 8.918084865187856], [-0.25036706077527937, 6.750392678051216], [-4.789924549758926, 8.738392508636064], [-2.3133427231696846, 3.672922252623378]], "mse": 0.9712536964673604, "vol": 81425159.74641302, "inc": 158, "msevvol": 1.1928176739133097e-08, "msevinc": 0.0061471752940972174}