{"beta": [0.07903182330832212, -0.0634655184092421, 0.016483764382911423, -0.010049770174037584, 0.04622851260590435, 0.0982299961446667, -0.0053940943923162996, 0.010077797263565207, -0.0043652746949532735, -0.007566706102809559, 0.26379561381927763, 0.04223201410997708], "R": [[-1.8118885190211482, 0.5409193113300171], [-2.0125996747469777, 2.308173809528907], [-2.521978111015047, 0.9032500559450867], [-2.306328501214799, 5.670996570404462], [-4.241444488552639, 1.3444533905959801], [-3.1759735352273033, 9.29572167341846], [-0.9395076438021857, 15.110644293668837], [-0.6117999790190289, 2.053888317691431], [-1.0041149963561595, 1.206053990952793], [-4.1498813091984434, 3.3012268919967234], [-1.8909183913560328, 3.296846054511241]], "mse": 0.8600803342201004, "vol": 70734020.70701717, "inc": 717, "msevvol": 1.2159358758674045e-08, "msevinc": 0.0011995541620921904}