{"beta": [0.39753665078314987, 0.19750456097468969, 0.0492628868468724, -0.36600557411225115, 0.5747361609455821, 0.10899292251053176, -1.1548023144406432, 0.934086578731576, 1.3028404432046907, -0.5392498417436883, 0.20041374111508567, -0.5561092464046179], "R": [[-1.39348134574445, -0.3385117518168511], [-0.4170307524955992, 1.608922646346265], [-0.9719162355523654, 0.21743985370953828], [-2.4014857337967093, 1.1998624071861503], [-0.6294231455082703, 2.615118808994395], [-0.9701609824164584, 0.7231450139510889], [-1.2883164539645324, 0.308643473464419], [-0.21340330868756002, 8.918084865187856], [-0.25036706077527937, 6.750392678051216], [-1.5172780090797169, -0.3545490855178044], [-2.3133427231696846, 0.2808235326578543]], "mse": 1.3359118743517697, "vol": 15487.890738227585, "inc": 6, "msevvol": 8.625524914470374e-05, "msevinc": 0.2226519790586283}