{"beta": [0.09199010412402352, 0.21362122393377875, -0.49997423907662075, -0.6779493408889062, 0.4383490816502145, 0.07592149223498634, 0.05045260546894965, 0.11211189012692557, 0.10366039017754189, 0.4169540929410837, 0.42975398204712817, -0.4321691267805602], "R": [[-1.7118885190211481, -0.30388362505166944], [-0.9510858617492712, 0.49118485774728843], [-1.157243916979947, 0.11497391133938345], [-2.306328501214799, 0.4038696392601585], [-2.252856694091639, 5.041763475283599], [-1.1455945136425767, 0.6044743795523677], [-0.9395076438021857, 15.110644293668837], [-0.6117999790190289, 1.9538883176914312], [-1.0041149963561595, 1.1060539909527929], [-0.3147957970693033, 0.8356685193162676], [-1.2309284740245705, 0.10669926373074368]], "mse": 0.5812829774233953, "vol": 11953.084669219648, "inc": 16, "msevvol": 4.863037395863641e-05, "msevinc": 0.036330186088962206}