{"beta": [0.01460320390424643, -0.05025669432374159, 0.16563513057436297, -0.03977023437578803, -0.010000580304575287, 0.06654601556544278, 0.12134325633516659, -0.009174066118886189, 0.025227910525889165, 0.04299890215834285, 0.20901187197042073, -0.0175016484522253], "R": [[-1.8118885190211484, 0.25931833253612246], [-2.0125996747469777, 0.903262206174877], [-2.521978111015047, 1.2025954273143409], [-2.306328501214799, 5.670996570404462], [-4.241444488552639, 1.3444533905959801], [-3.1759735352273033, 0.4665901637248875], [-0.9395076438021857, 15.110644293668837], [-0.6117999790190289, 1.953888317691431], [-0.9041149963561594, 1.206053990952793], [-0.8766738020979417, 3.3012268919967234], [-1.8909183913560328, 3.2968460545112412]], "mse": 0.8968588776628821, "vol": 6876430.389148416, "inc": 165, "msevvol": 1.304250645913904e-07, "msevinc": 0.0054355083494720124}