{"beta": [-0.02910759068679335, -0.2498187550854546, 0.21672486308531802, 0.37189222641083497, 0.09629414745142535, 0.299920021004474, 0.19284355230857894, -0.02197409738792285, -0.03945333212668131, 0.05448174301962865, 0.20183650201425465, 0.31266673869628986], "R": [[-1.7118885190211481, 0.25931833253612246], [-2.0125996747469777, 0.0791075093196999], [-2.521978111015047, 0.5764646922003177], [-1.6203656533530741, -0.022285159184732506], [-4.241444488552639, 0.8947896300100279], [-1.3471175983135095, 0.18021525392935056], [-0.9395076438021857, 15.110644293668837], [-0.6117999790190289, 2.053888317691431], [-1.0041149963561595, 1.1060539909527929], [-0.060789938908335506, 1.502149220553651], [-0.9724715891023573, 0.387827805225081]], "mse": 0.8052298058585718, "vol": 30742.278562965457, "inc": 63, "msevvol": 2.6192912285578416e-05, "msevinc": 0.012781425489818601}