{"beta": [-0.42536980734173024, -0.1320038706130139, 0.22392656687908735, 0.10416321723335206, -0.1547539946139068, 0.30000783506504203, 0.08231599318688511, -0.1190137816505503, -0.08790925411876827, -0.15164773996999034, 0.5653525445915283, -0.2745766192497543], "R": [[-1.39348134574445, -0.07476935333494972], [-2.1678075959963774, -0.04185419715451322], [-3.013722095571801, 0.375211579836117], [-2.4014857337967093, 5.238879065791867], [-2.982577280579566, 0.8125955009373588], [-3.014327126394013, 0.08554213877565409], [-1.2883164539645324, 22.438229432520206], [-0.21340330868756002, 8.918084865187856], [-0.25036706077527937, 6.750392678051216], [-0.4029460231906213, 0.8819114771615466], [-1.6864061902483731, -0.012755392826875989]], "mse": 0.4193539452291313, "vol": 2785459.553663069, "inc": 32, "msevvol": 1.5055108040526107e-07, "msevinc": 0.013104810788410352}