{"beta": [0.6049340467071069, 0.32007562376614807, 0.32409712602392693, -0.6998499683100594, 0.6671616131758579, -0.3308713144468729, 0.01007630227331146, 0.5311510612607016, 0.46705838928934934, 0.028568658031400518, -0.05086812719421003, -1.0201230504731558], "R": [[-1.8118885190211482, 2.048924205299496], [-2.0125996747469777, 2.308173809528907], [-2.521978111015047, 24.050349106616267], [-1.6203656533530741, 5.670996570404462], [-2.252856694091639, 2.3337136638850753], [-3.1759735352273033, 9.29572167341846], [1.7780470585618948, 15.110644293668837], [-0.5117999790190289, 2.053888317691431], [-1.0041149963561598, 1.206053990952793], [-4.1498813091984434, 3.3012268919967234], [-1.890918391356033, 2.5416351795768577]], "mse": 0.9612371801274874, "vol": 461648093.18046075, "inc": 18, "msevvol": 2.0821859644327277e-09, "msevinc": 0.053402065562638185}