{"beta": [0.2583769597965735, 0.10810120687563939, 0.2058410792701955, 0.22614515092657375, 0.15035029569810066, 0.06033200338208409, 0.0074514364136703416, -0.6819057735479978, 0.6885861061917502, -0.08860518979138213, 0.5508144161256286, 0.1967491164376325], "R": [[-1.129738947262551, 0.7164578421107501], [-0.19192481929094762, 1.5338873352780475], [-0.19519389154459155, 1.6737942487241146], [-2.4014857337967093, 0.17863586606614978], [-2.982577280579566, -0.08866615309115944], [-1.1478535869735467, 0.4722848663410817], [-1.2883164539645324, 0.3288726616729184], [-0.21340330868756002, 8.918084865187856], [-0.25036706077527937, 6.750392678051216], [-1.5172780090797169, 0.4445984727048682], [-1.1745249868391, 1.1841433033801017]], "mse": 2.358095237176831, "vol": 34462.091237144385, "inc": 24, "msevvol": 6.842577314737064e-05, "msevinc": 0.0982539682157013}