{"beta": [0.1655488993405755, 0.068763517332191, 0.0451673037466719, 0.01992442752627513, 0.02310084091113644, -0.028380805870872872, 0.12002943553735315, 0.03283555713251263, -0.002564425625518914, 0.06994798217238778, 0.2835730474809634, 0.07319968890228414], "R": [[-1.7572237442263516, 0.9802002405926492], [-2.1678075959963774, 2.5343110680966543], [-3.013722095571801, 10.965817738591115], [-2.4014857337967093, 5.238879065791867], [-2.982577280579566, 5.4189037710799495], [-3.014327126394013, 9.279222489638407], [-1.2883164539645324, 2.635000117441844], [-0.21340330868756002, 8.918084865187856], [-0.25036706077527937, 6.750392678051216], [-4.7899245497589265, -0.011160862756533718], [-2.3133427231696846, 3.672922252623378]], "mse": 0.9592664451471347, "vol": 1018796285.6616615, "inc": 522, "msevvol": 9.41568455487777e-10, "msevinc": 0.0018376751822742044}