{"beta": [0.07337302786232801, 0.13471237404429476, 0.07213667214599255, 0.1685243617878855, 0.1690301407416703, -0.10438483777198469, -0.23007421671523204, 0.5793330147837469, -0.16075305082352168, 0.07075343356090161, 0.1945718141641809, 0.09333685083293337], "R": [[-1.6572237442263515, 0.9802002405926493], [-0.11688950822273048, 2.534311068096654], [-0.4403468813720456, 10.965817738591115], [-2.4014857337967093, 0.6649342189804357], [-2.982577280579566, -0.08866615309115944], [-3.014327126394013, 0.7022400016502544], [-1.2883164539645324, 0.6221958906961589], [-0.21340330868756002, 8.918084865187856], [-0.25036706077527937, 6.750392678051216], [-1.5172780090797169, 5.663814538287996], [-1.1067760040349313, 3.572922252623378]], "mse": 1.7487709808933845, "vol": 10796075.985786073, "inc": 52, "msevvol": 1.619820926784682e-07, "msevinc": 0.033630211171026624}