{"beta": [0.17327415718570613, -0.47034050882854855, -0.09479042904193483, -0.35829605268454134, 0.7030696302982066, -0.3781870053107097, 0.01734386623589275, -0.00860023968784157, 0.10559140622522034, 0.0031633384491218564, 0.3998828424204699, -0.015468271887018947], "R": [[-1.7118885190211481, -0.30388362505166955], [-1.2258040940343302, 0.35382574160475877], [-1.157243916979947, 1.1801445244616469], [-1.0876721552969602, 0.4038696392601585], [-4.241444488552639, 0.4451258694240754], [-1.1455945136425767, 0.3180994697568318], [-0.9395076438021857, 0.8179194115881854], [-0.6117999790190289, 1.953888317691431], [-1.0041149963561595, 1.1060539909527929], [-0.3147957970693033, 1.2684557649479962], [-1.2309284740245705, 0.38782780522508103]], "mse": 0.9093052780358283, "vol": 1297.0629948820008, "inc": 20, "msevvol": 0.0007010494337004438, "msevinc": 0.04546526390179141}