{"beta": [0.19878502238139328, 0.19598628605851015, 0.14165716922008376, 0.07526125892007501, -0.2434815519882222, 0.37355799173191007, -0.11194865016858907, -0.13987078366872763, 0.1189481770781379, -0.1605527016831044, 0.058967457561878954, 0.15615917731677412, -0.05398206583307195, 0.08686770035239132, -0.054010148287074344, 0.1375835652651152, -0.3036873233162547], "R": [[-0.1, 1.1], [-0.10000000000000003, 1.1], [-0.1, 1.1], [-0.10000000000000003, 1.1], [-0.1, 1.1], [-3.9918644005925885, 0.4592034586438297], [-0.9784111940537747, 1.1220651665449353], [-2.2517196049052446, 2.6254058790138397], [-0.23984625071463472, 2.317941267123266], [-1.5169791737417384, 0.9986075867929096], [-1.787219490427016, 1.3008344096959592], [0.6216732582034576, 4.08649109286385], [1.4398650282300434, 3.3033577420364177], [-0.6862811582964232, 2.7081113848135385], [-0.42745269679447784, 2.4394401474107608], [-0.8437002178516673, 2.5724418339902657]], "mse": 0.3341280335652579, "vol": 483903.0525324047, "inc": 51, "msevvol": 6.904854842652246e-07, "msevinc": 0.0065515300699070175}