{"beta": [-0.008872742571941641, -0.07351732824147154, -0.018253843880088397, -0.05601935321250917, 0.01968658623166533, 0.6219327498929575, 0.09379541816339997, -0.03608450839928334, 0.061043004558996534, 0.032968765814628986, -0.026511632800920688, -0.06095387779067173, 0.038600838502038395, -0.1080599183211843, -0.021368415040297677, -0.17032661090665013, -0.10746555056860356], "R": [[-0.09999999999999998, 1.0], [-0.10000000000000003, 1.0], [-0.1, 1.0], [-0.09999999999999998, 1.0], [-0.1, 1.0], [-3.9918644005925885, 6.457576198303895], [-0.9784111940537749, 1.1220651665449353], [-1.4633879299133814, 2.6254058790138397], [-2.4828060419456293, 1.1238392363493848], [-0.6117835868968557, 2.708998760482675], [-1.887219490427016, 0.5288209346652153], [-1.4032255388300936, 6.1113898898974], [-0.7175431378773933, 3.3033577420364177], [-0.7862811582964232, 0.5807928967458696], [-0.5274526967944777, 2.4394401474107608], [-0.9437002178516671, 0.8143708080692991]], "mse": 0.6986499636441136, "vol": 901110.3144551407, "inc": 730, "msevvol": 7.753212369637058e-07, "msevinc": 0.0009570547447179638}