{"beta": [-0.028159771634615166, -0.11267735924562558, 0.05157883002549839, 0.05902347586847331, -0.03222857182065689, 0.6044251426760116, -0.05611127597483596, 0.02223258565569127, 0.028729659968132294, 0.15879425353023208, -0.005497307460009123, 0.05794313794841421, 0.042011334926861606, 0.01846558309662063, -0.06677234631738804, -0.06544671196125994, 0.16058271535818106], "R": [[-0.09999999999999999, 1.0], [-0.1, 1.0], [-0.1, 1.0], [-0.1, 1.0], [-0.10000000000000003, 1.0], [-2.679562738466629, 0.7480603520022737], [-0.9762928050956831, 1.1242828737245418], [-2.0098412699600194, 0.1610844572884521], [-2.0845163306077996, 2.31791943291289], [-1.4180186531120405, 0.9982166143618094], [-1.7879968750577948, 2.172291814934038], [-0.14735212351643756, 1.3933219788153568], [-0.7168216464527583, 3.304913477522386], [-0.7857143967286861, 0.8341835288543016], [-0.5275743359844131, 2.3387746079232747], [-0.9437099428352796, 2.056557928101183]], "mse": 0.6428007817731423, "vol": 91537.67189489181, "inc": 391, "msevvol": 7.022253990807617e-06, "msevinc": 0.001643991769240773}