{"beta": [0.18801075198783343, -0.06404656241272343, 0.13945687730255305, 0.02194947905106492, 0.1934476398889616, 0.5346213881564646, 0.008193665763027205, -0.16498181268275605, -0.04118461667067836, 0.14847637227274232, -0.10786473850412652, -0.021682267823937753, 0.08718693646349156, 0.03727470625918857, 0.11805190751269545, -0.16262529369974263, -0.23863258526577605], "R": [[-0.1, 1.1], [-0.1, 1.1], [-0.09999999999999998, 1.1], [-0.1, 1.1], [-0.1, 1.1], [-2.5234161171426313, 1.4704802130377048], [-0.9762928050956828, 1.1242828737245418], [-2.2510396912444732, 1.2024228142612972], [-1.305463445588917, 2.31791943291289], [-1.4180186531120405, 2.709040126011043], [-1.7879968750577953, 2.072291814934038], [-0.9176891746823349, 3.3191646067300997], [0.8530764781530664, 3.304913477522386], [0.3275508869933057, 2.7073977753677876], [-0.4275743359844131, 2.438774607923275], [-0.42938596127292783, 2.570881909663535]], "mse": 0.7233408539419329, "vol": 884797.6098248241, "inc": 109, "msevvol": 8.175212567370553e-07, "msevinc": 0.0066361546233204855}