{"beta": [0.1278403348247122, 0.14514757025247657, 0.12527937938417089, 0.1319744273249818, 0.1422123814734851, 0.5780908016277798, -0.0405875427717484, -0.06332381371386482, 0.0922687501870006, -0.011484802514924177, 0.02971999533704381, 0.02545732684775369, -0.09529891784434598, 0.015994141404882162, 0.021515117990912703, 0.0628018241928319, -0.06786362132899956], "R": [[-0.1, 1.1], [-0.1, 1.1], [-0.09999999999999998, 1.1], [-0.09999999999999998, 1.0], [-0.10000000000000003, 1.1], [-2.679562738466629, 0.37374954317562525], [-1.076292805095683, 1.0242828737245415], [-2.2510396912444732, 2.6261580138030496], [-2.4821366099920725, 2.31791943291289], [-1.4180186531120405, 0.9982166143618095], [-1.0159391370594286, 2.172291814934038], [-0.5325206490993862, 6.115344285810739], [-0.7168216464527583, 3.304913477522386], [-0.7857143967286861, 2.7073977753677876], [-0.5275743359844131, 2.438774607923275], [-0.9437099428352796, 0.39926200185177585]], "mse": 0.5599846160901797, "vol": 981590.2802994099, "inc": 539, "msevvol": 5.704871241383627e-07, "msevinc": 0.0010389324973843778}