{"beta": [0.026921181270706838, 0.025946445245767093, -0.028193729888588363, 0.031341868923852954, 0.013067982797715707, 0.5398485747957806, -0.032682955511063004, -0.03517218003530447, 0.06247195869132241, -0.0029668595251306803, -0.006448622418038472, -0.008437059972037938, -0.015742752969352212, 0.030904697727128623, 0.007676772935776816, -0.054888782740489424, -0.0013931946088962587], "R": [[-0.1, 1.1], [-0.1, 1.1], [-0.09999999999999998, 1.1], [-0.1, 1.1], [-0.1, 1.1], [-2.679562738466629, 2.3463675056920614], [-1.076292805095683, 1.1242828737245418], [-2.2510396912444732, 2.6261580138030496], [-2.4821366099920725, 2.31791943291289], [-1.5180186531120405, 2.709040126011043], [-1.8879968750577953, 2.172291814934038], [-1.4028577002652836, 6.115344285810739], [-0.6168216464527583, 3.304913477522386], [-0.6857143967286863, 2.7073977753677876], [-0.4275743359844131, 2.438774607923275], [-0.9437099428352798, 2.570881909663535]], "mse": 0.7076122074660177, "vol": 11144620.554763634, "inc": 3538, "msevvol": 6.349361146832023e-08, "msevinc": 0.00020000345038609883}