{"beta": [-0.0667671682347779, -0.06770606609571757, -0.07426894043378007, -0.006646360805364639, -0.13933936547332348, 0.5048533667584165, -0.07385250297767099, -0.04141810389132185, -0.005116974919480761, 0.03294883799911753, -0.06340403427332732, 0.021160184043471173, 0.0410189918019429, -0.083451952481508, -0.16355477702643204, 0.14428463401625818, 0.1389194388400196], "R": [[-0.1, 1.0], [-0.1, 1.0], [-0.09999999999999998, 1.1], [-0.09999999999999998, 1.0], [-0.10000000000000003, 1.0], [-2.679562738466629, 1.0811969718579906], [-1.076292805095683, 1.1242828737245416], [-2.2510396912444732, 0.0375358386645579], [-0.7036852167016414, 2.31791943291289], [-0.6126068972874238, 0.9982166143618095], [-1.0159391370594286, 2.172291814934038], [-0.5325206490993862, 2.163659029981254], [-0.7168216464527583, 3.304913477522386], [-0.7857143967286861, 1.3408161707152977], [-0.5275743359844131, 2.438774607923275], [-0.9437099428352796, 0.39926200185177585]], "mse": 0.6129635742649805, "vol": 47433.76606973727, "inc": 287, "msevvol": 1.2922515436868318e-05, "msevinc": 0.00213576158280481}