{"beta": [-0.0685266161760995, -0.06878855837866867, -0.0763691044830196, -0.03466115902344102, -0.07557985386844437, 0.5731104425613772, 0.1052390856050065, 0.01435394106860667, 0.041302154624102055, -0.0004891892814413801, -0.027577027073339446, 0.001919330783703121, -0.053874137944286506, -0.003036981215655648, -0.06986476868537393, -0.044417200243671885, 0.039147223158901005], "R": [[-0.1, 1.1], [-0.10000000000000003, 1.0], [-0.1, 1.1], [-0.10000000000000003, 1.0], [-0.1, 1.0], [-1.5883578868791906, 0.8035660485727016], [-0.9784111940537747, 1.1220651665449353], [-2.251719604905245, 2.2077143367099024], [-0.414290598841782, 1.1238392363493848], [-0.6117835868968557, 0.9986075867929095], [-1.787219490427016, 1.3008344096959592], [-1.4032255388300936, 6.1113898898974], [-0.7175431378773933, 3.3033577420364177], [-0.7862811582964232, 1.087622518762787], [-0.5274526967944777, 2.3394401474107607], [-0.9437002178516671, 1.643406321029782]], "mse": 0.5429107647777931, "vol": 137942.42621088092, "inc": 550, "msevvol": 3.935777988621228e-06, "msevinc": 0.0009871104814141692}