{"beta": [0.021255808150749272, 0.0252525154387713, -0.028001077242409016, 0.0067130165424059765, -0.03686089245367125, 0.5244720158278456, -0.042214496195556644, -0.041359035296332385, 0.062104974060300765, -0.01497694679997066, -0.0034829355781461416, -0.02330932539702117, -0.012698534846093443, -0.017833628132676468, 0.0034044153675074408, -0.014412056409703628, 0.029578712517593322], "R": [[-0.09999999999999998, 1.0], [-0.1, 1.1], [-0.1, 1.1], [-0.1, 1.0], [-0.09999999999999998, 1.1], [-2.679562738466629, 7.308664912350221], [-1.076292805095683, 1.0242828737245417], [-2.2510396912444732, 2.6261580138030496], [-1.3694449225871237, 1.3513906088223067], [-0.6126068972874238, 1.8036283701864262], [-1.8879968750577953, 2.172291814934038], [-1.3028577002652835, 1.3933219788153568], [-0.7168216464527583, 3.304913477522386], [-0.7857143967286861, 2.707397775367788], [-0.5275743359844131, 2.3387746079232747], [-0.9437099428352796, 1.6422339465388311]], "mse": 0.696983865097419, "vol": 1603421.272121148, "inc": 1262, "msevvol": 4.346854299714927e-07, "msevinc": 0.0005522851545938344}