{"beta": [-0.03162546707241746, -0.03886740957176486, -0.10398778694574146, -0.00793019509236663, 0.015879376042977816, 0.5438796803232979, -0.08052882386353802, 0.002495810490738819, -0.014189861108882328, -0.0053006737153697995, -0.12152452599050143, 0.06750203945652739, 0.060709677358724144, 0.04753628961091268, -0.03686609010350916, -0.10423815956253005, 0.21893824951373], "R": [[-0.1, 1.0], [-0.10000000000000003, 1.0], [-0.10000000000000003, 1.0], [-0.09999999999999998, 1.0], [-0.1, 1.0], [-2.679562738466629, 1.0175641343574604], [-1.076292805095683, 1.0242828737245417], [-2.2510396912444732, 0.2140338652701242], [-2.4821366099920725, 2.31791943291289], [-0.6126068972874237, 2.709040126011043], [-0.243881399061062, 1.3002340769356713], [-0.5325206490993862, 1.0081534532324083], [-0.7168216464527583, 3.304913477522386], [-0.7857143967286861, 0.8341835288543017], [-0.5275743359844131, 2.438774607923275], [-0.9437099428352796, 2.470881909663535]], "mse": 0.6586281858627219, "vol": 77169.99864818846, "inc": 459, "msevvol": 8.534769954647174e-06, "msevinc": 0.0014349197949078908}