{"beta": [-0.11761999373463278, -0.03827869377631132, -0.08181036544032029, -0.0927945399615105, -0.11168437171966811, 0.575647800457404, 0.13599633676816447, -0.02509096866081091, 0.029824273950367148, 0.005064894955079919, -0.00479869201869428, -0.008844585837732448, -0.019956468420928727, 0.06363023235539894, 0.05882175962633553, -0.0843753961341131, 0.015143829359065874], "R": [[-0.1, 1.1], [-0.10000000000000003, 1.1], [-0.1, 1.1], [-0.10000000000000003, 1.1], [-0.1, 1.1], [-3.9918644005925885, 6.457576198303895], [-0.9784111940537747, 1.1220651665449353], [-2.2517196049052446, 2.6254058790138397], [-1.9143465433879117, 2.317941267123266], [-1.5169791737417384, 2.708998760482675], [-1.887219490427016, 2.172847884726703], [-0.9182457794233834, 6.111389889897399], [-0.7175431378773931, 3.3033577420364177], [0.3273780857374111, 2.7081113848135385], [-0.42745269679447784, 2.4394401474107608], [-0.9437002178516669, 2.5724418339902657]], "mse": 0.5227490664626886, "vol": 13120834.653739385, "inc": 913, "msevvol": 3.9841144276115634e-08, "msevinc": 0.0005725619566951683}