{"beta": [0.018966175606100547, 0.0127705372846412, -0.029832079989969812, 0.024074261471823812, 0.00120979659828021, 0.5192759494522107, -0.0417238073795637, -0.042602561507129384, 0.06064985491637932, -0.0011750266652372113, -0.00733638547037786, -0.010727071991120744, -0.011503185080593373, 0.030977877086294982, 0.005314081452818268, -0.04950427915783408, 0.0017668915626825308], "R": [[-0.1, 1.1], [-0.1, 1.1], [-0.1, 1.1], [-0.1, 1.1], [-0.1, 1.1], [-2.679562738466629, 7.308664912350221], [-1.076292805095683, 1.1242828737245418], [-2.2510396912444732, 2.6261580138030496], [-2.4821366099920725, 2.31791943291289], [-1.5180186531120405, 2.709040126011043], [-1.8879968750577951, 2.172291814934038], [-1.4028577002652836, 6.115344285810739], [-0.7168216464527583, 3.304913477522386], [-0.7857143967286861, 2.7073977753677876], [-0.5275743359844131, 2.438774607923275], [-0.9437099428352796, 2.570881909663535]], "mse": 0.7300671852155964, "vol": 24198027.24124313, "inc": 2427, "msevvol": 3.017052497450162e-08, "msevinc": 0.0003008105419100109}