{"beta": [0.07967247137155391, 0.010156499953795847, 0.17424892092860683, 0.07735171623627328, 0.0596176125815791, 0.5660805411305149, 0.015126346433668126, 0.013334364041104082, 0.11597374184054651, 0.001055713575604303, -0.017899280403345177, -0.12276441223562222, -0.1417555501611224, -0.07840444983799578, -0.33225621593097765, 0.12881772011773543, -0.12030742289200161], "R": [[-0.09999999999999999, 1.1], [-0.1, 1.1], [-0.1, 1.1], [-0.1, 1.0], [-0.10000000000000003, 1.1], [-2.679562738466629, 0.7143723792078753], [-0.9762928050956831, 1.1242828737245418], [-1.8862926513361253, 1.0435745903162872], [-0.2971420682473104, 1.5466168883991827], [-1.5180186531120405, 0.9982166143618094], [-1.0159391370594286, 2.172291814934038], [-0.5325206490993863, 1.3933219788153568], [-0.7168216464527583, 0.5590968532319014], [-0.7857143967286861, 0.3275508869933057], [-0.5275743359844131, 2.438774607923275], [-0.9437099428352796, 0.39926200185177574]], "mse": 0.7351898865045253, "vol": 7679.699295850357, "inc": 196, "msevvol": 9.573159809808924e-05, "msevinc": 0.003750968808696558}