{"beta": [0.037714708482379344, 0.03710314709722764, -0.10482726784762775, 0.011353629079779859, 0.020693191275623374, 0.5409066949634684, 0.09352760603551309, 0.013548617088863613, 0.08844032776977165, -0.014508161087482282, 0.017820191409242996, 0.1367973192641573, 0.15702703500079043, 0.09361711295500093, 0.11547188990320693, -0.1534141021571167, 0.16693521449470733], "R": [[-0.10000000000000003, 1.0], [-0.09999999999999998, 1.0], [-0.10000000000000003, 1.1], [-0.09999999999999998, 1.0], [-0.1, 1.1], [-1.1697331067959642, 1.334608523577797], [-0.9769183989499992, 1.1236269488575596], [-1.1975869437366249, 0.761464211980582], [-0.11061224117798873, 2.3173220832340404], [-0.6125184424923834, 0.9981412909820018], [-1.8875307746960677, 1.300097643856932], [-1.3026371056557282, 0.6225119945972816], [-0.7169950228232279, 0.8523351417491218], [-0.7856874150981881, 0.8341938086272256], [-0.527513004764509, 2.439110129645856], [-0.9436399543409112, 2.571568308445986]], "mse": 0.49126679585096883, "vol": 12565.96048178645, "inc": 328, "msevvol": 3.909504542553897e-05, "msevinc": 0.001497764621496856}