{"beta": [-0.06170758946293757, -0.06587988035561203, -0.07292363835914704, -0.08552407052827879, -0.049280314152488895, 0.6029572733160782, 0.100225505470641, -0.021121723791776417, 0.044132159948424884, 0.00203682767739693, -0.007138088501746608, -0.01659606798489058, 0.0037226695417181045, 0.017643273831304738, 0.009958605128530881, -0.08224593286221236, 0.06876358110006275], "R": [[-0.1, 1.1], [-0.1, 1.1], [-0.1, 1.1], [-0.1, 1.1], [-0.1, 1.1], [-3.9918644005925885, 6.457576198303895], [-1.0784111940537748, 1.1220651665449353], [-2.251719604905245, 2.6254058790138397], [-2.4828060419456293, 2.317941267123266], [-1.5169791737417384, 2.708998760482675], [-1.887219490427016, 2.172847884726703], [-1.4032255388300936, 6.1113898898974], [-0.7175431378773933, 3.3033577420364177], [-0.7862811582964232, 2.7081113848135385], [-0.5274526967944777, 2.4394401474107608], [-0.9437002178516671, 2.5724418339902657]], "mse": 0.6182235263032272, "vol": 25317412.174206007, "inc": 3629, "msevvol": 2.441890672116514e-08, "msevinc": 0.00017035644152748063}