{"beta": [-0.08751356636634924, -0.03165112190813594, -0.05238597220799322, -0.034849808718437236, -0.010578192344341888, 0.6352333600404251, 0.13286732254104489, -0.03711975084075172, 0.04836311947109727, 0.04207221114066964, -0.04905510195558313, -0.0009694900241725718, -0.03743503978407958, -0.16379543286281675, -0.003450583481138077, -0.09015519277149779, -0.07953384840313542], "R": [[-0.09999999999999999, 1.0], [-0.09999999999999999, 1.0], [-0.1, 1.1], [-0.1, 1.0], [-0.09999999999999998, 1.0], [-3.9918644005925885, 1.322436707722285], [-1.0784111940537748, 1.0220651665449352], [-1.5692851106813586, 0.8663500469821646], [-0.4448927141236626, 2.0057596622112204], [-1.5169791737417384, 0.19341199994802694], [-1.787219490427016, 1.3008344096959592], [-0.9182457794233834, 1.3916327770168782], [-0.7175431378773933, 0.8520341236279186], [-0.7862811582964232, 0.3273780857374111], [-0.5274526967944777, 2.3394401474107607], [-0.9437002178516671, 1.2288885645495404]], "mse": 0.5842450005737054, "vol": 15549.032543642765, "inc": 403, "msevvol": 3.7574363481062655e-05, "msevinc": 0.0014497394555178795}