{"beta": [-0.06495877852866007, -0.22896310984619975, -0.3635591356650443, -0.35877102939836353, -0.0567401371455921, 0.7751583698322271, -0.2863714451220436, -0.22775475532320352, -0.08473484823219772, -0.059503087900717205, 0.07951985817681859, -0.12416455695708646, 0.1600228728669903, 0.2408926544012168, 0.12226140318257504, -0.31502298893871666, 0.08371964763790984], "R": [[-0.1, 1.1], [-0.1, 1.1], [-0.09999999999999998, 1.1], [-0.1, 1.1], [-0.1, 1.1], [-1.7261340943418708, 0.35503400273429286], [-0.9762928050956828, 1.1242828737245418], [-1.4979969928038768, 0.514080510499588], [-0.23949880027730408, 2.31791943291289], [-1.4180186531120405, 0.9982166143618095], [-1.8879968750577953, 1.3002340769356713], [-0.5325206490993862, 2.5488275555642024], [1.7350153529165613, 3.304913477522386], [-0.6857143967286863, 2.7073977753677876], [-0.4275743359844131, 2.438774607923275], [-0.9437099428352798, 2.570881909663535]], "mse": 0.52109823458533, "vol": 71301.98184724074, "inc": 38, "msevvol": 7.308327497849145e-06, "msevinc": 0.013713111436456052}