{"beta": [0.09351849678211517, 0.012752361497937414, -0.011172847797584044, -0.051116072560967354, -0.0493737731940459, 0.5944930004639251, 0.027219858385984542, -0.08945596281313341, 0.05568559194696613, -0.013281250855043395, -0.05249677247104371, -0.04635995102269213, -0.03774484393597739, 0.0296177936179706, 0.058484186686203504, -0.13503520016231818, 0.04227822325902409], "R": [[-0.1, 1.1], [-0.1, 1.1], [-0.1, 1.1], [-0.1, 1.0], [-0.10000000000000003, 1.1], [-3.9918644005925885, 1.4201612264858838], [-0.9784111940537746, 1.1220651665449353], [-2.251719604905245, 0.4604108540382428], [-0.681410161633571, 2.317941267123266], [-1.4169791737417383, 0.9986075867929094], [-1.0152060153962723, 2.172847884726703], [-1.4032255388300936, 6.1113898898974], [-0.7175431378773933, 1.4398650282300434], [-0.7862811582964232, 1.087622518762787], [-0.5274526967944777, 2.4394401474107608], [-0.9437002178516671, 2.5724418339902657]], "mse": 0.5786202774939071, "vol": 514797.1728754173, "inc": 235, "msevvol": 1.1239771855428104e-06, "msevinc": 0.0024622139467825833}