{"beta": [-0.0014824315900928838, 0.00777889625632827, -0.09947959869758347, -0.04261083994073005, -0.08632564421337936, 0.5322462289716973, 0.13656692160869266, -0.0047888724401671705, -0.005340653780720296, -0.006038968323542976, 0.062274846348152765, -0.015497681813420268, 0.00732391102838469, -0.0768495326161187, 0.05867804528218348, -0.12709029275561273, 0.03465759301310575], "R": [[-0.1, 1.0], [-0.10000000000000003, 1.1], [-0.1, 1.0], [-0.09999999999999998, 1.0], [-0.1, 1.0], [-3.6351241692909233, 0.5752275130773657], [-0.9769183989499992, 1.1236269488575596], [-0.6681136584076486, 1.3968321543753544], [-1.1920982604647072, 1.736866856788169], [-1.517848309229576, 0.9981412909820018], [-1.0156236700578178, 1.300097643856932], [-1.4026371056557283, 1.3925716346984858], [-0.6169950228232279, 3.3032634050648815], [-0.4323738778106191, 1.3408208832023638], [-0.527513004764509, 2.339110129645856], [-0.9436399543409112, 2.571568308445986]], "mse": 0.6449475735431648, "vol": 107208.06544556448, "inc": 280, "msevvol": 6.0158493753498485e-06, "msevinc": 0.0023033841912255886}