{"beta": [0.0025217624176096863, -0.08918618843363368, 0.004388500599134789, 0.01576798179116857, -0.10546520890709582, 0.5883617799517785, 0.006581145866083441, -0.06320145190723452, 0.030138150582261675, -0.09389817466398918, -0.147213702377898, 0.003958851828856096, -0.07480911502203047, 0.11243029298428574, 0.0978618350895548, -0.13342077519975745, 0.2809683398746628], "R": [[-0.09999999999999998, 1.0], [-0.1, 1.1], [-0.1, 1.0], [-0.1, 1.0], [-0.09999999999999998, 1.0], [-2.679562738466629, 0.05932846376124101], [-1.076292805095683, 1.0242828737245417], [-1.3920981768405356, 0.5846797211418133], [-1.4024521813764093, 1.4765283703834329], [-0.6126068972874238, 0.9982166143618095], [-0.24388139906106193, 2.172291814934038], [-0.9176891746823349, 1.0081534532324083], [-0.7168216464527583, 3.304913477522386], [-0.7857143967286861, 0.8341835288543016], [-0.5275743359844131, 2.438774607923275], [-0.9437099428352796, 0.8135859834141277]], "mse": 0.5442337773506577, "vol": 14642.889401522485, "inc": 167, "msevvol": 3.7167102914406453e-05, "msevinc": 0.0032588848943153155}