{"beta": [0.0028317322712869846, -0.0196727673340835, -0.024301062427704623, -0.0002767608997637605, -0.045996865816763925, 0.5148098051095978, -0.09997739359949571, -0.056858603120188214, 0.10876337106322141, 0.02789196939145822, 0.0036833732696545346, 0.16028213473822586, -0.017685760398289098, 0.049605389644973893, 0.04557460410925154, 0.3192347009669735, 0.2525783018739661], "R": [[-0.1, 1.0], [-0.1, 1.0], [-0.09999999999999998, 1.0], [-0.09999999999999998, 1.0], [-0.10000000000000003, 1.0], [-1.052374638453904, 0.4860427858236198], [-1.076292805095683, 1.0242828737245415], [-2.2510396912444732, 0.0375358386645579], [-2.4821366099920725, 2.004889425804636], [-0.6126068972874238, 2.709040126011043], [-1.0159391370594286, 1.3002340769356713], [-0.5325206490993862, 2.163659029981254], [-0.7168216464527583, 3.304913477522386], [-0.7857143967286861, 0.8341835288543017], [-0.5275743359844131, 2.438774607923275], [-0.9437099428352796, -0.01506197971057599]], "mse": 0.5596056572503364, "vol": 19895.167302069658, "inc": 205, "msevvol": 2.812771809122317e-05, "msevinc": 0.00272978369390408}