{"beta": [0.002486279728252251, -0.022300135096156873, -0.015728345957508535, -0.01164067758060765, 0.003537978307065437, 0.5092496084815699, -0.05355118809142451, 0.034010961662228126, 0.03354937725627276, -0.01494507457601538, -0.08058668345768931, 0.05755530507487664, -0.02594254672397223, 0.01657001208193263, -0.08847716831541956, 0.061292122360820496, 0.21217224099521703], "R": [[-0.1, 1.0], [-0.10000000000000003, 1.0], [-0.10000000000000003, 1.0], [-0.09999999999999998, 1.0], [-0.1, 1.0], [-2.679562738466629, 0.4860427858236198], [-1.076292805095683, 1.0242828737245417], [-2.2510396912444732, 0.2140338652701242], [-2.4821366099920725, 2.004889425804636], [-0.6126068972874237, 2.709040126011043], [-0.243881399061062, 1.3002340769356713], [-0.5325206490993862, 1.0081534532324083], [-0.7168216464527583, 3.304913477522386], [-0.7857143967286861, 0.8341835288543017], [-0.5275743359844131, 2.438774607923275], [-0.9437099428352796, 0.8135859834141277]], "mse": 0.6175332216850095, "vol": 31787.715504864802, "inc": 187, "msevvol": 1.942678836390435e-05, "msevinc": 0.0033023166935027244}