{"beta": [0.0497675039619845, 0.01999286803262101, 0.01882376717304415, 0.059511064745412415, 0.03477473512883614, 0.49435521410729555, 0.08697434122456126, 0.00919126397366389, 0.1449979630012097, -0.020361521700481434, 0.02709231005980606, -0.013765251898331395, -0.03757642025537099, 0.02935088586491918, 0.08203122542895218, -0.09371245216814629, -0.12971917013507078], "R": [[-0.09999999999999998, 1.1], [-0.1, 1.1], [-0.09999999999999998, 1.1], [-0.09999999999999998, 1.1], [-0.1, 1.1], [-3.6351241692909233, 1.644823744888611], [-0.9769183989499992, 1.1236269488575596], [-2.2506388573287786, 2.626375163077166], [-0.11061224117798873, 2.3173220832340404], [-1.517848309229576, 2.708801024456387], [-1.0156236700578178, 2.172004748495182], [-1.4026371056557283, 6.11292947530571], [-0.7169950228232279, 3.3032634050648815], [-0.7856874150981881, 2.7073885696402087], [-0.527513004764509, 2.439110129645856], [-0.9436399543409112, 2.571568308445986]], "mse": 0.5357796220741335, "vol": 4845738.205043417, "inc": 1160, "msevvol": 1.1056718283222505e-07, "msevinc": 0.00046187898454666683}