{"beta": [-0.04426545544331049, -0.07801904744345904, -0.09247028194779092, 0.025030692508905383, -0.09473922295173333, 0.5054613646338801, 0.10227035584225926, -0.09283103476153742, -0.042477923020751464, -0.04360727770593661, 0.003941301972705977, 0.014532244683155629, 0.02540682466939281, 0.07057158616276576, 0.23766987403940865, -0.26406713374920937, 0.1404571727778061], "R": [[-0.1, 1.0], [-0.10000000000000003, 1.0], [-0.1, 1.0], [-0.1, 1.0], [-0.1, 1.0], [-0.8433608427085453, 1.5608071224502655], [-0.9769183989499992, 1.1236269488575596], [-0.8269556440063409, 1.5027268114411503], [0.1498821429197702, 1.8565891115311715], [-1.417848309229576, 2.708801024456387], [-0.24371656541956777, 2.072004748495182], [-1.4026371056557283, 3.3177207349514957], [-0.7169950228232279, 1.1462011746635918], [-0.7856874150981881, 2.7073885696402087], [-0.527513004764509, 2.439110129645856], [-0.9436399543409112, 1.2283652099008997]], "mse": 0.6766943399017633, "vol": 61173.68194409644, "inc": 318, "msevvol": 1.1061854026052581e-05, "msevinc": 0.002127969622332589}