{"beta": [0.06047846105335857, 0.026287468766932214, 0.010066228663853894, 0.01143776043884997, 0.005791587029525165, 0.5737941706716223, 0.10791304420908092, 0.02702155058641086, 0.14084616179721818, -0.06025281688465768, 0.054033834143017226, 0.06535395667840008, 0.15137811946170823, -0.06927807371221983, -0.054004183583146216, -0.23478972607473156, -0.12472339472912587], "R": [[-0.1, 1.0], [-0.1, 1.1], [-0.1, 1.1], [-0.1, 1.1], [-0.1, 1.1], [-3.635124169290923, 0.35872313987086013], [-0.9769183989499992, 1.1236269488575596], [-1.462323586401113, 0.9556044166012083], [0.22181686885297602, 2.3173220832340404], [-0.6125184424923835, 1.8034711577191944], [-1.0156236700578178, 2.172004748495182], [-1.4026371056557283, 0.6225119945972817], [-0.7169950228232279, 1.1462011746635918], [-0.7856874150981881, 2.7073885696402087], [-0.527513004764509, 2.439110129645856], [-0.9436399543409112, 0.39956314420417527]], "mse": 0.4570966946989548, "vol": 39216.040213658656, "inc": 401, "msevvol": 1.1655860515456923e-05, "msevinc": 0.0011398920067305605}