{"beta": [-0.01657137028545653, -0.10207332536722474, -0.0617856941414754, 0.11013702914233287, 0.023521314051879596, 0.6651373791607799, 0.1457030669402962, -0.14417958247016194, -0.055810213548116314, -0.13577612124583935, -0.021710048338753535, 0.04196924601917061, 0.0890637033807103, -0.02809489264068731, 0.11390711694434337, -0.23168119201643342, 0.2714537736167273], "R": [[-0.1, 1.0], [-0.10000000000000003, 1.0], [-0.1, 1.0], [-0.1, 1.0], [-0.1, 1.0], [-0.8433608427085453, 1.341071340688439], [-0.9769183989499992, 1.1236269488575596], [-0.6681136584076486, 1.5027268114411503], [0.1498821429197702, 1.8565891115311715], [-0.6125184424923833, 2.708801024456387], [-0.24371656541956777, 2.172004748495182], [-1.3026371056557282, 1.3925716346984858], [-0.7169950228232279, 1.1462011746635918], [-0.7856874150981881, 1.0875073459147948], [-0.527513004764509, 2.439110129645856], [-0.9436399543409112, 1.2283652099008997]], "mse": 0.5516747875754613, "vol": 13314.828280828904, "inc": 186, "msevvol": 4.1433113213317174e-05, "msevinc": 0.0029659934815885014}