{"beta": [0.03444608612445152, 0.009571700947186953, -0.05668007735689436, 0.0031813950018750414, 0.05733308019289765, 0.4561734561718609, 0.09669704032240069, 0.07439464383099267, 0.07401711320457591, -0.05035428450897525, 0.03367053955031528, 0.16837064070439706, -0.011849446374817094, 0.08721066506058335, -0.024541763488101102, -0.3087468575282015, -0.10814314257226344], "R": [[-0.10000000000000003, 1.0], [-0.09999999999999998, 1.0], [-0.10000000000000003, 1.1], [-0.09999999999999998, 1.0], [-0.1, 1.1], [-3.6351241692909233, 1.7579230443248455], [-0.9769183989499992, 1.1236269488575596], [-1.1975869437366249, 0.761464211980582], [-0.11061224117798873, 1.8565891115311715], [-0.6125184424923834, 0.9981412909820018], [-1.8875307746960677, 2.172004748495182], [-1.3026371056557282, 0.6225119945972816], [-0.7169950228232279, 0.8523351417491218], [-0.7856874150981881, 1.5941344204899326], [-0.527513004764509, 2.439110129645856], [-0.9436399543409112, 0.39956314420417527]], "mse": 0.45600882174770363, "vol": 15675.044143781217, "inc": 316, "msevvol": 2.909138995494419e-05, "msevinc": 0.001443065891606657}