{"beta": [0.05732087696554652, 0.025836950035075554, 0.026444892497277585, 0.06721967791416907, 0.04409102245276243, 0.5217794993891768, 0.09500393448950892, -0.0019869050399621622, 0.131270965314781, -0.020423067531314586, 0.026265172202209155, -0.012144150952219903, -0.03018504109375821, 0.021233961899728003, 0.08046473711513588, -0.09905299555144646, -0.11383118445853505], "R": [[-0.1, 1.1], [-0.10000000000000003, 1.1], [-0.1, 1.1], [-0.1, 1.1], [-0.1, 1.1], [-3.6351241692909233, 1.5608071224502655], [-0.9769183989499992, 1.1236269488575596], [-1.974147762219121, 2.626375163077166], [-0.11061224117798873, 2.3173220832340404], [-1.517848309229576, 2.708801024456387], [-1.0156236700578178, 2.172004748495182], [-1.4026371056557283, 6.11292947530571], [-0.7169950228232279, 3.3032634050648815], [-0.7856874150981881, 2.7073885696402087], [-0.527513004764509, 2.439110129645856], [-0.9436399543409112, 2.571568308445986]], "mse": 0.5308535730404017, "vol": 4498284.336176924, "inc": 1144, "msevvol": 1.180124539418449e-07, "msevinc": 0.0004640328435667847}