{"beta": [-0.06690062881703084, 0.003233114982125983, -0.046331578274666, -0.03203651191408756, -0.015212250323051527, 0.6094640831594683, 0.11506725377901544, -0.09106942780008323, 0.04874393048338059, -0.0070418326455410005, -0.0108474342632147, -0.013673901937214487, -0.01247875070086571, 0.002848265386644185, 0.018263713666203836, -0.09557740385643669, -0.02766551397936086], "R": [[-0.1, 1.1], [-0.10000000000000003, 1.1], [-0.1, 1.0], [-0.10000000000000003, 1.0], [-0.1, 1.1], [-3.9918644005925885, 0.51969958930701], [-0.9784111940537747, 1.1220651665449353], [-2.251719604905245, 0.4604108540382429], [-0.6513894258084574, 2.317941267123266], [-1.4169791737417383, 2.708998760482675], [-1.887219490427016, 2.172847884726703], [-1.3032255388300935, 6.1113898898974], [-0.7175431378773933, 3.3033577420364177], [-0.7862811582964232, 2.7081113848135385], [-0.5274526967944777, 2.4394401474107608], [-0.9437002178516671, 1.643406321029782]], "mse": 0.5017807191317551, "vol": 2137485.4937318596, "inc": 789, "msevvol": 2.3475280679247587e-07, "msevinc": 0.0006359704931961409}