{"beta": [0.03550615254358941, -0.0041866149618059395, 0.011646599921739918, 0.0045184229308828, -0.003264680890632162, 0.5842503890178563, 0.07291100419790766, -0.001170381907149956, 0.06969045720341716, -0.013041943386696198, 0.01964210318792232, 0.022299973726669958, -0.01906760362478112, 0.05097884706072507, 0.04057737155468125, -0.10465964567602379, -0.016201297147886977], "R": [[-0.1, 1.1], [-0.10000000000000003, 1.1], [-0.1, 1.1], [-0.09999999999999998, 1.1], [-0.1, 1.1], [-3.6351241692909233, 9.745791327863362], [-1.0769183989499993, 1.1236269488575596], [-2.2506388573287786, 2.626375163077166], [-1.7047187743860777, 2.3173220832340404], [-1.517848309229576, 2.708801024456387], [-1.8875307746960677, 2.172004748495182], [-1.4026371056557283, 6.11292947530571], [-0.6169950228232279, 3.3032634050648815], [-0.785687415098188, 2.7073885696402087], [-0.527513004764509, 2.439110129645856], [-0.9436399543409112, 2.571568308445986]], "mse": 0.6217109913483171, "vol": 26466305.62615031, "inc": 3457, "msevvol": 2.3490660167319652e-08, "msevinc": 0.00017984118928212817}