{"beta": [0.387556564167362, 0.37996155554511896, 0.2797274664976844, 0.26365348475436157, 0.09691354653196003, 0.6254857369781097, 0.01638625002768088, 0.07529709063840737, 0.13456528020423064, -0.05906200936069961, -0.032752718584730604, 0.015984383589507652, -0.053217846513014144, 0.11676188102911757, 0.03482705448998861, -0.03940535258500041, -0.3217305787905415], "R": [[-0.1, 1.1], [-0.10000000000000003, 1.1], [-0.1, 1.0], [-0.10000000000000003, 1.1], [-0.1, 1.1], [-3.9918644005925885, 0.4592034586438297], [-0.9784111940537747, 1.1220651665449353], [-1.3221916888894087, 2.6254058790138397], [-0.23984625071463472, 2.317941267123266], [-1.5169791737417384, 0.9986075867929096], [-1.0152060153962723, 1.3008344096959592], [0.6216732582034576, 3.3165315740504293], [-0.02971223327526884, 3.3033577420364177], [-0.6862811582964232, 2.7081113848135385], [-0.42745269679447784, 2.4394401474107608], [-0.8437002178516673, 2.5724418339902657]], "mse": 0.4497805915038809, "vol": 374603.8790568211, "inc": 59, "msevvol": 1.2006832193952182e-06, "msevinc": 0.007623399855997981}