{"beta": [-0.06170758946293753, -0.06587988035561199, -0.07292363835914702, -0.08552407052827873, -0.04928031415248881, 0.6029572733160784, 0.10022550547064028, -0.021121723791776435, 0.044132159948424954, 0.0020368276773969616, -0.0071380885017466224, -0.01659606798489052, 0.003722669541718214, 0.017643273831304693, 0.009958605128530595, -0.08224593286221182, 0.06876358110006271], "R": [[-0.1, 1.1], [-0.1, 1.1], [-0.1, 1.1], [-0.1, 1.1], [-0.1, 1.1], [-3.9918644005925885, 6.457576198303895], [-1.0784111940537748, 1.1220651665449353], [-2.251719604905245, 2.6254058790138397], [-2.4828060419456293, 2.317941267123266], [-1.5169791737417384, 2.708998760482675], [-1.887219490427016, 2.172847884726703], [-1.4032255388300936, 6.1113898898974], [-0.7175431378773933, 3.3033577420364177], [-0.7862811582964232, 2.7081113848135385], [-0.5274526967944777, 2.4394401474107608], [-0.9437002178516671, 2.5724418339902657]], "mse": 0.6614581525049762, "vol": 25317412.174206007, "inc": 2420, "msevvol": 2.6126609937601986e-08, "msevinc": 0.0002733298150847009}