{"beta": [0.014138060645809074, 0.025716340137059847, -0.02582736932282309, 0.021115080673998546, 0.013968958804933594, 0.5422990842698504, -0.046406998971445415, -0.009739196532921693, 0.041827616331939176, -0.014372656941435441, -0.0062414342143655354, -0.0005722898882072049, 0.008509727702684398, 0.02276905804630091, 0.008931957184027929, -0.04873268859351262, 0.03238260487523144], "R": [[-0.09999999999999999, 1.1], [-0.1, 1.1], [-0.1, 1.1], [-0.1, 1.1], [-0.10000000000000003, 1.1], [-2.679562738466629, 1.878478994658751], [-1.076292805095683, 1.1242828737245418], [-2.2510396912444732, 0.7082283397657108], [-2.4821366099920725, 2.31791943291289], [-1.5180186531120405, 2.7090401260110424], [-1.887996875057795, 2.172291814934038], [-1.4028577002652836, 6.115344285810739], [-0.7168216464527583, 3.304913477522386], [-0.7857143967286861, 2.7073977753677876], [-0.5275743359844131, 2.438774607923275], [-0.9437099428352796, 2.570881909663535]], "mse": 0.6876063442986382, "vol": 6700138.312690482, "inc": 2533, "msevvol": 1.0262569400937123e-07, "msevinc": 0.00027145927528568427}