{"beta": [-0.00039503098084669146, 0.008443908665640907, -0.006995668108991482, -0.07273602653925179, -0.006595876764242785, 0.6232902711889895, 0.18760523664778675, -0.050403338475466866, 0.08155649283705332, 0.01577151210250543, -0.03095855792917021, -0.01838963422090625, -0.005083838699381814, 0.03110797745155135, 0.023706991235947186, -0.06643612068956675, -0.06158668833040998], "R": [[-0.1, 1.1], [-0.1, 1.1], [-0.1, 1.1], [-0.1, 1.1], [-0.10000000000000003, 1.1], [-3.9918644005925885, 1.0059954088687275], [-0.9784111940537746, 1.1220651665449353], [-2.251719604905245, 2.190064806581906], [-2.4828060419456293, 2.317941267123266], [-1.5169791737417384, 2.708998760482675], [-1.887219490427016, 2.172847884726703], [-1.4032255388300936, 6.1113898898974], [-0.7175431378773933, 3.3033577420364177], [-0.7862811582964232, 2.7081113848135385], [-0.5274526967944777, 2.4394401474107608], [-0.9437002178516671, 2.5724418339902657]], "mse": 0.5536612791479274, "vol": 10527008.588579992, "inc": 1016, "msevvol": 5.259435997312242e-08, "msevinc": 0.0005449422038857554}