{"beta": [-0.026115519974987362, -0.08052899848203188, -0.10010367736463999, -0.03267410630399405, -0.09182568624820757, 0.5112954380352247, -0.20267518644813604, 0.03349426264081097, 0.07872546660566963, 0.060765734386640936, -0.009721250454205492, 0.18200849484369477, -0.019851583434457667, 0.019756719106999197, 0.02810929379108403, 0.26241715261979015, 0.20592565701199192], "R": [[-0.1, 1.0], [-0.1, 1.0], [-0.09999999999999998, 1.0], [-0.09999999999999998, 1.0], [-0.10000000000000003, 1.0], [-1.052374638453904, 1.0175641343574604], [-1.076292805095683, 1.0242828737245415], [-2.2510396912444732, 0.0375358386645579], [-2.4821366099920725, 2.004889425804636], [-0.6126068972874238, 2.709040126011043], [-1.0159391370594286, 1.3002340769356713], [-0.5325206490993862, 2.163659029981254], [-0.7168216464527583, 3.304913477522386], [-0.7857143967286861, 0.8341835288543017], [-0.5275743359844131, 2.438774607923275], [-0.9437099428352796, -0.01506197971057599]], "mse": 0.6745710368817115, "vol": 26768.92340156818, "inc": 153, "msevvol": 2.5199782104131753e-05, "msevinc": 0.004408961025370663}