{"beta": [0.05302817180045534, -0.02226903890834008, -0.01260811073736922, -0.016456369174828046, 0.03305646883055201, 0.6015857482681848, 0.11859778584319981, -0.04062982034809776, -0.0006189344552053948, 0.03893358133609142, -0.050186568780702635, -0.051074228118240445, 0.033542969255245456, -0.046635010181243455, -0.052451724630515006, -0.1590675670530802, -0.11861461281859798], "R": [[-0.09999999999999998, 1.0], [-0.10000000000000003, 1.0], [-0.1, 1.0], [-0.09999999999999998, 1.0], [-0.1, 1.0], [-3.9918644005925885, 6.457576198303895], [-0.9784111940537749, 1.1220651665449353], [-1.4633879299133814, 1.5193826617180388], [-1.2292832336708517, 1.1238392363493848], [-0.6117835868968557, 2.708998760482675], [-1.887219490427016, 0.5288209346652153], [-1.4032255388300936, 6.1113898898974], [-0.7175431378773933, 3.3033577420364177], [-0.7862811582964232, 0.5807928967458696], [-0.5274526967944777, 2.4394401474107608], [-0.9437002178516671, 0.8143708080692991]], "mse": 0.440740795586897, "vol": 428887.8106301674, "inc": 903, "msevvol": 1.027636562902811e-06, "msevinc": 0.0004880850449467298}