{"beta": [0.06725492185147831, 0.08261007027988536, 0.05243464827906596, 0.10292429028826161, 0.04820226708201714, 0.5277611529295088, 0.06144130239820035, -0.01722833916869839, 0.1082014976369743, 0.00976573004937834, -0.024987863273908537, 0.013454781272401585, 0.0038506801282651676, -0.06514994153786742, 0.08254987161074126, -0.12252038998869642, -0.12066929096928106], "R": [[-0.1, 1.1], [-0.10000000000000003, 1.1], [-0.1, 1.0], [-0.09999999999999998, 1.1], [-0.1, 1.0], [-1.431477199776964, 0.42658271953260085], [-0.9769183989499992, 1.1236269488575596], [-0.8093065344953754, 2.626375163077166], [-0.9637336598983421, 2.0650072343307184], [-1.517848309229576, 2.708801024456387], [-1.7875307746960676, 2.172004748495182], [-1.4026371056557283, 1.0075418146478838], [-0.6169950228232279, 3.3032634050648815], [-0.6856874150981881, 1.3408208832023638], [-0.527513004764509, 2.439110129645856], [-0.9436399543409112, 2.057167275597624]], "mse": 0.47465596734971577, "vol": 242241.88296651386, "inc": 878, "msevvol": 1.959429812619684e-06, "msevinc": 0.000540610441172797}