{"beta": [-0.061707589462937855, -0.06587988035561236, -0.0729236383591474, -0.08552407052827941, -0.04928031415248917, 0.60295727331608, 0.10022550547063964, -0.021121723791776285, 0.044132159948425405, 0.002036827677396776, -0.0071380885017462824, -0.016596067984891015, 0.0037226695417182615, 0.01764327383130671, 0.009958605128533183, -0.0822459328622129, 0.06876358110006314], "R": [[-0.09999999999999999, 1.1], [-0.09999999999999999, 1.1], [-0.1, 1.1], [-0.1, 1.1], [-0.09999999999999998, 1.1], [-3.9918644005925885, 6.457576198303895], [-1.0784111940537748, 1.1220651665449353], [-2.251719604905245, 2.6254058790138397], [-2.4828060419456293, 2.317941267123266], [-1.5169791737417384, 2.708998760482675], [-1.887219490427016, 2.172847884726703], [-1.4032255388300936, 6.1113898898974], [-0.7175431378773933, 3.3033577420364177], [-0.7862811582964232, 2.7081113848135385], [-0.5274526967944777, 2.4394401474107608], [-0.9437002178516671, 2.4724418339902656]], "mse": 0.6182235263032274, "vol": 24597378.347331937, "inc": 3629, "msevvol": 2.513371618607012e-08, "msevinc": 0.00017035644152748068}