{"beta": [-0.04122538099155227, -0.015399269439779687, -0.07146955786360445, -0.06268724956534652, -0.02191626465387796, 0.6027108917441888, 0.11228351678626905, -0.0645152155580983, 0.014554939098938475, -0.009572203418658541, -0.025486031436928836, -0.03407504675953519, -0.015247005800280792, -0.04079598766986445, -0.012187422407298499, -0.05678587897518902, 0.019144725651908084], "R": [[-0.09999999999999998, 1.1], [-0.10000000000000003, 1.1], [-0.1, 1.1], [-0.09999999999999998, 1.1], [-0.1, 1.1], [-3.9918644005925885, 0.51969958930701], [-0.9784111940537749, 1.1220651665449353], [-2.251719604905245, 0.46041085403824294], [-0.6513894258084575, 2.317941267123266], [-0.6117835868968557, 2.708998760482675], [-1.887219490427016, 2.172847884726703], [-1.3032255388300935, 6.1113898898974], [-0.7175431378773933, 3.3033577420364177], [-0.7862811582964232, 1.087622518762787], [-0.5274526967944777, 2.4394401474107608], [-0.9437002178516671, 2.5724418339902657]], "mse": 0.5241419745021849, "vol": 1492180.9133281752, "inc": 636, "msevvol": 3.5125899937503787e-07, "msevinc": 0.0008241226014185297}