{"beta": [-0.0036694458122256417, 0.06544765091388018, -0.05646808892028802, 0.19929856020173647, 0.11556879221307216, 0.4700475583082965, 0.1395803522799816, -0.05284618638906319, 0.07074798630934731, -0.11338509580880692, 0.0200482665344782, 0.09053267862533489, 0.09513222758391596, 0.046384724937125435, -0.03999394181918864, -0.45973942767097714, -0.22302392661779927], "R": [[-0.1, 1.0], [-0.10000000000000003, 1.1], [-0.1, 1.0], [-0.1, 1.0], [-0.1, 1.1], [-3.6351241692909233, 2.6013206772636215], [-0.9769183989499992, 1.1236269488575596], [-1.091692286670829, 1.5027268114411503], [-0.11061224117798873, 2.3173220832340404], [-0.6125184424923833, 1.8034711577191944], [-0.24371656541956777, 2.172004748495182], [-1.3026371056557282, 1.7776014547490875], [-0.7169950228232279, 1.1462011746635918], [-0.7856874150981881, 2.7073885696402087], [-0.527513004764509, 2.439110129645856], [-0.9436399543409112, 0.39956314420417516]], "mse": 0.7106214603598859, "vol": 73736.69942226143, "inc": 298, "msevvol": 9.637283278580627e-06, "msevinc": 0.0023846357730197515}