{"beta": [0.03248177524680765, 0.08373573675915062, 0.033223997241745934, -0.007287217210096962, 0.027903296075032186, 0.6264188615751786, 0.08912258197297464, -0.07409487717496321, -0.009937515191961172, -0.017483130507245464, -0.03416989910851158, 0.012638091944723592, -0.008291957756442755, 0.11399156949512083, 0.02508098588471988, -0.38810827479856524, -0.18787191420211613], "R": [[-0.09999999999999998, 1.1], [-0.10000000000000003, 1.1], [-0.1, 1.1], [-0.09999999999999998, 1.1], [-0.1, 1.1], [-3.9918644005925885, 0.51969958930701], [-0.9784111940537749, 1.1220651665449353], [-2.251719604905245, 0.7604528662141843], [-0.26073924226861545, 1.1238392363493848], [-0.6117835868968557, 2.708998760482675], [-1.887219490427016, 0.5288209346652153], [-0.9182457794233833, 6.1113898898974], [-0.7175431378773933, 1.4398650282300434], [-0.7862811582964232, 0.8342077077543283], [-0.5274526967944777, 2.4394401474107608], [-0.9437002178516671, 0.8143708080692991]], "mse": 0.40838850021414863, "vol": 101144.58452191167, "inc": 359, "msevvol": 4.037670451112254e-06, "msevinc": 0.001137572423994843}