{"beta": [0.016092310265492543, 0.014595119133152219, -0.046828018671258693, 0.045833291039876746, 0.006827492913062042, 0.5890414221874031, -0.040038601969513594, -0.05380148133785371, 0.061333133196679955, 0.0050019088342025085, -0.014228551713447973, -0.010024648175031927, -0.010295815315348952, 0.04311520601871312, 0.017436241629027363, -0.09028411775648112, 0.010239429662361138], "R": [[-0.1, 1.1], [-0.1, 1.1], [-0.09999999999999998, 1.1], [-0.09999999999999998, 1.1], [-0.10000000000000003, 1.1], [-2.679562738466629, 7.308664912350221], [-1.076292805095683, 1.0242828737245415], [-2.2510396912444732, 2.6261580138030496], [-2.4821366099920725, 2.31791943291289], [-1.4180186531120405, 2.709040126011043], [-1.887996875057795, 2.172291814934038], [-1.4028577002652836, 6.115344285810739], [-0.7168216464527583, 3.304913477522386], [-0.7857143967286861, 2.7073977753677876], [-0.5275743359844131, 2.438774607923275], [-0.9437099428352796, 2.5708819096635347]], "mse": 0.6842661913171654, "vol": 22551963.123076368, "inc": 1856, "msevvol": 3.03417572821848e-08, "msevinc": 0.00036867790480450723}