{"beta": [-0.06893143713450993, -0.04171659606455905, -0.048052293830901045, -0.04366579028539785, -0.07781199668059866, 0.6236136857183624, 0.10888743693964634, -0.019023043493966836, 0.03335152764978374, -0.02250814883885931, -0.016909369476596138, 0.013524290239975255, -0.005989592646107756, 0.009552488585712436, 0.013357707142107758, -0.0928235698633642, 0.05418630716555037], "R": [[-0.09999999999999999, 1.1], [-0.09999999999999999, 1.1], [-0.1, 1.1], [-0.1, 1.1], [-0.09999999999999998, 1.1], [-3.9918644005925885, 6.457576198303895], [-1.0784111940537748, 1.0220651665449352], [-2.251719604905245, 2.6254058790138397], [-0.4448927141236626, 2.317941267123266], [-1.5169791737417384, 2.708998760482675], [-1.887219490427016, 2.172847884726703], [-0.9182457794233834, 6.1113898898974], [-0.7175431378773933, 3.3033577420364177], [-0.7862811582964232, 2.7081113848135385], [-0.5274526967944777, 2.4394401474107608], [-0.9437002178516671, 1.643406321029782]], "mse": 0.4738682088915952, "vol": 9572829.048942637, "inc": 1955, "msevvol": 4.950137587006593e-08, "msevinc": 0.00024238783063508705}