{"beta": [0.03531146790713689, 0.0070480397887500955, 0.014775588286619207, 0.04825875654285389, 0.03218980603599658, 0.4774487372713718, 0.08046696712114099, 0.0011212634419161549, 0.13378555167526213, -0.021918711384643904, 0.029341371848746054, -0.008091935129473109, -0.033070515530513024, 0.035068760271601426, 0.08708271264933772, -0.1010812227601582, -0.12121432393076027], "R": [[-0.10000000000000003, 1.1], [-0.09999999999999998, 1.1], [-0.10000000000000003, 1.1], [-0.09999999999999998, 1.1], [-0.1, 1.1], [-3.6351241692909233, 1.6448237448886112], [-0.9769183989499992, 1.1236269488575596], [-2.2506388573287786, 2.626375163077166], [-0.11061224117798873, 2.3173220832340404], [-1.517848309229576, 2.7088010244563865], [-1.0156236700578178, 2.172004748495182], [-1.4026371056557283, 6.112929475305711], [-0.7169950228232279, 3.3032634050648815], [-0.7856874150981881, 2.7073885696402087], [-0.527513004764509, 2.439110129645856], [-0.9436399543409112, 2.571568308445986]], "mse": 0.5572732756680826, "vol": 4845738.205043418, "inc": 1163, "msevvol": 1.1500276162011303e-07, "msevinc": 0.00047916876669654564}