{"beta": [-0.06946745093931157, -0.07665994328826303, 0.007183997288072155, 0.06037047433315135, -0.08962852465912358, 0.5517890940806119, -0.0068351066956358975, -0.009121458854464951, 0.018493814361196338, -0.05784792195239453, -0.12953136686062933, 0.029428093344556594, -0.007858046279228719, 0.0658613096983947, 0.036281929263960955, -0.04930023533230841, 0.27682784111893655], "R": [[-0.09999999999999998, 1.1], [-0.1, 1.1], [-0.1, 1.0], [-0.1, 1.0], [-0.09999999999999998, 1.1], [-2.679562738466629, 0.05932846376124101], [-1.076292805095683, 1.0242828737245417], [-2.2510396912444732, 0.47878090517847544], [-0.7036852167016414, 2.31791943291289], [-0.6126068972874238, 0.9982166143618095], [-0.24388139906106193, 2.172291814934038], [-1.4028577002652836, 6.115344285810739], [-0.7168216464527583, 3.304913477522386], [-0.7857143967286861, 1.3408161707152977], [-0.5275743359844131, 2.438774607923275], [-0.9437099428352796, 1.2279099649764795]], "mse": 0.6138301109154832, "vol": 159954.0088117685, "inc": 347, "msevvol": 3.837541274991297e-06, "msevinc": 0.0017689628556642168}