{"beta": [-0.2311966748257385, -0.2947271928531187, -0.4650036994547939, -0.2247583950737766, -0.10828434839497574, 0.8110737485371995, 0.10521349994063199, 0.0013058257697184945, 0.006256261871214038, -0.041884835240881504, 0.011722815023971194, 0.054874646636384625, 0.08993356834387398, 0.03455280532736823, 0.1889725238810866, -0.05108576686217945, -0.1500721709256601], "R": [[-0.1, 1.1], [-0.1, 1.1], [-0.09999999999999998, 1.1], [-0.1, 1.1], [-0.1, 1.1], [-1.7261340943418708, 0.35503400273429286], [-0.9762928050956828, 1.1242828737245418], [-1.4979969928038768, 0.514080510499588], [-2.4821366099920725, 1.8564776938948042], [-1.4180186531120405, 2.709040126011043], [-1.8879968750577953, 2.072291814934038], [-0.5325206490993862, 2.5488275555642024], [1.7350153529165613, 3.304913477522386], [-0.43239807579818823, 2.7073977753677876], [-0.4275743359844131, 2.438774607923275], [-0.9437099428352798, 2.570881909663535]], "mse": 0.8420266511274981, "vol": 237483.0342247287, "inc": 54, "msevvol": 3.545628654595568e-06, "msevinc": 0.015593086131990706}