{"beta": [0.09175888103339935, 0.10384451821820485, 0.10585734665109117, 0.09425655324567771, 0.04645318067755751, 0.5305701050359592, -0.05435924238290242, 0.01922716662710062, 0.046531948614504395, 0.046469070752879454, -0.009093646745360921, 0.01626827897422586, 0.07240449601933709, -0.06503946720888311, -0.24526083517158728, -0.02857504909600662, -0.06729070293841796], "R": [[-0.09999999999999999, 1.1], [-0.1, 1.1], [-0.1, 1.1], [-0.1, 1.1], [-0.10000000000000003, 1.1], [-2.679562738466629, 1.0475089990635922], [-0.9762928050956831, 1.1242828737245418], [-2.2510396912444732, 0.7082283397657108], [-1.4386300733610715, 1.5162960411758761], [-1.5180186531120405, 0.9982166143618094], [-1.887996875057795, 2.172291814934038], [-0.5325206490993863, 6.115344285810739], [-0.7168216464527583, 1.1470561030742314], [-0.7857143967286861, 2.7073977753677876], [-0.5275743359844131, 2.438774607923275], [-0.9437099428352796, 0.39926200185177574]], "mse": 0.573091684900452, "vol": 300090.82888891356, "inc": 586, "msevvol": 1.909727421602067e-06, "msevinc": 0.0009779721585331945}