{"beta": [-0.07807219176199773, 0.20204631861633462, 0.11768496617478644, 0.14235314686978143, 0.08093177573271737, 0.5735391975739966, 0.1729251905988568, 0.008234415912350145, 0.06949192455025355, -0.10267156996044782, -0.016828108022786514, -0.12001561895063807, -0.06620557801984041, 0.16013738115020107, 0.11928294820391552, -0.07198080891002052, -0.13913175397290037], "R": [[-0.1, 1.1], [-0.10000000000000003, 1.1], [-0.1, 1.1], [-0.10000000000000003, 1.1], [-0.1, 1.1], [-3.9918644005925885, 6.457576198303895], [-0.9784111940537747, 1.1220651665449353], [-2.2517196049052446, 2.6254058790138397], [-1.4395605249325545, 2.317941267123266], [-1.5169791737417384, 2.6089987604826748], [-1.887219490427016, 2.172847884726703], [0.2366934987967475, 4.47147085227056], [1.1459495759289808, 3.3033577420364177], [0.3273780857374111, 2.7081113848135385], [-0.42745269679447784, 2.4394401474107608], [-0.4291824613714257, 2.5724418339902657]], "mse": 0.7562653884466799, "vol": 3138208.373426377, "inc": 90, "msevvol": 2.4098635222904903e-07, "msevinc": 0.008402948760518666}