{"beta": [0.08450718835041329, 0.048173176835987847, 0.04306393219297748, 0.08917085157100066, 0.018641212649087597, 0.5289897433385601, 0.13275949662954403, -0.055453004414234806, 0.06585796081144207, -0.01671252567737262, 0.03855853279892525, -0.007181737541064594, -0.03793575617987254, -0.03198753678634042, 0.09710367386791738, -0.15253136718947732, -0.1063821357211525], "R": [[-0.09999999999999998, 1.0], [-0.1, 1.0], [-0.09999999999999998, 1.0], [-0.09999999999999998, 1.0], [-0.1, 1.0], [-3.6351241692909233, 0.42981412808792185], [-0.9769183989499992, 1.1236269488575596], [-1.903551324175259, 1.0614990736670042], [-0.018079419522410545, 2.3173220832340404], [-1.417848309229576, 0.9981412909820019], [-1.0156236700578178, 1.300097643856932], [-1.3026371056557282, 1.3925716346984858], [-0.7169950228232279, 3.3032634050648815], [-0.7856874150981881, 1.0875073459147948], [-0.527513004764509, 2.439110129645856], [-0.9436399543409112, 2.057167275597624]], "mse": 0.5180978302628648, "vol": 96261.85405021318, "inc": 777, "msevvol": 5.382171737442423e-06, "msevinc": 0.0006667925743408813}