{"beta": [0.014150235234385017, 0.04920163534819408, -0.04880857142946197, 0.0005676326845680968, 0.010180679552031913, 0.5185263491174665, -0.07657333218246028, -0.02717470303783892, 0.09720533675484078, -0.011360113517394873, 0.014385835387495376, -0.0010823115923730823, -0.05876613798297426, 0.004334419713052165, -0.018520943965729612, 0.017897409090742042, 0.008423396592517627], "R": [[-0.1, 1.0], [-0.10000000000000003, 1.1], [-0.10000000000000003, 1.1], [-0.09999999999999998, 1.0], [-0.1, 1.1], [-2.679562738466629, 7.308664912350222], [-1.076292805095683, 1.0242828737245417], [-2.2510396912444732, 2.6261580138030496], [-1.9155485228682063, 1.3513906088223067], [-0.6126068972874237, 2.709040126011043], [-1.8879968750577953, 2.072291814934038], [-1.4028577002652836, 6.115344285810739], [-0.7168216464527583, 3.304913477522386], [-0.7857143967286861, 2.7073977753677876], [-0.5275743359844131, 2.3387746079232747], [-0.9437099428352796, 0.39926200185177585]], "mse": 0.8029045530860427, "vol": 3738381.2331923055, "inc": 759, "msevvol": 2.1477332112552378e-07, "msevinc": 0.0010578452609829284}