{"beta": [-0.18610901356220877, -0.012159123124039415, -0.0508255836064308, -0.010931060541252357, -0.020493093307864862, 0.7918943662065924, -0.22403304719939482, -0.04014288605008895, 0.05382701059728222, -0.07324272556317829, -0.021833124933953754, -0.07046852279569801, 0.039731107576257474, 0.03499536208372984, -0.007050876568850702, 0.08673002246450004, 0.4616854511482569], "R": [[-0.1, 1.1], [-0.10000000000000003, 1.1], [-0.1, 1.1], [-0.10000000000000003, 1.1], [-0.1, 1.1], [-3.9918644005925885, 0.4592034586438297], [-1.0784111940537748, 1.1220651665449353], [-2.2517196049052446, 2.6254058790138397], [-0.6957943253297628, 2.317941267123266], [-1.5169791737417384, 2.708998760482675], [-1.887219490427016, 1.3008344096959592], [0.6216732582034576, 6.111389889897399], [1.1459495759289808, 3.3033577420364177], [0.3273780857374111, 2.7081113848135385], [-0.42745269679447784, 2.4394401474107608], [-0.8437002178516673, 2.5724418339902657]], "mse": 0.402368009843341, "vol": 1332752.4352564598, "inc": 50, "msevvol": 3.0190754051476474e-07, "msevinc": 0.00804736019686682}