{"beta": [-0.020989970783693742, -0.07571349589525433, -0.038652144794767994, -0.07699937741755115, 0.008764025489434965, 0.6069072990360224, 0.10474308607431534, 0.006339472591085567, 0.0528470023765712, -0.013656520391623274, -0.02181496921418389, -0.023068349347317253, 0.039020995360495, -0.008541048787565524, 0.023130731944356313, -0.05155349936356544, -0.020126030724844948], "R": [[-0.1, 1.1], [-0.10000000000000003, 1.1], [-0.1, 1.1], [-0.10000000000000003, 1.1], [-0.1, 1.1], [-3.9918644005925885, 6.457576198303895], [-1.0784111940537748, 1.1220651665449353], [-2.2517196049052446, 2.6254058790138397], [-2.4828060419456293, 2.317941267123266], [-1.5169791737417384, 2.708998760482675], [-1.887219490427016, 2.172847884726703], [-1.4032255388300938, 6.111389889897399], [-0.3236276855763309, 3.3033577420364177], [-0.6862811582964232, 2.7081113848135385], [-0.42745269679447784, 2.4394401474107608], [-0.9437002178516669, 2.5724418339902657]], "mse": 0.5872139507889576, "vol": 21435900.36339293, "inc": 1294, "msevvol": 2.739394850853896e-08, "msevinc": 0.00045379748901774154}