{"beta": [0.2029333825206279, 0.1881581189300487, 0.1406705753035872, 0.08991942673029485, 0.17534359870881772, 0.6242446047304431, -0.007169966366323552, -0.14175069032827048, 0.04321752373487176, -0.0009919863337329957, -0.03941906924078577, -0.009413044476046288, -0.03609586837649659, -0.03775546815295313, 0.05950209399500078, -0.014200230209649979, -0.042113509776302765], "R": [[-0.1, 1.1], [-0.1, 1.1], [-0.09999999999999998, 1.1], [-0.1, 1.1], [-0.1, 1.1], [-2.679562738466629, 1.7736719681872894], [-0.9762928050956828, 1.1242828737245418], [-2.2510396912444732, 2.6261580138030496], [-1.305463445588917, 2.31791943291289], [-1.5180186531120405, 2.709040126011043], [-1.8879968750577953, 2.172291814934038], [-1.3028577002652835, 6.115344285810739], [-0.7168216464527584, 3.304913477522386], [0.3275508869933057, 2.7073977753677876], [-0.4275743359844131, 2.438774607923275], [-0.42938596127292783, 2.570881909663535]], "mse": 0.6935562543103597, "vol": 4310723.460005335, "inc": 387, "msevvol": 1.6089091790395234e-07, "msevinc": 0.001792135024057777}