{"beta": [-0.06905420945721008, 0.009908081597740908, 0.014724096280174903, -0.03060914422872424, 0.041234855309899246, 0.6471777135611373, 0.12364595372078703, -0.028569740390942528, 0.04821712173711293, -0.05899889939536927, 0.0038053088060047207, -0.05122441797744622, 0.05502123258478859, 0.06964461344192667, 0.03994453402215823, -0.07091354043894132, -0.20163320932335677], "R": [[-0.1, 1.1], [-0.10000000000000003, 1.1], [-0.1, 1.1], [-0.10000000000000003, 1.1], [-0.1, 1.1], [-3.9918644005925885, 6.457576198303895], [-0.9784111940537747, 1.1220651665449353], [-2.2517196049052446, 2.6254058790138397], [-2.4828060419456293, 2.317941267123266], [-1.5169791737417384, 2.708998760482675], [-1.887219490427016, 2.172847884726703], [-0.9182457794233834, 4.856450611677269], [0.8520341236279183, 3.3033577420364177], [0.3273780857374111, 2.7081113848135385], [-0.42745269679447784, 2.4394401474107608], [-0.9437002178516669, 2.5724418339902657]], "mse": 0.547609688336911, "vol": 7453645.562606991, "inc": 381, "msevvol": 7.346870517752104e-08, "msevinc": 0.0014372957699131524}