{"beta": [0.046180263354694065, -0.003530572290777347, -0.04423589739747662, 0.09783202561611683, -0.015147743887532107, 0.4820702302519585, 0.12089558472997884, -0.02322158290995981, 0.09871165430382492, -0.025040358705169453, 0.0016750625278677417, 0.0344684045177464, 0.04141595292461971, -0.07034467262556533, 0.05467036452097349, -0.09860955108426148, -0.07068518898451043], "R": [[-0.1, 1.1], [-0.10000000000000003, 1.1], [-0.1, 1.0], [-0.09999999999999998, 1.1], [-0.1, 1.0], [-3.6351241692909233, 0.42658271953260085], [-0.9769183989499992, 1.1236269488575596], [-0.6681136584076486, 1.3438848258424547], [-0.5118977523895822, 2.3173220832340404], [-1.517848309229576, 2.708801024456387], [-1.0156236700578178, 1.300097643856932], [-1.3026371056557282, 1.0075418146478838], [-0.6169950228232279, 3.3032634050648815], [-0.785687415098188, 1.3408208832023638], [-0.527513004764509, 2.339110129645856], [-0.9436399543409112, 1.2283652099008997]], "mse": 0.4406191940592256, "vol": 119180.56902313561, "inc": 462, "msevvol": 3.697072414326966e-06, "msevinc": 0.0009537211992623931}