{"beta": [0.13049154274261007, -0.12391493962793242, -0.019794857721632555, -0.06712428882150091, 0.11883682302943309, 0.7050436631384392, 0.25248941735713243, -0.25250806456277597, 0.10960297543357904, 0.04835121883462265, -0.011335485123900011, 0.017523370725265393, 0.14110872850588074, -0.27711332093762153, 0.02299048729071611, 0.11042175307927062, -0.11285088949665938], "R": [[-0.1, 1.1], [-0.1, 1.1], [-0.09999999999999998, 1.1], [-0.1, 1.1], [-0.1, 1.1], [-2.5234161171426313, 0.35503400273429286], [-0.9762928050956828, 1.1242828737245418], [-1.4979969928038768, 2.6261580138030496], [-0.8534604452624716, 2.31791943291289], [-1.4180186531120405, 2.709040126011043], [-1.8879968750577953, 1.3002340769356713], [-0.9176891746823349, 3.3191646067300997], [1.7350153529165613, 3.304913477522386], [0.3275508869933057, 2.7073977753677876], [-0.4275743359844131, 2.438774607923275], [-0.9437099428352798, 2.570881909663535]], "mse": 0.6501839536615582, "vol": 412899.9843969597, "inc": 61, "msevvol": 1.5746766244400606e-06, "msevinc": 0.010658753338714069}