{"beta": [0.04046500999893976, -0.004527105748383966, -0.08898867001956827, 0.06677856353938172, 0.037011216259303294, 0.48332662730682335, 0.12265766877139378, 0.10339704721852358, 0.11511460901658283, -0.010137937369306212, 0.09545124347571998, -0.048203178212685965, -0.007381648954956781, -0.01677609659917744, 0.043453777638606965, 0.0016438783987137524, -0.13271779387628174], "R": [[-0.1, 1.1], [-0.10000000000000003, 1.1], [-0.1, 1.0], [-0.09999999999999998, 1.0], [-0.1, 1.1], [-3.6351241692909233, 0.42658271953260085], [-0.9769183989499992, 1.1236269488575596], [-0.6681136584076486, 1.3968321543753544], [-0.3126112848258824, 2.2058282532675677], [-1.417848309229576, 0.9981412909820018], [-1.0156236700578178, 1.300097643856932], [-1.4026371056557283, 1.3925716346984858], [-0.6169950228232279, 3.3032634050648815], [-0.4323738778106191, 2.6073885696402086], [-0.527513004764509, 2.439110129645856], [-0.9436399543409112, 1.6427662427492618]], "mse": 0.4947335176449333, "vol": 132653.5849838901, "inc": 214, "msevvol": 3.7295148691610215e-06, "msevinc": 0.002311838867499688}