{"beta": [0.07147351707277368, 0.037687342013235, -0.0040406620895760866, 0.0751115167052619, 0.019772474096622247, 0.5405350642947213, 0.08865673541848113, -0.025659469277072914, 0.07348758875847523, -0.029030002475892058, 0.04280113507909076, -0.00935156224405277, -0.07645938766592235, 0.023120477663099607, 0.08757814372910014, -0.10607689067081146, -0.08520225980059089], "R": [[-0.10000000000000003, 1.1], [-0.09999999999999998, 1.1], [-0.10000000000000003, 1.1], [-0.09999999999999998, 1.1], [-0.1, 1.1], [-3.6351241692909233, 1.5608071224502655], [-0.9769183989499992, 1.1236269488575596], [-1.2152360532475903, 1.0438499641560357], [-0.11061224117798873, 2.3173220832340404], [-1.417848309229576, 1.8034711577191944], [-1.0156236700578178, 2.172004748495182], [-1.4026371056557283, 6.112929475305711], [-0.7169950228232279, 0.8523351417491218], [-0.7856874150981881, 2.7073885696402087], [-0.527513004764509, 2.439110129645856], [-0.9436399543409112, 2.571568308445986]], "mse": 0.5127534971775021, "vol": 657158.9132529561, "inc": 1038, "msevvol": 7.802579967140018e-07, "msevinc": 0.0004939821745447996}