{"beta": [-0.1334346920340549, -0.04544073169836705, -0.0782863789512858, -0.11207197423655263, -0.10681316630037933, 0.4940322344350627, 0.10472425807584955, -0.04695363034486203, 0.011915109507870088, 0.03369617298715205, -0.056223855914431194, 0.026940163108602432, 0.01631419180634164, 0.010155955532745132, 0.018825697754799132, -0.09860445992529858, 0.057017582815712155], "R": [[-0.09999999999999999, 1.0], [-0.09999999999999999, 1.0], [-0.1, 1.0], [-0.1, 1.0], [-0.09999999999999998, 1.0], [-1.2044401345936242, 0.6616328189398555], [-1.0784111940537748, 1.0220651665449352], [-1.3927898094013935, 1.095793938646121], [-0.488242445769833, 2.0827623299772164], [-1.4169791737417383, 0.19341199994802694], [-1.887219490427016, 0.5288209346652153], [-0.9182457794233834, 6.1113898898974], [-0.7175431378773933, 2.3216113851332305], [-0.7862811582964232, 2.7081113848135385], [-0.5274526967944777, 2.3394401474107607], [-0.9437002178516671, 2.5724418339902657]], "mse": 0.4810016882207164, "vol": 118259.41499206514, "inc": 486, "msevvol": 4.067343714265712e-06, "msevinc": 0.0009897154078615563}