{"beta": [-0.10381490957980914, 0.03590254470087523, 0.1604293838517454, 0.43757275686466124, -0.500620737305449, -0.12864836393288187, -0.3323542643426457, 0.12140390849448314, 0.007526019293637791, -0.011805833968449097, -1.0475997852246306, 1.1203926648720108], "R": [[-2.7959321704778626, 6.122627160047834], [-0.6200012420557325, 3.5331412060101], [-0.4210188366629348, 5.334375481884963], [-2.4563033545612583, 4.986747718998426], [-2.4742496470777513, 1.9081669713141847], [-2.362565505455457, 2.6726249832016244], [-1.2452702045669568, 3.6099946272353787], [-3.452326015876494, 2.0396745951178055], [-0.688649780344704, 1.6988029782571497], [-1.4448575338251728, 0.7921097593287006], [-0.9615978541703436, 1.139935764897052]], "mse": 0.3500780613262528, "vol": 10478556.184170756, "inc": 54, "msevvol": 3.340899787845696e-08, "msevinc": 0.0064829270615972745}