{"beta": [-0.613916420849792, 0.45093447119260377, 0.33164895171978614, 0.2885801966022855, -0.3455229012889976, -0.20721238430294478, -0.3439414628816787, 0.1777570751107877, -0.16754763143972315, 0.047271667146566, -0.0489126742248462, 0.08049924982818309], "R": [[-2.7959321704778626, 2.108171950424052], [-0.9577631127278852, 3.5331412060101], [-0.4210188366629348, 5.334375481884963], [-2.4563033545612583, 4.986747718998426], [-0.39774966935839606, 0.9199169824545073], [-2.462565505455457, 2.6726249832016244], [-1.8982079757067631, 3.6099946272353787], [-3.452326015876494, 0.42207441181951544], [-0.688649780344704, 1.6988029782571497], [-1.4448575338251728, 0.7921097593287006], [-0.9615978541703436, 1.139935764897052]], "mse": 0.4800216071900429, "vol": 1529068.1900549787, "inc": 26, "msevvol": 3.139308045985728e-07, "msevinc": 0.018462369507309343}