{"beta": [-0.15806158765538036, -0.3022657669067032, 0.17999787404616668, 0.5597992120021243, -0.443068492633274, -0.4089867590984028, -0.06432239091870867, 0.04349617925736302, -0.13626734375968894, 0.5218373433741421, -0.08225288845878281, -0.0217880332273998], "R": [[-2.7959321704778626, 6.122627160047834], [-0.28223937138357974, 3.5331412060101], [-2.877433136057892, 5.334375481884963], [-2.4563033545612583, 4.986747718998426], [-2.4742496470777513, 1.9081669713141847], [-2.462565505455457, 2.6726249832016244], [-1.898207975706763, 0.3521055787258174], [-3.452326015876494, 4.224581498035601], [-0.688649780344704, 1.6988029782571497], [-1.4448575338251723, 0.7921097593287006], [-0.9615978541703436, 1.139935764897052]], "mse": 0.5928697469262622, "vol": 9075127.106781814, "inc": 24, "msevvol": 6.53290846453503e-08, "msevinc": 0.02470290612192759}