{"beta": [0.21341879721134457, -0.3000491152166416, -0.1725745454110768, 0.24127648994535356, -0.18160109040640096, -0.15355572041004714, -0.35043098737785644, 0.14885396672097964, -0.018262379440303393, 0.0408692804699218, 0.13769613060298497, 0.003109472315636102], "R": [[-2.7959321704778626, 6.122627160047834], [-2.746572466088649, 3.5331412060101], [-2.877433136057892, 5.334375481884963], [-2.4563033545612583, 4.986747718998426], [-2.4742496470777513, 5.631750263799668], [-2.462565505455457, 2.6726249832016244], [-1.898207975706763, 3.6099946272353787], [-3.452326015876494, 4.224581498035601], [-0.688649780344704, 1.7988029782571497], [-1.5448575338251724, 0.7921097593287006], [-1.0615978541703437, 1.039935764897052]], "mse": 0.6386601618614425, "vol": 73608429.48423466, "inc": 205, "msevvol": 8.676454128099958e-09, "msevinc": 0.0031154154237143534}