{"beta": [0.2134187972113623, -0.3000491152166539, -0.1725745454110862, 0.24127648994532885, -0.18160109040638717, -0.15355572041003557, -0.350430987377856, 0.14885396672097995, -0.018262379440303084, 0.04086928046992197, 0.137696130602985, 0.003109472315636036], "R": [[-2.7959321704778626, 6.122627160047834], [-2.746572466088649, 3.5331412060101], [-2.877433136057892, 5.334375481884963], [-2.4563033545612583, 4.986747718998426], [-2.4742496470777513, 5.631750263799668], [-2.462565505455457, 2.6726249832016244], [-1.898207975706763, 3.6099946272353787], [-3.452326015876494, 4.224581498035601], [-0.688649780344704, 1.7988029782571497], [-1.5448575338251727, 0.7921097593287006], [-1.0615978541703437, 1.139935764897052]], "mse": 0.6386601618614437, "vol": 77111034.85853748, "inc": 205, "msevvol": 8.282344583146693e-09, "msevinc": 0.0031154154237143595}