{"beta": [0.08419862445987157, -0.11273644671014824, -0.11933196105302403, -1.014266517004227, 0.2146182624196162, 0.5157889808034393, 0.09148278962905934, 0.4108651313117717, -0.023996126379868327, 0.14325191241069704, 9.597647335186915, -9.640448468622807], "R": [[-2.7959321704778626, 6.122627160047834], [-0.28223937138357974, 1.7443318526493365], [-2.877433136057892, 5.334375481884963], [-0.45931378767657877, 4.986747718998426], [-2.4742496470777513, 1.5787503083609589], [-2.462565505455457, 0.9275614869825971], [-1.1223951443136662, 0.3521055787258174], [-3.452326015876494, 0.6737011069992491], [-0.688649780344704, 1.6988029782571497], [-1.5448575338251724, 0.7921097593287006], [-0.9615978541703436, 1.139935764897052]], "mse": 0.3794546232842997, "vol": 792266.5789191172, "inc": 15, "msevvol": 4.789481638894657e-07, "msevinc": 0.02529697488561998}