{"beta": [-0.005150301393479508, -0.09586056183987722, 0.0498278081204628, 0.240863126164586, -0.3586713912264309, -0.011908728046675539, -0.28997268318048197, 0.37236619171148116, 0.04476166147276998, 0.030123212556264465, 0.9653395111798316, -0.8241686470428221], "R": [[-2.7959321704778626, 6.122627160047834], [-2.746572466088649, 3.5331412060101], [-0.4210188366629348, 5.334375481884963], [-2.4563033545612583, 4.986747718998426], [-2.4742496470777513, 5.631750263799668], [-2.462565505455457, 2.6726249832016244], [-1.8982079757067631, 3.6099946272353787], [-3.452326015876494, 0.8534344606990591], [-0.688649780344704, 1.7988029782571497], [-1.4448575338251728, 0.7921097593287006], [-0.9615978541703436, 1.139935764897052]], "mse": 0.39943816577498864, "vol": 27697104.816808842, "inc": 49, "msevvol": 1.4421657729820817e-08, "msevinc": 0.00815179930153038}