{"beta": [-1.181212824476135, 1.0211205002000177, 0.5687846607309954, 0.578087526059174, -0.30765705276093686, -0.5434443888168664, -0.3996716360410091, 0.137973128171551, -0.2640352024680228, 0.00699902711922529, -0.6525469806090027, 0.6454603061476452], "R": [[-2.7959321704778626, 2.108171950424052], [-0.6200012420557325, 3.5331412060101], [-0.4210188366629348, 5.334375481884963], [-2.4563033545612583, 4.986747718998426], [-0.39774966935839606, 0.9199169824545073], [-1.1287678832911867, 2.6726249832016244], [-1.0118075900857044, 3.6099946272353787], [-1.1955257714787744, 0.35018107033959167], [-0.688649780344704, 1.7988029782571497], [-1.4448575338251728, 0.7921097593287006], [-0.9615978541703436, 1.139935764897052]], "mse": 0.8696383737686556, "vol": 365090.22564581997, "inc": 28, "msevvol": 2.3819820764314464e-06, "msevinc": 0.031058513348880556}