{"beta": [0.229065049101046, -0.4582911378893536, -0.13573292997264438, -0.18305812707696595, -0.33089682510487506, 0.10302361052835655, -0.29655061396642357, 0.38248840172173315, 0.004990791835718486, -0.09619272419720032, 0.29308247141406824, 0.16471213082558375], "R": [[-2.7959321704778626, 6.122627160047834], [-0.28223937138357974, 1.7443318526493365], [-2.877433136057892, 5.334375481884963], [-0.45931378767657877, 4.986747718998426], [-2.4742496470777513, 1.5787503083609589], [-2.462565505455457, 2.6726249832016244], [-1.898207975706763, 0.3521055787258174], [-3.452326015876494, 0.7096477777392116], [-0.688649780344704, 1.6988029782571497], [-1.4448575338251723, 0.7921097593287006], [-0.9615978541703436, 1.139935764897052]], "mse": 1.23800072413744, "vol": 1768415.1885340253, "inc": 19, "msevvol": 7.000622547037235e-07, "msevinc": 0.06515793284933895}