{"beta": [0.03321727828790683, 0.10672729228018682, -0.3460479938970667, -0.08410012596512394, 0.3621039179214652, -0.024027908377786008], "R": [[-1.3767654645611844, 1.5984026258634678], [-1.761779282579846, 0.9121829326680108], [-1.2109108112469629, 2.3330237003102603], [-0.43139153295877275, 2.4180798036097926], [-0.9217648016985405, 1.1848754456205048]], "mse": 0.7964742827794892, "vol": 169.24160343757367, "inc": 13, "msevvol": 0.004706137655291573, "msevinc": 0.061267252521499165}