{"beta": [-0.07344181938524566, -0.011566146932170621, -0.20795744034554084, -0.10825465592841439, 0.3505675525038777, 0.07878845132012477], "R": [[-1.3767654645611844, 3.615181352813236], [-1.761779282579846, 0.9121829326680108], [-1.310910811246963, 2.23302370031026], [-0.43139153295877275, 2.4180798036097926], [-0.9217648016985405, 1.1848754456205048]], "mse": 0.7407129292141047, "vol": 283.9654963921562, "inc": 15, "msevvol": 0.0026084610229940774, "msevinc": 0.04938086194760698}