{"beta": [0.31814319037440825, -0.008242233749213174, -0.26630685068464643, -0.037074958723654905, 0.10926104096409632, -0.038583257459529355], "R": [[-1.3767654645611844, 3.6151813528132357], [-1.7617792825798462, 0.9121829326680108], [-1.2109108112469629, -0.06293264072788862], [-0.5313915329587728, 2.4180798036097926], [-1.0217648016985406, 1.1848754456205048]], "mse": 0.9747412130709685, "vol": 99.73200745704128, "inc": 29, "msevvol": 0.009773604662383138, "msevinc": 0.03361176596796443}