{"beta": [-0.005671877975697314, -0.011401003789682802, -0.22397668574230956, -0.07225588852211326, 0.12884254531822953, -0.028058601672498684], "R": [[-1.3767654645611844, 3.615181352813236], [-1.761779282579846, 0.9121829326680108], [-1.310910811246963, 2.3330237003102603], [-0.5313915329587728, 2.4180798036097926], [-0.9217648016985405, 1.0848754456205048]], "mse": 1.0254270858291175, "vol": 287.8786635888773, "inc": 106, "msevvol": 0.0035620114149673182, "msevinc": 0.009673840432350164}