{"beta": [-3.0360178576510672, 0.7158512100346925, 0.40959321759222694, -0.10504631941211506, -0.01870304188063282, -3.259164495069918], "R": [[-1.0850875918662075, -1.0211949676345486], [-1.761779282579846, 0.9121829326680108], [-1.310910811246963, 2.3330237003102603], [-0.5313915329587728, 2.4180798036097926], [-1.0217648016985406, 1.1848754456205048]], "mse": 0.8193634935173219, "vol": 4.051839841680925, "inc": 14, "msevvol": 0.20222010877345167, "msevinc": 0.058525963822665845}