{"beta": [-0.005671877975697464, -0.011401003789682779, -0.22397668574230922, -0.07225588852211356, 0.12884254531822983, -0.028058601672498646], "R": [[-1.3767654645611844, 3.615181352813236], [-1.761779282579846, 0.9121829326680108], [-1.310910811246963, 2.3330237003102603], [-0.43139153295877297, 2.4180798036097926], [-0.9217648016985405, 1.1848754456205048]], "mse": 0.9992869818921473, "vol": 291.9782148965785, "inc": 159, "msevvol": 0.003422471030059912, "msevinc": 0.006284823785485203}