{"beta": [0.40904983496121644, 0.16396271265806983, -0.0567615898423426, -0.019543641441482778, 0.07069619512455437, 0.1936715829792112], "R": [[-1.3767654645611844, -0.8295170949395718], [-1.761779282579846, 0.9121829326680108], [-1.310910811246963, 2.3330237003102603], [-0.5313915329587728, 2.4180798036097926], [-1.0217648016985406, 1.0848754456205048]], "mse": 0.5509416560032672, "vol": 33.13178716743813, "inc": 39, "msevvol": 0.016628793768925686, "msevinc": 0.014126709128288902}