{"beta": [-0.005671877975697328, -0.011401003789682814, -0.22397668574230956, -0.07225588852211327, 0.12884254531822953, -0.028058601672498684], "R": [[-1.3767654645611844, 3.615181352813236], [-1.761779282579846, 0.9121829326680108], [-1.310910811246963, 2.3330237003102603], [-0.5313915329587728, 2.4180798036097926], [-1.0217648016985406, 1.1848754456205048]], "mse": 0.9992869818921473, "vol": 316.57126695647105, "inc": 159, "msevvol": 0.0031565940633189256, "msevinc": 0.006284823785485203}