{"beta": [0.036740419426453244, 0.06369561785685031, 0.15169691326447982, -0.09671711045328245, 0.07583163607699579, 0.169628430232542], "R": [[-1.3767654645611844, 3.615181352813236], [-1.761779282579846, 0.9121829326680108], [-1.310910811246963, -0.06293264072788851], [-0.5313915329587728, 2.4180798036097926], [-1.0217648016985406, 1.1848754456205048]], "mse": 0.8717515846785135, "vol": 108.41962974971487, "inc": 76, "msevvol": 0.008040532758605976, "msevinc": 0.011470415587875179}