{"beta": [0.12149265973240739, 0.06480678279448158, -0.014919835889183108, -0.1465309317529972, 0.11780740606630867, 0.08953923771481634], "R": [[-1.3767654645611844, 3.615181352813236], [-1.761779282579846, 0.9121829326680108], [-1.310910811246963, 1.0850455297911856], [-0.5313915329587728, 2.4180798036097926], [-1.0217648016985406, 1.1848754456205048]], "mse": 0.8760917348691546, "vol": 208.1516372067562, "inc": 147, "msevvol": 0.004208911093016944, "msevinc": 0.005959807720198331}