{"beta": [0.3181431903744087, -0.008242233749213778, -0.17550156765593533, -0.03707495872365501, 0.10926104096409633, 0.07137384147827787], "R": [[-1.3767654645611844, 3.6151813528132357], [-1.7617792825798462, 0.9121829326680108], [-1.2109108112469629, -0.06293264072788862], [-0.5313915329587728, 2.4180798036097926], [-1.0217648016985406, 1.1848754456205048]], "mse": 0.9747412130709686, "vol": 99.73200745704128, "inc": 29, "msevvol": 0.00977360466238314, "msevinc": 0.03361176596796443}