{"beta": [-0.1637515502138076, 0.10758008006283229, -0.06888331288776652, -0.018528727000113234, -0.01590323394337266, -0.1476616573504983, -0.07245420739115666], "R": [[-1.0125229852869313, 1.6968959665685883], [-1.0618306677398395, 0.8506275495398143], [-1.1934563591118503, 1.420181465660709], [-0.12686202545495318, 26.016148822943872], [-0.956551151406026, 18.730810247203966], [0.179611989442777, 4.357104412223306]], "mse": 0.2534711245128443, "vol": 29118.72226724558, "inc": 634, "msevvol": 8.704747488112255e-06, "msevinc": 0.00039979672636095316}