{"beta": [-0.15608893478293479, 0.6011883457399352, -0.20816806815672811, -0.1660576738618364, 0.07213105604981616, -0.05334470712812241, -0.0015415840387905649], "R": [[-0.7225875461918736, 1.6968959665685883], [-1.0618306677398395, 1.5755795222543159], [-1.1934563591118503, 1.4201814656607088], [1.1996053595968625, 26.016148822943872], [-0.9565511514060262, 3.4492934971186213], [-3.1508650991369676, 2.0312269060677512]], "mse": 0.010260639114595887, "vol": 9449.772298307747, "inc": 10, "msevvol": 1.0858080798871046e-06, "msevinc": 0.0010260639114595886}