{"beta": [0.13650926210886696, -0.5678600174980739, 0.7561237612986731, 0.4605765789396401, -0.6174695570750597, -0.004350677284362254, -0.385556946641128], "R": [[0.0, 0.9258200997725514], [-1.13130082502003, -0.3685849127250698], [-1.2772928491263928, 1.3340984998439032], [0.48188739365376204, 26.150966377476646], [-0.9760197726155687, 1.1092630160261188], [0.8288437800843271, 1.7587160610478425]], "mse": 0.037000604913369574, "vol": 91.78250783836823, "inc": 6, "msevvol": 0.00040313351405181426, "msevinc": 0.006166767485561595}