{"beta": [-0.034140222119061675, -0.3961250977944193, 0.22260696152106796, 0.05397691318452906, -0.24893781960752967, -0.03127172197857655, -0.5340971452662747], "R": [[-1.3024584243819892, 0.727089649283415], [-1.0618306677398395, 1.5755795222543156], [-1.1934563591118503, 1.420181465660709], [0.6961280452532362, 26.016148822943872], [-0.956551151406026, 18.730810247203966], [0.35689426869410235, 2.011528875039826]], "mse": 0.020008036713591363, "vol": 11539.21071499254, "inc": 8, "msevvol": 1.7339172676338721e-06, "msevinc": 0.0025010045891989204}