{"beta": [-0.10835156183891273, 0.24086565337992905, -0.15148321767689138, 0.002687272872423975, 0.0937455468209481, -0.24063743794424536, -0.24908988174283012], "R": [[-1.302458424381989, 1.6968959665685883], [-1.0618306677398395, 1.5755795222543159], [-1.1934563591118503, 1.4201814656607088], [1.1569326070010717, 26.016148822943872], [-0.9565511514060262, 18.730810247203966], [-3.1508650991369676, 4.357104412223306]], "mse": 0.03665153049511405, "vol": 75971.08262362951, "inc": 19, "msevvol": 4.824405448674522e-07, "msevinc": 0.0019290279207954762}