{"beta": [0.10383113752871458, -0.09579250427416112, 0.06722518264149435, 0.0030219850955905997, -0.010621817812121436, -0.18756576171279846, -0.20450885816869419], "R": [[-1.720185174601965, 1.720185174601965], [-1.13130082502003, 1.4962299892472233], [-1.2772928491263928, 1.3340984998439032], [1.2518316835140437, 26.150966377476646], [-0.9760197726155688, 19.14347425562218], [-3.261858092384089, 4.1252797458964094]], "mse": 0.012905554965033778, "vol": 87357.96065154547, "inc": 23, "msevvol": 1.4773187089968387e-07, "msevinc": 0.0005611110854362513}