{"beta": [0.4817772013431732, 0.6767805583174613, -0.24358997411335706, -0.8295737366654066, 0.226986963362416, -0.16721463653769722, -0.09214495637259189], "R": [[0.23145502494313785, 0.9258200997725514], [-1.03130082502003, -0.5105954653597042], [-1.2772928491263928, 0.8234385531142617], [-0.23821647948833943, 0.48536082654034973], [0.0419982871178996, 0.842889293487456], [0.7126097449638877, 1.642482025927403]], "mse": 0.24122424059022812, "vol": 0.40929091039920096, "inc": 18, "msevvol": 0.5893711159012806, "msevinc": 0.013401346699457119}