{"beta": [-0.21161887369257937, -0.015851306543648795, -0.0064734403156604245, -0.03855458455266379, -0.04954254325444641, -0.10046478343525707, -0.02091610724241659], "R": [[-1.6923938634770468, 1.6968959665685883], [-1.0618306677398395, 1.5755795222543156], [-1.1934563591118503, 1.4201814656607088], [-0.23792987968180157, 26.016148822943872], [-0.9565511514060261, 18.730810247203966], [-3.1508650991369676, 4.357104412223306]], "mse": 0.7960367989605407, "vol": 90664.77576043956, "inc": 1546, "msevvol": 8.78000074763193e-06, "msevinc": 0.0005149009048903885}