{"beta": [-0.5410273826411878, 0.5452370577045101, -0.293491527903778, -1.026977837912518, -0.40820687701165226, -0.7918471111150798, 1.7860641691186037], "R": [[0.4371542101883572, 1.5968959665685882], [-1.0618306677398395, -0.35832790469728654], [-1.1934563591118503, -0.5045287298673459], [0.031213438295346285, 0.7232520497400927], [0.06255276262509107, 0.9190573994042298], [1.0069292926156366, 1.656964316537171]], "mse": 0.2171289275244846, "vol": 0.21656960556806124, "inc": 16, "msevvol": 1.0025826429103764, "msevinc": 0.013570557970280287}