{"beta": [-0.023230483184109915, -0.2023097510172343, 0.2201535524154542, -0.004335710552078153, -0.08796476618986598, -0.006219244684113477, -0.31163972378583493], "R": [[-0.9258200997725514, 1.720185174601965], [-1.13130082502003, 0.2572325311930279], [-1.2772928491263928, 0.5294899476747826], [0.11553861516890274, 26.150966377476646], [-0.440829404187589, 2.0513280459000987], [-3.2618580923840894, 4.1252797458964094]], "mse": 0.06993428204857374, "vol": 3181.774277090217, "inc": 114, "msevvol": 2.1979649075713113e-05, "msevinc": 0.0006134586144611732}