{"beta": [-0.4430367140839383, 0.249257432942284, -0.2993478919701744, -0.7062138415115757, -0.39759571637614755, -0.09522412294588407, 0.34680152126678176], "R": [[0.4371542101883572, 1.5968959665685882], [-1.0618306677398395, -0.35832790469728654], [-1.1934563591118503, -0.5045287298673459], [0.031213438295346285, 0.7232520497400927], [0.06255276262509107, 1.151737806650153], [0.888741106448085, 1.656964316537171]], "mse": 0.236630081370163, "vol": 0.3254768645193564, "inc": 8, "msevvol": 0.7270258109423638, "msevinc": 0.029578760171270375}