{"beta": [-0.08772407949724106, 0.05188933049843465, -0.03289574291621111, -0.12956283490191595, 0.07714349150926479, -0.2619584703927519, -0.0542518913094573], "R": [[-1.0125229852869313, 1.6968959665685883], [-1.0618306677398395, 1.5755795222543159], [-1.1934563591118503, 1.4201814656607088], [1.085291593698083, 26.016148822943872], [-0.9565511514060262, 1.4009959254350355], [-3.1508650991369676, 2.0903209991515275]], "mse": 0.011562002502627507, "vol": 5753.4244759945805, "inc": 9, "msevvol": 2.0095862126753323e-06, "msevinc": 0.0012846669447363897}