{"beta": [-0.07100912178289427, -0.08519136510462828, 0.1604342103234227, -0.008099811072519288, -0.006228221175597268, -0.014879178863291213, -0.2582737853949472], "R": [[-0.9258200997725515, 1.7201851746019652], [-1.13130082502003, 1.496229989247223], [-1.2772928491263928, 1.3340984998439032], [0.11553861516890274, 26.150966377476646], [-0.9760197726155687, 19.14347425562218], [-3.261858092384089, 4.1252797458964094]], "mse": 0.07467173848398491, "vol": 70253.57990794153, "inc": 151, "msevvol": 1.0628887322444325e-06, "msevinc": 0.000494514824397251}