{"beta": [0.5476620273064144, 0.3592174280346971, -0.34988728400883046, -0.015618265429857071, -0.706708645135081, 0.22184924353832364, -0.1278230477286802], "R": [[-1.720185174601965, 1.720185174601965], [-1.13130082502003, 1.4962299892472233], [-1.2772928491263928, 1.3340984998439032], [2.367551869722617, 26.150966377476646], [-0.9760197726155688, 19.14347425562218], [-3.261858092384089, 4.1252797458964094]], "mse": 0.0015828912218578683, "vol": 83443.48565781901, "inc": 7, "msevvol": 1.896962008932503e-08, "msevinc": 0.00022612731740826692}