{"beta": [0.17755888481101728, -0.2948639627226786, 0.14030068774859852, 0.003437978989618064, -0.29885256145164757, 0.10275085050549768, -0.6720262076383348], "R": [[-1.7201851746019647, 1.1572751247156892], [-1.13130082502003, 0.11764950937266083], [-0.886479052440575, 1.3340984998439032], [0.11553861516890274, 26.150966377476646], [-0.20227300976739537, 1.0959008413253646], [0.8288437800843271, 4.1252797458964094]], "mse": 0.14933819599757556, "vol": 889.1246946219762, "inc": 32, "msevvol": 0.00016796091358262045, "msevinc": 0.004666818624924236}