{"beta": [-0.14673808521605214, 0.0257955914865165, -0.01590308719848217, -0.019221145194425648, -0.018056845572787437, -0.16737262411178547, -0.07003704020301371], "R": [[-1.5923938634770467, 1.5968959665685882], [-1.0618306677398395, 0.8377092755328452], [-1.1934563591118503, 1.4201814656607088], [-0.12726748379485242, 26.016148822943872], [-0.42283375836257986, 18.730810247203966], [0.179611989442777, 4.357104412223306]], "mse": 0.4052862985880435, "vol": 33122.05283971283, "inc": 639, "msevvol": 1.2236146731283258e-05, "msevinc": 0.0006342508585102402}