{"beta": [-0.0949868990637778, -0.04292344058474565, 0.09573929484617626, -0.019874642496433646, -0.04497864049822863, -0.11645617876138521, 0.025939990784939696], "R": [[-1.720185174601965, 1.720185174601965], [-1.13130082502003, 1.4962299892472228], [-1.2772928491263928, 1.3340984998439034], [-0.23821647948833946, 26.150966377476646], [-0.9760197726155687, 19.14347425562218], [-1.0502731210294418, 4.1252797458964094]], "mse": 0.626369799286413, "vol": 64867.13568259448, "inc": 2466, "msevvol": 9.656196357294748e-06, "msevinc": 0.0002540023516976533}