{"beta": [-0.10080987688469137, -0.020742888713675973, 0.19772419212974937, -0.009606472478831594, -0.012334916078580924, -0.03134020554976377, -0.3868998122878929], "R": [[-1.6923938634770468, 1.6968959665685883], [-1.0618306677398395, 1.5755795222543156], [-1.1934563591118503, 1.420181465660709], [0.11285884652224776, 26.016148822943872], [-0.956551151406026, 18.730810247203966], [-3.150865099136967, 4.357104412223306]], "mse": 0.14973160251919984, "vol": 89453.37613142117, "inc": 196, "msevvol": 1.6738507700281811e-06, "msevinc": 0.000763936747546938}