{"beta": [-0.094986899063778, -0.04292344058473109, 0.09573929484616166, -0.019874642496433954, -0.044978640498229264, -0.11645617876138371, 0.025939990784939092], "R": [[-1.7201851746019647, 1.7201851746019652], [-1.13130082502003, 1.496229989247223], [-1.2772928491263928, 1.3340984998439032], [-0.23821647948833946, 26.150966377476646], [-0.9760197726155687, 19.14347425562218], [-1.0502731210294416, 4.1252797458964094]], "mse": 0.6263697992864128, "vol": 64867.13568259446, "inc": 2466, "msevvol": 9.656196357294748e-06, "msevinc": 0.0002540023516976532}