{"beta": [0.022887419544306183, -0.15225257935724906, 0.09612790883010985, -0.00455760327169688, -0.014672087905317608, -0.0394571154144367, -0.37000196790668655], "R": [[-1.1572751247156892, 1.720185174601965], [-1.13130082502003, 1.4962299892472228], [-1.2772928491263928, 1.3340984998439034], [0.5569162898008055, 26.150966377476646], [-0.9760197726155687, 19.14347425562218], [-3.2618580923840885, 4.1252797458964094]], "mse": 0.023960033109226658, "vol": 75103.71021983492, "inc": 73, "msevvol": 3.1902595809306374e-07, "msevinc": 0.0003282196316332419}