{"beta": [0.016496309587014715, -0.39947704614984336, 0.041906688076350875, -0.0009574272661127471, -0.04547524635146067, 0.06015744426535877, -0.8151872953136905], "R": [[-1.1572751247156892, 0.9258200997725514], [-1.13130082502003, 1.496229989247223], [-1.2772928491263928, 1.3340984998439032], [0.48188739365376204, 26.150966377476646], [-0.9760197726155687, 19.14347425562218], [0.8288437800843271, 4.1252797458964094]], "mse": 0.03331073991478102, "vol": 24333.293090379804, "inc": 36, "msevvol": 1.3689367810208337e-06, "msevinc": 0.0009252983309661394}