{"beta": [-0.359144493288894, -0.1520377273706739, 0.07527807805766666, 0.05905092692581248, -0.10390566194777802, -0.022123625197707983, -0.4187891638598668], "R": [[-1.6923938634770468, 1.0170250883784726], [-1.0618306677398395, 0.2841734213851726], [-0.8284389259518233, 0.9501707871230756], [0.12373439765074384, 26.016148822943872], [-0.12578539017774337, 18.730810247203966], [0.888741106448085, 1.5584741613975446]], "mse": 0.07297034144187484, "vol": 2121.000520906103, "inc": 13, "msevvol": 3.440373574764683e-05, "msevinc": 0.005613103187836526}