{"beta": [-0.09621659222622876, 0.27286503420886443, -0.4341526202097799, 0.0020989999578118162, -0.12394978454486827, 0.1454611220208698, -0.73383370794032], "R": [[-1.7201851746019647, 0.9258200997725514], [-1.13130082502003, 1.4962299892472233], [-1.2772928491263928, 1.3340984998439032], [0.1569040431819022, 26.150966377476646], [0.06244316457396598, 0.9412543095319129], [0.8288437800843271, 1.468130973246744]], "mse": 0.043378890684645025, "vol": 265.14057927738025, "inc": 18, "msevvol": 0.00016360713551607516, "msevinc": 0.002409938371369168}