{"beta": [-0.22402867660747317, -0.018987102697277138, 0.061486762135044275, -0.025704072891395164, -0.011063515760181185, -0.1522597674477991, -0.037505123493238826], "R": [[-1.6923938634770468, 1.6968959665685883], [-1.0618306677398395, 1.5755795222543159], [-1.1934563591118503, 1.4201814656607088], [-0.08647837480099341, 26.016148822943872], [-0.9565511514060262, 18.730810247203966], [-3.1508650991369676, 4.357104412223306]], "mse": 0.40951532722369316, "vol": 90141.75924616263, "inc": 534, "msevvol": 4.543014587782481e-06, "msevinc": 0.0007668826352503617}