{"beta": [-0.14060256396794268, 0.018387658814628786, -0.08792106196679476, -0.01779908168650825, -0.036958137489819465, -0.25379389319743223, 0.07469273633062118], "R": [[-1.5923938634770467, 1.5968959665685882], [-1.0618306677398395, 1.5755795222543156], [-1.1934563591118503, 1.4201814656607088], [-0.23792987968180163, 26.016148822943872], [-0.9565511514060262, 18.730810247203966], [0.5538745789733551, 4.357104412223306]], "mse": 0.5724491022981586, "vol": 43216.93291998632, "inc": 452, "msevvol": 1.3245944670761698e-05, "msevinc": 0.001266480314818935}