{"beta": [0.0042858802727218405, -0.22619434745422662, 0.09562742510483715, -0.003972529281011465, 0.0016674089207919986, -0.0646575865565816, -0.42339796640009014], "R": [[-1.720185174601965, 1.720185174601965], [-1.13130082502003, 1.4962299892472233], [-1.2772928491263928, 1.3340984998439032], [0.4022730169370732, 26.150966377476646], [-0.9760197726155688, 19.14347425562218], [-3.261858092384089, 4.1252797458964094]], "mse": 0.06278435243080417, "vol": 90338.61493845955, "inc": 87, "msevvol": 6.94989097116157e-07, "msevinc": 0.0007216592233425767}