{"beta": [-0.11627553605168259, -0.05710760862406713, 0.07501667390211847, -0.006061231965553771, -0.03581612995038696, -0.02339951166037966, -0.5377318991707569], "R": [[-0.7225875461918737, 0.727089649283415], [-1.0618306677398395, 0.48404105696469335], [-1.1934563591118503, 1.420181465660709], [0.16394891425434577, 26.016148822943872], [-0.4795696286042809, 18.730810247203966], [-0.037066351864401215, 4.357104412223306]], "mse": 0.05506980272243575, "vol": 12782.0512987627, "inc": 61, "msevvol": 4.308369715881714e-06, "msevinc": 0.0009027836511874713}