{"beta": [-0.03531331040012266, 0.04015032761745103, 0.06508837912754384, -0.012605448059689902, -0.02667257664941628, -0.09011920227733697, -0.012983392683582205], "R": [[-0.4629100498862757, 1.720185174601965], [-1.13130082502003, 0.14508060757388086], [-1.2772928491263928, 0.982108103876507], [-0.11226641205303545, 26.150966377476646], [-0.2674368737871602, 19.14347425562218], [0.5382586922832285, 4.1252797458964094]], "mse": 0.14035284557795388, "vol": 11512.628621378746, "inc": 223, "msevvol": 1.2191207602868484e-05, "msevinc": 0.0006293849577486721}