{"beta": [-0.1518153781751451, -0.8892029046993969, 0.6246180078335496, -0.06003630999968111, -0.26776972776975894, -0.07101187466389491, -0.31959227265341233], "R": [[-0.14271666800175814, 0.727089649283415], [-1.0618306677398395, 1.5755795222543156], [-1.1934563591118503, 1.420181465660709], [0.6961280452532362, 26.016148822943872], [-0.956551151406026, 18.730810247203966], [0.179611989442777, 2.011528875039826]], "mse": 0.003541797832129528, "vol": 5475.237737215841, "inc": 5, "msevvol": 6.468756247889489e-07, "msevinc": 0.0007083595664259055}