{"beta": [-0.10529812277407638, 0.3016326145481477, 0.3248567582340288, -1.1423601260021092, 0.02797105257601709, -0.09021458024546708, 0.5309291249101151], "R": [[0.0, 0.9258200997725514], [-1.13130082502003, -0.5105954653597042], [-1.1772928491263928, 0.10074456582786406], [-0.23821647948833943, 0.48536082654034973], [-0.21117020657794922, 1.0959008413253646], [0.5576310314699685, 1.5068756516202237]], "mse": 0.12910818697539278, "vol": 0.6593529377874521, "inc": 68, "msevvol": 0.19581043713649438, "msevinc": 0.0018986498084616586}