{"beta": [-0.24030088764235064, -0.041554691574229474, 0.03484261626331513, -0.03563493093687997, -0.04232213817008517, -0.0922326690967272, -0.006312319775737831], "R": [[-1.0125229852869313, 1.6968959665685883], [-1.0618306677398395, 1.5755795222543156], [-1.1934563591118503, 1.420181465660709], [-0.23792987968180157, 26.016148822943872], [-0.956551151406026, 18.730810247203966], [-3.150865099136967, 4.357104412223306]], "mse": 0.682364530140156, "vol": 72477.97445158543, "inc": 1302, "msevvol": 9.414784771557996e-06, "msevinc": 0.0005240895008756958}