{"beta": [0.0452620335557717, -0.11813476152328133, 0.08919906386869005, -0.004902806418647482, 0.0024273963583484144, -0.05564948714100645, -0.3628057783821501], "R": [[-1.720185174601965, 1.720185174601965], [-1.13130082502003, 1.4962299892472233], [-1.2772928491263928, 1.3340984998439032], [0.6080476015818919, 26.150966377476646], [-0.9760197726155688, 19.14347425562218], [-3.261858092384089, 4.1252797458964094]], "mse": 0.03039708264888899, "vol": 89616.66020832794, "inc": 68, "msevvol": 3.3919008561830155e-07, "msevinc": 0.000447015921307191}