{"beta": [-0.12779994670677872, 0.02178001353293532, 0.028591019059689256, -0.019563958920070373, -0.03306287855406299, -0.15014489030421996, -0.0656048871155345], "R": [[-1.6923938634770468, 1.6968959665685883], [-1.0618306677398395, 1.5755795222543156], [-1.1934563591118503, 1.4201814656607088], [-0.23792987968180157, 26.016148822943872], [-0.42283375836257986, 18.730810247203966], [0.179611989442777, 4.357104412223306]], "mse": 0.3997000377203171, "vol": 49078.9948660519, "inc": 542, "msevvol": 8.1440143346699e-06, "msevinc": 0.0007374539441334264}