{"beta": [0.16550440585748394, -0.3241383913942843, -0.032078860560614396, 0.3439127253944612, -0.3781042818616201, -0.05476649756300557, -0.8879355572240397], "R": [[-1.6923938634770468, 1.3069605274735303], [-1.0618306677398395, 0.48404105696469335], [-0.8284389259518233, 0.46092640004167795], [0.32436213494726407, 26.016148822943872], [-0.4795696286042809, 2.4328874543730676], [0.888741106448085, 1.656964316537171]], "mse": 0.03312752788673544, "vol": 343.65169465194936, "inc": 5, "msevvol": 9.639855819796559e-05, "msevinc": 0.006625505577347088}