{"beta": [-0.12055056604569622, 0.07918983043820309, 0.39863690337149843, -0.26686937228489466, -0.0042182240608818105, -0.0819428496650846, 0.10531408320767052], "R": [[0.4371542101883572, 1.5968959665685882], [-1.0618306677398395, -0.3666150993432667], [-1.1934563591118503, -0.3235058930094039], [-0.05796191052968308, 26.016148822943872], [0.06255276262509107, 18.730810247203966], [0.6917607961688321, 1.7160584096209468]], "mse": 0.1457110111622932, "vol": 349.71539983500844, "inc": 27, "msevvol": 0.0004166559757764111, "msevinc": 0.0053967041171219705}