{"beta": [0.07468890456070683, -0.11946007513484067, 0.10716340530444682, -0.0028526159369761835, 0.004049912905702337, -0.10565633582920779, -0.27457645418330673], "R": [[-1.6201851746019649, 1.6201851746019649], [-1.13130082502003, 1.4962299892472228], [-1.2772928491263928, 1.3340984998439034], [0.810762911016324, 26.150966377476646], [-0.9760197726155687, 19.14347425562218], [-3.2618580923840885, 4.1252797458964094]], "mse": 0.01842719594578217, "vol": 83737.07442506321, "inc": 29, "msevvol": 2.2006018328563383e-07, "msevinc": 0.0006354205498545576}