{"beta": [-0.08286196054261198, -0.058154532514331295, 0.13828958330868044, -0.01801155450478601, -0.022378159274670996, -0.06346871540115599, -0.0885013956539999], "R": [[-1.720185174601965, 1.720185174601965], [-1.13130082502003, 1.4962299892472228], [-1.2772928491263928, 1.3340984998439034], [-0.0337160315763092, 26.150966377476646], [-0.9760197726155687, 19.14347425562218], [-3.2618580923840885, 4.1252797458964094]], "mse": 0.25810163611243814, "vol": 91868.27107360917, "inc": 415, "msevvol": 2.809475274718461e-06, "msevinc": 0.0006219316532829834}