{"beta": [-0.1036758236431495, -0.021032234790443954, 0.0766774918395265, -0.025951040080732797, -0.04576759915301401, -0.07188081930908395, 0.00790351450080674], "R": [[-1.720185174601965, 1.720185174601965], [-1.13130082502003, 1.4962299892472233], [-1.2772928491263928, 1.3340984998439032], [-0.13283700602564696, 26.150966377476646], [-0.9760197726155688, 19.14347425562218], [-3.261858092384089, 4.1252797458964094]], "mse": 0.449598510401738, "vol": 92216.0344112559, "inc": 1718, "msevvol": 4.875491700246654e-06, "msevinc": 0.0002616987837029907}