{"beta": [-0.10734081845066101, -0.0023689673722176252, 0.2243741887634935, -0.009546119252719035, -0.012085358816724474, -0.034351672645146984, -0.35027078355453267], "R": [[-1.6923938634770468, 1.6968959665685883], [-1.0618306677398395, 0.3512022016100118], [-1.1934563591118503, 1.4201814656607088], [0.1190125456695178, 26.016148822943872], [-0.956551151406026, 18.730810247203966], [-3.1508650991369676, 4.357104412223306]], "mse": 0.09567066846113996, "vol": 47914.62964539561, "inc": 184, "msevvol": 1.996690137629677e-06, "msevinc": 0.0005199492851148911}