{"beta": [-0.08168981760777716, -0.1778299864176642, 0.14521691930261707, -0.003959308035825533, -0.07062188107516691, -0.006809832841863371, -0.3583107540373832], "R": [[-0.9258200997725515, 1.1572751247156892], [-1.13130082502003, 0.2572325311930279], [-1.2772928491263928, 0.3756431796104779], [0.11553861516890274, 26.150966377476646], [-0.9760197726155687, 2.0513280459000987], [-3.261858092384089, 4.1252797458964094]], "mse": 0.0773130016518907, "vol": 2783.7147298330033, "inc": 106, "msevvol": 2.777332060046568e-05, "msevinc": 0.0007293679401121764}