{"beta": [-0.14778369218483517, -0.0052476591148632, 0.3084661072721209, -0.01157660168217081, -0.03290237355771218, -0.06773439381018297, -0.2169557912123769], "R": [[-1.0125229852869313, 1.0170250883784726], [-1.0618306677398395, 0.35120220161001187], [-1.1934563591118503, 1.4201814656607088], [0.1190125456695178, 26.016148822943872], [-0.27934382309440964, 18.730810247203966], [-3.1508650991369676, 4.357104412223306]], "mse": 0.06461418492299704, "vol": 27704.919527827646, "inc": 100, "msevvol": 2.33222785065651e-06, "msevinc": 0.0006461418492299704}