{"beta": [-0.07098456040624654, 0.14851405927946995, 0.23655523220645172, -0.16874789814279245, -0.0018046097967983452, -0.08683017687206673, -0.045522320885588205], "R": [[0.4371542101883572, 1.5968959665685882], [-1.0618306677398395, -0.3666150993432667], [-1.1934563591118503, -0.3235058930094039], [-0.05796191052968308, 26.016148822943872], [0.06255276262509107, 18.730810247203966], [0.6917607961688321, 4.357104412223306]], "mse": 0.081900168618194, "vol": 1251.4205748279924, "inc": 72, "msevvol": 6.544575841695041e-05, "msevinc": 0.0011375023419193612}