{"beta": [-0.0952896457302287, -0.01537826788447035, 0.05080315706670103, -0.005183177792190228, -0.0024491630640859443, -0.04461817706209731, -0.5057909750544567], "R": [[-1.302458424381989, 1.6968959665685883], [-1.0618306677398395, 1.5755795222543159], [-1.1934563591118503, 1.4201814656607088], [0.18705077200940212, 26.016148822943872], [-0.9565511514060262, 18.730810247203966], [0.35689426869410235, 4.357104412223306]], "mse": 0.04118333771240869, "vol": 42056.238898283125, "inc": 91, "msevvol": 9.792444305829242e-07, "msevinc": 0.0004525641506858098}