{"beta": [-0.10995989980030467, -0.017145840193036416, 0.05778548814577152, -0.01851483232956581, -0.0445575030676578, -0.10454667517958834, 0.04042771112261875], "R": [[-1.388730149658827, 1.7201851746019652], [-1.13130082502003, 1.4962299892472233], [-1.2772928491263928, 1.3340984998439032], [-0.23821647948833943, 26.150966377476646], [-0.9760197726155686, 19.14347425562218], [-0.1204008400659261, 4.1252797458964094]], "mse": 0.29080505508489823, "vol": 48086.037152029094, "inc": 973, "msevvol": 6.047598685778312e-06, "msevinc": 0.00029887467120750074}