{"beta": [-0.12402241452013303, -0.08338140352316073, 0.2950043322181959, -0.009063128560716947, -0.04712025976889469, -0.09188350038132524, -0.2348939192735581], "R": [[-1.0125229852869313, 1.0170250883784726], [-1.0618306677398395, 0.2841734213851726], [-1.1934563591118503, 0.5183709802712648], [0.1190125456695178, 26.016148822943872], [-0.20856384815795226, 18.730810247203966], [0.27810214458240123, 4.357104412223306]], "mse": 0.08385699525334823, "vol": 9355.715173481782, "inc": 60, "msevvol": 8.963183861244077e-06, "msevinc": 0.0013976165875558039}