{"beta": [-0.14019326166650461, -0.036699529357414974, -0.014234687317194619, -0.014691243651501653, -0.030293535653664508, -0.11133565162075627, -0.16548128659647202], "R": [[-0.1427166680017582, 1.6968959665685883], [-1.0618306677398395, 0.837709275532845], [-1.1934563591118503, 1.4201814656607088], [-0.23792987968180151, 26.016148822943872], [-0.9565511514060261, 18.730810247203966], [0.179611989442777, 4.357104412223306]], "mse": 0.3919178788944915, "vol": 19720.602891166567, "inc": 487, "msevvol": 1.9873524204984773e-05, "msevinc": 0.0008047595049168203}