{"beta": [-0.1540422321487318, 0.06515211466018446, -0.02953575014998203, -0.017786262281019347, -0.035599298929812305, -0.14671479471794602, -0.045555800654922575], "R": [[-0.7225875461918736, 1.6968959665685883], [-1.0618306677398395, 1.5755795222543156], [-1.1934563591118503, 1.4201814656607088], [-0.23792987968180163, 26.016148822943872], [-0.9565511514060262, 18.730810247203966], [0.179611989442777, 4.357104412223306]], "mse": 0.4090113397622259, "vol": 36011.87390352333, "inc": 720, "msevvol": 1.135767999349262e-05, "msevinc": 0.0005680713052253137}