{"beta": [-0.009314512653225878, -0.14466503135680409, 0.03812733806299901, -0.0054958092284309625, 0.0014829611723870607, -0.09583822684110911, -0.3192233044835856], "R": [[-1.720185174601965, 1.720185174601965], [-1.13130082502003, 1.4962299892472228], [-1.2772928491263928, 1.3340984998439034], [0.2590659875299717, 26.150966377476646], [-0.9760197726155687, 19.14347425562218], [0.11206723017495057, 4.1252797458964094]], "mse": 0.0641242544298079, "vol": 49351.24523116869, "inc": 111, "msevvol": 1.2993442035644737e-06, "msevinc": 0.0005776959858541253}