{"beta": [-0.1505604222174241, -0.0445599253105758, 0.084749445705595, -0.028212444679767048, -0.04341956729054604, -0.06321345875790296, 0.03670510204250629], "R": [[-1.6201851746019647, 1.7201851746019652], [-1.13130082502003, 1.4962299892472233], [-1.2772928491263928, 1.3340984998439032], [-0.23821647948833943, 26.150966377476646], [-0.9760197726155686, 19.14347425562218], [-3.261858092384089, 4.1252797458964094]], "mse": 2.7182806937463084, "vol": 89894.59887579914, "inc": 1814, "msevvol": 3.0238531877782334e-05, "msevinc": 0.0014985009337079981}