{"beta": [-0.004741214067572219, -0.1742701003008302, -0.12474962695718148, 0.10628456146471228, -0.07557122415827316, -0.07347184034299915, -0.7151294525039398], "R": [[-1.1572751247156892, 0.9258200997725514], [-1.13130082502003, -0.3685849127250698], [-1.2772928491263928, 1.3340984998439032], [0.48188739365376204, 1.5650630239032197], [-0.032418448110434706, 19.14347425562218], [0.8288437800843271, 1.8943224353550219]], "mse": 0.037596139346152926, "vol": 91.82123225946192, "inc": 11, "msevvol": 0.00040944930078825806, "msevinc": 0.003417830849650266}