{"beta": [0.0853877859398207, 0.19086868353467365, -0.17307606289567218, 0.006789101548499993, -0.11502441713310756, -0.12542871096414634, -0.17289158945906144], "R": [[-0.4629100498862757, 1.1572751247156892], [-1.13130082502003, 1.4962299892472228], [-1.2772928491263928, 1.3340984998439034], [0.810762911016324, 26.150966377476646], [-0.9760197726155687, 1.4805114151506873], [-3.2618580923840885, 1.8943224353550219]], "mse": 0.012614684008263422, "vol": 3568.1649856281665, "inc": 9, "msevvol": 3.5353421321807626e-06, "msevinc": 0.0014016315564737137}