{"beta": [-0.2116188736925801, -0.015851306543648476, -0.006473440315660509, -0.0385545845526638, -0.04954254325444617, -0.10046478343525701, -0.020916107242416604], "R": [[-1.6923938634770468, 1.6968959665685883], [-1.0618306677398395, 1.5755795222543156], [-1.1934563591118503, 1.4201814656607088], [-0.23792987968180157, 26.016148822943872], [-0.9565511514060261, 18.730810247203966], [-3.1508650991369676, 4.357104412223306]], "mse": 0.7960367989605407, "vol": 90664.77576043956, "inc": 1546, "msevvol": 8.78000074763193e-06, "msevinc": 0.0005149009048903885}