{"beta": [-0.06343206061156058, -0.0952472190520253, 0.1549385409217345, -0.013564586958372503, -0.004013018308881425, -0.08087108598845558, -0.1199346488767038], "R": [[-1.7201851746019647, 1.7201851746019652], [-1.13130082502003, 1.496229989247223], [-1.2772928491263928, 1.3340984998439032], [0.010669772859810078, 26.150966377476646], [-0.9760197726155687, 19.14347425562218], [0.20892892610865021, 4.1252797458964094]], "mse": 0.16171868106127996, "vol": 48622.14666393715, "inc": 369, "msevvol": 3.326029230651514e-06, "msevinc": 0.00043826200829615166}