{"beta": [-0.15056042221742424, -0.044559925310585814, 0.08474944570560451, -0.028212444679766826, -0.04341956729054545, -0.0632134587579037, 0.036705102042506536], "R": [[-1.6201851746019647, 1.7201851746019652], [-1.13130082502003, 1.4962299892472233], [-1.2772928491263928, 1.3340984998439032], [-0.23821647948833943, 26.150966377476646], [-0.9760197726155686, 19.14347425562218], [-3.261858092384089, 4.1252797458964094]], "mse": 0.6334797009791057, "vol": 89894.59887579914, "inc": 2692, "msevvol": 7.046916154043234e-06, "msevinc": 0.00023531935400412544}