{"beta": [-0.1046308580677626, -0.1050826120217712, 0.2006668678333912, -0.007175783301878408, -0.0015643184492623767, -0.03336648096129809, -0.47396148906508784], "R": [[-1.6923938634770468, 1.6968959665685883], [-1.0618306677398395, 1.5755795222543156], [-1.1934563591118503, 1.420181465660709], [0.1328491011316778, 26.016148822943872], [-0.956551151406026, 18.730810247203966], [-3.150865099136967, 4.357104412223306]], "mse": 0.05132848024131903, "vol": 89384.34259297226, "inc": 138, "msevvol": 5.742446467951611e-07, "msevinc": 0.00037194550899506543}