{"beta": [-0.03796989516285892, -0.06756381021311915, 0.1463910894536615, -0.011462869300773847, -0.006296863450706025, -0.027372944598209655, -0.24753264372623301], "R": [[-1.720185174601965, 1.720185174601965], [-1.13130082502003, 1.4962299892472228], [-1.2772928491263928, 1.3340984998439034], [0.10946125169935272, 26.150966377476646], [-0.9760197726155687, 19.14347425562218], [-3.2618580923840885, 4.1252797458964094]], "mse": 0.0865774679463905, "vol": 91365.93733260478, "inc": 263, "msevvol": 9.475902122168075e-07, "msevinc": 0.00032919189333228326}