{"beta": [0.4647552983966016, -0.13918967221286804, 0.15791692496228477, 0.3030653380307408, 0.6320966729769082, -0.22080884884052995, 0.18802953539153805, 0.09151308903231338, 1.2560837305037431, -0.03527884751397362, 0.3429431975796301, -0.15858598537616753], "R": [[-0.6022541502987504, 1.2439426390745507], [-0.4170307524955992, 1.9840992016873509], [-3.013722095571801, 0.8752265887911221], [-2.4014857337967093, 1.1512325718947218], [-0.08866615309115944, 1.533604824160173], [-1.4927862899373063, 0.5872624339956686], [0.45024779092391465, 2.412479047148351], [-0.21340330868756002, 8.918084865187856], [-0.25036706077527937, 6.750392678051216], [-4.7899245497589265, 0.9498355076536615], [-1.5534174462253758, 0.34606329387668333]], "mse": 1.2395182558974356, "vol": 282650.075414339, "inc": 12, "msevvol": 4.385345569359625e-06, "msevinc": 0.10329318799145297}