{"beta": [0.09762670919829486, -0.042502320696241984, -0.07323529075927851, 0.6126146623321447, -0.08518831267316107, -0.03273879944160492, 0.7082257416074007, 17.359823005777567, -12.83577842948769, -0.751344423190888, 0.469462205542315, 0.9946672839164064], "R": [[-1.39348134574445, 0.18897304514694946], [-1.4675251074506397, 0.33332235818657274], [-1.7000934330596535, 0.10578601675842059], [-1.2802591926767084, 0.17863586606614978], [-1.4405586341339367, -0.08866615309115944], [-1.4927862899373063, -0.029435428878931802], [-1.2883164539645324, 0.48059157323666335], [-0.21340330868756002, 8.918084865187856], [-0.25036706077527937, 6.750392678051216], [-0.4322455945179431, 1.2710592628791177], [-1.3125321740327764, 0.17794544765893172]], "mse": 0.5765733927719102, "vol": 4264.04119518666, "inc": 17, "msevvol": 0.0001352175943850539, "msevinc": 0.033916081927759426}