{"beta": [0.08216640054037486, -0.03461551882115333, 0.03231635832933054, 0.02156368179039408, -0.024797477882101696, 0.05580068051175734, 0.1332792486799571, 0.05157451216091972, -0.03016364468498962, 0.0204232465481259, 0.2163877605699441, 0.020790324969412712], "R": [[-1.811888519021148, 1.667323226505601], [-2.0125996747469777, 2.308173809528907], [-2.521978111015047, 24.050349106616267], [-0.5549786572408464, 5.670996570404462], [-4.241444488552639, 5.041763475283599], [-1.0713491666585488, 9.29572167341846], [-0.9395076438021857, 2.0998775547542006], [-0.6117999790190289, 2.053888317691431], [-1.0041149963561595, 1.1060539909527929], [-4.1498813091984434, 3.3012268919967234], [-1.8909183913560328, 3.296846054511241]], "mse": 0.9001933483823015, "vol": 158178316.80139723, "inc": 559, "msevvol": 5.691003461065719e-09, "msevinc": 0.0016103637717035805}