{"beta": [0.05288869199302636, -0.044905773493287615, 0.057616100576526434, 0.01706027569927577, -0.006292364120915206, 0.04391159912119406, 0.020455580362720976, 0.05406207464301454, -0.0512576912159464, -0.0026668912955875746, 0.2293224345467733, 0.004003385976327301], "R": [[-1.8118885190211482, 2.048924205299496], [-2.0125996747469777, 2.308173809528907], [-2.521978111015047, 24.050349106616267], [-2.306328501214799, 5.670996570404462], [-4.241444488552639, 5.041763475283599], [-3.1759735352273033, 9.29572167341846], [-0.9395076438021857, 15.110644293668837], [-0.6117999790190289, 2.053888317691431], [-1.0041149963561595, 1.206053990952793], [-4.1498813091984434, 3.3012268919967234], [-1.8909183913560328, 3.296846054511241]], "mse": 0.9869354825762863, "vol": 1496462358.7829792, "inc": 872, "msevvol": 6.59512400551743e-10, "msevinc": 0.0011318067460737227}