{"beta": [0.004439285877374433, 0.14885207458194177, 0.38790387334016313, 0.20169619662254845, -0.2653522541587689, 0.1133854483426846, -0.08734794696471064, -0.03148073706788908, 0.20751182031947046, -0.43984531076813926, 0.16731525868505828, -0.04028453382821287, -7.966020127900085e-05, 0.007553495312235932, 0.06027237647347434, -0.1348656658615686, 0.06339810710928377, -0.13941295318462, -0.11844431330985329, 0.3118792941837643, 0.007284327367248101, -0.041637662865996544, -0.19556047919059535, 0.25468171644019494, -0.13764020761615256, 0.06830513109268765, -0.03516106566444402, -0.13071099062147948], "R": [[-0.1, 1.1], [-0.1, 1.1], [-0.1, 1.1], [-0.1, 1.1], [-0.1, 1.1], [-0.1, 1.1], [-0.1, 1.1], [-0.1, 1.1], [-0.1, 1.1], [-0.1, 1.1], [-0.1, 1.1], [-0.1, 1.1], [-0.1, 1.1], [-0.1, 1.1], [-0.1, 1.1], [-0.1, 1.1], [-0.1, 1.1], [-0.1, 1.1], [-0.1, 1.1], [-0.1, 1.1], [-2.4981993196613552, 3.7962268675753306], [-2.048731692570825, 3.70956534419748], [-2.7506561756272165, 2.221574435698607], [-2.5468817033043174, 3.9147135853931747], [-1.7919422551589224, 3.079874271543797], [-1.335654730362813, 5.625192628894896], [-3.311921066360926, 2.377114349452829]], "mse": 0.8034853406692127, "vol": 8613066.854051575, "inc": 723, "msevvol": 9.328678788685522e-08, "msevinc": 0.0011113213563889526}