{"beta": [0.06621801752164426, -0.1907208794761477, 0.10521891016793095, 0.520779282856465, -0.1690179688778108, -0.36113438743698134, 0.519332995174763, 2.0747720541699683, -3.4125, -0.4256846376417223, 0.5433154895908503, 0.06730184471923777], "R": [[-1.39348134574445, 0.18897304514694946], [-2.1678075959963774, 0.4083576692547899], [-3.013722095571801, 0.10578601675842059], [-1.2802591926767084, 0.17863586606614978], [-2.982577280579566, -0.08866615309115944], [-1.4927862899373063, 0.04373211417398626], [-1.2883164539645324, 0.48059157323666335], [-0.21340330868756002, 8.918084865187856], [-0.25036706077527937, 6.750392678051216], [-0.4322455945179431, 1.2710592628791177], [-1.4103918158610198, 0.25071287363377925]], "mse": 0.7201907977986227, "vol": 26394.863910317094, "inc": 22, "msevvol": 2.7285262778608915e-05, "msevinc": 0.03273594535448285}