{"beta": [0.12439648132744291, 0.026259430824307064, 0.06335832990702846, 0.05496930743360976, 0.009364397521528216, 0.05180726354383222, 0.01155618131022765, -0.025956127569613286, 0.0047667297627897, -0.001206330105138479, 0.3555777338379731, 0.04536222062032107], "R": [[-1.7572237442263514, 2.1351698345202506], [-2.1678075959963774, 2.5343110680966534], [-3.013722095571801, 1.68835779267426], [-2.4014857337967093, 1.102602736603293], [-2.982577280579566, 5.4189037710799495], [-3.014327126394013, 1.1830552845694342], [-1.2883164539645324, 22.438229432520206], [-0.21340330868756002, 8.918084865187856], [-0.25036706077527937, 6.750392678051216], [-4.7899245497589265, 8.738392508636064], [-2.3133427231696846, 0.5944762308253014]], "mse": 0.7432678866547789, "vol": 634515415.2948881, "inc": 508, "msevvol": 1.1713945299648057e-09, "msevinc": 0.0014631257611314545}