{"beta": [0.12023169060150218, 0.0745480533165739, -0.5147925343760275, 0.0390774672268327, -0.8894472659163883, -0.16493112975574006, 0.028883049693009376, 0.12159520478942003, 0.384938540195654, -0.3846996546285005, 0.21461459768735602, 0.026231393743019367, 0.0005880002616265845, 0.12050580977575485, -0.2035284837688616, -0.06880387785118969, 0.13513612250452964, -0.18029782371543332, 0.08664977676832036, 0.2033798622138576, 0.025325958546704008, 0.004378402991774879, -0.45042252395529986, 0.32495823439033683, -0.07801670539133894, -0.08979356463704675, 0.16705514634974708, -0.28031089279474936], "R": [[-0.1, 1.0], [-0.10000000000000003, 1.0], [-0.1, 1.1], [-0.09999999999999998, 1.1], [-0.1, 1.1], [-0.10000000000000002, 1.0], [-0.1, 1.1], [-0.1, 1.1], [-0.1, 1.1], [-0.1, 1.0], [0.0, 1.1], [-0.09999999999999998, 1.1], [-0.1, 1.1], [-0.1, 1.1], [-0.1, 1.1], [-0.09999999999999998, 1.0], [-0.09999999999999998, 1.1], [0.0, 1.1], [-0.09999999999999998, 1.1], [-0.1, 1.0], [-2.4981993196613552, 0.6490137739569877], [-2.048731692570825, 0.27458712213649694], [-1.099681283835746, 1.882963132690004], [-0.9440987743016932, 3.9147135853931747], [-1.4416663499097078, 1.5616443738498846], [-1.335654730362813, 0.5672378987725761], [-0.8790809492056789, 0.9048554954993902]], "mse": 0.7405503875698358, "vol": 20647.94952246898, "inc": 173, "msevvol": 3.586556557414929e-05, "msevinc": 0.004280638078438357}