{"beta": [0.028302377440028198, 0.1927403492094517, 0.1427250842655167, -0.027990862958679648, 0.14950680480409054, 0.019298648048488354, 0.12454502956440477, -0.05277135719526378, 0.06731595725276797, 0.11781185592050064, 0.35636341990821047, 0.1169887761100936], "R": [[-1.7572237442263514, 0.9802002405926492], [-2.1678075959963774, 0.9336048467323101], [-3.013722095571801, 1.0354255722427257], [-2.4014857337967093, 5.238879065791867], [-2.982577280579566, -0.08866615309115944], [-3.014327126394013, 1.1726027784190176], [-1.2883164539645324, 0.2378413147346713], [-0.21340330868756002, 8.918084865187856], [-0.25036706077527937, 6.750392678051216], [-1.5574346648320654, 1.7826659821427002], [-2.3133427231696846, 0.25071287363377925]], "mse": 0.6188687969083322, "vol": 2659091.861010194, "inc": 114, "msevvol": 2.3273690013598207e-07, "msevinc": 0.005428673657090633}