{"beta": [-0.18243627563792061, 0.013857163748625816, -0.1916722077494159, 0.4767318929819714, -0.5262936755978214, -0.4276649233947498, 0.25242600690685757, -13.936599916639505, 9.597242166088849, -0.21912286871191672, 0.8501313078366455, -0.3258735953453136], "R": [[-1.6572237442263515, 0.18897304514694946], [-1.4675251074506397, 0.10821642498192108], [-1.367559179531326, 0.10578601675842059], [-1.2802591926767084, -0.01588347509956467], [-1.4405586341339367, -0.08866615309115944], [-1.37780872228272, 0.08554213877565409], [-1.2883164539645324, 0.48059157323666335], [-0.21340330868756002, 8.918084865187856], [-0.25036706077527937, 6.750392678051216], [-0.3250199269862995, 1.1746553456797304], [-1.4103918158610198, 0.25071287363377925]], "mse": 0.55277039553698, "vol": 3020.09408986372, "inc": 17, "msevvol": 0.0001830308523804712, "msevinc": 0.03251590561982236}