{"beta": [0.037593424636614435, -0.10015245565404342, 0.03542791019483111, 0.03492501187586233, -0.0268983540768433, 0.033933376779645995, 0.03265012245300743, 0.07186937978782908, 0.23399787918682818, -0.10319981146932546, 0.22357706487865528, -0.3154276368445779], "R": [[-1.8118885190211484, 2.048924205299496], [-2.0125996747469777, 2.308173809528907], [-2.521978111015047, 24.050349106616267], [-2.306328501214799, 5.670996570404462], [-4.241444488552639, 5.041763475283599], [-3.1759735352273033, 9.29572167341846], [-0.9395076438021857, 15.110644293668837], [-0.6117999790190289, 2.053888317691431], [-0.9041149963561594, 1.1060539909527929], [-4.1498813091984434, 3.3012268919967234], [-1.890918391356033, 3.296846054511241]], "mse": 0.9203302207835778, "vol": 1361046255.5460012, "inc": 400, "msevvol": 6.761931984555334e-10, "msevinc": 0.0023008255519589445}