{"beta": [0.05504350670776595, -0.025244004618979236, 0.07827295834126645, 0.027354849189308205, -0.04770803683157633, 0.05532419211684424, -0.0018431694938053093, 0.05626297399425152, -0.037942893269168124, 0.018182258876093756, 0.253988451866616, 0.022035273965647015], "R": [[-1.811888519021148, 2.048924205299496], [-2.0125996747469777, 1.0406213223174063], [-2.521978111015047, 24.050349106616267], [-2.306328501214799, 5.670996570404462], [-4.241444488552639, -0.004537891161876972], [-3.1759735352273033, 1.54845093406358], [-0.9395076438021857, 15.110644293668837], [-0.6117999790190289, 1.953888317691431], [-0.9041149963561597, 1.206053990952793], [-2.4185520488288605, 3.3012268919967234], [-1.8909183913560328, 2.0179199127607936]], "mse": 1.0077130221578618, "vol": 97173732.61403824, "inc": 390, "msevvol": 1.0370220377973648e-08, "msevinc": 0.0025838795439945177}