{"beta": [-0.04161873407263719, -0.08916455306546112, -0.010156992441159389, -0.038165666591603774, -0.129032497411766, 0.036490552308716076, -0.008422827742342962, 0.04933930004822862, -0.9206294583841049, -0.10837561539779295, 0.28800152220892555, 0.8313688295045065], "R": [[-1.8118885190211484, 0.25931833253612246], [-2.0125996747469777, 0.903262206174877], [-2.521978111015047, 24.050349106616267], [-2.306328501214799, 5.670996570404462], [-4.241444488552639, 0.4451258694240753], [-3.1759735352273033, 9.29572167341846], [-0.9395076438021857, 15.110644293668837], [-0.6117999790190289, 2.053888317691431], [-0.9041149963561594, 1.206053990952793], [-4.1498813091984434, 0.9339503188661973], [-1.890918391356033, 3.296846054511241]], "mse": 0.9812926089739177, "vol": 178170209.3866804, "inc": 162, "msevvol": 5.507613266840988e-09, "msevinc": 0.0060573617837896155}