{"beta": [0.14718252106166937, -0.2305149092264737, 0.2879191430623271, 0.1285992386023293, -0.19869476491169397, 0.15879208077423107, 0.10652721123016483, 0.07694296211949317, 0.01179567529052541, 0.15260218034555809, 0.3489678636778695, 0.1059145125459808], "R": [[-1.7118885190211481, -0.30388362505166944], [-2.0125996747469777, 0.4911848577472884], [-2.521978111015047, 0.381890200810302], [-1.3007495545194057, 0.5104083388713813], [-4.241444488552639, 0.4451258694240753], [-0.9652843852527946, 0.6893262046769713], [-0.9395076438021857, 15.110644293668837], [-0.6117999790190289, 1.9538883176914312], [-0.9041149963561594, 1.206053990952793], [-0.425204803232887, 3.3012268919967234], [-1.890918391356033, 3.296846054511241]], "mse": 0.799220012799566, "vol": 241523.26924783146, "inc": 45, "msevvol": 3.309080799082227e-06, "msevinc": 0.017760444728879245}