{"beta": [0.07785841420577222, 0.04474453768344058, 0.05110657515685002, 0.010562171881135183, 0.06050231068337008, 0.0818481183596105, 0.01669866918888751, -0.009749982851383407, 0.017611846516446077, 0.002947560189522388, 0.3249723178808892, 0.011481938830085713], "R": [[-1.7572237442263516, 2.1351698345202506], [-2.1678075959963774, 2.5343110680966543], [-3.013722095571801, 10.965817738591115], [-2.4014857337967093, 5.238879065791867], [-2.982577280579566, 5.4189037710799495], [-3.014327126394013, 1.1830552845694347], [-1.2883164539645324, 22.438229432520206], [-0.21340330868756002, 8.918084865187856], [-0.25036706077527937, 6.750392678051216], [-4.789924549758926, 8.738392508636064], [-2.3133427231696846, 3.6729222526233776]], "mse": 0.8378307505818496, "vol": 8467840243.083076, "inc": 1230, "msevvol": 9.89426732827451e-11, "msevinc": 0.0006811632118551624}