{"beta": [0.08391512882076867, 0.04439325446774856, 0.05468658453047374, 0.030533957854308024, 0.0299410082844496, 0.09963854573174516, 0.037819588234628075, -0.007518743289101277, 0.015829032964424016, 0.00031116798273335964, 0.3155222696694796, 0.020694461286196945], "R": [[-1.7572237442263516, 2.1351698345202506], [-2.1678075959963774, 2.534311068096654], [-3.013722095571801, 10.965817738591115], [-2.4014857337967093, 5.238879065791867], [-2.982577280579566, 5.4189037710799495], [-3.014327126394013, 9.279222489638407], [-1.2883164539645324, 22.438229432520206], [-0.21340330868756002, 8.918084865187856], [-0.25036706077527937, 6.750392678051216], [-4.7899245497589265, 8.738392508636064], [-2.3133427231696846, 3.672922252623378]], "mse": 0.881156728833994, "vol": 24801126982.633736, "inc": 914, "msevvol": 3.5528898725086094e-11, "msevinc": 0.0009640664429255951}