{"beta": [0.07508577438967502, 0.004871452750257714, 0.09634848957559847, 0.08700758104748146, -0.04925990191116069, 0.14251706880016335, 0.028778955156173108, 0.0041517941616670715, -0.005744100412021106, -0.030952501370336567, 0.22146916641240208, 0.020558900348611995], "R": [[-1.7572237442263516, 2.1351698345202506], [-2.1678075959963774, 2.534311068096654], [-3.013722095571801, 1.6883577926742601], [-2.4014857337967093, 1.102602736603293], [-1.4405586341339367, 5.4189037710799495], [-3.014327126394013, 9.279222489638407], [-0.15662785533106582, 22.438229432520206], [-0.21340330868756002, 8.918084865187856], [-0.25036706077527937, 6.750392678051216], [-4.7899245497589265, 8.738392508636064], [-2.3133427231696846, 2.8979416461670318]], "mse": 0.9938673293640914, "vol": 2589570025.0305786, "inc": 461, "msevvol": 3.837962749635841e-10, "msevinc": 0.0021558944237832786}