{"beta": [-0.2252237144672669, -0.07507028010364597, 0.1257355233033809, -0.027015543144548005, 0.01618083349990857, -0.022522519335826344, -0.16604726886198082, 0.00014725181260718712, 0.1357127464612612, 0.13844697114873314, 0.22712233660071104, -0.22137430372785782], "R": [[-1.7118885190211484, -0.022282646257774763], [-1.2258040940343302, 0.834582648103612], [-1.017549410340962, 0.38687929033312285], [-1.6736350031586855, 3.2271451789575623], [-2.792453206794782, -0.09447064327906751], [-0.8380066475658898, 1.2196501117057423], [-0.9395076438021857, 1.7405001673394598], [-0.6117999790190289, 1.953888317691431], [-0.9041149963561597, 1.206053990952793], [-0.531974717931093, 3.3012268919967234], [-1.8909183913560326, 2.5892456583783185]], "mse": 0.8568376509029747, "vol": 33145.44956086646, "inc": 49, "msevvol": 2.5850838116693084e-05, "msevinc": 0.01748648267148928}