{"beta": [-0.04507332600729122, 0.014604012020866617, 0.10316305383643871, 0.17085337555505498, -0.15426290412162713, -0.4579838252720318, 0.6720891665530453, -0.09473779198032552, -20.62753878031441, -0.04871533114587305, 0.5483112415225836, -3.201766914430918], "R": [[-1.7572237442263516, 0.45271544362885097], [-2.1678075959963774, 0.33332235818657274], [-3.013722095571801, -0.07140376796835302], [-2.4014857337967093, 0.17863586606614978], [-2.982577280579566, -0.08866615309115944], [-1.597311351441476, 0.08554213877565409], [-1.2883164539645324, 0.612081296591909], [-0.21340330868756002, 8.918084865187856], [-0.25036706077527937, 6.750392678051216], [-3.4045536263392084, 1.2710592628791177], [-1.8219041558567106, 0.10517802168408374]], "mse": 425.8911719726265, "vol": 223690.7026034706, "inc": 46, "msevvol": 0.0019039288044420436, "msevinc": 9.258503738535358}