{"beta": [0.12318401537934995, 0.03329936377738979, 0.02328949848646691, 0.06749347934453037, -7.946956226542687e-05, 0.06738417150207245, 0.015874247932335217, -0.034204300541177624, 0.02046205465719537, 0.003128213244588602, 0.3299449873952231, 0.034802231467982524], "R": [[-1.7572237442263516, 2.1351698345202506], [-2.1678075959963774, 2.534311068096654], [-3.013722095571801, 10.965817738591115], [-2.4014857337967093, 1.102602736603293], [-2.982577280579566, 5.4189037710799495], [-3.014327126394013, 1.1830552845694344], [-1.2883164539645324, 22.438229432520206], [-0.21340330868756002, 8.918084865187856], [-0.25036706077527937, 6.750392678051216], [-4.7899245497589265, 8.738392508636064], [-2.3133427231696846, 0.5944762308253014]], "mse": 0.7187952494744881, "vol": 1886448919.2704961, "inc": 829, "msevvol": 3.8103085757151144e-10, "msevinc": 0.0008670630271103596}