{"beta": [0.09824580171627295, -0.1896251753156256, -0.003924857141371832, 0.0602183707868143, 0.056784015193448174, 0.09949105546970824, 0.08807587050488934, 0.057114385580823004, 0.02866668195468268, -0.01827987249532341, 0.3807569803655463, -0.15188920333108671], "R": [[-1.7572237442263516, 1.50768503755645], [-2.1678075959963774, -0.04185419715451322], [-3.013722095571801, 1.6883577926742603], [-2.4014857337967093, 0.17863586606614978], [-2.982577280579566, 0.3619646739230997], [-3.014327126394013, 0.09599464492607179], [-1.2883164539645324, 22.438229432520206], [-0.21340330868756002, 8.918084865187856], [-0.25036706077527937, 6.750392678051216], [-4.7899245497589265, 1.7826659821427002], [-2.3133427231696846, 0.14281634546417754]], "mse": 0.9638453582464545, "vol": 21449207.864583407, "inc": 183, "msevvol": 4.4936175001499274e-08, "msevinc": 0.00526691452593691}