{"beta": [0.18134174219572885, 0.11960155607480595, -1.3192617742736992, 0.03362450057192653, -1.2564328948984274, -0.018565242868272703, -0.1260633688438264, 0.14240343185311144, -0.13558493903209856, -0.4046865720459919, 0.24686149232027266, 0.11310477827660144, 0.020246821445671286, 0.05248588455197885, -0.4111052724423216, -0.20940103270249677, 0.060702948757923286, -0.21401456083690432, -0.007252764932322084, 0.19524288458301048, -0.038067215605291, -0.10656505693235857, -0.4499310026177489, 0.25206381516091986, -0.15520851005393105, 0.043857074902839084, 0.22953102700676556, -0.19269799639923596], "R": [[-0.1, 1.1], [-0.10000000000000003, 1.0], [-0.1, 1.1], [-0.09999999999999998, 1.1], [-0.1, 1.1], [-0.10000000000000002, 1.1], [-0.1, 1.0], [-0.1, 1.1], [-0.1, 1.1], [-0.1, 1.1], [-0.10000000000000009, 1.1], [-0.09999999999999998, 1.0], [-0.1, 1.0], [-0.1, 1.1], [-0.1, 1.1], [-0.09999999999999998, 1.1], [-0.09999999999999998, 1.1], [-0.09999999999999998, 1.1], [-0.09999999999999998, 1.1], [-0.1, 1.1], [-1.7210408544128346, 0.6490137739569877], [-2.048731692570825, 0.27458712213649694], [-1.099681283835746, 2.221574435698607], [-1.0693307472552724, 1.310075619202243], [-1.066252561651377, 1.0610925633514556], [-1.335654730362813, 0.679918688093538], [-0.8790809492056789, 0.9048554954993902]], "mse": 0.4645973059856312, "vol": 9009.99874204646, "inc": 109, "msevvol": 5.156463605455579e-05, "msevinc": 0.004262360605372763}