{"beta": [0.05288869199302636, -0.044905773493287664, 0.057616100576526434, 0.017060275699275717, -0.006292364120915188, 0.04391159912119404, 0.020455580362720972, 0.05406207464301451, -0.05125769121594622, -0.0026668912955876323, 0.22932243454677326, 0.004003385976327309], "R": [[-1.811888519021148, 2.048924205299496], [-2.0125996747469777, 2.308173809528907], [-2.521978111015047, 24.050349106616267], [-2.306328501214799, 5.670996570404462], [-4.241444488552639, 5.041763475283599], [-3.1759735352273033, 9.29572167341846], [-0.9395076438021857, 15.110644293668837], [-0.6117999790190289, 2.053888317691431], [-0.9041149963561597, 1.1060539909527929], [-4.1498813091984434, 3.3012268919967234], [-1.8909183913560328, 3.296846054511241]], "mse": 0.9869354825762863, "vol": 1361046255.5460017, "inc": 872, "msevvol": 7.251300082967159e-10, "msevinc": 0.0011318067460737227}