{"beta": [-0.017720398663324664, -0.10982342269449634, 0.49220932118512434, 0.06959701310262678, -0.31593576459705064, -0.018628129917190414, 0.18641206680234249, 0.000880856056173771, 0.01020309144352435, 0.6075712437101998, 0.5330636314347501, -0.16809333750865005], "R": [[-1.8118885190211482, -0.30388362505166944], [-1.2258040940343302, 0.35382574160475877], [-2.521978111015047, 0.381890200810302], [-1.3007495545194057, -0.022285159184732506], [-4.241444488552639, 0.4451258694240753], [-0.9652843852527946, 0.6893262046769713], [-0.9395076438021857, 1.3382120470990786], [-0.6117999790190289, 1.9538883176914312], [-0.9041149963561594, 1.206053990952793], [-0.6329643921725865, 3.3012268919967234], [-1.890918391356033, 3.296846054511241]], "mse": 1.0630588351769277, "vol": 17259.638722876796, "inc": 25, "msevvol": 6.15921834892115e-05, "msevinc": 0.04252235340707711}