{"beta": [0.14632179401050394, 0.17525053423900006, 0.27412305346126437, 0.31666693111483246, -0.40615175208197674, 0.10535999198736958, 0.06044612154061437, 0.21755109101353495, 0.4106716988071543, -0.573332944233074, 0.2533083326404122, -0.051593893321678436, 0.04024307690844445, -0.008500728358575028, -0.5308268602587835, -0.16685908997431087, 0.12020467603629337, -0.04988206252294117, -0.07806427297805296, 0.10421201956994693, 0.07072183925756462, 0.06192468812489013, -0.26086514467913235, 0.19056206097047584, -0.024068438931510148, 0.10315102396522956, 0.08802954640723519, -0.29701137757982876], "R": [[-0.10000000000000002, 1.1], [-0.10000000000000002, 1.1], [-0.1, 1.1], [-0.10000000000000002, 1.1], [-0.1, 1.1], [-0.10000000000000003, 1.1], [-0.09999999999999998, 1.1], [-0.10000000000000002, 1.1], [-0.10000000000000002, 1.1], [-0.10000000000000002, 1.1], [0.0, 1.1], [-0.1, 1.1], [-0.09999999999999998, 1.1], [-0.10000000000000002, 1.1], [-0.1, 1.0], [-0.10000000000000002, 1.1], [-0.10000000000000003, 1.1], [-0.1, 1.1], [-0.1, 1.1], [-0.10000000000000002, 1.1], [-2.4981993196613552, 3.7962268675753306], [-2.048731692570825, 1.386246529490158], [-2.7506561756272165, 1.286434306274276], [-2.5468817033043174, 3.9147135853931747], [-1.7919422551589224, 3.0798742715437966], [-1.335654730362813, 0.6799186880935381], [-3.311921066360926, 0.7676297409728488]], "mse": 0.7525441781410286, "vol": 727843.5897602926, "inc": 217, "msevvol": 1.0339366709114947e-06, "msevinc": 0.0034679455213872286}