{"beta": [0.2975225781935157, -0.12033286312928762, -0.31927563612152554, -0.1750784502472179, 0.14875392569103946, -0.18202161552636015, 0.017996228675981853, -0.012161753205625174, -0.11032627932750344, -0.14092399073983208, 0.27534082468475296, 0.24838545275580873], "R": [[-1.811888519021148, 0.8225202901239118], [-0.6763676294642122, 2.308173809528907], [-2.1825018139196435, 0.573970147438907], [0.03098419062087876, 5.670996570404462], [-0.004537891161876972, 5.041763475283599], [-0.25465034983424084, 9.29572167341846], [-0.9395076438021857, 0.8769216692234411], [-0.6117999790190289, 1.9538883176914308], [-1.0041149963561595, 1.1060539909527929], [-1.2145180676334917, 3.3012268919967234], [-1.7115675933535985, 2.83636671501447]], "mse": 0.8061567356346426, "vol": 1189792.1849629013, "inc": 47, "msevvol": 6.775609604964579e-07, "msevinc": 0.017152270970949842}