{"beta": [0.055658623804858975, -0.0800031840170301, 0.05065399608929841, 0.004576341677085091, -0.0453439034606186, 0.06793343919269934, 0.0032060085146917755, 0.05852947520712829, -0.046584159722954724, -0.026286669093156995, 0.22817048390259012, -0.01575461987474459], "R": [[-1.8118885190211484, 1.385722247711704], [-2.0125996747469777, 2.308173809528907], [-2.5219781110150477, 24.050349106616267], [-2.306328501214799, 1.5757953349836091], [-4.241444488552639, 0.8947896300100278], [-3.1759735352273033, 9.29572167341846], [-0.9395076438021857, 15.110644293668837], [-0.6117999790190289, 2.053888317691431], [-1.0041149963561595, 1.206053990952793], [-4.1498813091984434, 3.3012268919967234], [-1.8909183913560326, 3.296846054511241]], "mse": 0.9262989458416451, "vol": 333711740.3589166, "inc": 1001, "msevvol": 2.7757457524430634e-09, "msevinc": 0.0009253735722693757}