{"beta": [0.14911007348789262, 0.09594315811409385, 0.22495645072361106, -0.412805391602999, 0.18408045693567934, 0.2337832462657525, 0.25667714124535257, 0.08215816820878359, -0.13361555467435338, -0.07155370970247922, 0.2789299216380826, -0.19270296757565078], "R": [[-1.39348134574445, 0.45271544362885097], [-0.8672426189049023, 0.6334636024594414], [-0.9597799489272446, 2.1155550818785365], [-0.2590326515567077, 1.6375309248090077], [-0.6294231455082703, 1.7138571549658768], [0.06463712647482067, 1.4025579137281916], [-1.2883164539645324, 1.6336553011211261], [-0.21340330868756002, 8.818084865187856], [-0.25036706077527937, 6.750392678051216], [-2.0161012329784387, -0.2452582474766698], [-0.9411673794025192, 3.098679372994198]], "mse": 1.3349207052730911, "vol": 66959.71691817611, "inc": 11, "msevvol": 1.9936176057977462e-05, "msevinc": 0.12135642775209919}