{"beta": [-0.053025097208678824, -0.022535437498593748, -0.09603847340047958, 0.22149077069561704, 0.2662536637698126, -0.284769593609869, -0.00814172095731185, 11.011504997264991, -6.64, 0.09906708473710042, 0.22606934380850674, -0.18766263950754034], "R": [[-1.129738947262551, -0.07476935333494966], [-2.1678075959963774, -0.26696013035916477], [-3.013722095571801, 0.10578601675842059], [-1.0371100162195654, 0.17863586606614978], [-0.9899278071196775, 0.3619646739230997], [-1.1060435623718787, 0.04373211417398626], [-1.2883164539645324, 0.6424250789046584], [-0.21340330868756002, 8.918084865187856], [-0.25036706077527937, 6.750392678051216], [-4.7899245497589265, 1.275877116671879], [-1.367735048910247, 0.48407048107035966]], "mse": 0.8088253817341546, "vol": 16389.505973447882, "inc": 15, "msevvol": 4.935019902640793e-05, "msevinc": 0.053921692115610306}