{"beta": [0.11272806195484288, 0.05025721951824926, -0.008624188341958787, -0.06851841628675036, 0.07343567755551257, 0.11898748520861394, 0.10148395716816047, 0.009028924292643578, -0.05103294624815952, -0.041620776424116934, 0.1318609036961118, -0.023822351702939056], "R": [[-1.811888519021148, 2.048924205299496], [-2.0125996747469777, 2.308173809528907], [-2.521978111015047, 24.050349106616267], [0.03098419062087876, 5.670996570404462], [-0.45420165174782934, 5.041763475283599], [-0.25465034983424084, 9.29572167341846], [-0.9395076438021857, 0.8769216692234411], [-0.6117999790190289, 2.053888317691431], [-1.0041149963561595, 1.1060539909527929], [-4.1498813091984434, 1.2454102426430562], [-1.8909183913560328, 0.687093671977117]], "mse": 1.013211411931505, "vol": 18649152.839926023, "inc": 159, "msevvol": 5.433015754808539e-08, "msevinc": 0.006372398817179277}