{"beta": [0.012523879224299681, 0.055256125094443276, 0.006236688357332633, 0.06452650455598578, -0.028420447974473018, 0.01902261966495374, 0.2066099733408356, -0.07410744340497576, 0.03967262289594585, 0.010716770040786151, 0.4128327895574751, 0.03035980059448829], "R": [[-1.7572237442263516, 0.18897304514694946], [-2.1678075959963774, 2.5343110680966543], [-3.013722095571801, 0.09122247280827511], [-2.4014857337967093, 1.102602736603293], [-2.982577280579566, 5.4189037710799495], [-3.014327126394013, 1.1830552845694347], [-1.2883164539645324, 0.9660920902406475], [-0.21340330868756002, 8.918084865187856], [-0.25036706077527937, 6.750392678051216], [-4.789924549758926, 8.738392508636064], [-2.3133427231696846, 0.5944762308253014]], "mse": 0.5585661424458636, "vol": 19905547.771070257, "inc": 332, "msevvol": 2.8060827507477893e-08, "msevinc": 0.0016824281398971795}