{"beta": [0.26542552143578885, 0.003302929951534355, -0.4529733459712029, -0.4280085059756906, 0.01596044252477594, 0.3433693798779528, 0.15389742125445072, -0.2403824267531882, -0.14275804916465923, 0.3065797389757244, 0.5903764511125923, 0.4194963574462928], "R": [[-1.811888519021148, 0.8225202901239118], [-0.5390085133216828, 1.5900577868875243], [-2.521978111015047, 0.6213664979057056], [0.5104083388713813, 5.670996570404462], [-0.004537891161876972, 2.243780911767885], [-0.4137475219428727, 1.2726825024086192], [-0.9395076438021857, 1.3703950967183087], [-0.6117999790190289, 1.9538883176914308], [-1.0041149963561595, 1.1060539909527929], [-1.6151180250848083, 0.5142658679080186], [-1.8909183913560328, 0.31527850419428427]], "mse": 1.8074471359661666, "vol": 20267.62380126762, "inc": 23, "msevvol": 8.91790351789104e-05, "msevinc": 0.07858465808548551}