{"beta": [0.16546066946939192, 0.03674240407057204, -0.0856513444426089, -0.34086097933280696, 0.010542308750976113, 0.35979811803482115, -0.13002404133772238, -0.28266778123614633, -0.20558390224947617, 0.05383588199830253, 0.4604321075495008, 0.23882123063258312], "R": [[-1.811888519021148, 0.8225202901239118], [-0.47032895525041796, 1.658737344958789], [-2.521978111015047, 0.2122611570343913], [0.5104083388713813, 5.670996570404462], [-0.004537891161876972, 2.243780911767885], [-0.5516317377703531, 1.2726825024086192], [-0.9395076438021857, 1.3703950967183087], [-0.6117999790190289, 1.9538883176914308], [-1.0041149963561595, 1.1060539909527929], [-1.8465159185034754, 0.5142658679080186], [-1.8909183913560328, 1.931767617786723]], "mse": 1.2040111585312763, "vol": 36635.73563949436, "inc": 25, "msevvol": 3.286439148865672e-05, "msevinc": 0.04816044634125105}