{"beta": [0.4419497036872137, 0.28500428529750965, 0.22260301803364924, -0.2605446850180611, 0.1956919060309889, -0.28400466415762465, 0.10770686721397622, 0.10526607336020313, -0.14063484061544756, -0.12551080962927072, 0.29763670601241593, 0.07315536749765551], "R": [[-1.39348134574445, 0.45271544362885097], [-0.8672426189049023, 0.7084989135276586], [-1.0058978381027057, 0.9650351098170213], [-0.3076624868481363, 1.6375309248090077], [-0.6294231455082703, 5.4189037710799495], [-0.3952731441435259, 1.4025579137281916], [-0.7837326897945455, 22.438229432520206], [-0.21340330868756002, 8.918084865187856], [-0.25036706077527937, 6.750392678051216], [-2.797572183353475, -0.2452582474766698], [-0.9085474987931047, 0.8905643778953712]], "mse": 1.1756877399832248, "vol": 826722.3097949487, "inc": 17, "msevvol": 1.4221071888997768e-06, "msevinc": 0.06915810235195441}