{"beta": [-0.04796903677089152, -0.16288034254491232, 0.44043022914677127, 0.16123909126962344, -0.17464700592470894, 0.09915194389985127, 0.29873476490104617, -0.040685433152286184, 0.010417629056020453, 0.5861512826966901, 0.4298777497839404, -0.10796249813837273], "R": [[-1.8118885190211482, -0.30388362505166944], [-1.2258040940343302, 0.35382574160475877], [-1.274487520766239, 0.381890200810302], [-1.3007495545194057, -0.022285159184732506], [-4.241444488552639, 0.4451258694240753], [-0.9652843852527946, 0.615080857692943], [-0.9395076438021857, 1.3382120470990786], [-0.6117999790190289, 1.9538883176914312], [-0.9041149963561594, 1.206053990952793], [-0.6329643921725865, 3.3012268919967234], [-1.890918391356033, 3.296846054511241]], "mse": 0.9488553032169973, "vol": 9403.203476507568, "inc": 21, "msevvol": 0.00010090766466848918, "msevinc": 0.04518358586747606}