{"beta": [0.06460797452203262, -0.04797613948368544, 0.054285178602159694, 0.04634844713940297, -0.031477458964501354, 0.04850209893528076, 0.016325623313260113, 0.052668932739523, -0.05162966766166786, 0.0005109001710574025, 0.22541067189255995, 0.008305500805851216], "R": [[-1.811888519021148, 2.048924205299496], [-2.0125996747469777, 2.308173809528907], [-2.521978111015047, 24.050349106616267], [-2.306328501214799, 1.5757953349836087], [-4.241444488552639, 5.041763475283599], [-3.1759735352273033, 9.29572167341846], [-0.9395076438021857, 15.110644293668837], [-0.6117999790190289, 2.053888317691431], [-1.0041149963561595, 1.206053990952793], [-4.1498813091984434, 3.3012268919967234], [-1.8909183913560328, 3.296846054511241]], "mse": 0.9797924284158869, "vol": 728245638.8386687, "inc": 801, "msevvol": 1.34541475590346e-09, "msevinc": 0.0012232115211184605}