{"beta": [0.09250301572525806, 0.0859569190875732, 0.09137103662793751, -0.0028904028523584115, 0.0699258620051686, 0.12629850507311102, 0.024825293896870926, -0.03875044757235535, 0.017760206295260508, -0.09935037862768921, 0.33528907443080386, -0.07013195548559026], "R": [[-1.7572237442263516, 1.7714274360383513], [-2.1678075959963774, 2.534311068096654], [-3.013722095571801, 10.965817738591115], [-0.5508116633052793, 5.238879065791867], [-2.982577280579566, 5.4189037710799495], [-3.014327126394013, 9.279222489638407], [-1.2883164539645324, 22.438229432520206], [-0.21340330868756002, 8.918084865187856], [-0.25036706077527937, 6.750392678051216], [-4.7899245497589265, 0.3439403605393929], [-2.3133427231696846, 3.1865021284810835]], "mse": 1.035403016290143, "vol": 5940183119.241817, "inc": 400, "msevvol": 1.7430489860425348e-10, "msevinc": 0.0025885075407253576}