{"beta": [-0.18218196876528692, -0.21930998166383606, -0.024711035356668517, 0.02519966980649263, -0.009314379194287377, 0.11048232242681563, -0.013251089707295462, 0.053162069809676325, 0.007284021123899319, 0.03137126793719489, 0.3230070523632232, -0.07076053347560458], "R": [[-1.7118885190211484, 0.25931833253612246], [-1.2258040940343302, 0.834582648103612], [-1.017549410340962, 0.38687929033312285], [-2.306328501214799, 1.5757953349836091], [-4.241444488552639, -0.09447064327906751], [-0.8380066475658898, 9.29572167341846], [-0.9395076438021857, 0.9627431348747224], [-0.6117999790190289, 1.953888317691431], [-0.9041149963561597, 1.206053990952793], [-0.531974717931093, 3.3012268919967234], [-1.8909183913560326, 1.210808938793181]], "mse": 0.8417227384391143, "vol": 113947.48898236638, "inc": 84, "msevvol": 7.386935385380653e-06, "msevinc": 0.010020508790941837}