{"beta": [0.01434422198406954, 0.02249314695984697, 0.04272741512612068, -0.09136814576169194, -0.04732594016009009, 0.02991471340615046, 0.021694932642938758, -0.06283943114457788, 0.032629076198578424, -0.015785838303473403, 0.3343967618916376, 0.06443868760743181], "R": [[-1.7572237442263516, 1.50768503755645], [-2.1678075959963774, 1.5338873352780475], [-3.013722095571801, 0.9383352792417534], [-0.3562923221395649, 5.238879065791867], [-2.982577280579566, 5.4189037710799495], [-0.46844068719644405, 9.279222489638407], [-1.2883164539645324, 22.438229432520206], [-0.21340330868756002, 8.918084865187856], [-0.25036706077527937, 6.750392678051216], [-4.7899245497589265, -0.10920245330726774], [-1.58854654842013, 0.672262099970828]], "mse": 0.6869718638797371, "vol": 351287416.24896324, "inc": 93, "msevvol": 1.955583468417977e-09, "msevinc": 0.00738679423526599}