{"beta": [0.29660668284960084, -0.15207044110300882, -0.016690387039991948, 0.09486538185266391, -0.0823932175291884, 0.06840124868083676, 0.04358312092810048, 0.051013238664727116, -0.09494061786220354, -0.09021368564912505, 0.10500128353658468, -0.09425523708976344], "R": [[-0.8659965487806494, 1.2439426390745507], [-1.092348552109554, 1.5338873352780475], [-1.2292055120049412, 1.3048511353204222], [-2.4014857337967093, 1.102602736603293], [-0.8998016417168259, 5.4189037710799495], [-3.014327126394013, 9.279222489638407], [-0.04536732018431966, 22.438229432520206], [-0.21340330868756002, 8.918084865187856], [-0.25036706077527937, 6.750392678051216], [-1.9964714169067956, 8.738392508636064], [-2.3133427231696846, 0.7575756338723739]], "mse": 0.9766423085690951, "vol": 181099726.4834021, "inc": 136, "msevvol": 5.3928425378301434e-09, "msevinc": 0.0071811934453609935}