{"beta": [0.1583430130154634, -0.2525226028106879, 0.08717425015926082, -0.08925187926293948, 0.09334287095286557, 0.07249925175317606, 0.056867038141546686, 0.04850165270763816, -0.14298591237171807, -0.4125614654249977, 0.1306120949041545, -0.11914856343671966], "R": [[-1.129738947262551, 1.50768503755645], [-0.4170307524955992, 1.5338873352780475], [-1.1102699030787502, 0.8970719047163408], [-2.4014857337967093, 0.6649342189804358], [-0.9899278071196774, 5.4189037710799495], [-3.014327126394013, 0.7126925078006722], [0.2580705029431707, 22.438229432520206], [-0.21340330868756002, 8.918084865187856], [-0.25036706077527937, 6.750392678051216], [-1.6481260288939599, 8.738392508636064], [-1.5835281052494508, 0.6321145546053951]], "mse": 1.4095984825865295, "vol": 24685026.338128604, "inc": 24, "msevvol": 5.710338175370943e-08, "msevinc": 0.058733270107772066}