{"beta": [0.006940123557975851, -0.02533131474514205, -0.02244363839614041, 0.011708099257185264, -0.022791538464407516, 0.5950616787177209, 0.06545945667399247, -0.014469701917304073, 0.07414334393457846, -0.025622033017530133, 0.015311058571910032, 0.023578124211010233, 0.013336391343924435, -0.023924440153371956, -0.043314809538564224, -0.156510433836968, -0.061475377550362344], "R": [[-0.1, 1.1], [-0.10000000000000003, 1.1], [-0.1, 1.1], [-0.1, 1.1], [-0.10000000000000003, 1.1], [-3.6351241692909233, 9.745791327863362], [-0.9769183989499992, 1.1236269488575596], [-2.2506388573287786, 2.626375163077166], [-2.482619941225386, 2.3173220832340404], [-1.517848309229576, 2.708801024456387], [-1.8875307746960677, 2.172004748495182], [-1.4026371056557283, 6.11292947530571], [-0.7169950228232279, 3.3032634050648815], [-0.7856874150981881, 2.7073885696402087], [-0.527513004764509, 2.439110129645856], [-0.9436399543409112, 0.3995631442041754]], "mse": 0.6801609825010754, "vol": 11814476.277606098, "inc": 2521, "msevvol": 5.7570134005033746e-08, "msevinc": 0.00026979808905239005}