{"beta": [0.011020163189580197, 0.013496037621567179, -0.009357294286002193, 0.06268214051181485, 0.04551738205973772, 0.5321954744529538, 0.07921652865061471, -0.0004926750238645038, 0.08945796646035976, -0.0319672663803961, 0.013005480654908134, -0.02780875046837366, -0.007140461481250109, -0.0018374041625720439, 0.03976326628989364, -0.07536592254552713, -0.02901023852082468], "R": [[-0.09999999999999998, 1.1], [-0.10000000000000003, 1.1], [-0.1, 1.1], [-0.1, 1.1], [-0.1, 1.1], [-3.6351241692909233, 1.644823744888611], [-0.9769183989499993, 1.1236269488575596], [-2.2506388573287786, 2.626375163077166], [-0.11061224117798873, 2.3173220832340404], [-1.517848309229576, 2.708801024456387], [-1.0156236700578178, 1.300097643856932], [-1.4026371056557283, 6.11292947530571], [-0.7169950228232279, 3.3032634050648815], [-0.7856874150981881, 2.7073885696402087], [-0.527513004764509, 2.439110129645856], [-0.9436399543409112, 2.571568308445986]], "mse": 0.5926946134832204, "vol": 3520290.877618635, "inc": 1663, "msevvol": 1.6836523858055715e-07, "msevinc": 0.00035640084995984387}