{"beta": [0.03824410122766335, -0.01630364763892813, 0.017787542654448856, 0.02222553849500018, -0.17455599599404448, 0.6983379239145028, 0.028509455091326446, 0.02136633384536601, 0.15188391657733286, 0.07712970222079195, 0.04105359706947998, -0.02087553812493885, -0.07131946535164398, -0.006267326534210465, -0.10359966805023844, -0.11832503026496297, -0.08532275212106982], "R": [[-0.1, 1.1], [-0.1, 1.0], [-0.1, 1.1], [-0.10000000000000003, 1.1], [-0.1, 1.0], [-0.6087859249869274, 0.7709912089848354], [-0.9784111940537747, 1.1220651665449353], [-0.01612645941766344, 2.6254058790138397], [0.018599052247339487, 2.317941267123266], [-1.4169791737417383, 0.9986075867929095], [-1.887219490427016, -0.2431925403655284], [-1.4032255388300936, 1.006653017610168], [-0.7175431378773933, 1.1459495759289808], [-0.7862811582964232, 1.5944521407797043], [-0.5274526967944777, 2.4394401474107608], [-0.9437002178516671, 1.2288885645495409]], "mse": 0.3647076224486975, "vol": 10073.026223919016, "inc": 147, "msevvol": 3.6206360863300144e-05, "msevinc": 0.002481004234344881}