{"beta": [-0.08507729134777285, 0.028591825069998314, 0.025809008995180408, 0.05446287159469022, 0.04310611088680233, 0.4834452422423131, 0.0003009642849643727, -0.011285928257946503, 0.01843580804771579, -0.0004049682955077935, 0.01000976279823984, 0.004362072109816967, -0.12894000600230882, 0.001377559157120575, -0.09996322062712432, 0.02170755616057788, -0.05584560093580252], "R": [[-0.1, 1.0], [-0.10000000000000003, 1.0], [-0.09999999999999998, 1.1], [-0.10000000000000003, 1.0], [-0.09999999999999999, 1.1], [-2.679562738466629, 1.8971945351000836], [-1.076292805095683, 1.024282873724542], [-2.2510396912444732, 0.8847263663712771], [-2.4821366099920725, 2.31791943291289], [-1.5180186531120405, 2.709040126011043], [-1.0159391370594286, 2.172291814934038], [-0.9176891746823348, 6.115344285810739], [-0.7168216464527583, 0.26511722831073653], [-0.7857143967286861, 2.7073977753677876], [-0.5275743359844131, 2.438774607923275], [-0.9437099428352796, 1.6422339465388311]], "mse": 0.7414944007005595, "vol": 691664.9822552808, "inc": 834, "msevvol": 1.072042708137113e-06, "msevinc": 0.0008890820152284886}