{"beta": [-0.019654450435350263, -0.03610305131997799, -0.046393937872133695, -0.044562092544286565, -0.10807752375280501, 0.5835229691514254, 0.11581075011987083, 0.01712318802309755, 0.11537374760814686, 0.014202023757798866, -0.015342672547982137, 0.00012525894614898997, 0.009658300596731536, -0.017352559738053577, -0.03621166371437118, -0.16267148811811283, -0.08304635985358279], "R": [[-0.1, 1.1], [-0.09999999999999998, 1.1], [-0.09999999999999998, 1.1], [-0.10000000000000003, 1.0], [-0.1, 1.1], [-3.9918644005925885, 1.0059954088687275], [-0.9784111940537747, 1.1220651665449353], [-2.251719604905245, 2.6254058790138397], [-0.26073924226861545, 2.317941267123266], [-1.4169791737417383, 0.9986075867929095], [-1.887219490427016, 2.172847884726703], [-1.4032255388300936, 6.1113898898974], [-0.7175431378773933, 3.3033577420364177], [-0.7862811582964232, 2.7081113848135385], [-0.5274526967944777, 2.4394401474107608], [-0.9437002178516671, 0.3998530515890576]], "mse": 0.437880741614364, "vol": 1243069.62532535, "inc": 866, "msevvol": 3.522576150951778e-07, "msevinc": 0.0005056359602937228}