{"beta": [0.11736284704121487, 0.12345840458489035, 0.08318291330738341, -0.04604136401774345, 0.012635893092891223, 0.5367247647701382, 0.05414568087583182, 0.030620946545764458, 0.15354697399095804, 0.013002902004173615, 0.032094974073459855, -0.016528182432838535, -0.015618885057858412, 0.003911760860516583, 0.016863787133108966, -0.17104162144791382, -0.2146484455864043], "R": [[-0.09999999999999998, 1.0], [-0.09999999999999998, 1.1], [-0.1, 1.0], [-0.1, 1.1], [-0.1, 1.0], [-3.991864400592588, 0.7709912089848354], [-0.9784111940537747, 1.1220651665449353], [0.1427193117343054, 2.6254058790138397], [-0.029868072618126962, 2.317941267123266], [-0.6117835868968557, 0.9986075867929095], [-1.0152060153962723, 0.5288209346652153], [-1.3032255388300935, 6.1113898898974], [-0.7175431378773933, 3.3033577420364173], [-0.7862811582964232, 1.3410373297712455], [-0.5274526967944777, 2.4394401474107608], [-0.9437002178516671, 2.5724418339902657]], "mse": 0.5190322155165661, "vol": 183869.42822467204, "inc": 335, "msevvol": 2.822830421174503e-06, "msevinc": 0.0015493498970643763}