{"beta": [0.12954863033502237, 0.08194861631904526, 0.06897802290978727, 0.06932333927128516, 0.06769406184534855, 0.5203619897682181, 0.07399636802914013, -0.006665172060561564, 0.02037316226195812, -0.05515422195167542, 0.003451841393787784, 0.04553112701837786, -0.024165679082263494, -0.06105762087046141, -0.005758432806643241, -0.4838326094422747, -0.3911627517039621], "R": [[-0.1, 1.0], [-0.09999999999999998, 1.0], [-0.1, 1.0], [-0.1, 1.0], [-0.1, 1.0], [-3.6351241692909233, 0.32964046287297133], [-0.9769183989499992, 1.1236269488575596], [-0.9504994105831023, 2.626375163077166], [-1.017197936024574, 2.2058282532675677], [-0.6125184424923834, 1.8034711577191942], [-1.0156236700578178, 2.172004748495182], [-0.5325774655545243, 1.3925716346984858], [-0.7169950228232279, 3.3032634050648815], [-0.7856874150981881, 2.7073885696402087], [-0.527513004764509, 2.439110129645856], [-0.9436399543409112, -0.014837888644186892]], "mse": 0.6686921774684775, "vol": 88706.43401582862, "inc": 362, "msevvol": 7.538260159901786e-06, "msevinc": 0.0018472159598576727}