{"beta": [0.11791140735149244, 0.05979268132012913, 0.04317410261454179, -0.07820369511272851, -8.879324772275003e-05, 0.5741458264146904, 0.06374137533188388, -0.0021679751572266388, 0.15484160927443255, 0.01471346935088682, -0.01207438424024987, -0.02228524650635225, -0.04095625437167704, 0.07977259488558681, -0.03614964296048882, -0.15910495484748896, -0.10579171219199753], "R": [[-0.09999999999999998, 1.1], [-0.09999999999999998, 1.1], [-0.1, 1.0], [-0.1, 1.1], [-0.1, 1.0], [-1.4231569146835832, 0.5941563655078472], [-0.9784111940537747, 1.1220651665449353], [0.07212119122232064, 2.1194666860699214], [-0.004800508903775258, 2.317941267123266], [-0.6117835868968557, 0.9986075867929095], [-1.887219490427016, 2.172847884726703], [-1.3032255388300935, 6.1113898898974], [-0.7175431378773933, 3.3033577420364173], [-0.7862811582964232, 1.3410373297712455], [-0.5274526967944777, 2.4394401474107608], [-0.9437002178516671, 2.5724418339902657]], "mse": 0.4320508408917226, "vol": 182259.31357938246, "inc": 272, "msevvol": 2.3705281908874533e-06, "msevinc": 0.0015884222091607449}