{"beta": [-0.04354770555136948, 0.004624419458245438, 0.012562377483828198, 0.015566876022559581, 0.01393664254127007, 0.530201264009892, -0.0243163731200099, 0.0023014736820143396, 0.03258680781181331, 0.005948732141117155, -0.008193157215709172, 0.03387536253174116, -0.06471053267483343, -0.012311435389422141, -0.11163061179548617, 0.07332698931951806, 0.041962296951937504], "R": [[-0.09999999999999998, 1.1], [-0.09999999999999998, 1.1], [-0.09999999999999998, 1.1], [-0.09999999999999998, 1.1], [-0.1, 1.1], [-2.679562738466629, 1.7661857520107567], [-0.976292805095683, 1.1242828737245418], [-2.0451408752811355, 0.7082283397657108], [-2.4821366099920725, 1.5162960411758761], [-1.5180186531120405, 1.8036283701864262], [-1.787996875057795, 2.172291814934038], [-0.5325206490993863, 6.115344285810739], [-0.7168216464527583, 0.8530764781530663], [-0.7857143967286861, 2.7073977753677876], [-0.5275743359844131, 2.438774607923275], [-0.9437099428352796, 0.8135859834141277]], "mse": 0.660244094339694, "vol": 639524.733826638, "inc": 1130, "msevvol": 1.032398059710811e-06, "msevinc": 0.0005842868091501717}