{"beta": [0.06827079431648045, 0.11759200271667292, 0.014313042910308377, 0.09447561279762455, 0.054056883739085716, 0.5887082828732972, 0.11318766928102335, 0.004363177913700149, 0.025479653205157785, 0.057252908447161, -0.03282599597503121, -0.008070448120260558, -0.07396199538922633, 0.032748431445291035, -0.008293178217102355, -0.08438854923751202, -0.0953242440585521], "R": [[-0.1, 1.1], [-0.1, 1.1], [-0.1, 1.1], [-0.10000000000000003, 1.1], [-0.1, 1.1], [-3.9918644005925885, 6.457576198303895], [-0.9784111940537747, 1.1220651665449353], [-0.5456123632575581, 2.6254058790138397], [-2.4828060419456293, 2.317941267123266], [-1.5169791737417384, 2.708998760482675], [-1.887219490427016, -0.2431925403655284], [-1.4032255388300936, 1.7766125364235883], [-0.7175431378773933, 2.32161138513323], [-0.7862811582964232, 2.7081113848135385], [-0.5274526967944777, 2.4394401474107608], [-0.9437002178516671, 2.5724418339902657]], "mse": 0.6640681173075588, "vol": 2034972.5981893775, "inc": 1098, "msevvol": 3.2632779325796095e-07, "msevinc": 0.0006047979210451355}