{"beta": [0.00033993511728346173, 0.04483006359818555, 0.02740079364892381, 0.05603540687669175, -0.06480779379651867, 0.5611883328341273, 0.10945648866276256, -0.0012446460768699616, 0.11609798177868035, 0.018036907584469162, -0.0158852274344106, 0.0010669022322751553, 0.006454909388079318, -0.018733509161792377, 0.052875483314497145, -0.10109268196320181, -0.06196965771357469], "R": [[-0.09999999999999998, 1.1], [-0.1, 1.1], [-0.09999999999999998, 1.1], [-0.09999999999999998, 1.0], [-0.1, 1.1], [-3.991864400592588, 6.457576198303895], [-0.9784111940537749, 1.1220651665449353], [-0.6162104837695461, 2.62540587901384], [-1.0027548431680593, 2.317941267123266], [-1.5169791737417384, 0.9986075867929095], [-1.887219490427016, 2.172847884726703], [-0.533266020016673, 6.111389889897401], [-0.7175431378773933, 1.7337804805311055], [-0.7862811582964232, 2.7081113848135385], [-0.5274526967944777, 2.4394401474107608], [-0.9437002178516671, 0.8143708080692992]], "mse": 0.5446426377489723, "vol": 1634086.0133992152, "inc": 1024, "msevvol": 3.333010828579397e-07, "msevinc": 0.0005318775759267307}