{"beta": [-0.050533767063425925, 0.030720834209731242, 0.005054304995825351, -0.010099372402332737, -0.0006854346387255892, 0.5385525926903892, -0.0087346106114947, -0.03447461673272376, 0.024920705157118316, -0.032589185900989706, 0.019943961977658874, -0.011006424369286439, 0.004924914202331533, 0.008532362117552452, -0.015077630725349107, -0.057016587315141365, 0.02381821970125801], "R": [[-0.10000000000000003, 1.1], [-0.1, 1.1], [-0.1, 1.1], [-0.09999999999999998, 1.1], [-0.1, 1.1], [-2.679562738466629, 7.308664912350221], [-1.076292805095683, 1.1242828737245418], [-2.251039691244473, 2.6261580138030496], [-1.6374343175366513, 2.31791943291289], [-1.5180186531120405, 2.709040126011043], [-1.8879968750577951, 2.172291814934038], [-1.4028577002652836, 6.115344285810739], [-0.7168216464527583, 3.304913477522386], [-0.7857143967286861, 2.7073977753677876], [-0.5275743359844131, 2.438774607923275], [-0.9437099428352796, 2.570881909663535]], "mse": 0.7083599857956606, "vol": 19939716.733850267, "inc": 3419, "msevvol": 3.5525077675407856e-08, "msevinc": 0.0002071833828007197}