{"beta": [-0.11285071466643486, -0.034420372000675645, 0.0021412917815371536, 0.06878071783003743, 0.009229081924662786, 0.5511564557835958, -0.018394664946193708, -0.08010079730233663, 0.049645917916866684, 0.012124779984623373, 0.006474434234383325, 0.018993042239297125, -0.026132430399738848, -3.078223130181431e-05, -0.0550775748670358, -0.010615163932459681, -0.011475954656897878], "R": [[-0.1, 1.0], [-0.10000000000000003, 1.0], [-0.09999999999999998, 1.0], [-0.1, 1.0], [-0.1, 1.0], [-2.679562738466629, 0.38497886744042475], [-1.076292805095683, 1.0242828737245417], [-2.2510396912444732, 0.21403386527012425], [-2.4821366099920725, 1.3301325598370797], [-1.4180186531120405, 2.709040126011043], [-1.0159391370594286, 2.172291814934038], [-0.5325206490993863, 6.115344285810739], [-0.7168216464527583, 3.304913477522386], [-0.7857143967286861, 2.7073977753677876], [-0.5275743359844131, 2.3387746079232747], [-0.9437099428352796, 2.570881909663535]], "mse": 0.7291447506836941, "vol": 1206099.9214790054, "inc": 596, "msevvol": 6.045475484233222e-07, "msevinc": 0.0012233972326907618}