{"beta": [0.013653310407216852, -0.006187866836464481, 0.007923954179136694, 0.018167629631267865, -0.05107458860083046, 0.6162658996855457, 0.1040130396417695, -0.00390823800232407, 0.05620092258640847, -0.00636368598614849, -0.008572635528316124, -0.01485961208651717, -0.014452884394623819, -0.0035750429321893032, 0.006160279948211131, -0.0385566426491174, 0.009730362143987677], "R": [[-0.09999999999999998, 1.1], [-0.09999999999999998, 1.1], [-0.1, 1.1], [-0.1, 1.1], [-0.1, 1.1], [-3.991864400592588, 1.2130783176773057], [-0.9784111940537747, 1.1220651665449353], [-0.8103553151775071, 2.6254058790138397], [-1.812942828324679, 2.317941267123266], [-1.5169791737417384, 2.708998760482675], [-1.887219490427016, 2.172847884726703], [-1.4032255388300936, 6.1113898898974], [-0.7175431378773933, 3.3033577420364173], [-0.7862811582964232, 2.708111384813539], [-0.5274526967944777, 2.4394401474107608], [-0.9437002178516671, 1.643406321029782]], "mse": 0.5396445178134568, "vol": 5368888.938348641, "inc": 1365, "msevvol": 1.005132577727414e-07, "msevinc": 0.0003953439690941075}