{"beta": [0.198488025016236, 0.19085734907424032, 0.035341529959596586, 0.10438943700594924, -0.02241222923000426, 0.5793043327206278, 0.07788591963485611, -0.0020062198919184094, 0.18989821115224223, 0.044276698933582506, -0.06410688625450178, -0.029911315229435215, 0.02874495387468525, -0.015156481391955927, -0.05111749876473776, -0.02524454840930412, -0.2551037234513405], "R": [[-0.1, 1.0], [-0.1, 1.0], [-0.1, 1.0], [-0.10000000000000003, 1.0], [-0.1, 1.0], [-0.6087859249869274, 1.6156102640130814], [-0.9784111940537747, 1.1220651665449353], [-0.45736471261757716, 2.6254058790138397], [-0.5127345956817226, 2.317941267123266], [-1.4169791737417383, 0.9986075867929095], [-1.887219490427016, -0.2431925403655284], [-1.4032255388300936, 6.1113898898974], [-0.7175431378773933, 3.3033577420364173], [-0.7862811582964232, 1.3410373297712455], [-0.5274526967944777, 2.4394401474107608], [-0.9437002178516671, 1.2288885645495409]], "mse": 0.5585320910940347, "vol": 108043.42032268087, "inc": 260, "msevvol": 5.169515084083149e-06, "msevinc": 0.002148200350361672}