{"beta": [-0.0051848407471489855, 0.0976420060763584, 0.03402365046331967, 0.05037006889534789, -0.06744050162667205, 0.5607730267758696, 0.047626300257971724, 0.015099502311904317, 0.07218459143890889, 0.039839595973421134, -0.013180911585897051, 0.02469675593116763, -0.052613317966825814, 0.0504655348950094, 0.0735433117839142, -0.3013339820523794, -0.12938698768748919], "R": [[-0.1, 1.1], [-0.1, 1.1], [-0.1, 1.1], [-0.10000000000000003, 1.1], [-0.1, 1.1], [-3.9918644005925885, 6.457576198303895], [-0.9784111940537747, 1.1220651665449353], [-0.4044161222335855, 2.6254058790138397], [-0.017851574136274806, 2.317941267123266], [-1.5169791737417384, 0.9986075867929095], [-1.887219490427016, -0.2431925403655284], [-1.4032255388300936, 1.3916327770168782], [-0.7175431378773933, 1.4398650282300434], [-0.7862811582964232, 0.5807928967458696], [-0.5274526967944777, 2.4394401474107608], [-0.9437002178516671, 0.3998530515890576]], "mse": 0.45312654215853865, "vol": 52523.9824930908, "inc": 331, "msevvol": 8.627040842117115e-06, "msevinc": 0.001368962363016733}