{"beta": [0.09772940192194848, -0.008475390079622398, 0.040407146887772236, 0.05568045327657996, 0.037390308636770606, 0.5485228047073617, 0.07112667542706494, -0.049675574707204524, 0.055038727128272104, -0.0343214530329021, 0.030547562460439628, -0.014712261165822079, -0.022660566712005916, -0.018910909700675698, -0.05955775663097035, -0.08983129068441019, -0.07734861571911503], "R": [[-0.1, 1.1], [-0.09999999999999998, 1.1], [-0.1, 1.1], [-0.1, 1.1], [-0.1, 1.1], [-3.6351241692909233, 0.43627694519856386], [-0.9769183989499992, 1.1236269488575596], [-2.2506388573287786, 1.0438499641560357], [-0.8765863961732068, 2.3173220832340404], [-1.517848309229576, 2.708801024456387], [-1.0156236700578178, 1.300097643856932], [-0.917607285605126, 6.11292947530571], [-0.7169950228232279, 1.7339332404925314], [-0.7856874150981881, 2.7073885696402087], [-0.527513004764509, 2.439110129645856], [-0.9436399543409112, 0.8139641770525374]], "mse": 0.5924942336218653, "vol": 687837.3583183143, "inc": 863, "msevvol": 8.613871091131886e-07, "msevinc": 0.0006865518350195426}