{"beta": [0.1178727747881611, 0.18867288959597062, 0.0783461907206817, -0.0008798196109681826, 0.03068684301052426, 0.529571607779203, 0.1297699576180379, 0.03874797867373846, 0.0391838169609667, -0.01631486915107316, 0.01378964156742647, 0.08788556953587862, 0.02788845189780228, -0.14930415641947914, -0.06437393422256894, -0.16698153617038256, -0.10541450119231069], "R": [[-0.1, 1.1], [-0.10000000000000003, 1.0], [-0.1, 1.0], [-0.1, 1.0], [-0.10000000000000003, 1.0], [-1.0081626790299152, 1.1795009129223897], [-0.9769183989499992, 1.1236269488575596], [-1.1975869437366249, 1.3085866068205239], [-0.22875705421087134, 2.3173220832340404], [-1.517848309229576, 0.9981412909820015], [-1.8875307746960677, -0.24371656541956777], [-1.3026371056557282, 0.6225119945972816], [-0.7169950228232279, 3.3032634050648815], [-0.7856874150981881, 0.8341938086272258], [-0.527513004764509, 2.439110129645856], [-0.9436399543409112, 0.3995631442041754]], "mse": 0.56394323974645, "vol": 10644.242919131544, "inc": 370, "msevvol": 5.298105689910934e-05, "msevinc": 0.0015241709182336487}