{"beta": [-0.026445595148072185, 0.009259085575644753, 0.04600375093789432, -0.026764801498761058, -0.03528530933036118, 0.6098438400898938, 0.14116840842203737, -0.05410853796120542, 0.05830119769321004, -0.0018493630984485819, -0.01806376723758713, -0.10441440027467502, 0.05186986975576582, 0.03190805427697761, -0.04502824317272842, -0.0783161527841555, 0.0021746587389470987], "R": [[-0.1, 1.0], [-0.09999999999999998, 1.0], [-0.09999999999999998, 1.0], [-0.10000000000000003, 1.0], [-0.1, 1.0], [-3.9918644005925885, 0.7709912089848354], [-0.9784111940537747, 1.1220651665449353], [-1.9046261831132953, 0.30156508288627415], [-0.017851574136274806, 2.317941267123266], [-1.4169791737417383, 0.9986075867929095], [-1.0152060153962723, 2.172847884726703], [-0.533266020016673, 1.3916327770168782], [-0.7175431378773933, 1.733780480531106], [-0.7862811582964232, 2.7081113848135385], [-0.5274526967944777, 2.3394401474107607], [-0.9437002178516671, 2.5724418339902657]], "mse": 0.3989444514701441, "vol": 106275.3473820744, "inc": 482, "msevvol": 3.7538757698517258e-06, "msevinc": 0.0008276855839629546}