{"beta": [-0.05451044077809097, -0.05229125214068397, -0.016406255345527216, 0.029539890315119128, 0.07920766128405322, 0.5396319435526625, 0.09451344012054565, 0.06903685421754982, 0.10783274504655548, -0.08202153967985215, 0.03914664733841306, 0.0025869325649925954, 0.023369155190869247, -0.11089130622492492, -0.10200526725506606, -0.08904447490258512, -0.08162553867639571], "R": [[-0.09999999999999998, 1.0], [-0.10000000000000003, 1.0], [-0.1, 1.1], [-0.1, 1.0], [-0.1, 1.0], [-3.6351241692909233, 0.8628228745009334], [-0.9769183989499993, 1.1236269488575596], [-2.2506388573287786, 1.5027268114411503], [0.1498821429197702, 2.3173220832340404], [-0.6125184424923833, 2.708801024456387], [-1.0156236700578178, 2.172004748495182], [-1.3026371056557282, 1.3925716346984858], [-0.7169950228232279, 3.3032634050648815], [-0.7856874150981881, 2.7073885696402087], [-0.527513004764509, 2.439110129645856], [-0.9436399543409112, 0.8139641770525373]], "mse": 0.413675028088414, "vol": 282151.608854148, "inc": 290, "msevvol": 1.4661444950407994e-06, "msevinc": 0.0014264656140979793}