{"beta": [0.0073937303324909, -0.18697632809145973, -0.1786061054779822, 0.020034775876523418, 0.057243833211760985, 0.3279926745297586, 0.11342049579757375, -0.01874270160714256, 0.13024432067947356, 0.03819416080066343, 0.06910403411531826, -0.09364959687750773, 0.08098521392654555, 0.0671928324859507, -0.2677136561001144, 1.191099143351424, 0.9273404039298081], "R": [[-0.1, 1.0], [-0.09999999999999998, 1.0], [-0.1, 1.0], [-0.1, 1.0], [-0.1, 1.0], [-1.8095520007495187, 0.32964046287297133], [-0.9769183989499992, 1.1236269488575596], [-0.9504994105831023, 0.6908677739367202], [-0.2730317916620713, 1.0629052815712843], [-1.517848309229576, 1.8034711577191942], [-0.24371656541956782, 2.172004748495182], [-0.5325774655545243, 6.11292947530571], [-0.7169950228232279, 2.6155313392359414], [-0.7856874150981881, 0.8341938086272257], [-0.527513004764509, 2.439110129645856], [-0.9436399543409112, -0.014837888644186892]], "mse": 0.5066420939609803, "vol": 12585.34168088755, "inc": 118, "msevvol": 4.025652277127931e-05, "msevinc": 0.0042935770674659346}