{"beta": [0.042391720181643944, -0.022462647188818158, -0.011388433707071296, 0.030738742702012056, 0.017021171232152077, 0.5378128144005828, 0.06629017502418512, -0.013481597990598646, 0.0763120737718994, -0.009527776710234234, -0.0023024832270740828, -0.043329017105605626, -0.0028739167168331074, -0.021735354250015236, -0.0335946334267562, -0.0982228597365997, -0.009809868568516055], "R": [[-0.1, 1.1], [-0.09999999999999998, 1.1], [-0.1, 1.1], [-0.1, 1.1], [-0.1, 1.1], [-3.6351241692909233, 1.6222038850013645], [-1.0769183989499993, 1.1236269488575596], [-2.2506388573287786, 2.626375163077166], [-0.8765863961732068, 2.3173220832340404], [-1.517848309229576, 2.708801024456387], [-1.0156236700578178, 1.300097643856932], [-0.917607285605126, 6.11292947530571], [-0.7169950228232279, 3.3032634050648815], [-0.7856874150981881, 2.7073885696402087], [-0.527513004764509, 2.439110129645856], [-0.9436399543409112, 0.8139641770525374]], "mse": 0.6652910466191174, "vol": 2259407.3856834173, "inc": 1387, "msevvol": 2.944537805951637e-07, "msevinc": 0.00047966189374125265}