{"beta": [-0.04489027163143221, -0.04379455966746545, -0.047878127369192294, -0.12166534665503191, -0.09462923578368133, 0.6431490310564978, 0.11145118898260623, -0.02465368357969933, 0.07661571499527502, 0.03075383542251572, -0.016334207823503578, 0.02903584517988636, -0.10503111604323642, 0.025897897063821926, -0.14939812418566287, -0.07742733206783645, -0.02562187742522051], "R": [[-0.09999999999999998, 1.1], [-0.1, 1.1], [-0.10000000000000003, 1.1], [-0.10000000000000003, 1.0], [-0.1, 1.0], [-3.9918644005925885, 0.7709912089848354], [-0.9784111940537747, 1.1220651665449353], [-2.251719604905245, 1.3075883001820783], [-0.26073924226861545, 2.317941267123266], [-0.6117835868968557, 0.9986075867929095], [-1.0152060153962723, 2.072847884726703], [-0.9182457794233831, 6.1113898898974], [-0.7175431378773933, 0.8520341236279186], [-0.7862811582964232, 2.7081113848135385], [-0.5274526967944777, 2.4394401474107608], [-0.9437002178516671, 0.8143708080692992]], "mse": 0.3541194933801707, "vol": 192007.92574429634, "inc": 377, "msevvol": 1.844296228957569e-06, "msevinc": 0.0009393090010084103}