{"beta": [0.007872984673571556, -0.05391602518465441, -0.0451633905819702, 0.025281958258080016, -0.027224226338152104, 0.5144042098960325, 0.08642750875216441, 0.0354042903384644, 0.1484842583666252, 0.10328122232831587, -0.0292411134197895, 0.0315827471057009, -0.019454025973134528, -0.0031809777498226317, -0.09964070476860407, -0.0921882509795137, -0.08598309521354516], "R": [[-0.09999999999999998, 1.1], [-0.1, 1.1], [-0.09999999999999998, 1.1], [-0.09999999999999998, 1.0], [-0.1, 1.1], [-3.991864400592588, 0.6150973338143328], [-0.9784111940537749, 1.1220651665449353], [-0.4044161222335856, 2.013569505301941], [-0.32794213806304173, 2.317941267123266], [-1.4169791737417383, 0.19341199994802694], [-1.887219490427016, 0.5288209346652153], [-1.4032255388300936, 6.111389889897401], [-0.7175431378773933, 2.027695932832168], [-0.7862811582964232, 0.32737808573741106], [-0.5274526967944777, 2.4394401474107608], [-0.9437002178516671, 0.8143708080692992]], "mse": 0.4047356298846247, "vol": 65839.66361529082, "inc": 425, "msevvol": 6.1472918854741475e-06, "msevinc": 0.0009523191291402934}