{"beta": [0.1070788566392751, 0.13293004128882496, 0.10224036619014167, 0.07587536237158178, 0.09453556160029339, 0.5254355198718973, 0.105229808342372, -0.005760943632495644, 0.10640904281191739, -0.0017032658211552595, 0.012065337947572318, -0.007282532221623149, 0.06994424759576467, -0.04788132991926267, -0.08037923582353387, -0.9511187368388134, -0.8212137348378576], "R": [[-0.1, 1.1], [-0.10000000000000003, 1.1], [-0.1, 1.1], [-0.1, 1.1], [-0.10000000000000003, 1.1], [-3.6351241692909233, 9.745791327863362], [-0.9769183989499992, 1.1236269488575596], [-2.2506388573287786, 2.626375163077166], [-0.11061224117798873, 2.3173220832340404], [-1.517848309229576, 0.9981412909820015], [-1.8875307746960677, 2.172004748495182], [-1.4026371056557283, 6.11292947530571], [-0.7169950228232279, 3.3032634050648815], [-0.7856874150981881, 2.100761495065071], [-0.527513004764509, 2.439110129645856], [-0.9436399543409112, -0.014837888644186892]], "mse": 0.5616925250284689, "vol": 2032662.9495719762, "inc": 554, "msevvol": 2.7633333167544874e-07, "msevinc": 0.0010138854242391134}