{"beta": [-0.05093532184473161, 0.031691314374748175, 0.0018921587835823116, -0.007905111750293715, -0.004191479266507552, 0.5379127132220186, -0.009721508180586964, -0.03703418206537671, 0.029674652057282543, -0.03350185268590484, 0.02056214085684299, -0.01006931516638975, 0.005242068428559756, 0.008811938977459058, -0.015099804356645466, -0.054816979097984955, 0.0219236604592954], "R": [[-0.1, 1.1], [-0.10000000000000003, 1.1], [-0.09999999999999998, 1.1], [-0.10000000000000003, 1.1], [-0.09999999999999999, 1.1], [-2.679562738466629, 7.308664912350221], [-1.076292805095683, 1.124282873724542], [-2.2510396912444732, 2.6261580138030496], [-1.6374343175366515, 2.31791943291289], [-1.5180186531120405, 2.709040126011043], [-1.8879968750577953, 2.172291814934038], [-1.4028577002652836, 6.115344285810739], [-0.7168216464527583, 3.304913477522386], [-0.7857143967286861, 2.7073977753677876], [-0.5275743359844131, 2.438774607923275], [-0.9437099428352796, 2.5708819096635356]], "mse": 0.7721431192774135, "vol": 19939716.733850274, "inc": 2289, "msevvol": 3.872387605018479e-08, "msevinc": 0.00033732770610634056}