{"beta": [0.013750436130321913, -0.005406367624929976, -0.011194137508234163, 0.036596829196219684, 0.002575573509902196, 0.5989364694285962, 0.06393434999593327, -0.01336814358740898, 0.07932242586393837, -0.009736538724787207, 0.011749631881083486, 0.010480345475314868, -0.00018160807316017138, 0.008700077904671234, 0.007561752601390951, -0.06996435337385916, 0.004565219746526605], "R": [[-0.1, 1.1], [-0.1, 1.1], [-0.1, 1.1], [-0.1, 1.1], [-0.1, 1.1], [-3.6351241692909233, 9.745791327863362], [-1.0769183989499993, 1.1236269488575596], [-2.2506388573287786, 2.626375163077166], [-2.482619941225386, 2.3173220832340404], [-1.517848309229576, 2.708801024456387], [-1.8875307746960677, 2.172004748495182], [-1.4026371056557283, 6.11292947530571], [-0.7169950228232279, 3.3032634050648815], [-0.7856874150981881, 2.7073885696402087], [-0.527513004764509, 2.439110129645856], [-0.9436399543409112, 2.571568308445986]], "mse": 0.6602821663059006, "vol": 32390832.55511876, "inc": 3636, "msevvol": 2.0384847014423394e-08, "msevinc": 0.00018159575530965363}