{"beta": [0.002212666737925846, 0.1734772419973917, -0.003189580980760751, -0.027214866736558603, 0.0037609483013664076, 0.5210432323011102, 0.1362730826697774, -0.018662101118168795, 0.10373146220505203, 0.11373117477293451, 0.01634598687496299, -0.059517248938489, -0.08609090534742281, -0.05564950042572147, -0.2990585838377067, -1.626120331701219, -1.4035408863302774], "R": [[-0.1, 1.1], [-0.10000000000000003, 1.1], [-0.1, 1.1], [-0.1, 1.0], [-0.10000000000000003, 1.1], [-3.6351241692909233, 9.745791327863362], [-0.9769183989499992, 1.1236269488575596], [-2.2506388573287786, 1.0438499641560357], [-0.11061224117798873, 2.3173220832340404], [-1.517848309229576, 0.19281142424480913], [-1.8875307746960677, 0.5281905392186822], [-1.4026371056557283, 6.11292947530571], [-0.7169950228232279, 0.5584691088346518], [-0.7856874150981881, 0.5808802713396568], [-0.527513004764509, 2.439110129645856], [-0.9436399543409112, -0.014837888644186892]], "mse": 0.6325917429050247, "vol": 76492.29159033792, "inc": 387, "msevvol": 8.270006424868701e-06, "msevinc": 0.0016346039868346891}