{"beta": [0.06902127402484187, -0.027020219060681475, 0.08282203645328828, 0.033505631701149376, 0.12549299556285864, 0.3000365902851139, 0.0207316049878366, -0.06599813446449718, -0.050068061817933975, 0.09711911564791227, -0.08653498182600956, -0.034553335176483624, -0.028571658156817486, -0.02241514936919455, -0.15744358232111075, -0.09305434141361497, -0.2905605636024902], "R": [[-0.1, 1.0], [-0.10000000000000003, 1.0], [-0.09999999999999998, 1.0], [-0.1, 1.0], [-0.1, 1.0], [-2.679562738466629, 0.38497886744042475], [-1.076292805095683, 1.0242828737245417], [-1.1803005449138566, 0.21403386527012425], [-1.4385078118803323, 1.1024559802146683], [-0.6126068972874237, 2.709040126011043], [-1.8879968750577953, 1.3002340769356713], [-0.5325206490993863, 1.0081534532324083], [-0.7168216464527583, 3.304913477522386], [-0.7857143967286861, 2.7073977753677876], [-0.5275743359844131, 2.438774607923275], [-0.9437099428352796, 0.8135859834141276]], "mse": 0.6356742195997703, "vol": 43887.40217495633, "inc": 130, "msevvol": 1.4484207041138288e-05, "msevinc": 0.004889801689229003}