{"beta": [0.12434061285794669, 0.15300084504489772, 0.1331820793238187, 0.19995893074652854, 0.24152114078323508, 0.553379853802011, -0.0594139036499493, -0.006954379731237588, 0.13647268776716065, 0.016582496379199275, -0.0008241035150482336, 0.09012715042179073, -0.07541420222615683, -0.07473016346856752, -0.23150875972759805, 0.03526388196260177, -0.19105752207717355], "R": [[-0.1, 1.1], [-0.09999999999999998, 1.1], [-0.10000000000000002, 1.1], [-0.1, 1.1], [-0.10000000000000002, 1.1], [-2.679562738466629, 0.9726468372982625], [-0.9762928050956828, 1.1242828737245418], [-2.2510396912444732, 1.2730220249035256], [-2.4821366099920725, 1.5162960411758761], [-1.5180186531120405, 2.709040126011043], [-1.0159391370594286, 2.172291814934038], [-0.14735212351643767, 6.115344285810739], [-0.7168216464527583, 0.8530764781530665], [-0.7857143967286861, 2.7073977753677876], [-0.5275743359844131, 2.438774607923275], [-0.9437099428352796, 0.8135859834141277]], "mse": 0.7527523947949009, "vol": 648984.175153681, "inc": 447, "msevvol": 1.1598932972697637e-06, "msevinc": 0.0016840098317559304}