{"beta": [0.05125120532041106, -0.00568962994069561, 0.004164884730673255, 0.022067581145167582, -0.0417862788356376, 0.5756032190187614, 0.06120487095517869, -0.04248965344704878, 0.004434072936303341, -0.059182501531258445, 0.037486807416814656, 0.00965989040282277, -0.3523881622638839, -0.06205074894324405, 0.0817081576476223, -0.10410927906815068, -0.13267760816294805], "R": [[-0.1, 1.1], [-0.09999999999999998, 1.0], [-0.1, 1.1], [-0.1, 1.0], [-0.1, 1.1], [-1.8095520007495187, 0.36518595698150214], [-0.9769183989499992, 1.1236269488575596], [-1.2152360532475903, 1.0438499641560357], [-0.9022606250886704, 1.3942112817562706], [-0.6125184424923834, 2.708801024456387], [-1.0156236700578178, 2.172004748495182], [-0.917607285605126, 6.11292947530571], [-0.7169950228232279, 0.5584691088346518], [-0.7856874150981881, 2.7073885696402087], [-0.527513004764509, 2.439110129645856], [-0.9436399543409112, 0.39956314420417516]], "mse": 0.5790035652035264, "vol": 65480.07691005926, "inc": 299, "msevvol": 8.84243868556877e-06, "msevinc": 0.001936466773255941}