{"beta": [-0.023144748505683602, 0.04821074945840902, 0.02300423420157783, -0.006769013547533347, -0.043940131172544236, 0.5355858262394898, 0.14791231728449417, -0.03255047521643887, 0.10478280147892949, 0.04930757009047709, 0.025239543604623434, -0.02468283292286582, 0.02927453031015903, -0.08507213505780406, -0.005199782268185407, -0.08290865184848324, 0.047581923701759433], "R": [[-0.1, 1.0], [-0.10000000000000003, 1.0], [-0.1, 1.0], [-0.1, 1.0], [-0.10000000000000003, 1.0], [-0.8465922512638662, 9.745791327863362], [-0.9769183989499992, 1.1236269488575596], [-0.7034118774295794, 1.3262357163314893], [-1.3312113647225834, 2.3173220832340404], [-1.417848309229576, 0.9981412909820015], [-1.8875307746960677, -0.24371656541956777], [-1.4026371056557283, 1.007541814647884], [-0.7169950228232279, 3.2032634050648814], [-0.7856874150981881, 2.7073885696402087], [-0.527513004764509, 2.439110129645856], [-0.9436399543409112, 2.571568308445986]], "mse": 0.720767518253043, "vol": 362711.5633672958, "inc": 672, "msevvol": 1.9871644332528925e-06, "msevinc": 0.0010725707116860759}