{"beta": [0.22015542389059883, 0.2451385549719446, 0.19813332964158478, 0.3204877899731475, 0.2036193166387, 0.4439542215989356, 0.14423701574013595, 0.007399524905182776, 0.12100444145583056, -0.11536124200627063, 0.11263120347452782, 0.11331266964790875, 0.016317574044951457, -0.09617481213412256, 0.0836742761637705, -0.08800157211458684, -0.260588500759931], "R": [[-0.09999999999999998, 1.0], [-0.10000000000000003, 1.0], [-0.1, 1.1], [-0.1, 1.0], [-0.1, 1.0], [-3.6351241692909233, 0.4233513109772798], [-0.9769183989499993, 1.1236269488575596], [-1.0387449581379327, 1.5027268114411503], [-0.19497617096309916, 2.3173220832340404], [-0.6125184424923833, 0.9981412909820018], [-1.0156236700578178, 2.172004748495182], [-0.9176072856051262, 1.0075418146478838], [-0.7169950228232279, 2.027799273407001], [-0.7856874150981881, 1.0875073459147948], [-0.527513004764509, 2.439110129645856], [-0.9436399543409112, 0.8139641770525373]], "mse": 0.5082525829724557, "vol": 25340.51894710018, "inc": 199, "msevvol": 2.0056912963521496e-05, "msevinc": 0.0025540330802635964}