{"beta": [0.10362632300490056, 0.056098345478389856, 0.08939730165675043, 0.06002574033552905, 0.07207807269179814, 0.4881729927655636, 0.10193030947733647, -0.022371235701421847, 0.059708705249075435, 0.008942795131354151, -0.032530150896688516, 0.004449338293996341, -0.023221848076754936, -0.03177125649077932, 0.0881917837318024, -0.1264198468989062, -0.054671074931951655], "R": [[-0.10000000000000003, 1.1], [-0.1, 1.0], [-0.1, 1.0], [-0.09999999999999998, 1.0], [-0.1, 1.1], [-3.6351241692909233, 1.7579230443248455], [-0.9769183989499992, 1.1236269488575596], [-0.2974823586773676, 2.2086911918797814], [-0.2797704059897801, 2.3173220832340404], [-1.517848309229576, 0.9981412909820018], [-1.8875307746960677, 0.5281905392186821], [-1.4026371056557283, 1.0075418146478838], [-0.7169950228232279, 3.3032634050648815], [-0.7856874150981881, 1.3408208832023638], [-0.527513004764509, 2.439110129645856], [-0.9436399543409112, 2.571568308445986]], "mse": 0.5434145903363128, "vol": 184563.08424517373, "inc": 461, "msevvol": 2.9443298076577462e-06, "msevinc": 0.001178773514829312}