{"beta": [-0.022000801210061323, 0.004966160372831011, -0.004608029245681328, -0.01803163086963283, -0.024412513600815703, 0.6106114810307373, 0.12331518968476213, -0.014074315126356913, 0.05120166455306792, 0.00023039890976174027, -0.013015033266533894, -0.006827965067530274, -0.00664837065825119, 0.021099824043537187, 0.001429840959933148, -0.08260882200039163, 0.003052174701191515], "R": [[-0.09999999999999998, 1.1], [-0.1, 1.1], [-0.10000000000000003, 1.1], [-0.10000000000000003, 1.1], [-0.1, 1.1], [-3.9918644005925885, 6.457576198303895], [-0.9784111940537747, 1.1220651665449353], [-2.251719604905245, 2.190064806581906], [-2.4828060419456293, 2.317941267123266], [-1.5169791737417384, 2.708998760482675], [-1.887219490427016, 2.172847884726703], [-1.4032255388300936, 6.1113898898974], [-0.7175431378773933, 3.3033577420364177], [-0.7862811582964232, 2.7081113848135385], [-0.5274526967944777, 2.4394401474107608], [-0.9437002178516671, 2.5724418339902657]], "mse": 0.6575939412415828, "vol": 22009691.172649354, "inc": 3606, "msevvol": 2.987747243172366e-08, "msevinc": 0.00018236104859722206}