{"beta": [-0.05891857384899221, -0.0751827927749865, 0.06603940846255332, 0.0007479937789856659, -0.07390974386078325, 0.5268781947265819, -0.0005671651946729118, 0.06145860715832341, 0.12326623295259387, -0.0031159528622259083, 0.00839451363810177, 0.045129296499212684, -0.07942773033480874, 0.09549850488141957, -0.0915401173957662, 0.07936436790964838, 0.13558174594175088], "R": [[-0.09999999999999998, 1.0], [-0.09999999999999998, 1.0], [-0.09999999999999998, 1.0], [-0.09999999999999998, 1.0], [-0.1, 1.0], [-2.679562738466629, 0.39246508361695776], [-0.976292805095683, 1.1242828737245418], [-2.2510396912444732, 0.4611311025179159], [-0.8636341852494064, 1.0678180172228302], [-1.4180186531120405, 0.9982166143618095], [-1.0159391370594286, 1.3002340769356713], [-0.5325206490993863, 6.115344285810739], [-0.7168216464527583, 3.304913477522386], [-0.7857143967286861, 0.5808672079238036], [-0.5275743359844131, 2.438774607923275], [-0.9437099428352796, 0.8135859834141277]], "mse": 0.497771747535776, "vol": 58027.855200769234, "inc": 471, "msevvol": 8.57815174821725e-06, "msevinc": 0.0010568402283137495}