{"beta": [-0.009008318800518401, -0.022392239077020922, 0.0010978283163845626, -0.011185632896702056, -0.01911639960879337, 0.6081720109642569, 0.12216223924478714, 0.0003031004729837677, 0.0614494523328575, -0.0016084885048130613, -0.01488069320874603, -0.006874187626293077, -0.023962289489239997, 0.014216130706086818, 0.005133313007472392, -0.061370224815066786, 0.006589834158057526], "R": [[-0.09999999999999998, 1.1], [-0.1, 1.1], [-0.09999999999999998, 1.1], [-0.09999999999999998, 1.1], [-0.1, 1.1], [-3.991864400592588, 1.0059954088687275], [-0.9784111940537749, 1.1220651665449353], [-2.2517196049052446, 2.62540587901384], [-1.8129428283246791, 2.317941267123266], [-1.5169791737417384, 2.708998760482675], [-1.887219490427016, 2.172847884726703], [-1.4032255388300936, 6.111389889897401], [-0.7175431378773933, 3.3033577420364177], [-0.7862811582964232, 2.7081113848135385], [-0.5274526967944777, 2.4394401474107608], [-0.9437002178516671, 2.5724418339902657]], "mse": 0.5637785302256317, "vol": 9945934.479536606, "inc": 2982, "msevvol": 5.6684319747489317e-08, "msevinc": 0.00018906053998176786}