{"beta": [-0.06208531436533784, -0.11470708080103455, 0.07595801999947084, -0.010673816609010558, 0.06765117000186567, 0.5187464795322301, 0.029398557406194212, 0.04886762488220277, 0.0680070636516408, 0.022866178450639325, -0.01695479030941409, -0.0661656635858955, 0.06883154762221408, -0.033124503384048695, -0.1811732787370742, -0.007321829558910932, 0.028471265851975396], "R": [[-0.1, 1.0], [-0.10000000000000003, 1.0], [-0.09999999999999998, 1.0], [-0.10000000000000003, 1.0], [-0.09999999999999999, 1.0], [-2.679562738466629, 0.38497886744042475], [-1.076292805095683, 1.024282873724542], [-1.303849163537754, 0.21403386527012425], [-1.4385078118803323, 1.1024559802146683], [-1.4180186531120405, 2.709040126011043], [-1.0159391370594286, 1.3002340769356713], [-0.5325206490993863, 1.3933219788153568], [-0.7168216464527583, 3.304913477522386], [-0.7857143967286861, 2.7073977753677876], [-0.5275743359844131, 2.438774607923275], [-0.9437099428352796, -0.01506197971057599]], "mse": 0.5041526125376522, "vol": 28486.289986379626, "inc": 360, "msevvol": 1.7698079068166008e-05, "msevinc": 0.0014004239237157005}