{"beta": [0.3199317439983018, 0.41847106434050313, 0.44105813455725335, 0.38610317257407695, 0.5238451552027632, 0.48620743552761453, -0.34361624888785586, 0.0910325765436312, 0.45492991815767153, -0.13221646141919796, 0.02535847563381213, -0.04123227228105148, 0.02395974523362825, -0.11674212274710638, -0.851283505838306, 0.05885377866445647, -0.21238916547406939], "R": [[-0.1, 1.0], [-0.09999999999999998, 1.1], [-0.10000000000000002, 1.1], [-0.1, 1.1], [-0.10000000000000002, 1.1], [-2.679562738466629, 0.32134602993989503], [-0.9762928050956828, 1.1242828737245418], [-1.1626507422533003, 2.6261580138030496], [-0.7367212207572652, 1.0678180172228302], [-0.6126068972874238, 2.709040126011043], [-0.243881399061062, 2.072291814934038], [0.237816402066511, 6.115344285810739], [-0.7168216464527583, 0.5590968532319015], [-0.7857143967286861, 0.3275508869933057], [-0.5275743359844131, 2.3387746079232743], [-0.9437099428352796, 0.8135859834141277]], "mse": 0.34741949834954555, "vol": 31804.793782048433, "inc": 41, "msevvol": 1.092349476403898e-05, "msevinc": 0.008473646301208428}