{"beta": [0.0657473369134142, 0.022465956372841395, 0.05737511686047185, 0.07546310386714122, 0.0185840481839966, 0.5285856394986574, 0.06881082100976316, -0.031568996955490404, 0.10096651363312865, -0.0453284569381546, 0.018695032417310124, -0.029710416438986326, -0.016043254170167446, -0.03011243277524086, 0.00420900004381739, -0.05154388599282095, -0.08660136710265341], "R": [[-0.09999999999999998, 1.1], [-0.1, 1.1], [-0.09999999999999998, 1.1], [-0.10000000000000003, 1.1], [-0.09999999999999998, 1.1], [-3.6351241692909237, 0.7432607579540569], [-0.9769183989499992, 1.1236269488575596], [-2.2506388573287786, 1.0438499641560357], [-0.5555792953108085, 2.3173220832340404], [-1.517848309229576, 2.708801024456387], [-1.0156236700578178, 1.300097643856932], [-0.9176072856051263, 6.11292947530571], [-0.7169950228232279, 1.7339332404925316], [-0.7856874150981881, 2.7073885696402087], [-0.527513004764509, 2.439110129645856], [-0.9436399543409112, 0.8139641770525374]], "mse": 0.5979984614679349, "vol": 665355.9715932655, "inc": 1055, "msevvol": 8.987647019022977e-07, "msevinc": 0.0005668231862255307}