{"beta": [0.24932672952563772, 0.4522168264866486, 0.5339498382709624, 0.32834552862082744, 0.3632224109075854, 0.7098336717379587, 0.03934382775878571, 0.04261996703403532, 0.25693235838619244, 0.03656200179018501, -0.048698093393839945, -0.19162041965432014, -0.05140571182538262, -0.2683117728726164, -0.06084378836756088, 0.22053151187996364, -0.0453901210921718], "R": [[-0.1, 1.0], [-0.09999999999999998, 1.1], [-0.10000000000000002, 1.1], [-0.1, 1.1], [-0.10000000000000002, 1.1], [-2.679562738466629, 0.32134602993989503], [-0.9762928050956828, 1.1242828737245418], [-1.2685495582166384, 1.2730220249035256], [-0.7367212207572652, 0.8515064950387854], [-0.6126068972874238, 2.709040126011043], [-0.243881399061062, 1.3002340769356713], [-0.0895768446789953, 6.115344285810739], [-0.7168216464527583, 0.5590968532319015], [-0.7857143967286861, 0.3275508869933057], [-0.5275743359844131, 2.3387746079232743], [-0.9437099428352796, 0.8135859834141277]], "mse": 0.4397952304115563, "vol": 13215.664194845675, "inc": 55, "msevvol": 3.327832970991225e-05, "msevinc": 0.007996276916573751}