{"beta": [0.03690694122826593, 0.045195455468442725, 0.04300075306475242, -0.015884065099565567, 0.02010294661212321, 0.5606687847282723, 0.11582317521964569, -0.001755774298833212, 0.11262799741445356, -0.009378767595606392, 0.013887606565007116, -0.09113451684245241, 0.030777438229004455, 0.015506906662947087, -0.026790940353825194, -0.11961188055100248, -0.06607646423406183], "R": [[-0.1, 1.0], [-0.09999999999999998, 1.0], [-0.09999999999999998, 1.0], [-0.10000000000000003, 1.0], [-0.1, 1.0], [-1.2184007801312813, 0.7709912089848354], [-0.9784111940537747, 1.1220651665449353], [-2.251719604905245, 2.6254058790138397], [-0.017851574136274806, 2.317941267123266], [-1.4169791737417383, 0.9986075867929095], [-1.0152060153962723, 2.172847884726703], [-0.533266020016673, 1.006653017610168], [-0.7175431378773933, 2.615526837434293], [-0.7862811582964232, 2.7081113848135385], [-0.5274526967944777, 2.4394401474107608], [-0.9437002178516671, 2.5724418339902657]], "mse": 0.37133877049776604, "vol": 110466.4558101726, "inc": 473, "msevvol": 3.361552317165681e-06, "msevinc": 0.0007850713964011967}