{"beta": [0.016752348387312245, -0.05040904354707493, -0.020899995692415012, 0.023340379120698373, 0.041616972412123455, 0.5385513059995374, 0.11696265565406551, -0.005280468074325388, 0.1027338561379387, -0.002541654641375583, -0.005141812394166191, -0.045526851349926775, -0.004448668498458486, -0.016805958807362843, 0.04525419161526682, -0.09567302101158462, -0.0007079944337330785], "R": [[-0.10000000000000003, 1.1], [-0.1, 1.1], [-0.1, 1.1], [-0.09999999999999998, 1.1], [-0.1, 1.1], [-3.6351241692909233, 1.644823744888611], [-0.9769183989499992, 1.1236269488575596], [-0.36807879672122934, 2.626375163077166], [-0.2797704059897801, 2.3173220832340404], [-1.517848309229576, 2.708801024456387], [-1.8875307746960677, 2.172004748495182], [-1.4026371056557283, 6.11292947530571], [-0.7169950228232279, 3.3032634050648815], [-0.7856874150981881, 2.7073885696402087], [-0.527513004764509, 2.439110129645856], [-0.9436399543409112, 2.571568308445986]], "mse": 0.5380342378549439, "vol": 4053057.0867368975, "inc": 1212, "msevvol": 1.327477571474606e-07, "msevinc": 0.0004439226384941781}