{"beta": [0.06244337988391701, 0.12357963695083896, 0.02464187766285781, -0.04202502727124405, -0.16818717189691124, 0.5769987079175939, 0.020085944849297356, 0.0410556422804491, 0.03328956495683405, 0.06952965519996768, -0.044001012144327833, -0.011010317653020258, 0.008208554042845335, 0.0739028293881193, -0.10885467783135327, -0.1724362269051961, -0.06745463165260135], "R": [[-0.1, 1.0], [-0.1, 1.0], [-0.1, 1.1], [-0.10000000000000003, 1.0], [-0.1, 1.0], [-0.6087859249869274, 1.5271928422745873], [-0.9784111940537747, 1.1220651665449353], [-0.01612645941766344, 2.6254058790138397], [0.018599052247339487, 2.317941267123266], [-1.4169791737417383, 2.708998760482675], [-1.887219490427016, -0.2431925403655284], [-1.4032255388300936, 6.1113898898974], [-0.7175431378773933, 2.32161138513323], [-0.7862811582964232, 1.3410373297712455], [-0.5274526967944777, 2.4394401474107608], [-0.9437002178516671, 1.2288885645495409]], "mse": 0.49098242024582894, "vol": 101702.94867045092, "inc": 197, "msevvol": 4.8276124405867935e-06, "msevinc": 0.002492296549471213}