{"beta": [0.12201399883948737, 0.049783969271310964, 0.01716962923654044, 0.07387004880780886, 0.04662904533083474, 0.5546202635111742, 0.06533773179928706, -0.00579203593442408, 0.037793309763414135, -0.07551069607137459, 0.011907090197037378, 0.01310076387050384, 0.009058511790216231, -0.01587423301610377, 0.0322908213194908, -0.24782376444113796, -0.12521355065466314], "R": [[-0.09999999999999998, 1.0], [-0.1, 1.0], [-0.09999999999999998, 1.1], [-0.10000000000000003, 1.0], [-0.09999999999999998, 1.1], [-1.809552000749519, 0.36518595698150214], [-0.9769183989499992, 1.1236269488575596], [-1.2681833817804868, 2.2086911918797814], [-0.9022606250886704, 1.3942112817562706], [-0.6125184424923835, 2.708801024456387], [-1.0156236700578178, 2.172004748495182], [-0.9176072856051263, 6.11292947530571], [-0.7169950228232279, 3.3032634050648815], [-0.7856874150981881, 2.7073885696402087], [-0.527513004764509, 2.439110129645856], [-0.9436399543409112, 0.39956314420417516]], "mse": 0.6784587190614346, "vol": 291180.707904195, "inc": 535, "msevvol": 2.3300263398104755e-06, "msevinc": 0.0012681471384325882}