{"beta": [0.11449657056611041, 0.08561397358768155, 0.13721401118869384, 0.1728053939733987, 0.1434192874346558, 0.5890891890282884, 0.037520487134573274, -0.03848849878576573, 0.057397403489588314, 0.041575149344565354, -0.028106989582562403, -0.09848014138669851, -0.009230398073722985, 0.024877581028979474, -0.12572868327797698, -0.03023679662235227, -0.09991266637047369], "R": [[-0.1, 1.0], [-0.10000000000000003, 1.0], [-0.09999999999999998, 1.0], [-0.10000000000000003, 1.0], [-0.09999999999999999, 1.0], [-2.679562738466629, 0.38497886744042475], [-1.076292805095683, 1.024282873724542], [-1.303849163537754, 0.21403386527012425], [-1.4385078118803323, 1.3966289575901458], [-0.6126068972874238, 2.709040126011043], [-1.8879968750577953, 1.3002340769356713], [-0.5325206490993863, 2.163659029981254], [-0.7168216464527583, 3.304913477522386], [-0.7857143967286861, 2.7073977753677876], [-0.5275743359844131, 2.438774607923275], [-0.9437099428352796, -0.01506197971057599]], "mse": 0.659142752472536, "vol": 49298.19623805035, "inc": 242, "msevvol": 1.3370524740695946e-05, "msevinc": 0.0027237303821179173}