{"beta": [0.024849638532301883, 0.05726102144456265, 0.04558774908883669, 0.10194624642190353, 0.3273832002977202, 0.7597411730238458, 0.14186687472422393, 0.024005391657132964, 0.17983135352168367, -0.2233316259895804, 0.07502022726667032, -0.08166487923238824, 0.005743038198028887, -0.12956758497659354, 0.026379500837807657, -0.5890271599321353, -0.43159414108957495], "R": [[-0.09999999999999998, 1.0], [-0.10000000000000003, 1.0], [-0.1, 1.1], [-0.1, 1.0], [-0.1, 1.0], [-3.6351241692909233, 0.3296404628729713], [-0.9769183989499993, 1.1236269488575596], [-1.1975869437366249, 0.8497097595354124], [0.1498821429197702, 2.3173220832340404], [-0.6125184424923833, 2.708801024456387], [-1.0156236700578178, 2.172004748495182], [-0.9176072856051262, 1.3925716346984858], [-0.7169950228232279, 3.3032634050648815], [-0.7856874150981881, 2.7073885696402087], [-0.527513004764509, 2.439110129645856], [-0.9436399543409112, -0.014837888644186892]], "mse": 0.5186164855881192, "vol": 61447.02083397848, "inc": 224, "msevvol": 8.440059071201363e-06, "msevinc": 0.002315252167804104}