{"beta": [-0.002270122054424676, -0.029465513188458678, -0.020737089179412197, -0.1596418375213715, -0.0535984233776444, 0.5547631716034223, 0.02590146391478788, 0.07448664054478582, 0.05873891112805971, 0.02837944878010907, -0.009767082684897012, -0.059743705963157895, -0.10281060243041608, -0.017106836786809458, -0.07291853676129602, -0.03874402893476178, -0.0810954710046271], "R": [[-0.09999999999999998, 1.0], [-0.09999999999999998, 1.1], [-0.1, 1.1], [-0.1, 1.0], [-0.1, 1.0], [-3.991864400592588, -0.008478166867677994], [-0.9784111940537747, 1.1220651665449353], [0.1427193117343054, 2.6254058790138397], [-0.017851574136274806, 1.8461307961616225], [-0.6117835868968557, 0.9986075867929095], [-1.787219490427016, 0.5288209346652153], [-1.3032255388300935, 1.006653017610168], [-0.7175431378773933, 0.8520341236279185], [-0.7862811582964232, 2.6081113848135384], [-0.5274526967944777, 2.4394401474107608], [-0.9437002178516671, 2.5724418339902657]], "mse": 0.42262305960633845, "vol": 35534.823241864964, "inc": 152, "msevvol": 1.189320843753149e-05, "msevinc": 0.002780414865831174}