{"beta": [0.034059042545694654, -0.006973223611909191, 0.0016029344031715867, 0.06358354921277119, 0.025315786924501624, 0.5799402860968811, 0.06716274334573584, -0.018060878020094904, 0.06432552808704024, -0.021104169537824603, 0.003366507024318524, -0.00553608928980669, 0.0102390601328569, 0.00642814086036284, -0.0015576284869075932, -0.07648515138432559, 0.0016457141037677454], "R": [[-0.09999999999999998, 1.1], [-0.1, 1.1], [-0.09999999999999998, 1.1], [-0.10000000000000003, 1.1], [-0.09999999999999998, 1.1], [-3.6351241692909237, 9.745791327863362], [-1.0769183989499993, 1.1236269488575596], [-2.2506388573287786, 2.626375163077166], [-0.8765863961732068, 2.3173220832340404], [-1.517848309229576, 2.708801024456387], [-1.0156236700578178, 1.300097643856932], [-0.9176072856051263, 6.11292947530571], [-0.7169950228232279, 3.3032634050648815], [-0.7856874150981881, 2.7073885696402087], [-0.527513004764509, 2.439110129645856], [-0.9436399543409112, 2.571568308445986]], "mse": 0.6282188958081297, "vol": 11501256.527749963, "inc": 1484, "msevvol": 5.462176191726338e-08, "msevinc": 0.0004233280969057478}