{"beta": [-0.05744622955375702, 0.01770957232637485, -0.0063489761344848895, -0.012791434171444963, -0.008155748963625318, 0.5318248300995408, -0.01169038304701216, -0.04459512884538383, 0.045128861172081904, -0.03081812397510259, 0.023701896560675693, -0.008493795759287858, 0.0008496692869801349, 0.005348174932581138, -0.011706001313132776, -0.043297266241363715, 0.020958046097149956], "R": [[-0.1, 1.1], [-0.1, 1.1], [-0.1, 1.1], [-0.1, 1.1], [-0.1, 1.1], [-2.679562738466629, 7.308664912350221], [-1.076292805095683, 1.1242828737245418], [-2.2510396912444732, 2.6261580138030496], [-2.4821366099920725, 2.31791943291289], [-1.5180186531120405, 2.709040126011043], [-1.8879968750577951, 2.172291814934038], [-1.4028577002652836, 6.115344285810739], [-0.7168216464527583, 3.304913477522386], [-0.7857143967286861, 2.7073977753677876], [-0.5275743359844131, 2.438774607923275], [-0.9437099428352796, 2.570881909663535]], "mse": 0.7217523260948419, "vol": 24198027.24124313, "inc": 3639, "msevvol": 2.982690774331747e-08, "msevinc": 0.0001983380945575273}