{"beta": [0.10033504189876032, 0.0351248065294803, 0.046373856621693244, 0.11562854955943092, 0.074094676729169, 0.48265772704762444, 0.10631059918515735, 0.035546792469935674, 0.09168430790108076, 0.03153791474230089, -0.012941974533236155, -0.06269781013318058, -0.1725893208228836, -0.02178148246774846, 0.019502869490886997, -0.047949340886568124, -0.15859910960058035], "R": [[-0.10000000000000003, 1.1], [-0.1, 1.1], [-0.1, 1.0], [-0.09999999999999998, 1.1], [-0.1, 1.1], [-3.6351241692909233, 0.8822113258328593], [-0.9769183989499992, 1.1236269488575596], [-0.19158770161157168, 2.2086911918797814], [-0.2797704059897801, 2.3173220832340404], [-1.517848309229576, 0.9981412909820018], [-1.8875307746960677, 1.300097643856932], [-1.4026371056557283, 2.1626312747996894], [-0.7169950228232279, 0.8523351417491218], [-0.7856874150981881, 2.6073885696402086], [-0.527513004764509, 2.439110129645856], [-0.9436399543409112, 2.571568308445986]], "mse": 0.5011762617740441, "vol": 214225.5696624378, "inc": 715, "msevvol": 2.3394791880528723e-06, "msevinc": 0.0007009458206629987}