{"beta": [-0.01334339875412474, -0.016580150423275267, -0.013911281318561675, -0.011802844293484289, -0.10241653151381663, 0.5773655248870916, 0.11210486112118667, 0.01558019501079057, 0.11837775028940094, 0.011887790210215809, -0.015568019265358588, 0.011975105653830063, -0.042179542731786195, 0.013222679368800864, -0.10679839349889063, -0.19339809719831105, -0.17242410945954117], "R": [[-0.09999999999999998, 1.1], [-0.1, 1.1], [-0.10000000000000003, 1.1], [-0.10000000000000003, 1.0], [-0.1, 1.1], [-3.9918644005925885, 1.0059954088687275], [-0.9784111940537747, 1.1220651665449353], [-2.251719604905245, 2.6254058790138397], [-0.26073924226861545, 2.317941267123266], [-1.4169791737417383, 2.708998760482675], [-1.887219490427016, 2.172847884726703], [-1.4032255388300936, 6.1113898898974], [-0.7175431378773933, 0.8520341236279186], [-0.7862811582964232, 2.7081113848135385], [-0.5274526967944777, 2.4394401474107608], [-0.9437002178516671, 0.3998530515890576]], "mse": 0.4326821086660539, "vol": 828817.7550085337, "inc": 851, "msevvol": 5.220473452111301e-07, "msevinc": 0.0005084396106534123}