{"beta": [0.10908800475685193, -0.29510220494002937, 0.1446038702464903, 0.6772940879524695, -0.44660630680784563, -0.42855425732258234, -0.3365352332596281, 0.005852195688099543, -0.1140090037773493, -0.08813862476478163, -1.1741807636846626, 1.3984671121855892], "R": [[-2.7959321704778626, 6.122627160047834], [-2.746572466088649, 3.5331412060101], [-0.4210188366629348, 5.334375481884963], [-2.4563033545612583, 4.986747718998426], [-2.4742496470777513, 3.225833623127088], [-0.7175020092364299, 2.6726249832016244], [-0.7783449756044527, 3.6099946272353787], [-0.4406456859395721, 4.224581498035601], [-0.588649780344704, 1.7988029782571497], [-1.4448575338251726, 0.7921097593287006], [-0.9615978541703436, 1.139935764897052]], "mse": 0.8372393706043589, "vol": 10652746.387673179, "inc": 38, "msevvol": 7.859375790389322e-08, "msevinc": 0.022032615015904183}