{"beta": [0.21460746620472324, -0.3981962523293548, -0.07435826487583881, 1.0475908239577514, -0.6868915650856083, -0.5067757643153542, -0.34998291651093033, 0.13017860318428495, -0.014878491763872115, -0.04483847883135608, -0.7539553527638567, 0.9375], "R": [[-2.7959321704778626, 6.122627160047834], [-2.746572466088649, 3.5331412060101], [-0.8923016965419261, 5.334375481884963], [-2.4563033545612583, 4.986747718998426], [-2.4742496470777513, 3.225833623127088], [-0.7175020092364299, 2.6726249832016244], [-1.3067077346936016, 3.6099946272353787], [-0.7641657225992308, 4.224581498035601], [-0.588649780344704, 1.7988029782571497], [-1.4448575338251726, 0.7921097593287006], [-0.9615978541703436, 1.139935764897052]], "mse": 0.708751296193736, "vol": 13808142.015100945, "inc": 51, "msevvol": 5.1328505704723134e-08, "msevinc": 0.013897084239092862}