{"beta": [-0.20447153222149955, -0.17797079351391573, 0.19502003075887225, 0.5195328828127656, -0.16439129071213687, -0.37100304092246683, -0.4848040821720129, 0.14150156813928766, 0.1405599492834014, 0.10661217220427813, 0.17455545948379594, -0.15103773933017298], "R": [[-2.7959321704778626, 6.122627160047834], [-2.746572466088649, 0.3932843699607257], [-2.877433136057892, 1.4641126028530311], [-2.4563033545612583, 4.986747718998426], [-0.7271663323116219, 5.631750263799668], [-1.1287678832911867, 2.6726249832016244], [-1.7121954335294594, 3.6099946272353787], [-0.08117897853995204, 2.291301290297539], [-0.688649780344704, 1.6988029782571497], [-1.4448575338251728, 0.7921097593287006], [-1.0615978541703437, 1.0399357648970522]], "mse": 0.726756644928795, "vol": 3099913.448840398, "inc": 61, "msevvol": 2.3444417301413915e-07, "msevinc": 0.011914043359488442}