{"beta": [0.023853554244276196, -0.1874927778199964, -0.08222571779685876, 0.3532984832175804, -0.11696633711988935, -0.2573563178680836, -0.3007593092327957, 0.15736138802311506, 0.07633223007677722, 0.04576930734240552, 0.16205360177030656, 0.0012337367848486577], "R": [[-2.7959321704778626, 6.122627160047834], [-2.746572466088649, 3.5331412060101], [-2.877433136057892, 5.334375481884963], [-2.4563033545612583, 4.986747718998426], [-2.4742496470777513, 5.631750263799668], [-2.462565505455457, 2.6726249832016244], [-1.898207975706763, 3.6099946272353787], [-3.452326015876494, 4.224581498035601], [-0.688649780344704, 1.6988029782571494], [-1.4448575338251726, 0.7921097593287006], [-1.0615978541703437, 1.039935764897052]], "mse": 0.7621031998942034, "vol": 67626124.08655146, "inc": 146, "msevvol": 1.1269360919144557e-08, "msevinc": 0.005219884930782215}