{"beta": [-0.44690950175375305, -0.03949954345986915, 0.2702460185162064, 0.6842354885495213, -0.8909248031205023, -0.05972783297080685, -0.6012132446139248, -0.10356468462301865, 0.006047207228837088, -0.06547897070336726, 0.26824264773411166, -0.09856295402861977], "R": [[-2.7959321704778626, 6.122627160047834], [-1.6332868540721908, 0.055522499288573], [-2.877433136057892, 5.234375481884963], [-2.4563033545612583, 4.986747718998426], [-0.7271663323116219, 0.2610836565480556], [-0.7175020092364299, 0.5162956129278403], [-1.1961201804656396, 0.5364181691057528], [-0.08117897853995204, 2.399141302517425], [-0.688649780344704, 1.6988029782571497], [-1.4448575338251728, 0.7921097593287006], [-1.0615978541703437, 1.0399357648970522]], "mse": 0.822442383563708, "vol": 53478.12318391678, "inc": 31, "msevvol": 1.537904351533138e-05, "msevinc": 0.026530399469797034}