{"beta": [-0.016542611662952664, -0.18067954296611896, -0.05149580072189678, 0.4065735596012591, -0.15049098655721024, -0.2605177175607215, -0.3680445564384888, 0.11670776127584431, 0.01715903499809926, 0.04198879931568293, 0.1446685708258711, -0.02417396238264265], "R": [[-2.7959321704778626, 6.122627160047834], [-2.746572466088649, 3.5331412060101], [-2.877433136057892, 5.334375481884963], [-2.4563033545612583, 4.986747718998426], [-2.4742496470777513, 5.631750263799668], [-2.462565505455457, 2.6726249832016244], [-1.898207975706763, 3.6099946272353787], [-3.452326015876494, 4.224581498035601], [-0.688649780344704, 1.7988029782571497], [-1.5448575338251727, 0.7921097593287006], [-1.0615978541703437, 1.139935764897052]], "mse": 0.7775074809127775, "vol": 77111034.85853748, "inc": 205, "msevvol": 1.0082960011354257e-08, "msevinc": 0.0037927194190867197}