{"beta": [0.16918605802733588, -0.4245286805052882, -0.10630334854030773, 0.6942732690015859, -0.39374311182763894, -0.4122280909855788, -0.3374728809551884, 0.1072615672640499, 0.027693786711512437, -0.009115532881532747, -1.3261739716731493, 1.5886330137591655], "R": [[-2.7959321704778626, 6.122627160047834], [-2.746572466088649, 3.5331412060101], [-0.8923016965419261, 5.334375481884963], [-2.4563033545612583, 4.986747718998426], [-2.4742496470777513, 5.631750263799668], [-0.7175020092364299, 2.6726249832016244], [-1.898207975706763, 3.6099946272353787], [-0.7641657225992308, 4.224581498035601], [-0.588649780344704, 1.7988029782571497], [-1.5448575338251727, 0.7921097593287006], [-0.9615978541703436, 1.139935764897052]], "mse": 0.7629661979246362, "vol": 22982095.610667564, "inc": 55, "msevvol": 3.319828665104375e-08, "msevinc": 0.01387211268953884}