{"beta": [-0.4469095017537527, -0.03949954345986955, 0.27024601851620617, 0.6842354885495182, -0.8909248031205006, -0.05972783297080551, -0.6012132446139246, -0.10356468462301865, 0.0060472072288371365, -0.06547897070336724, 0.2682426477341117, -0.09856295402862006], "R": [[-2.7959321704778626, 6.122627160047834], [-1.6332868540721908, 0.055522499288573], [-2.877433136057892, 5.234375481884963], [-2.4563033545612583, 4.986747718998426], [-0.7271663323116219, 0.2610836565480556], [-0.7175020092364299, 0.5162956129278403], [-1.1961201804656396, 0.5364181691057528], [-0.08117897853995204, 2.399141302517425], [-0.688649780344704, 1.6988029782571497], [-1.4448575338251728, 0.7921097593287006], [-1.0615978541703437, 1.0399357648970522]], "mse": 0.32112613388127365, "vol": 53478.12318391678, "inc": 22, "msevvol": 6.004813085472124e-06, "msevinc": 0.014596642449148801}