{"beta": [0.1961394462479318, -0.26717321029828794, 0.03700276508488892, 0.3134357240995031, -0.01567826301551162, -0.4207975664715505, -0.2979380202735333, 0.0910946880250854, -0.016026104331519204, 0.03535371213045593, 0.09737788338307624, -0.03436020923101083], "R": [[-0.9166343479215981, 6.122627160047834], [-2.746572466088649, 3.5331412060101], [-2.877433136057892, 1.464112602853031], [-2.4563033545612583, 4.986747718998426], [-0.39774966935839606, 5.631750263799668], [-0.71750200923643, 2.6726249832016244], [-1.7613454576307752, 3.6099946272353787], [-3.452326015876494, 4.224581498035601], [-0.688649780344704, 1.6988029782571494], [-1.4448575338251726, 0.7921097593287006], [-1.0615978541703437, 1.039935764897052]], "mse": 0.6506386642166183, "vol": 13513234.251852825, "inc": 140, "msevvol": 4.8148256153215724e-08, "msevinc": 0.0046474190301187025}