{"beta": [-0.016542611662949472, -0.18067954296612104, -0.05149580072189868, 0.40657355960126, -0.15049098655721085, -0.26051771756072195, -0.368044556438489, 0.11670776127584448, 0.01715903499809932, 0.04198879931568285, 0.1446685708258714, -0.024173962382642696], "R": [[-2.7959321704778626, 6.122627160047834], [-2.746572466088649, 3.5331412060101], [-2.877433136057892, 5.334375481884963], [-2.4563033545612583, 4.986747718998426], [-2.4742496470777513, 5.631750263799668], [-2.462565505455457, 2.6726249832016244], [-1.898207975706763, 3.6099946272353787], [-3.452326015876494, 4.224581498035601], [-0.588649780344704, 1.7988029782571497], [-1.5448575338251727, 0.7921097593287006], [-1.0615978541703437, 1.139935764897052]], "mse": 0.6080393308352317, "vol": 74011034.88499509, "inc": 306, "msevvol": 8.215522614702755e-09, "msevinc": 0.001987056636716443}