{"beta": [0.3147842449164399, 0.23387524530356527, -0.25563670152912354, -0.02250786672474856, -0.07798472003905216, -0.13461642456638218], "R": [[-1.3767654645611844, 3.6151813528132357], [-1.7617792825798462, 0.9121829326680108], [-1.2109108112469629, -0.06293264072788862], [-0.5313915329587728, 2.4180798036097926], [-1.0217648016985406, 1.1848754456205048]], "mse": 0.6250113234606702, "vol": 99.73200745704128, "inc": 46, "msevvol": 0.006266908080937693, "msevinc": 0.013587202683927614}