{"beta": [-0.019284648080246686, 0.12605597870628907, -0.11894313060384354, -0.1280500038864349, 0.08623066746199197, -0.03286403097957279], "R": [[-1.3767654645611844, 3.6151813528132357], [-1.761779282579846, 0.9121829326680108], [-1.310910811246963, 2.3330237003102603], [-0.43139153295877297, 2.3180798036097925], [-1.0217648016985406, 1.1848754456205048]], "mse": 1.0946366667774798, "vol": 295.1049612472742, "inc": 106, "msevvol": 0.0037093129920654313, "msevinc": 0.010326761007334715}