{"beta": [-0.3080855882923197, 0.30617348109247294, 0.35675143776355256, -0.09832596056826333, 0.3268982939437875, 0.0026047845021839027], "R": [[-1.3767654645611844, 3.615181352813236], [-1.761779282579846, 0.9121829326680108], [-1.310910811246963, 2.2330237003102598], [-0.43139153295877275, 2.4180798036097926], [-0.9217648016985405, 1.1848754456205048]], "mse": 1.045256895877691, "vol": 283.96549639215607, "inc": 21, "msevvol": 0.0036809292296349706, "msevinc": 0.04977413789893767}