{"beta": [0.07205080477749924, 0.18721748537531574, 0.09549525886702842, -0.1575998671156391, 0.07988325643266739, 0.07137375995198185], "R": [[-1.3767654645611844, 3.615181352813236], [-1.761779282579846, 0.9121829326680108], [-1.310910811246963, 1.0850455297911856], [-0.5313915329587728, 2.4180798036097926], [-1.0217648016985406, 1.1848754456205048]], "mse": 1.0099604138286564, "vol": 208.1516372067562, "inc": 94, "msevvol": 0.004852041652814226, "msevinc": 0.010744259721581452}