{"beta": [-0.019284648080246564, 0.12605597870628857, -0.11894313060384379, -0.12805000388643534, 0.08623066746199214, -0.03286403097957273], "R": [[-1.3767654645611844, 3.615181352813236], [-1.761779282579846, 0.9121829326680108], [-1.310910811246963, 2.3330237003102603], [-0.5313915329587728, 2.4180798036097926], [-1.0217648016985406, 1.1848754456205048]], "mse": 0.9279083711609682, "vol": 316.57126695647105, "inc": 159, "msevvol": 0.0029311199973450427, "msevinc": 0.005835901705414895}