{"beta": [0.06689156846909516, 0.09832407960280846, -0.332190262057021, -0.2021580214713141, 0.25430420429081724, 0.035682890676962155], "R": [[-1.3767654645611844, 3.615181352813236], [-1.6617792825798459, -0.8371252108305604], [-1.310910811246963, 2.3330237003102603], [-0.5313915329587728, 2.4180798036097926], [-1.0217648016985403, 1.1848754456205048]], "mse": 1.4008630448650705, "vol": 97.63106703820247, "inc": 40, "msevvol": 0.014348537687465005, "msevinc": 0.03502157612162676}