{"beta": [0.801020936721527, 0.019961246463436288, -0.08158332443486312, -0.5617335434023407, 0.39526280332935365, -0.5250638984128314], "R": [[-0.4461613495496182, 3.615181352813236], [-1.761779282579846, -0.8371252108305604], [-1.310910811246963, 1.0850455297911856], [-0.5313915329587728, 2.4180798036097926], [-0.9217648016985407, 1.1848754456205048]], "mse": 1.4859324808632106, "vol": 55.90650988695832, "inc": 38, "msevvol": 0.026578881133301507, "msevinc": 0.03910348633850554}