{"beta": [0.06689156846909518, 0.09832407960281025, -0.33219026205702035, -0.20215802147131418, 0.25430420429081735, 0.03568289067696408], "R": [[-1.3767654645611844, 3.615181352813236], [-1.761779282579846, -0.01247113908127484], [-1.310910811246963, 2.3330237003102603], [-0.5313915329587728, 2.4180798036097926], [-0.9217648016985407, 1.1848754456205048]], "mse": 1.1959773368337447, "vol": 197.71580537126505, "inc": 54, "msevvol": 0.006048971828974284, "msevinc": 0.02214772845988416}