{"beta": [-0.18061546443811424, 0.03288292179888237, -0.05217346255416406, -0.05745189669712524, -0.0350985972668916, 0.017939551802607135], "R": [[-1.3767654645611844, 3.6151813528132357], [-0.01247113908127473, 0.9121829326680108], [-1.310910811246963, 2.3330237003102603], [-0.5313915329587728, 2.4180798036097926], [-1.0217648016985406, 1.0848754456205048]], "mse": 0.7350141284645845, "vol": 104.50915990140919, "inc": 79, "msevvol": 0.007033011548059278, "msevinc": 0.009303976309678285}