{"beta": [0.23184025944834813, 0.22606780780511052, -0.040224661629054755, -0.31155302575113, 0.251315925213617, 0.12612800953387676], "R": [[-1.3767654645611844, 3.615181352813236], [-1.761779282579846, -0.01247113908127484], [-1.310910811246963, 1.0850455297911856], [-0.5313915329587728, 2.4180798036097926], [-0.9217648016985407, 1.1848754456205048]], "mse": 1.223233019857884, "vol": 130.0019075810188, "inc": 32, "msevvol": 0.009409346698205564, "msevinc": 0.038226031870558876}