{"beta": [0.5645571270596231, 0.22747162935511067, -0.004770776194724192, -0.5743294662869612, 0.3413205611733255, -0.10369773406421609], "R": [[-0.637839222244595, 3.615181352813236], [-1.761779282579846, -0.8371252108305604], [-1.310910811246963, 1.0850455297911856], [-0.5313915329587728, 2.4180798036097926], [-0.9217648016985407, 1.1848754456205048]], "mse": 1.3640685413310536, "vol": 58.54505621763323, "inc": 41, "msevvol": 0.02329946590640063, "msevinc": 0.033269964422708624}