{"beta": [0.3147842449164378, 0.23387524530356504, -0.038973625136335774, -0.02250786672474881, -0.07798472003905228, 0.12774323703566898], "R": [[-1.3767654645611844, 3.6151813528132357], [-1.7617792825798462, 0.9121829326680108], [-1.2109108112469629, -0.06293264072788862], [-0.5313915329587728, 2.4180798036097926], [-1.0217648016985406, 1.1848754456205048]], "mse": 0.6250113234606703, "vol": 99.73200745704128, "inc": 46, "msevvol": 0.006266908080937694, "msevinc": 0.013587202683927616}