{"beta": [0.17154417104537492, -0.357891191306486, 0.19769157183770764, 0.00405969521197364, -0.2314795582667664, 0.05262265483958297, -0.6692206056842228], "R": [[-1.3887301496588271, 1.720185174601965], [-1.13130082502003, 0.411866244061852], [-0.886479052440575, 0.3423659789946878], [0.3307312826603589, 26.150966377476646], [-0.9760197726155687, 1.1150541795725155], [0.8288437800843271, 4.1252797458964094]], "mse": 0.02680318521986202, "vol": 1049.2843288295005, "inc": 22, "msevvol": 2.5544253815132792e-05, "msevinc": 0.001218326600902819}