{"beta": [0.036785056298163005, -0.3578859270216084, -0.06285129182572413, -0.0026589260847033258, -0.23457299623625208, 0.08638558292178022, -0.8706192954169721], "R": [[-1.1572751247156892, 0.9258200997725514], [-1.13130082502003, 1.496229989247223], [-1.2772928491263928, 1.3340984998439032], [0.48188739365376204, 26.150966377476646], [-0.9760197726155687, 1.1150541795725155], [0.8288437800843271, 4.1252797458964094]], "mse": 0.023362882499366647, "vol": 2529.0255948205013, "inc": 30, "msevvol": 9.237898796759642e-06, "msevinc": 0.0007787627499788882}