{"beta": [-0.20451576047550443, -0.006842263116092015, 0.008614512179662038, -0.03324367881957507, -0.04397184650520705, -0.13504177535296483, -0.006642729444403589], "R": [[-1.6923938634770468, 1.6968959665685883], [-1.0618306677398395, 1.5755795222543156], [-1.1934563591118503, 1.420181465660709], [-0.11190640497467141, 26.016148822943872], [-0.9565511514060261, 18.730810247203966], [-3.1508650991369676, 4.357104412223306]], "mse": 0.5358612628082676, "vol": 90229.57137927304, "inc": 1146, "msevvol": 5.938865214773283e-06, "msevinc": 0.0004675927249635843}