{"beta": [0.06369716906280312, 0.018422337511080807, -0.037605123982193546, -0.056059592294988, 0.0122396902197066, -0.22041363417475235, -0.0654208623498722], "R": [[-0.9258200997725513, 1.1572751247156892], [-1.13130082502003, 1.4962299892472228], [-1.2772928491263928, 1.3340984998439032], [0.810762911016324, 26.150966377476646], [-0.9760197726155687, 19.14347425562218], [-3.261858092384089, 1.8943224353550219]], "mse": 0.014017842896133979, "vol": 37573.717786555935, "inc": 10, "msevvol": 3.7307574873917943e-07, "msevinc": 0.0014017842896133978}