{"beta": [0.3620656664926603, 1.4785102559540781, -0.8215282693259708, -0.029335252908058915, -0.7042006612430174, 0.3585167074931677, 0.11652676328972943], "R": [[-1.720185174601965, 1.720185174601965], [-1.13130082502003, 1.4962299892472228], [-1.2772928491263928, 1.3340984998439032], [2.7963057438042536, 26.150966377476646], [-0.9760197726155687, 19.14347425562218], [-3.261858092384089, 4.1252797458964094]], "mse": 0.00943044449849987, "vol": 81939.21394229215, "inc": 4, "msevvol": 1.1509073671540844e-07, "msevinc": 0.0023576111246249674}