{"beta": [-0.009331811683062958, -0.05986352963869003, 0.10075731269166738, -0.011127895559148115, 0.0011686766947771314, -0.02221732837028495, -0.3118667111300438], "R": [[-1.720185174601965, 1.720185174601965], [-1.13130082502003, 1.4962299892472228], [-1.2772928491263928, 1.3340984998439032], [0.1155386151689024, 26.150966377476646], [-0.9760197726155687, 19.14347425562218], [-3.261858092384089, 4.1252797458964094]], "mse": 0.07399451427289906, "vol": 91344.61506235869, "inc": 269, "msevvol": 8.100588548365425e-07, "msevinc": 0.00027507254376542403}