{"beta": [0.5330435976104069, -0.4725463065496385, 0.28241659214946946, -0.0011531995898207352, -0.6163892100842727, 0.09810747979286458, -0.29307888078079475], "R": [[-1.720185174601965, 1.720185174601965], [-1.13130082502003, 1.4962299892472228], [-1.2772928491263928, 1.3340984998439032], [2.6530666801017553, 26.150966377476646], [-0.9760197726155687, 19.14347425562218], [-3.261858092384089, 4.1252797458964094]], "mse": 0.005344391051684747, "vol": 82441.76443830278, "inc": 6, "msevvol": 6.482625751762442e-08, "msevinc": 0.0008907318419474579}