{"beta": [-0.19570693494800293, 0.09166733263232518, -0.2532468976035616, -0.0003761537360692882, 0.09497296105551986, -0.23257884331704262, -0.31147544337579397], "R": [[-0.7225875461918736, 1.3069605274735303], [-1.0618306677398395, 0.6853711386582105], [-1.0934563591118502, 0.34724405849489026], [-0.23792987968180154, 26.016148822943872], [0.5390139588446112, 2.2884993022732663], [0.3962903307499529, 4.357104412223306]], "mse": 0.09281444454891809, "vol": 929.4106475495078, "inc": 58, "msevvol": 9.9863762905701e-05, "msevinc": 0.0016002490439468635}