{"beta": [-0.1968704465713319, -0.030290564759564577, -0.03303902362268155, -0.029179165589542096, -0.0611321644312938, -0.19056172084832437, 0.039934401010956536], "R": [[-1.6923938634770468, 1.6968959665685883], [-1.0618306677398395, 1.5755795222543156], [-1.1934563591118503, 1.4201814656607088], [-0.23792987968180146, 26.016148822943872], [-0.956551151406026, 18.730810247203966], [-0.7855915309255619, 4.357104412223306]], "mse": 0.6960668502001284, "vol": 62102.19338054268, "inc": 1824, "msevvol": 1.1208410078768877e-05, "msevinc": 0.0003816155976974388}