{"beta": [-0.20459311348538994, -0.10746019064027265, -0.0875872412038528, -0.0007156426763621957, 0.01323471890384223, -0.19264319380870285, -0.29689380540193244], "R": [[-0.1427166680017582, 1.3069605274735303], [-1.0618306677398395, -0.05755148725200787], [-1.1934563591118503, 1.4201814656607088], [-0.23792987968180157, 26.016148822943872], [0.3605921022621496, 18.730810247203966], [0.5341765479454299, 4.357104412223306]], "mse": 0.09685472394031128, "vol": 7015.8189481372465, "inc": 95, "msevvol": 1.3805191476046706e-05, "msevinc": 0.0010195234098980134}