{"beta": [-0.06464960300146962, -0.09310207482969733, 0.18275897926127202, -0.10241794976647713, -0.07329264435744545, 0.07452613078618382, -0.478186480168952], "R": [[-0.7225875461918736, 1.5968959665685882], [-1.0618306677398395, 1.5755795222543156], [-1.1934563591118503, 1.420181465660709], [0.7092880645139644, 26.016148822943872], [-0.9565511514060261, 18.730810247203966], [-3.1508650991369676, 2.208509185319079]], "mse": 0.019571109376070185, "vol": 42692.76212526099, "inc": 20, "msevvol": 4.5841750221380275e-07, "msevinc": 0.0009785554688035093}