{"beta": [-0.07001272540878797, -0.05427615768384736, 0.08007229443437079, -0.021826025807396145, -0.04211880104641869, -0.11314215073304147, -0.00589386610398713], "R": [[-1.720185174601965, 1.720185174601965], [-1.13130082502003, 1.4962299892472233], [-1.2772928491263928, 1.3340984998439032], [-0.23821647948833943, 26.150966377476646], [-0.9760197726155688, 19.14347425562218], [-0.934039085909002, 4.1252797458964094]], "mse": 0.40513659150361364, "vol": 63410.33113997728, "inc": 1587, "msevvol": 6.389125939261872e-06, "msevinc": 0.00025528455671305206}