{"beta": [0.018555275854717702, -0.07131177862710562, 0.13686907262107512, -0.012186850115109891, -0.016206565443882163, -0.06392821197257446, -0.18104303100525684], "R": [[-0.46291004988627565, 1.720185174601965], [-1.13130082502003, 1.496229989247223], [-1.2772928491263928, 1.3340984998439032], [-0.03532003451010224, 26.150966377476646], [-0.2723688412475188, 19.14347425562218], [0.20892892610865021, 4.1252797458964094]], "mse": 0.1303126760421265, "vol": 29826.631877681088, "inc": 322, "msevvol": 4.369004069133194e-06, "msevinc": 0.0004046977516836227}