{"beta": [0.0727800778335753, -0.03337571927844069, -0.1703872631368642, 0.19643022227920992, -0.20393954484525767, 0.04908181431302115, -0.7844989613801154], "R": [[-0.9258200997725514, 0.9258200997725514], [-1.13130082502003, 1.496229989247223], [-1.2772928491263928, 0.3423659789946878], [0.3307312826603589, 26.150966377476646], [-0.9760197726155687, 19.14347425562218], [0.8288437800843271, 1.468130973246744]], "mse": 0.024325726238629716, "vol": 2616.9848745305544, "inc": 15, "msevvol": 9.295325500493527e-06, "msevinc": 0.0016217150825753143}