{"beta": [-0.07562500247694698, -0.027944796694894882, 0.04395673377075199, -0.026378771779323327, -0.04322887526218738, -0.08875558937380029, -0.01815114727599222], "R": [[-1.720185174601965, 1.720185174601965], [-1.13130082502003, 1.496229989247223], [-1.2772928491263928, 1.3340984998439032], [-0.23821647948833943, 26.150966377476646], [-0.9760197726155687, 19.14347425562218], [-3.261858092384089, 4.1252797458964094]], "mse": 0.4618480995908042, "vol": 92585.75552845064, "inc": 1936, "msevvol": 4.988327815166806e-06, "msevinc": 0.0002385579026812005}