{"beta": [-0.08759951731670938, -1.129979034988658, 0.7542967828821215, 0.011052032250269404, 0.01376459447418155, 0.06087242313107742, -1.0155148909409935], "R": [[0.1472187710932995, 1.5968959665685882], [-1.0618306677398395, -0.296417685871435], [-1.1934563591118503, 1.420181465660709], [0.3415744207021848, 1.1958334385834002], [0.6206612988020317, 6.84553765753911], [1.0069292926156366, 2.208509185319079]], "mse": 0.0971410156643053, "vol": 18.530429761231808, "inc": 7, "msevvol": 0.005242242997922131, "msevinc": 0.013877287952043614}