{"beta": [0.10256452378315006, 0.04897402435853698, -0.43667272503556415, 0.07333253057254671, -0.4924989144164282, 0.16033302087805756, -0.9088509073569272], "R": [[-1.7201851746019652, 0.9258200997725514], [-1.13130082502003, 1.496229989247223], [-1.0617872035107154, 1.3340984998439032], [0.3307312826603589, 1.17900171292959], [-0.16525676783908416, 19.14347425562218], [0.8288437800843271, 1.468130973246744]], "mse": 0.2325844936493727, "vol": 174.41694878861807, "inc": 8, "msevvol": 0.001333497089960276, "msevinc": 0.029073061706171587}