{"beta": [-0.06595323003674813, -0.030850905458126795, 0.04851005395992419, -0.01876711748876684, -0.04032934832112321, -0.08767755263941805, -0.034910505168289536], "R": [[-0.6943650748294137, 1.720185174601965], [-1.13130082502003, 1.396229989247223], [-1.2772928491263928, 1.3340984998439032], [-0.23821647948833946, 26.150966377476646], [-0.3157570513107365, 19.14347425562218], [-3.261858092384089, 4.1252797458964094]], "mse": 0.2937971454979949, "vol": 60455.03732024068, "inc": 1465, "msevvol": 4.859762867099083e-06, "msevinc": 0.00020054412661979176}