{"beta": [0.49186299113562293, 0.43510820661802485, 0.00893144145662151, -0.6386916868414481, -0.23955035134784694, -0.09143057162606062, -0.03248872659737891], "R": [[0.23145502494313785, 0.9258200997725514], [-1.03130082502003, -0.5105954653597042], [-1.008254315563575, 0.8234385531142616], [-0.23821647948833943, 0.48536082654034984], [-0.05084000793758098, 1.0959008413253646], [0.6157480490301882, 1.4100139556865243]], "mse": 0.19212132304213866, "vol": 0.43646428580355734, "inc": 23, "msevvol": 0.4401765030750033, "msevinc": 0.008353101001832116}