{"beta": [0.14472487373474371, -0.5633801332979548, 0.6399473385532067, 0.4518543813418414, -0.4836704436030661, -0.11260017699151201, -0.41802342929477826], "R": [[-0.23145502494313785, 0.6943650748294136], [-1.13130082502003, -0.3685849127250698], [-1.0617872035107154, 1.3340984998439032], [0.48188739365376204, 26.150966377476646], [-0.9760197726155687, 1.1092630160261188], [0.8288437800843271, 1.7587160610478425]], "mse": 0.005212947029286843, "vol": 84.20813618559667, "inc": 3, "msevvol": 6.190550302404731e-05, "msevinc": 0.001737649009762281}