{"beta": [-0.03920424869113787, -0.08436054288979024, 0.23289607415517727, 0.04656791556609965, 0.04469378312619017, 0.012373632906763165, -0.7506308838358137], "R": [[0.4371542101883572, 1.6968959665685883], [-1.0618306677398395, 0.6449101295043076], [-1.1934563591118503, 1.420181465660709], [0.30135295338418455, 26.016148822943872], [0.4412133740347506, 7.311389714583472], [0.35689426869410235, 2.208509185319079]], "mse": 0.02471853633587664, "vol": 1838.2142900851495, "inc": 15, "msevvol": 1.3447037415170802e-05, "msevinc": 0.001647902422391776}