{"beta": [-0.003149481325941188, -0.1372738301877724, 0.022018288180734303, -0.007399264464588257, 0.0010864504653189883, -0.08222229910606234, -0.341709691904903], "R": [[-1.7201851746019652, 1.7201851746019647], [-1.13130082502003, 1.4962299892472228], [-1.2772928491263928, 1.3340984998439032], [0.2530069293720767, 26.150966377476646], [-0.9760197726155687, 19.14347425562218], [0.11206723017495057, 4.1252797458964094]], "mse": 0.05608242966481711, "vol": 49362.794096277714, "inc": 104, "msevvol": 1.1361275367726014e-06, "msevinc": 0.0005392541313924722}