{"beta": [0.041446673568670295, 0.009307320997277331, 0.022290280685725337, -0.014241425298276968, -0.02209579099587479, -0.07209626635525125, -0.1769964358242593], "R": [[0.0, 1.720185174601965], [-1.13130082502003, 0.9993287011145274], [-1.2772928491263928, 1.3340984998439032], [-0.23821647948833943, 26.150966377476646], [-0.9760197726155688, 19.14347425562218], [0.20892892610865021, 4.1252797458964094]], "mse": 0.1782272315310695, "vol": 19901.219418610362, "inc": 636, "msevvol": 8.95559351324988e-06, "msevinc": 0.00028023149611803384}