{"beta": [-0.011295185855184558, -0.04182479267241577, 0.09619656188397721, -0.0066397261445285075, 0.008328189800564293, -0.03407442131781224, -0.3091288038209303], "R": [[-0.9258200997725513, 1.7201851746019647], [-1.13130082502003, 1.496229989247223], [-1.2772928491263928, 1.3340984998439032], [0.11553861516890274, 26.150966377476646], [-0.9760197726155687, 19.14347425562218], [-3.261858092384089, 4.1252797458964094]], "mse": 0.058384280435520165, "vol": 70253.57990794153, "inc": 124, "msevvol": 8.310506099763943e-07, "msevinc": 0.0004708409712541949}