{"beta": [-0.061992299557168715, -0.020951941740137064, 0.16135763641946607, -0.006062447916760997, -0.02824853296523581, 0.015793395155213337, -0.5598228444450829], "R": [[-1.6923938634770468, 1.6968959665685883], [-1.0618306677398395, 0.2593118374472323], [-1.1934563591118503, 1.420181465660709], [0.11977944115812711, 26.016148822943872], [0.36059210226214966, 4.090303536709924], [0.6917607961688321, 4.357104412223306]], "mse": 0.0255821755847435, "vol": 4143.16842677748, "inc": 60, "msevvol": 6.174543959981152e-06, "msevinc": 0.0004263695930790583}