{"beta": [-0.051303261704244624, -0.02528261239461911, 0.05892497948458249, -0.015279238666233463, -0.008176174866757412, -0.10582618853903404, -0.08781302593510314], "R": [[-1.7201851746019652, 1.7201851746019647], [-1.13130082502003, 1.496229989247223], [-1.2772928491263928, 1.3340984998439032], [0.007752363814751195, 26.150966377476646], [-0.9760197726155687, 19.14347425562218], [0.20892892610865021, 4.1252797458964094]], "mse": 0.18222127400758698, "vol": 48627.57317812759, "inc": 240, "msevvol": 3.7472829116948216e-06, "msevinc": 0.0007592553083649457}