{"beta": [-0.21730210345383186, 0.003994619658120963, -0.04736427089156357, -0.03901625635249068, -0.06128708647803722, -0.12282375808799763, 0.007118209255410959], "R": [[-1.6923938634770468, 1.6968959665685883], [-1.0618306677398395, 1.5755795222543156], [-1.1934563591118503, 1.4201814656607088], [-0.23792987968180157, 26.016148822943872], [-0.9565511514060261, 18.730810247203966], [-3.1508650991369676, 4.357104412223306]], "mse": 1.4298659653507308, "vol": 90664.77576043956, "inc": 1546, "msevvol": 1.5770909411708214e-05, "msevinc": 0.000924880960770201}