{"beta": [0.16803974498376179, 0.12562338916983282, 0.008161456442600022, -0.7819383209695068, -0.16345420902097038, -0.41085991725844956, 0.2673663548509221], "R": [[0.23145502494313785, 0.9258200997725514], [-1.03130082502003, -0.5105954653597042], [-1.008254315563575, 0.8234385531142616], [-0.23821647948833943, 0.48536082654034984], [-0.2868615489076713, 1.0959008413253646], [0.7126097449638877, 1.4100139556865243]], "mse": 0.16217863547313388, "vol": 0.4621145388279907, "inc": 25, "msevvol": 0.3509490004024746, "msevinc": 0.006487145418925355}