{"beta": [0.059045764019746594, 0.00034989713766873454, 0.054587011767441, 0.0052403540802070745, 0.08083556432734902, -0.2028534861398806, -0.23031472487026414], "R": [[-1.720185174601965, 1.720185174601965], [-1.13130082502003, 1.4962299892472228], [-1.2772928491263928, 1.3340984998439032], [1.3692945802419638, 26.150966377476646], [-0.9760197726155687, 19.14347425562218], [-3.261858092384089, 4.1252797458964094]], "mse": 0.013104358348899147, "vol": 86945.84516092711, "inc": 18, "msevvol": 1.5071862634314997e-07, "msevinc": 0.0007280199082721748}