{"beta": [0.09022742988963935, -0.06365359454353724, 0.05751032488403464, -0.5935505759158292, 0.08821078125877425, -0.3721672372730968, 0.09563464282949978], "R": [[0.23145502494313785, 1.1572751247156892], [-1.13130082502003, -0.5105954653597042], [-0.9665372452263888, 0.8234385531142616], [-0.23821647948833943, 0.48536082654034984], [-0.9760197726155688, 1.0959008413253646], [0.5770033706567084, 1.4100139556865243]], "mse": 0.18333253806227978, "vol": 1.2845997358822736, "inc": 45, "msevvol": 0.14271569029738707, "msevinc": 0.004074056401383995}