{"beta": [-0.07669205853820074, 0.043051986606761454, -0.05756365107105285, -0.008800055061481087, -0.04547296081060471, -0.1672183436705938, -0.11219965967678236], "R": [[0.43715421018835726, 1.6968959665685883], [-1.0618306677398395, 1.4755795222543155], [-1.1934563591118503, 1.4201814656607088], [-0.23792987968180157, 26.016148822943872], [-0.956551151406026, 18.730810247203966], [0.5538745789733551, 4.357104412223306]], "mse": 0.3764710670560248, "vol": 16423.075101534792, "inc": 312, "msevvol": 2.29232993655885e-05, "msevinc": 0.001206638035435977}