{"beta": [-0.20554002970284713, 0.01988921534030868, 0.024101546955762464, -0.029577709959905756, -0.01567390787886838, -0.10002183751409742, -0.09726013941456342], "R": [[-1.5923938634770467, 1.6968959665685883], [-1.0618306677398395, 1.5755795222543156], [-1.1934563591118503, 1.420181465660709], [-0.08215734735006763, 26.016148822943872], [-0.9565511514060261, 18.730810247203966], [-3.1508650991369676, 4.357104412223306]], "mse": 0.32881174087953874, "vol": 87467.67135011066, "inc": 752, "msevvol": 3.759237393703894e-06, "msevinc": 0.0004372496554249185}