{"beta": [-0.1659405850481545, 0.16880249276543105, -0.27917316562980954, -0.33894966779669566, -0.09903473752993648, -0.10695858702105475, -0.19741288465556642], "R": [[0.1472187710932995, 1.3069605274735303], [-0.6998090723154677, 1.4048946267444848], [-0.7063088520183318, 0.34217541906286775], [-0.23792987968180154, 0.7092880645139644], [0.6089038603477295, 1.8944850476035209], [0.6917607961688321, 4.357104412223306]], "mse": 0.05258034063671834, "vol": 11.422950592334171, "inc": 11, "msevvol": 0.004603043689255251, "msevinc": 0.004780030966974395}