{"beta": [0.009979125745588537, -1.119509630690038, 0.5311051565392502, -0.011382263585587197, -0.2718903318370053, 0.22129683652376775, -1.1385228427001357], "R": [[-1.6923938634770468, 1.5968959665685882], [-1.0618306677398395, 1.5755795222543156], [-1.1934563591118503, 1.4201814656607088], [0.32436213494726407, 26.016148822943872], [0.06043621328900328, 18.730810247203966], [1.0069292926156366, 1.656964316537171]], "mse": 0.03426420567854806, "vol": 7069.835549457735, "inc": 10, "msevvol": 4.846535034492586e-06, "msevinc": 0.0034264205678548056}