{"beta": [0.10056779413292202, -0.3699247729141538, 0.3799998873042525, 0.47019797896618876, -0.45374290958918073, -0.1442487619000497, -0.4683862133161998], "R": [[-0.6943650748294136, 0.6943650748294136], [-1.03130082502003, -0.3685849127250698], [-1.0617872035107154, 1.3340984998439032], [0.48188739365376204, 26.150966377476646], [-0.16525676783908416, 19.14347425562218], [0.8288437800843271, 1.7587160610478425]], "mse": 0.010401755278065068, "vol": 1016.245603014665, "inc": 7, "msevvol": 1.0235473833499051e-05, "msevinc": 0.001485965039723581}