{"beta": [-0.09056672449221106, -0.12737757251963455, 0.25111220046960653, 0.05003897429983335, -0.013692053138185396, -0.01840581887755007, -0.5919676314129226], "R": [[-1.6923938634770468, 1.6968959665685883], [-1.0618306677398395, 0.6449101295043076], [-1.1934563591118503, 0.6021242127908724], [0.30135295338418455, 26.016148822943872], [0.2786304271306499, 4.618975396860101], [0.35689426869410235, 2.208509185319079]], "mse": 0.0350029358657196, "vol": 2146.5409422332314, "inc": 39, "msevvol": 1.6306670502777845e-05, "msevinc": 0.0008975111760440923}