{"beta": [0.08494480148900121, -1.0304691200224496, 0.3975037465064694, -0.06382187371956873, -0.4081907496224053, -0.46395860848845405, -0.008430251543271044], "R": [[-0.23145502494313785, 1.7201851746019647], [-1.13130082502003, 1.4962299892472228], [-1.2772928491263928, 1.3340984998439032], [1.17900171292959, 26.150966377476646], [-0.9760197726155687, 1.1092630160261188], [-3.261858092384089, 1.8943224353550219]], "mse": 0.014922146753946514, "vol": 3595.549887342039, "inc": 5, "msevvol": 4.150170967305785e-06, "msevinc": 0.002984429350789303}