{"beta": [-0.17992030931161065, 0.18427189955911608, -0.12521380928129155, -0.017542096321001007, -0.011595023632354897, -0.2357277231782986, 0.08694319430041657], "R": [[-1.6923938634770468, 1.6968959665685883], [-1.0618306677398395, 0.8377092755328451], [-1.1934563591118503, 1.4201814656607088], [-0.12691994807493878, 26.016148822943872], [-0.5050885958325994, 18.730810247203966], [0.3962903307499528, 4.357104412223306]], "mse": 0.2850697354386927, "vol": 33516.29873045524, "inc": 403, "msevvol": 8.50540621240073e-06, "msevinc": 0.0007073690705674756}