{"beta": [-0.07864421889685037, 0.07161019923101238, -0.06932094114601275, -0.011428940961754104, -0.004593099517448482, -0.1811010945077333, -0.13191089275167217], "R": [[-1.6923938634770468, 1.6968959665685883], [-1.0618306677398395, 0.8859699972947297], [-1.1934563591118503, 1.420181465660709], [-0.23792987968180168, 26.016148822943872], [-0.027440826361962545, 18.730810247203966], [0.396290330749953, 4.357104412223306]], "mse": 0.36646226771191426, "vol": 33656.75253084126, "inc": 331, "msevvol": 1.0888224209275916e-05, "msevinc": 0.0011071367604589555}