{"beta": [-0.0835177969027943, 0.048938877440541144, -0.0755878360707496, -0.2033516363587239, -0.14831621091387281, -0.06295385531528687, -0.2680691128467414], "R": [[-1.0125229852869313, 1.3069605274735303], [-0.6998090723154677, 1.4048946267444848], [-0.7063088520183318, 0.34217541906286775], [-0.23792987968180154, 0.7092880645139644], [0.6089038603477295, 1.8944850476035209], [0.6917607961688321, 4.357104412223306]], "mse": 0.04618900851391597, "vol": 22.845901184668342, "inc": 12, "msevvol": 0.002021763472605447, "msevinc": 0.0038490840428263306}