{"beta": [-0.1586923602340668, 0.0963874771140653, -0.06488532910167524, -0.02144027202456029, -0.03424906808049999, -0.16330905689411507, -0.02864808049181454], "R": [[-1.6923938634770468, 1.6968959665685883], [-1.0618306677398395, 1.5755795222543156], [-1.1934563591118503, 1.4201814656607088], [-0.12691994807493878, 26.016148822943872], [-0.5050885958325994, 18.730810247203966], [0.179611989442777, 4.357104412223306]], "mse": 0.3939226286096831, "vol": 49081.351811464774, "inc": 788, "msevvol": 8.025912369383188e-06, "msevinc": 0.0004999018129564506}