{"beta": [-0.4281227121552728, 1.5649842125966482, -1.9642271187641747, 0.6015357835203352, 0.019785941314715887, 1.1665760324384729, -3.541749676577752], "R": [[-0.4326521070968158, 1.3069605274735303], [-1.0618306677398395, 1.5755795222543156], [-1.1934563591118503, 1.420181465660709], [0.8229693154025012, 2.5489707147813854], [-0.9565511514060261, 1.7734252885914317], [-3.1508650991369676, 2.0312269060677512]], "mse": 0.05657296382010667, "vol": 292.8065594860103, "inc": 5, "msevvol": 0.00019320934585418536, "msevinc": 0.011314592764021334}