{"beta": [0.013539962763218697, -0.19772230216208928, 0.15580171063642967, -0.002411255852503989, 0.007935189787646058, -0.08758804623745094, -0.302550203175436], "R": [[-0.9258200997725513, 1.7201851746019647], [-1.13130082502003, 0.2572325311930279], [-1.2772928491263928, 0.375643179610478], [0.11553861516890274, 26.150966377476646], [-0.9760197726155687, 19.14347425562218], [0.2864182828556099, 4.1252797458964094]], "mse": 0.050209291397312006, "vol": 12212.013634108622, "inc": 88, "msevvol": 4.1114670276059575e-06, "msevinc": 0.0005705601295149091}