{"beta": [-0.025433529061292568, 0.032626865200649315, 0.05243684048622999, -0.2196517459008913, -0.04757307362494127, 0.05371044151422207, -0.5343178581226952], "R": [[-1.0125229852869313, 1.3069605274735303], [-0.6998090723154677, 1.4755795222543155], [-0.7063088520183318, 0.34217541906286775], [-0.23792987968180154, 0.7092880645139644], [0.6089038603477295, 4.448218921090103], [0.6917607961688321, 4.357104412223306]], "mse": 0.13213346762194572, "vol": 70.5193695366029, "inc": 18, "msevvol": 0.0018737187880467677, "msevinc": 0.0073407482012192065}