{"beta": [-0.056329216874095124, 0.007086140132324044, 0.06226034867943019, -0.019389419983442922, -0.015504341907355388, -0.03833753831152464, -0.16011078187687644], "R": [[-1.7201851746019652, 1.7201851746019647], [-1.13130082502003, 1.4962299892472228], [-1.2772928491263928, 1.3340984998439032], [0.007752363814751195, 26.150966377476646], [-0.9760197726155687, 19.14347425562218], [-3.261858092384089, 4.1252797458964094]], "mse": 0.23342749177522346, "vol": 91722.78029662509, "inc": 278, "msevvol": 2.5449238566508255e-06, "msevinc": 0.0008396672366015232}