{"beta": [0.034431346357462096, -0.13905525697468007, 0.07368172440552112, -0.006282197316519426, -0.021782425777174666, -0.05445458955945963, -0.3598243111385455], "R": [[-1.720185174601965, 1.720185174601965], [-1.13130082502003, 1.4962299892472228], [-1.2772928491263928, 1.3340984998439032], [0.49223447106690443, 26.150966377476646], [-0.9760197726155687, 19.14347425562218], [-3.261858092384089, 4.1252797458964094]], "mse": 0.040176682603530633, "vol": 90022.98753748261, "inc": 70, "msevvol": 4.46293593475804e-07, "msevinc": 0.0005739526086218662}