{"beta": [-0.21730210345383286, 0.003994619658123464, -0.04736427089156543, -0.03901625635249063, -0.061287086478037045, -0.12282375808799831, 0.007118209255410958], "R": [[-1.6923938634770468, 1.6968959665685883], [-1.0618306677398395, 1.5755795222543156], [-1.1934563591118503, 1.4201814656607088], [-0.23792987968180157, 26.016148822943872], [-0.9565511514060261, 18.730810247203966], [-3.1508650991369676, 4.357104412223306]], "mse": 0.7056298403096419, "vol": 90664.77576043956, "inc": 2318, "msevvol": 7.782844377998614e-06, "msevinc": 0.00030441321842521223}