{"beta": [-0.19687044657133043, -0.03029056475956459, -0.03303902362268273, -0.029179165589542012, -0.06113216443129438, -0.1905617208483245, 0.03993440101095671], "R": [[-1.6923938634770468, 1.6968959665685883], [-1.0618306677398395, 1.5755795222543156], [-1.1934563591118503, 1.420181465660709], [-0.23792987968180146, 26.016148822943872], [-0.9565511514060261, 18.730810247203966], [-0.7855915309255621, 4.357104412223306]], "mse": 0.6960668502001284, "vol": 62102.193380542696, "inc": 1824, "msevvol": 1.1208410078768873e-05, "msevinc": 0.0003816155976974388}