{"beta": [-0.03798131277853596, -0.3214685760261827, 0.0782311502115021, -0.2669396279354953, -0.06280993228700664, -0.11495346533991618, -0.26799287585059967], "R": [[-0.7225875461918736, 1.6968959665685883], [-1.0618306677398395, 1.5755795222543156], [-1.1934563591118503, 1.420181465660709], [0.8229693154025012, 2.4845213739758085], [-0.9565511514060261, 18.730810247203966], [-3.1508650991369676, 2.0903209991515275]], "mse": 0.012905336335791941, "vol": 2859.412427779314, "inc": 9, "msevvol": 4.5132825927508905e-06, "msevinc": 0.001433926259532438}