{"beta": [-0.08164174208479198, -0.23303261195139705, 0.2741935799202335, -0.0075715004922524785, -0.00035713429174689986, -0.03860322178179318, -0.4711435867115], "R": [[-1.302458424381989, 1.6968959665685883], [-1.0618306677398395, 1.5755795222543156], [-1.1934563591118503, 1.4201814656607088], [0.12211488119594649, 26.016148822943872], [-0.32779134255429276, 18.730810247203966], [0.3174982066382517, 4.357104412223306]], "mse": 0.04104348909290617, "vol": 41217.4049136234, "inc": 95, "msevvol": 9.957805247302275e-07, "msevinc": 0.00043203672729374916}