{"beta": [-0.0630987741072253, -1.5683602096973723, 0.7344604608968317, -0.25118142986758646, -0.1481952488675974, 0.3145444998487166, -1.263731693556793], "R": [[-1.6923938634770468, 1.3069605274735303], [-1.0618306677398395, 1.5755795222543156], [-1.0934563591118502, 0.9378612342167354], [0.32436213494726407, 26.016148822943872], [0.06043621328900328, 1.8719424924510073], [1.0069292926156366, 1.656964316537171]], "mse": 0.019918026579329385, "vol": 486.13199054958625, "inc": 11, "msevvol": 4.097246625718147e-05, "msevinc": 0.001810729689029944}