{"beta": [-0.021514295080831223, -0.17975585984870265, 0.15233781458904916, -0.006266171452819443, 0.005087328008153692, -0.038743127906038066, -0.35044220164796264], "R": [[-0.9258200997725514, 1.720185174601965], [-1.13130082502003, 0.2572325311930279], [-1.2772928491263928, 1.3340984998439032], [0.11553861516890274, 26.150966377476646], [-0.440829404187589, 19.14347425562218], [-3.261858092384089, 4.1252797458964094]], "mse": 0.06021292647065747, "vol": 36138.32658228993, "inc": 195, "msevvol": 1.6661791556271348e-06, "msevinc": 0.00030878423831106396}