{"beta": [-0.08051629438514779, -0.047937883241415506, 0.06795131178116266, -0.021318546456064454, -0.03979435278557235, -0.12975702984243206, 0.0074032162532614776], "R": [[-1.7201851746019652, 1.720185174601965], [-1.13130082502003, 1.496229989247223], [-1.2772928491263928, 1.3340984998439032], [-0.23821647948833946, 26.150966377476646], [-0.9760197726155687, 19.14347425562218], [-1.0502731210294416, 4.1252797458964094]], "mse": 0.40541012289207096, "vol": 64867.13568259446, "inc": 1640, "msevvol": 6.249853930283113e-06, "msevinc": 0.0002472012944463847}