{"beta": [-0.05497288762885456, -0.009444387447240136, 0.034865587713665325, -0.022308481411247368, -0.035039775923685054, -0.07193569940700606, -0.0660763672645697], "R": [[-0.23145502494313785, 1.720185174601965], [-1.13130082502003, 1.4962299892472233], [-1.2772928491263928, 1.3340984998439032], [-0.23821647948833943, 26.150966377476646], [-0.9760197726155688, 19.14347425562218], [-3.261858092384089, 4.1252797458964094]], "mse": 0.33825331509568307, "vol": 52521.69506587874, "inc": 1167, "msevvol": 6.44025891912679e-06, "msevinc": 0.000289848599053713}