{"beta": [0.16574810063383952, -1.3517382051031706, -0.696941803589425, -4.06507117093109, -2.130277298336518, -0.6218189835801649, 1.3756415910499498], "R": [[0.43715421018835726, 1.3069605274735303], [-1.0618306677398395, 0.33194666110905796], [-0.8105780060485064, 0.1486016655161087], [-0.23792987968180157, 26.016148822943872], [0.3605921022621496, 1.4831294262705013], [0.888741106448085, 1.5584741613975446]], "mse": 0.5231009394081695, "vol": 22.951719448108733, "inc": 14, "msevvol": 0.02279136169256696, "msevinc": 0.03736435281486925}