{"beta": [-0.08548343980391844, -0.03619686292607646, 0.07330534873992248, -0.027052247441447064, -0.027602062177247453, -0.10774951490923834, 0.021466862223197394], "R": [[-1.720185174601965, 1.720185174601965], [-1.13130082502003, 1.4962299892472228], [-1.2772928491263928, 1.3340984998439032], [-0.12036880062444943, 26.150966377476646], [-0.9760197726155687, 19.14347425562218], [-3.261858092384089, 4.1252797458964094]], "mse": 0.39031354195622253, "vol": 92172.29003980603, "inc": 1158, "msevvol": 4.234608273133494e-06, "msevinc": 0.0003370583263870661}