{"beta": [-0.07394119719677361, -0.04951586726463656, 0.0720901175590889, -0.02194500570682442, -0.04169138855127287, -0.11827430262977881, -0.0015861891803267162], "R": [[-1.7201851746019652, 1.7201851746019647], [-1.13130082502003, 1.496229989247223], [-1.2772928491263928, 1.3340984998439032], [-0.23821647948833935, 26.150966377476646], [-0.9760197726155687, 19.14347425562218], [-1.0502731210294414, 4.1252797458964094]], "mse": 0.40568685511989155, "vol": 64867.13568259446, "inc": 1632, "msevvol": 6.25412006944447e-06, "msevinc": 0.000248582631813659}