{"beta": [-0.10606908192218562, -0.19447115437020412, 0.23865370524390717, -0.008933428017073147, 0.00042317445902666305, -0.015991242354377287, -0.5106622308363004], "R": [[-1.6923938634770468, 1.6968959665685883], [-1.0618306677398395, 1.5755795222543156], [-1.1934563591118503, 1.420181465660709], [0.12429277170740494, 26.016148822943872], [-0.9565511514060261, 18.730810247203966], [-3.1508650991369676, 4.357104412223306]], "mse": 0.04589964796469269, "vol": 89413.89067566718, "inc": 141, "msevvol": 5.133391201059063e-07, "msevinc": 0.00032552941818930986}