{"beta": [-0.05382257608356424, 0.020818940261484724, 0.050892562913060393, -0.01851128811048498, -0.004834625688064702, -0.03762636178681004, -0.1766228002201528], "R": [[-1.720185174601965, 1.720185174601965], [-1.13130082502003, 1.4962299892472228], [-1.2772928491263928, 1.3340984998439032], [0.01352311331407563, 26.150966377476646], [-0.9760197726155687, 19.14347425562218], [-3.261858092384089, 4.1252797458964094]], "mse": 0.1519095460127523, "vol": 91702.53377344717, "inc": 476, "msevvol": 1.6565468778436123e-06, "msevinc": 0.00031913770170746285}