{"beta": [-0.08044818943894504, -1.0840733469167494, 0.7619243143616595, 0.07381798273975732, 0.022843800903665702, 0.020459008867340908, -0.9833415256334923], "R": [[0.1472187710932995, 1.6968959665685883], [-1.0618306677398395, 1.5755795222543156], [-1.1934563591118503, 1.420181465660709], [0.3325662948420244, 1.1958334385834002], [0.6206612988020317, 6.84553765753911], [1.0069292926156366, 2.208509185319079]], "mse": 0.09230817714584377, "vol": 68.97519268357458, "inc": 8, "msevvol": 0.0013382808159639343, "msevinc": 0.011538522143230472}