{"beta": [-0.012652088399805023, -0.046690401297737015, 0.10623736364404182, -0.012365659914104347, 0.00042110366374730824, -0.023205427240637903, -0.2810917913359424], "R": [[-1.7201851746019652, 1.7201851746019647], [-1.13130082502003, 1.4962299892472228], [-1.2772928491263928, 1.3340984998439032], [0.10686876193617478, 26.150966377476646], [-0.9760197726155687, 19.14347425562218], [-3.261858092384089, 4.1252797458964094]], "mse": 0.07688145852455658, "vol": 91375.03301490477, "inc": 287, "msevvol": 8.413836470189395e-07, "msevinc": 0.0002678796464270264}