{"beta": [-0.12949140246652316, 0.07697171683758562, -0.02956249774845461, -0.017652145521951067, -0.04084448550940954, -0.17820153284012036, -0.01727673093769023], "R": [[-1.6923938634770468, 1.6968959665685883], [-1.0618306677398395, 1.5755795222543156], [-1.1934563591118503, 1.420181465660709], [-0.23792987968180168, 26.016148822943872], [-0.3345218612428096, 18.730810247203966], [0.179611989442777, 4.357104412223306]], "mse": 0.2523387440354309, "vol": 48852.70585576786, "inc": 485, "msevvol": 5.165297184979533e-06, "msevinc": 0.0005202860701761462}