{"beta": [-0.41238544890031925, 1.8526579568458001, -0.7983656299458439, -0.16764314585191994, 0.25884938045589817, 0.24754158567017615, -0.0], "R": [[-0.4326521070968158, 0.727089649283415], [-1.0618306677398395, 1.5755795222543156], [-1.1934563591118503, 1.420181465660709], [1.1697450905418862, 2.5489707147813854], [-0.9565511514060261, 1.2469659897572498], [-3.1508650991369676, 2.0312269060677512]], "mse": 0.0032950652398640993, "vol": 125.90449935524896, "inc": 5, "msevvol": 2.6171147629655605e-05, "msevinc": 0.0006590130479728199}