{"beta": [-0.009882608083401996, -0.4036304580901237, -0.2051758019007409, 0.08956345124759726, -0.3525405307346393, -0.060715753009243714, -0.8606469185991569], "R": [[-0.9258200997725513, 0.9258200997725514], [-1.13130082502003, -0.3685849127250698], [-1.2772928491263928, 1.3340984998439032], [0.48188739365376204, 26.150966377476646], [-0.032418448110434706, 1.1150541795725155], [0.8288437800843271, 1.8943224353550219]], "mse": 0.04060956143284026, "vol": 115.74140329642049, "inc": 11, "msevvol": 0.000350864602261965, "msevinc": 0.003691778312076387}