{"beta": [-0.007999133058094757, -0.5079328440485762, 0.2898404517089239, -0.18220822144744292, -0.3732637455261451, 0.42901670377664436, 0.3543821969910003, 4.973715564884307, -0.13605317407096953, 0.19331074061449585, -0.3388138849778109, -0.4435703375599865], "R": [[-1.6572237442263515, -0.3385117518168512], [-2.1678075959963774, -0.19192481929094762], [-3.013722095571801, 0.04753184095783791], [-1.57203820442528, -0.06451331039099328], [-1.4405586341339367, -0.08866615309115944], [-0.9388034639652073, 0.5349999032435839], [-0.9860245718795391, 0.4805915732366634], [-0.21340330868756002, 8.918084865187856], [-0.25036706077527937, 6.650392678051216], [-1.2292675480616706, 0.9422891191895112], [-0.9963702542799899, 0.7901955144817883]], "mse": 0.38233795636612544, "vol": 8590.170468211914, "inc": 16, "msevvol": 4.450877404365538e-05, "msevinc": 0.02389612227288284}