{"beta": [0.05064956754459005, 0.1696986463728717, -0.018348211874145873, -0.18164565463629068, 0.022612851372279735, 0.2066334659075333, 0.018911587339873977, 0.07180250311885135, 0.08110684035821283, -0.04623889572352852, 0.5398928179499818, -0.30893683328376687], "R": [[-0.8670855826394614, 1.385722247711704], [-0.12693116489409428, 2.308173809528907], [-1.0200439551023728, 0.7660500940675116], [-1.6203656533530741, 0.5104083388713812], [-2.252856694091639, -0.09447064327906751], [-0.901645516409342, 1.442386152657826], [-0.9395076438021857, 15.110644293668837], [-0.6117999790190289, 1.9538883176914312], [-1.0041149963561595, 1.1060539909527929], [-4.1498813091984434, 0.079862301670513], [-1.8909183913560328, 0.5306592416294618]], "mse": 0.27617098471289936, "vol": 94013.20597472848, "inc": 35, "msevvol": 2.93757650161549e-06, "msevinc": 0.007890599563225695}