{"beta": [-0.44610666072835137, -0.4971768598673079, 0.16288566892199013, 0.20894488729390207, -0.23140719763448667, 0.2199155465140328, 0.5900039621495058, 2.708124595524716, -0.06395539726971897, -0.4811163891319762, 0.349314937026856, -0.06463560198865231], "R": [[-1.7572237442263516, -0.3385117518168512], [-1.0173132410413366, 0.5584282913912242], [-1.7729111528103827, -0.11994891446883871], [-1.7665575455909943, 5.238879065791867], [-2.982577280579566, 0.4520908393259514], [-0.7506583532577024, 0.7754075447031735], [-1.2883164539645324, 0.2884142852559196], [-0.21340330868756002, 8.918084865187856], [-0.25036706077527937, 6.750392678051216], [-0.2452582474766698, 1.2101557700576089], [-2.3133427231696846, 0.7124096453362612]], "mse": 0.5184136407792393, "vol": 60228.16514819435, "inc": 22, "msevvol": 8.607495172792617e-06, "msevinc": 0.023564256399056335}