{"beta": [-0.2052466324433855, 0.002477047938526394, 0.10510441832970216, -0.006918398783346011, 0.0798239151232879, -0.22031186473808084, -0.19323669690026027, -0.11038979429401895, 0.28200913594141064, -0.5842978600135375, 0.28319406274755915, 0.09662075759466787, 0.15043401501334105, 0.11934255146817929, -0.06100352463274066, 0.15911393186936224, 0.07217559211937742, -0.2067545475767387, -0.08014390912023672, 0.06347462449921401, 0.07485101781291136, 0.04117519339499346, -0.238428705692587, 0.13819631729389106, -0.051738061748261836, 0.1095292913123591, 0.032612248759179174, -0.003991368801069552], "R": [[-0.10000000000000002, 1.0], [-0.10000000000000003, 1.0], [-0.1, 1.0], [-0.09999999999999998, 1.0], [-0.1, 1.1], [-0.10000000000000002, 1.0], [-0.09999999999999998, 1.0], [-0.1, 1.1], [-0.1, 1.1], [-0.1, 1.1], [-0.09999999999999998, 1.1], [-0.09999999999999998, 1.1], [-0.10000000000000003, 1.1], [-0.1, 1.1], [-0.1, 1.1], [-0.1, 1.1], [-0.09999999999999998, 1.1], [-0.09999999999999998, 1.1], [-0.10000000000000003, 1.1], [-0.1, 1.0], [-2.4981993196613552, 3.7962268675753306], [-1.472306232276399, 0.6716083390485187], [-2.0541273492114884, 2.221574435698607], [-2.4468817033043173, 0.7465318342161775], [-1.7919422551589226, 0.3102647083728297], [-1.335654730362813, 0.5672378987725764], [-3.311921066360926, 2.377114349452829]], "mse": 0.7248586514879657, "vol": 87429.81844182537, "inc": 158, "msevvol": 8.290748675982634e-06, "msevinc": 0.004587712984101049}