{"beta": [0.056111497509107405, 0.14357817929842043, 0.05271579106853935, -0.003053108479199758, 0.06357946986340075, -0.10654500827321814, 0.04149987061634898, 0.007684170039165566, -0.0850252206720685, 0.02145167770765445, 0.3287113449419515, -0.20478661629839248], "R": [[-1.811888519021148, 0.25931833253612246], [-0.058251606822829594, 2.308173809528907], [-2.521978111015047, 24.050349106616267], [-2.306328501214799, 5.670996570404462], [-4.241444488552639, 5.041763475283599], [-3.1759735352273033, 0.39234481674085925], [-0.9395076438021857, 15.110644293668837], [-0.6117999790190289, 2.053888317691431], [-1.0041149963561595, 1.1060539909527929], [-4.1498813091984434, 0.5804501709594468], [-1.8909183913560326, 0.36742331431016895]], "mse": 0.7964414596992032, "vol": 33193406.867638268, "inc": 230, "msevvol": 2.3993965514750748e-08, "msevinc": 0.003462788955213927}