{"beta": [-0.2526438089821693, -0.20214348456786946, -0.9263597981011141, 0.24010464195450557, -0.9355084174601676, -0.3353565027126956, -0.12966954700777736, 0.2552884324038225, 0.34449068869522725, 0.15224946938479178, 0.264303228890235, 0.0375426815428065, 0.2887176276829221, -0.30456428291506965, 0.3087956724645851, -0.06955903830934607, -0.04305285992508904, -0.2550758237606217, 0.5376449759658244, 0.2452156840162184, 0.009379950893693947, -0.08387879267323416, -0.0004356902303926701, -0.19208207924127063, -0.023897062459207224, 0.25759919740857806, -0.09331651388195576, -0.0859608408459491], "R": [[-0.1, 1.1], [-0.1, 1.1], [-0.1, 1.1], [-0.1, 1.1], [-0.1, 1.1], [-0.10000000000000003, 1.1], [-0.09999999999999998, 1.1], [-0.1, 1.0], [-0.1, 1.1], [-0.09999999999999998, 1.1], [-0.09999999999999998, 1.1], [-0.1, 1.1], [-0.09999999999999998, 1.1], [-0.1, 1.1], [-0.1, 1.1], [-0.10000000000000002, 1.1], [-0.1, 1.1], [-0.1, 1.1], [-0.1, 1.1], [-0.10000000000000002, 1.1], [-2.4981993196613552, 0.6490137739569877], [0.4333956089013056, 3.70956534419748], [-2.7506561756272165, 1.167128085875754], [-1.4450264795059282, 3.914713585393175], [-1.2748158392308861, 3.079874271543797], [-1.335654730362813, 0.7925994774144998], [-2.3885657212716622, 0.7676297409728488]], "mse": 0.6716922660314746, "vol": 222565.4747011228, "inc": 93, "msevvol": 3.017953556963281e-06, "msevinc": 0.007222497484209404}