{"beta": [0.03489847164894509, -0.041335359150802456, 0.25148247453086053, 0.1490936756314384, 0.06916846503148749, -0.007962358388004867, -0.07639460600793768, -1.1922580557295213, -0.08212585338415043, 0.03798725626621361, 0.4138945308969598, -0.05916146756185414], "R": [[-1.39348134574445, 0.45271544362885097], [-1.542560418518857, 0.33332235818657274], [-3.013722095571801, -0.18063034759444607], [-1.2802591926767084, 0.17863586606614978], [-1.4405586341339367, -0.08866615309115944], [-1.4927862899373063, 0.5349999032435839], [-1.2883164539645324, 0.6323104848004084], [-0.21340330868756002, 8.918084865187856], [-0.25036706077527937, 6.750392678051216], [-0.21873293190244658, 1.1484682913380884], [-1.3125321740327764, 3.672922252623378]], "mse": 0.6093611695835848, "vol": 32839.73418895884, "inc": 32, "msevvol": 1.8555606025229648e-05, "msevinc": 0.019042536549487024}