{"beta": [0.0886808453459722, -0.01955208393669516, 0.252259261052889, -0.29271323343047695, -0.06051814833598916, 0.526227358611838, -0.15532641320080426, -0.059191959164694496, 0.11883303920778691, -0.0018614589565984314, 0.433693555673563, -0.4098022257976587], "R": [[-0.8670855826394614, 1.1041212689178093], [-0.058251606822829594, 2.308173809528907], [-0.9152730751231334, 0.7660500940675116], [-2.306328501214799, 0.5104083388713812], [-2.252856694091639, -0.2743361475134485], [-0.40314104380229737, 1.0923723740188371], [-0.9395076438021857, 1.6707702264977937], [-0.6117999790190289, 1.9538883176914312], [-1.0041149963561595, 1.1060539909527929], [-1.7922713615873367, 0.060124190648493836], [-1.8909183913560328, 0.5306592416294618]], "mse": 0.6066439903732409, "vol": 4143.74830667248, "inc": 35, "msevvol": 0.00014639981617522259, "msevinc": 0.017332685439235454}