{"beta": [0.07212452728008181, -0.04369072760947531, 0.025540232796437468, 0.0023523955791448234, 0.02257960809999877, 0.0851712446272279, 0.010774691107011423, 0.030812067172628844, -0.06554597922266514, -0.010692962934038342, 0.2512400148578369, 0.011554116189098733], "R": [[-1.8118885190211484, 1.104121268917809], [-2.012599674746977, 2.308173809528907], [-2.521978111015047, 24.050349106616267], [-2.306328501214799, 5.670996570404462], [-4.241444488552639, 1.3444533905959801], [-3.1759735352273033, 9.29572167341846], [-0.9395076438021857, 15.110644293668837], [-0.6117999790190289, 2.053888317691431], [-1.0041149963561595, 1.1060539909527929], [-4.1498813091984434, 3.3012268919967234], [-1.8909183913560326, 3.296846054511241]], "mse": 0.8905085704129206, "vol": 649325870.1270751, "inc": 978, "msevvol": 1.3714355324217182e-09, "msevinc": 0.0009105404605449087}