{"beta": [0.07446142356804868, -0.18089953923639493, 0.0006499689272368538, 0.3456418967065871, -0.12366182514241193, -0.03305924046801038, 0.2625507651943224, 0.29711584760278514, -0.084154679159725, -0.08813975218666946, 0.1711777003673514, -0.12272593207519494], "R": [[-1.39348134574445, 0.18897304514694946], [-1.542560418518857, 0.2582870471183555], [-3.013722095571801, -0.18063034759444607], [-2.4014857337967093, 0.17863586606614978], [-2.982577280579566, -0.08866615309115944], [-3.0143271263940123, 0.3782123109873292], [-1.2883164539645324, 22.438229432520206], [-0.21340330868756002, 8.918084865187856], [-0.25036706077527937, 6.750392678051216], [-0.8667957159622869, 1.1484682913380884], [-1.6864061902483731, 3.672922252623378]], "mse": 0.6257192326523104, "vol": 3350291.6365717826, "inc": 52, "msevvol": 1.8676560148434824e-07, "msevinc": 0.012033062166390586}