{"beta": [-0.1466519666390139, -0.6259247371185892, 0.02109836991413424, 0.2339141699383721, 0.049099117293696815, -0.1228259698410983, -0.5536598788090634, 0.010309213139955907, -0.17774163096895157, 0.0438434778895786, 1.1191480137817822, 0.624019675032049], "R": [[-1.4302875402272535, 0.25931833253612246], [-0.058251606822829594, 1.5213782288162596], [-0.7631058446770959, 0.7485882807376384], [-0.5549786572408464, 5.670996570404462], [-1.353529172919734, 0.5350586215412658], [-1.1349880355020014, 0.39234481674085925], [-0.9395076438021857, 15.110644293668837], [-0.6117999790190289, 1.953888317691431], [-1.0041149963561595, 1.1060539909527929], [-1.6523527932167472, -0.014049583277881306], [-1.2944091124265176, 0.31527850419428416]], "mse": 1.1878625948546693, "vol": 16604.243222605444, "inc": 25, "msevvol": 7.15397009625517e-05, "msevinc": 0.04751450379418677}