{"beta": [0.07598476954654049, -0.02831756546193641, 0.03433191878674244, 0.02659345066230411, 0.017646041177166213, 0.06325295943322143, 0.01763140122836578, 0.04318664918876157, -0.0671253596554307, 0.0011270049934420092, 0.2244637579192193, 0.015638383250601347], "R": [[-1.8118885190211482, 2.048924205299496], [-2.0125996747469777, 2.308173809528907], [-2.521978111015047, 24.050349106616267], [-2.306328501214799, 5.670996570404462], [-4.241444488552639, 5.041763475283599], [-3.1759735352273033, 9.29572167341846], [-0.9395076438021857, 15.110644293668837], [-0.6117999790190289, 2.053888317691431], [-1.0041149963561595, 1.206053990952793], [-4.1498813091984434, 3.3012268919967234], [-1.8909183913560328, 3.296846054511241]], "mse": 0.8262928037737103, "vol": 1496462358.7829792, "inc": 872, "msevvol": 5.521641081875962e-10, "msevinc": 0.0009475834905661815}