{"beta": [-0.33413182815143877, 0.551935100385544, 0.1338073630917806, -0.30413941239549797, 0.48707114136604757, 0.17313833678605794, -0.003079714540598311, -2.8445185917885527, -0.15011980828352692, -0.4180384684707368, -0.12725257557197472, -0.08463320480941113], "R": [[-1.129738947262551, 0.18897304514694946], [-1.542560418518857, 0.2582870471183555], [-3.013722095571801, -0.18063034759444607], [-2.4014857337967093, 0.17863586606614978], [-1.8911894611481954, -0.08866615309115944], [-1.4927862899373063, 0.2214247187310745], [-0.986024571879539, 0.6323104848004084], [-0.21340330868756002, 8.918084865187856], [-0.25036706077527937, 6.750392678051216], [-0.21873293190244658, 0.9366348599201909], [-1.2999860661060787, 3.672922252623378]], "mse": 0.6782114986837999, "vol": 31882.968694099374, "inc": 15, "msevvol": 2.1271905549037455e-05, "msevinc": 0.04521409991225333}