{"beta": [0.07990332577192892, -0.03787307121412245, 0.05916610329315143, 0.06711856840181381, 0.022074436530336684, 0.04777836095984081, 0.10067664070569339, 0.016622484094784725, 0.014275419919372057, -0.014917249451472103, 0.29942929758476844, 0.005999504819755976], "R": [[-1.7572237442263516, 2.1351698345202506], [-2.1678075959963774, 0.6334636024594414], [-3.013722095571801, 10.965817738591115], [-2.4014857337967093, 5.238879065791867], [-2.982577280579566, 5.4189037710799495], [-3.014327126394013, 1.1830552845694344], [-1.2883164539645324, 2.635000117441844], [-0.21340330868756002, 8.918084865187856], [-0.25036706077527937, 6.750392678051216], [-4.7899245497589265, 8.738392508636064], [-2.3133427231696846, 3.6729222526233785]], "mse": 0.7722384655860457, "vol": 834167108.5836319, "inc": 924, "msevvol": 9.257599078645795e-10, "msevinc": 0.0008357559151364131}