{"beta": [-0.072706278310513, 0.13164346589178352, -0.009092990832687572, 0.23372125273394787, -0.3698643943724624, 0.028561646105702002, -0.04201671626121953, -0.037564759931369596, 0.15476462359275764, -0.39986100182695544, 0.2776822162915046, 0.04639691494159224, 0.07706997044132488, 0.044076777569677546, 0.24699720827854701, -0.04811327287144511, 0.013618560967891116, -0.1548398843227172, -0.07737832850885235, 0.2136411967509166, -0.0074163300535269, -0.09359955330734691, -0.17514749262501575, 0.20004670830165228, -0.07685272268867856, 0.12738048927883486, -0.05303276778880351, -0.23356051123179822], "R": [[-0.1, 1.1], [-0.1, 1.1], [-0.1, 1.1], [-0.1, 1.1], [-0.1, 1.1], [-0.1, 1.1], [-0.1, 1.1], [-0.1, 1.1], [-0.1, 1.1], [-0.1, 1.1], [-0.1, 1.1], [-0.1, 1.1], [-0.1, 1.1], [-0.1, 1.1], [-0.1, 1.1], [-0.1, 1.1], [-0.1, 1.1], [-0.1, 1.1], [-0.1, 1.1], [-0.1, 1.1], [-2.4981993196613552, 3.7962268675753306], [-2.048731692570825, 3.70956534419748], [-2.7506561756272165, 2.221574435698607], [-2.5468817033043174, 3.9147135853931747], [-1.7919422551589224, 3.079874271543797], [-1.335654730362813, 5.625192628894896], [-3.311921066360926, 2.377114349452829]], "mse": 0.8765315942698477, "vol": 8613066.854051575, "inc": 482, "msevvol": 1.017676524660352e-07, "msevinc": 0.0018185302785681489}