{"beta": [-0.47221412138000485, -0.15677448172553002, 0.0707905051950252, -0.0013463961556236985, -0.11489322897574115, -0.1546174693963963, 0.4634210454036281, -4.670048844473875, -0.1362567136128981, -0.3652744334835064, 0.24613083976766426, -1.147227198689959], "R": [[-1.7572237442263516, -0.3385117518168512], [-1.0173132410413366, 0.5584282913912242], [-3.0137220955718007, -0.022858621467866436], [-2.4014857337967093, 0.4704148778147213], [-2.982577280579566, 0.8125955009373588], [-0.7402058471072857, 1.088982729215682], [-1.2883164539645324, 0.2884142852559196], [-0.21340330868756002, 8.918084865187856], [-0.25036706077527937, 6.750392678051216], [-0.748274163340115, 8.738392508636064], [-2.3133427231696846, 0.7124096453362612]], "mse": 0.7592934139967201, "vol": 385679.48806078156, "inc": 37, "msevvol": 1.968716090696165e-06, "msevinc": 0.020521443621532975}