{"beta": [-0.07565291489099774, 0.11469754297871526, 0.18431629565153895, 0.0683061370041309, -0.9572225323009367, 0.09315090023045745, -0.21182632421114392, -0.02787409643180202, 0.14486764851331116, -0.3629821777593182, 0.38342562366950256, 0.288011617867942, 0.19896614935620607, 0.08342189213004753, 0.022048427525226698, -0.1869161847938806, 0.03950410496437086, -0.20300401906983623, -0.2624395094439265, 0.08706152510992424, 0.04532198919086848, -0.08818462406917986, -0.4055510662784543, 0.11254322404817287, 0.04868051541784804, 0.12240008282726333, 0.04193234330375578, -0.14139008439305406], "R": [[-0.1, 1.0], [-0.10000000000000003, 1.1], [-0.1, 1.1], [-0.09999999999999999, 1.0], [-0.1, 1.1], [-0.1, 1.0], [-0.10000000000000003, 1.0], [-0.1, 1.0], [-0.1, 1.1], [-0.1, 1.1], [0.0, 1.1], [-0.09999999999999999, 1.1], [-0.09999999999999998, 1.1], [-0.1, 1.1], [-0.1, 1.1], [-0.10000000000000002, 1.0], [-0.09999999999999998, 1.1], [-0.10000000000000003, 1.1], [-0.1, 1.0], [-0.1, 1.0], [-2.4981993196613552, 0.6490137739569877], [-1.1546892587467814, 1.2274380427253493], [-0.5031524574200181, 2.221574435698607], [-1.0693307472552724, 1.1222275664668335], [-1.191390444660493, 1.227943074030277], [-1.335654730362813, 1.356003424019309], [-1.427984621655857, 0.9048554954993902]], "mse": 0.6377562168932378, "vol": 11915.043125733153, "inc": 187, "msevvol": 5.3525296565302663e-05, "msevinc": 0.003410461052905015}