{"beta": [0.06333651959708823, -0.04072747106193735, 0.035205911867842186, -0.009615003277704169, 0.0289164672549498, 0.08194739822115893, 0.023531680505459965, 0.03434710964466196, -0.06444411880079068, -0.009826705848182926, 0.2451363430263354, 0.0029032289715821653], "R": [[-1.811888519021148, 1.1041212689178095], [-2.0125996747469777, 2.308173809528907], [-2.521978111015047, 24.050349106616267], [-2.306328501214799, 5.670996570404462], [-4.241444488552639, 1.3444533905959801], [-3.1759735352273033, 1.9939230159677486], [-0.9395076438021857, 15.110644293668837], [-0.6117999790190289, 2.053888317691431], [-1.0041149963561595, 1.1060539909527929], [-4.1498813091984434, 3.301226891996723], [-1.8909183913560326, 3.296846054511241]], "mse": 0.8814187310731044, "vol": 269165299.53719145, "inc": 1040, "msevvol": 3.274637304989293e-09, "msevinc": 0.0008475180106472158}