{"beta": [0.13831194267873692, -0.005120893034083047, 0.016888712116202614, 0.07096983268857925, -0.06070274400348302, 0.03069189691057916, 0.07358532577599763, 0.011339770894268509, -0.032955801992881874, -0.053054932099153754, 0.39455431911802585, 0.05520652509068628], "R": [[-1.7572237442263516, 0.45271544362885097], [-2.1678075959963774, 2.534311068096654], [-3.013722095571801, 10.965817738591115], [-2.4014857337967093, 0.6649342189804358], [-2.982577280579566, 5.418903771079949], [-3.014327126394013, 1.1830552845694344], [-1.2883164539645324, 22.438229432520206], [-0.21340330868756002, 8.918084865187856], [-0.25036706077527937, 6.750392678051216], [-4.7899245497589265, 8.738392508636064], [-2.3133427231696846, 3.1865021284810835]], "mse": 0.7166066835818701, "vol": 1772753169.6422286, "inc": 493, "msevvol": 4.0423376240612975e-10, "msevinc": 0.001453563252701562}