{"beta": [0.08703181157983321, -0.024502954423119058, 0.06243355289972033, 0.05801374917106097, -0.0021015218879610296, 0.05265078111061152, 0.05226776230154368, 0.03154791282405015, -0.00030145757113848317, -0.03778995742167692, 0.293493627685789, 0.007174025639095914], "R": [[-1.7572237442263516, 2.1351698345202506], [-2.1678075959963774, 2.534311068096654], [-3.013722095571801, 10.965817738591115], [-2.4014857337967093, 5.238879065791867], [-2.982577280579566, 5.4189037710799495], [-3.014327126394013, 9.279222489638407], [-1.2883164539645324, 22.438229432520206], [-0.21340330868756002, 8.918084865187856], [-0.25036706077527937, 6.750392678051216], [-4.7899245497589265, 8.738392508636064], [-2.3133427231696846, 3.672922252623378]], "mse": 0.9152028247054521, "vol": 24801126982.633736, "inc": 914, "msevvol": 3.690166278920697e-11, "msevinc": 0.0010013160007718294}