{"beta": [0.23797797067016724, -0.005380592829174494, 0.2659309931976586, -0.1905423377976628, -0.13730566311349562, -0.37995187909615097, 0.14543840895415494, 0.023861569334077938, 0.1338372526138504, 0.002222551161149453, 0.8910582757824963, 0.03935281835820284], "R": [[-0.8659965487806494, 0.45271544362885086], [-1.092348552109554, 2.534311068096654], [-0.9160893170768065, 0.3339482053107045], [-0.7939608397624224, 1.1512325718947218], [-0.9899278071196775, 0.8125955009373588], [-1.0537810316197942, 0.09599464492607174], [-0.8343056603157939, 2.11915581812511], [-0.21340330868756002, 8.918084865187856], [-0.25036706077527937, 6.750392678051216], [-0.9280188515051888, 0.8193253818052674], [-1.1745249868391, 0.09514113534272567]], "mse": 0.5218768532675491, "vol": 10095.379416942718, "inc": 33, "msevvol": 5.169462500752588e-05, "msevinc": 0.01581445009901664}