{"beta": [-0.04274013558974096, -0.050933063438847244, 0.11142446494511118, 0.10133921303950015, -0.04675895025174908, 0.1740883031894482, 0.1853520853419436, 0.027330494901962876, 0.039827254138546805, -0.003170509880263981, 0.2714060341809297, -0.05028099621222091], "R": [[-1.7572237442263516, -0.07476935333494972], [-1.6926310406552914, 0.3333223581865727], [-3.013722095571801, 0.2902575734602673], [-2.4014857337967093, 5.238879065791867], [-2.982577280579566, 1.8039833203687288], [-3.0143271263940132, 0.6290724585973364], [-1.2883164539645324, 1.0065504666576464], [-0.21340330868756002, 8.918084865187856], [-0.25036706077527937, 6.750392678051216], [-4.7899245497589265, 1.1484682913380884], [-1.58854654842013, 3.672922252623378]], "mse": 0.5978723555566253, "vol": 6878199.0920394175, "inc": 173, "msevvol": 8.692280458246425e-08, "msevinc": 0.003455909569691476}