{"beta": [0.4629036941409995, -0.39127657281558337, 0.23266599662498907, 0.1924882530770837, -0.37212095827350244, 0.13045761465600048, 0.14405494228300444, -2.146069097705231, -0.1426376800832644, 0.10420541577460733, 0.19883344337755307, 0.026834342051665284], "R": [[-1.7572237442263516, -0.3385117518168512], [-0.8672426189049023, 0.48339298032300704], [-3.0137220955718007, -0.2170392074698101], [-1.2316293573852797, 0.22726570135757834], [-1.0800539725225293, -0.08866615309115944], [-0.8656359209122892, 0.75450253240234], [-1.2883164539645324, 22.438229432520206], [-0.21340330868756002, 8.918084865187856], [-0.25036706077527937, 6.750392678051216], [-0.39204252534982775, 1.212380443783813], [-1.2222001969605516, 0.1879823340002898]], "mse": 0.6535189717502651, "vol": 43093.4111511018, "inc": 11, "msevvol": 1.5165171526078092e-05, "msevinc": 0.05941081561366046}