{"beta": [0.3491973224386532, 0.3633227240011061, 0.19612213555444152, 0.01711065137179146, -0.07608685709343137, 0.49732515865414184, -0.22235075173128985, 0.5245161236295892, 0.01082695752209471, 0.006922521390330099, 0.3892673469364816, 0.09174334692686208], "R": [[-1.8118885190211482, 0.8225202901239119], [-0.1269311648940944, 2.308173809528907], [-1.11483665603597, 24.050349106616267], [-2.306328501214799, -0.501709307435235], [-2.3427894462088292, -0.45420165174782934], [-3.1759735352273033, 0.9969140707536583], [-0.9395076438021857, 15.110644293668837], [-0.6117999790190289, 1.9538883176914308], [-0.9041149963561594, 1.206053990952793], [-4.1498813091984434, 3.3012268919967234], [-1.8909183913560328, 0.22912620922021287]], "mse": 1.166701933122316, "vol": 3151567.268466309, "inc": 16, "msevvol": 3.7019737601542116e-07, "msevinc": 0.07291887082014475}