{"beta": [0.46059958948883795, -0.5228515587378715, 0.24890275100268167, 0.1925893967618078, 0.02905910058391978, 0.10169287347705533, 0.3010544133194236, 4.730775849563222, -0.09439575572828325, 0.10800437525453531, -0.07491940838009277, 0.686303662481445], "R": [[-1.6572237442263515, -0.3385117518168512], [-2.1678075959963774, 0.03318111391370393], [-3.013722095571801, 0.04753184095783791], [-1.57203820442528, 0.2272657013575784], [-1.8911894611481956, -0.08866615309115944], [-0.9388034639652073, 0.5349999032435839], [-1.2883164539645324, 0.4805915732366634], [-0.21340330868756002, 8.918084865187856], [-0.25036706077527937, 6.750392678051216], [-0.896121057941281, 0.9422891191895112], [-0.9963702542799899, 3.672922252623378]], "mse": 0.589141118462688, "vol": 41226.604502989736, "inc": 10, "msevvol": 1.4290313877776758e-05, "msevinc": 0.0589141118462688}