{"beta": [-0.17799638709259188, -0.07502127609212457, 0.06567192489070439, -0.010605876254722597, 0.2496246651538988, -0.29147945065676273, -0.18209667199156332, -0.10433673694348447, 0.38571588622080866, -0.5265846339333294, 0.2938225811109061, 0.10593449834861846, 0.16600882619390783, 0.17846261199675653, -0.18211368529335134, 0.22813916790398184, 0.1192295057309193, -0.24113200402745144, -0.050470644447854665, 0.03677009341993014, 0.10422841981110753, 0.025072968497065886, -0.2377277169447214, 0.1424910721328593, -0.03940427927381474, 0.12083451966032614, -0.01297533153594883, -0.049293291371945124], "R": [[-0.10000000000000002, 1.0], [-0.10000000000000003, 1.0], [-0.1, 1.0], [-0.09999999999999998, 1.0], [-0.1, 1.1], [-0.10000000000000002, 1.0], [-0.09999999999999998, 1.0], [-0.1, 1.1], [-0.1, 1.1], [-0.1, 1.1], [-0.09999999999999998, 1.1], [-0.09999999999999998, 1.1], [-0.10000000000000003, 1.1], [-0.1, 1.1], [-0.1, 1.1], [-0.1, 1.1], [-0.09999999999999998, 1.1], [-0.09999999999999998, 1.1], [-0.10000000000000003, 1.1], [-0.1, 1.0], [-1.213172005476444, 3.7962268675753306], [-1.472306232276399, 0.6716083390485187], [-2.0541273492114884, 2.221574435698607], [-2.4468817033043173, 0.7465318342161775], [-1.7919422551589226, 0.3102647083728297], [-1.335654730362813, 0.5672378987725764], [-3.311921066360926, 2.377114349452829]], "mse": 0.7583234373048785, "vol": 69580.74031619946, "inc": 218, "msevvol": 1.0898467504927211e-05, "msevinc": 0.0034785478775453144}