{"beta": [0.1165121031655437, -0.007304298190147974, 0.002176252126042656, -0.11377253116168619, 0.19625063169247742, -0.09447713971452348, 0.22477562066027393, 0.047977964324338276, 0.10777626628115644, 0.021494503571971586, 0.2535066952370777, -0.054753964818265534], "R": [[-1.39348134574445, 0.45271544362885086], [-1.092348552109554, 1.0836754688687444], [-3.013722095571801, 0.5426923352627937], [-1.2802591926767084, 2.123829277723294], [-0.9899278071196775, 0.9027216663402106], [-3.014327126394013, 0.6813349893494209], [-0.8343056603157939, 0.6019667024876596], [-0.21340330868756002, 8.918084865187856], [-0.25036706077527937, 6.750392678051216], [-1.7415849383435331, 0.9418191760194263], [-2.3133427231696846, 1.5705634275223959]], "mse": 0.9154273671291735, "vol": 325533.48817485885, "inc": 143, "msevvol": 2.8120835501798077e-06, "msevinc": 0.00640158997992429}