{"beta": [0.08542377551174615, 0.3153692362799938, -0.061881253159178626, -0.06556317683190846, 0.03335930410679312, 0.014346799085231716, -0.3010845684515525, 0.017227980975467436, -0.11297329223904734, -0.04223249778976786, 0.4850618130821427, -0.3401132271219227], "R": [[-1.811888519021148, 0.25931833253612246], [-0.058251606822829594, 2.0708146933863776], [-0.827964008473768, 0.7485882807376384], [-2.306328501214799, 5.670996570404462], [-4.241444488552639, 5.041763475283599], [-1.3683305545946605, 0.39234481674085925], [-0.9395076438021857, 1.9765091978804832], [-0.6117999790190289, 2.053888317691431], [-1.0041149963561595, 1.1060539909527929], [-4.1498813091984434, -0.014049583277881306], [-1.2944091124265176, 0.36742331431016895]], "mse": 0.6465200737193714, "vol": 102193.29836839919, "inc": 67, "msevvol": 6.326442966824644e-06, "msevinc": 0.009649553339095096}