{"beta": [0.05544881561722002, 0.14146449114269855, 0.010405364650791943, 0.06093633223495692, 0.012531169426449771, -0.031015005386610055, 0.04139625577785765, -0.019607631816494407, -0.0734538766209462, 0.012845594072639785, 0.375675962843187, -0.11426791588145922], "R": [[-1.8118885190211482, 0.2593183325361226], [-0.058251606822829594, 2.308173809528907], [-0.827964008473768, 24.050349106616267], [-2.306328501214799, 5.670996570404462], [-4.241444488552639, 5.041763475283599], [-3.1759735352273033, 0.39234481674085914], [-0.9395076438021857, 15.110644293668837], [-0.6117999790190289, 2.053888317691431], [-1.0041149963561595, 1.1060539909527929], [-4.1498813091984434, 0.580450170959447], [-1.8909183913560328, 0.36742331431016906]], "mse": 0.6611761967354431, "vol": 31077291.90018974, "inc": 135, "msevvol": 2.127521918122494e-08, "msevinc": 0.004897601457299579}