{"beta": [0.00014647309615344913, 0.015547643535061247, -0.4477548398009163, -0.004283017920880793, -0.5577252915838671, -0.1980495060674399, -3.652667315342929e-05, -0.029291593979604763, 0.18543481718742713, -0.5063175018691253, 0.4065371552967746, 0.07820983271107625, 0.14408037830630752, 0.07946351820075519, -0.030056012024014627, 0.10718662460939808, 0.18141890875620867, -0.18194518495732043, 0.09888126892618038, 0.07727850542593413, 0.007843228640989635, -0.10309524225753236, -0.2815498627764318, 0.08898359064871081, -0.08081437293324208, 0.04471242145420998, -0.1180724786832389, -0.4353082593675373], "R": [[-0.10000000000000002, 1.1], [-0.10000000000000003, 1.1], [-0.1, 1.0], [-0.09999999999999998, 1.1], [-0.1, 1.1], [-0.10000000000000002, 1.1], [-0.09999999999999998, 1.1], [-0.1, 1.1], [-0.1, 1.1], [-0.1, 1.1], [-0.09999999999999998, 1.1], [-0.09999999999999998, 1.0], [-0.10000000000000003, 1.1], [-0.1, 1.1], [-0.1, 1.1], [-0.1, 1.1], [-0.09999999999999998, 1.1], [-0.09999999999999998, 1.1], [-0.10000000000000003, 1.1], [-0.1, 1.0], [-1.043882389164314, 1.6647514718297687], [-2.048731692570825, 1.3862465294901583], [-1.099681283835746, 2.221574435698607], [-2.5468817033043174, 0.9343798869515869], [-1.7919422551589226, 0.7273912635318479], [-1.335654730362813, 0.9052802667354616], [-1.0163070309042266, 2.377114349452829]], "mse": 0.8526974398530615, "vol": 60859.057041088156, "inc": 172, "msevvol": 1.4011019580493573e-05, "msevinc": 0.004957543254959659}