{"beta": [-0.08131360683245603, 0.1292797509295409, 0.35477381458881924, 0.35202776482666637, -0.45293848353145566, 0.09297909566461833, 0.03504851442382361, -0.012448141327283956, 0.2480314283207356, -0.1237279026386352, 0.42920708675085667, 0.10075361037294504, 0.13995929786927144, 0.24888083610476347, 0.5839715617698399, -0.044530695147010774, -0.08109909565294328, -0.10117679908033295, 0.07162384529553524, 0.25499053665943533, -0.04240442314410208, -0.13195366782360357, -0.11531236091747121, 0.097871193308577, -0.039964432819309836, 0.18168229522164359, -0.0934428195806651, -0.4696982528385918], "R": [[-0.1, 1.1], [-0.1, 1.1], [-0.1, 1.1], [-0.1, 1.1], [-0.1, 1.1], [-0.10000000000000003, 1.1], [-0.09999999999999998, 1.1], [-0.1, 1.1], [-0.1, 1.1], [-0.09999999999999998, 1.1], [-0.09999999999999998, 1.1], [-0.1, 1.1], [-0.09999999999999998, 1.1], [-0.1, 1.1], [-0.1, 1.1], [-0.10000000000000002, 1.1], [-0.1, 1.1], [-0.1, 1.1], [-0.1, 1.1], [-0.10000000000000002, 1.1], [-2.4981993196613552, 3.7962268675753306], [0.19518287875409257, 3.70956534419748], [-2.7506561756272165, 2.121574435698607], [-2.5468817033043174, 3.914713585393175], [-1.7919422551589224, 3.079874271543797], [-1.335654730362813, 1.0179610560564236], [-1.8396622124074873, 2.377114349452829]], "mse": 0.8745797718167521, "vol": 1290936.1445095506, "inc": 132, "msevvol": 6.774771746351717e-07, "msevinc": 0.006625604331945091}