{"beta": [0.11215569966506882, 0.0010249451019171147, 0.026509638428148324, 0.04919315769733054, -0.015460778166168539, 0.03220253057699598, 0.08796396682596072, 0.005822052560213511, -0.020896252213425597, -0.035052247797408266, 0.39903938223177915, 0.04874576844462074], "R": [[-1.7572237442263516, 0.45271544362885097], [-2.1678075959963774, 2.5343110680966543], [-3.0137220955718007, 10.965817738591115], [-2.4014857337967093, 5.238879065791867], [-2.982577280579566, 5.4189037710799495], [-3.014327126394013, 1.1830552845694344], [-1.2883164539645324, 22.438229432520206], [-0.21340330868756002, 8.918084865187856], [-0.25036706077527937, 6.750392678051216], [-4.7899245497589265, 8.738392508636064], [-2.3133427231696846, 3.6729222526233776]], "mse": 0.7876998364423613, "vol": 4807687509.265843, "inc": 598, "msevvol": 1.6384172950596925e-10, "msevinc": 0.0013172238067598015}