{"beta": [0.07933122869761841, -0.021814076191294766, 0.06064175364062438, 0.05992081276955827, 0.00034807748272796857, 0.045437667578413, 0.049313687080607696, 0.02431805888074486, 0.002275325480074416, -0.031651683345450876, 0.30477014949854087, 0.0044420548510272165], "R": [[-1.7572237442263516, 2.1351698345202506], [-2.1678075959963774, 2.534311068096654], [-3.013722095571801, 10.965817738591115], [-2.4014857337967093, 5.238879065791867], [-2.982577280579566, 5.418903771079949], [-3.014327126394013, 1.1830552845694344], [-1.2883164539645324, 22.438229432520206], [-0.21340330868756002, 8.918084865187856], [-0.25036706077527937, 6.750392678051216], [-4.7899245497589265, 8.738392508636064], [-2.3133427231696846, 3.672922252623378]], "mse": 0.7989280677955322, "vol": 8467840243.083076, "inc": 1235, "msevvol": 9.434850503327972e-11, "msevinc": 0.0006469053180530624}