{"beta": [-0.03257419310469626, -0.007357846458129554, 0.08218702168813108, 0.21270675142619508, -0.5086942058803698, -0.12781494428203216, -0.041790685880181734, 0.13238365182960501, -0.009004074923793973, -0.14170773018085664, 0.20502772149911466, 0.13605802065670589, 0.18494783503540585, 0.2023100186348476, 0.07348704792897708, 0.1574629414294829, 0.19628692881084556, -0.2202150059276023, -0.10659680402723125, 0.20068310474022977, 0.03293103533174566, -0.1569465493307867, -0.25876703307346366, 0.1778073699062916, 0.12195338481003648, -0.11825900155546543, -0.0977752137247002, -0.3790670644749944], "R": [[-0.10000000000000002, 1.1], [-0.10000000000000003, 1.1], [-0.1, 1.0], [-0.09999999999999998, 1.0], [-0.1, 1.1], [-0.10000000000000002, 1.1], [-0.09999999999999998, 1.0], [-0.1, 1.1], [-0.1, 1.1], [-0.1, 1.1], [-0.09999999999999998, 1.1], [-0.09999999999999998, 1.1], [-0.10000000000000003, 1.1], [-0.1, 1.1], [-0.1, 1.0], [-0.1, 1.1], [-0.09999999999999998, 1.1], [-0.09999999999999998, 1.1], [-0.10000000000000003, 1.1], [-0.1, 1.0], [-1.043882389164314, 2.8497787860146797], [-2.048731692570825, 1.0686295559605408], [-1.338292871291459, 2.221574435698607], [-2.5468817033043174, 1.0596116732950847], [-1.358241094570297, 0.4771154975136157], [-1.335654730362813, 0.5672378987725764], [-1.7024364578809459, 0.9048554954993902]], "mse": 0.6984835253113039, "vol": 35210.38379154865, "inc": 201, "msevvol": 1.983743004468349e-05, "msevinc": 0.0034750424144840988}