{"beta": [0.434981501186793, -0.5773249429496669, 0.3870952061866512, 0.12281102550649463, 0.07471251817446842, 0.06917495067837112, 0.3376492370151807, 12.660889131669165, -0.08469956443154568, 0.030054543784364497, -0.13167020166537827, 1.5992854964827632], "R": [[-1.6572237442263515, -0.3385117518168512], [-2.1678075959963774, -0.19192481929094762], [-3.013722095571801, 0.04753184095783791], [-1.57203820442528, 0.2272657013575784], [-2.982577280579566, -0.08866615309115944], [-0.9388034639652073, 0.5349999032435839], [-1.2883164539645324, 0.4805915732366634], [-0.21340330868756002, 8.918084865187856], [-0.25036706077527937, 6.650392678051216], [-1.0073912605870683, 0.9422891191895112], [-0.9963702542799899, 0.7901955144817883]], "mse": 0.6559317636055371, "vol": 23766.536428549432, "inc": 9, "msevvol": 2.7598963171495295e-05, "msevinc": 0.0728813070672819}