{"beta": [0.03272413543841555, 0.11218166773069128, -0.4096489088758212, 0.18448602259337632, -0.4572918480611681, -0.017285774789525518, -0.013793918766136457, -0.017782347056124994, 0.06102709456771526, -0.38117876741823503, 0.34891597574660377, 0.0923267886948348, 0.09748078210737807, 0.05383615108786866, 0.21796299058718127, 0.008694917407761144, 0.05822747420623106, -0.09766323374838073, -0.02601064660413204, 0.20509287283152458, -0.04386155995742974, -0.08927864181120758, -0.2351380166676646, 0.1298280822751597, -0.05131005302256569, 0.07544735316423036, -0.0765283933882173, -0.3625295994857709], "R": [[-0.1, 1.1], [-0.10000000000000003, 1.1], [-0.1, 1.0], [-0.09999999999999999, 1.1], [-0.1, 1.1], [-0.1, 1.1], [-0.10000000000000003, 1.1], [-0.1, 1.1], [-0.1, 1.1], [-0.1, 1.1], [0.0, 1.1], [-0.09999999999999999, 1.0], [-0.09999999999999998, 1.1], [-0.1, 1.1], [-0.1, 1.1], [-0.10000000000000002, 1.1], [-0.09999999999999998, 1.1], [-0.10000000000000003, 1.1], [-0.1, 1.1], [-0.1, 1.1], [-2.398199319661355, 1.6647514718297687], [-1.234093502129186, 2.100884719931797], [-1.338292871291459, 2.221574435698607], [-2.5468817033043174, 3.9147135853931747], [-1.7919422551589224, 1.4365063516097862], [-1.335654730362813, 5.625192628894896], [-1.0163070309042266, 2.277114349452829]], "mse": 0.8174679498856817, "vol": 681193.7498597867, "inc": 482, "msevvol": 1.2000520410734023e-06, "msevinc": 0.0016959915972731986}