{"beta": [-0.07225549172141703, -0.040114220042385615, -0.017075370739733066, -0.016138014721641575, 0.21049435142666076, -0.14563162026500895, -0.05094131978445333, 0.003601024954395473, 0.39116727769545323, -0.2791918087056001, 0.27701488057385854, 0.13390334134669535, 0.0548339887101037, 0.05757699291221557, -0.13821317858819307, 0.13178544146057553, 0.24782643990455985, -0.1958052917180282, 0.009212379002054539, 0.04617470058753329, 0.10301450748082042, -0.028955510401295056, -0.2559007953792883, 0.24394085015856284, -0.06823771871080131, 0.06934873783376352, 0.032682657084287914, -0.2048520671329251], "R": [[-0.10000000000000002, 1.0], [-0.10000000000000003, 1.0], [-0.1, 1.0], [-0.09999999999999998, 1.0], [-0.1, 1.1], [-0.10000000000000002, 1.0], [-0.09999999999999998, 1.0], [-0.1, 1.1], [-0.1, 1.1], [-0.1, 1.1], [-0.09999999999999998, 1.1], [-0.09999999999999998, 1.1], [-0.10000000000000003, 1.1], [-0.1, 1.1], [-0.1, 1.1], [-0.1, 1.1], [-0.09999999999999998, 1.1], [-0.09999999999999998, 1.1], [-0.10000000000000003, 1.1], [-0.1, 1.0], [-0.7053031565400537, 3.7962268675753306], [-1.472306232276399, 0.6716083390485187], [-2.0541273492114884, 2.221574435698607], [-2.5468817033043174, 0.7465318342161775], [-1.7919422551589226, 0.7273912635318479], [-1.335654730362813, 0.9052802667354616], [-3.311921066360926, 0.9048554954993902]], "mse": 0.6585614306335009, "vol": 67456.1900578757, "inc": 248, "msevvol": 9.762802050760233e-06, "msevinc": 0.0026554896396512135}