{"beta": [0.7131257864044382, 0.9909629402358369, 1.169457228183032, 1.8317599831456697, 0.6980443030304992, 0.5189896853349071, -1.2232770803219217, -2.781871809452071, -1.0024979105967569, -0.3727805559577565, -0.2546291800770032, 1.4950465389413128], "R": [[-1.8118885190211482, 0.8225202901239119], [0.1477870673909647, 1.5900577868875243], [-0.7556222103928643, 1.8037807148142602], [-2.306328501214799, -0.23536255840717812], [-2.252856694091639, -0.5441344038650199], [-1.3471175983135095, 1.4848120652201278], [-0.9395076438021857, 15.110644293668837], [-0.6117999790190289, 1.9538883176914308], [-0.9041149963561594, 1.206053990952793], [-1.7246276706823462, 0.36595240863312894], [-1.8909183913560328, 0.22912620922021287]], "mse": 11.803300788600309, "vol": 37532.50969586968, "inc": 1, "msevvol": 0.0003144820552700535, "msevinc": 11.803300788600309}