{"beta": [0.3196203995424484, 0.025453318900557735, -0.15535816420184412, -0.16083362732501078, 0.11378824246910714, -0.12361476690584294, 0.2197261406359044, 0.02565632560498281, 0.014628581195750287, 0.19016143624609919, 0.32604040587534144, -0.054704959390404276], "R": [[-0.8659965487806494, 0.45271544362885086], [-1.092348552109554, 1.0836754688687444], [-2.3336075948909945, 0.860663044840976], [-1.2802591926767084, 5.238879065791867], [-0.9899278071196775, 0.8125955009373588], [-1.0537810316197942, 0.09599464492607174], [-0.8343056603157939, 0.46036238502816396], [-0.21340330868756002, 8.918084865187856], [-0.25036706077527937, 6.750392678051216], [-0.9280188515051888, 8.738392508636064], [-1.1745249868391, 0.09514113534272567]], "mse": 0.6097369204253552, "vol": 125796.77752990209, "inc": 33, "msevvol": 4.846999520956885e-06, "msevinc": 0.018476876376525914}