{"beta": [-0.07270627831051234, 0.13164346589178427, -0.009092990832687445, 0.23372125273394864, -0.3698643943724624, 0.028561646105702443, -0.04201671626121859, -0.03756475993136927, 0.15476462359275744, -0.3998610018269553, 0.2776822162915047, 0.04639691494159231, 0.07706997044132499, 0.04407677756967756, 0.24699720827854713, -0.048113272871444984, 0.01361856096789165, -0.1548398843227171, -0.07737832850885212, 0.21364119675091653, -0.0074163300535269525, -0.09359955330734686, -0.1751474926250154, 0.20004670830165167, -0.07685272268867825, 0.1273804892788347, -0.053032767788803684, -0.23356051123179966], "R": [[-0.1, 1.1], [-0.1, 1.1], [-0.1, 1.1], [-0.1, 1.1], [-0.1, 1.1], [-0.1, 1.1], [-0.1, 1.1], [-0.1, 1.1], [-0.1, 1.1], [-0.1, 1.1], [-0.1, 1.1], [-0.1, 1.1], [-0.1, 1.1], [-0.1, 1.1], [-0.1, 1.1], [-0.1, 1.1], [-0.1, 1.1], [-0.1, 1.1], [-0.1, 1.1], [-0.1, 1.1], [-2.4981993196613552, 3.7962268675753306], [-2.048731692570825, 3.70956534419748], [-2.7506561756272165, 2.221574435698607], [-2.5468817033043174, 3.9147135853931747], [-1.7919422551589224, 3.079874271543797], [-1.335654730362813, 5.625192628894896], [-3.311921066360926, 2.377114349452829]], "mse": 0.8765315942698477, "vol": 8613066.854051575, "inc": 482, "msevvol": 1.017676524660352e-07, "msevinc": 0.0018185302785681489}