{"beta": [0.15923094128484439, -0.024017179105515988, 0.13203252853191316, -0.14199612706077105, -0.03157034749101049, -0.06193546567513769, -0.505041950201382, -20.465702710757927, 14.427002862548667, -0.11085460912466669, 0.7200320257641624, -0.23313634834674174], "R": [[-0.8659965487806494, 0.45271544362885086], [-1.092348552109554, 1.0836754688687444], [-0.9160893170768065, 0.3339482053107045], [-0.7939608397624224, 0.6649342189804358], [-0.6294231455082703, 0.8125955009373588], [-1.0537810316197942, 0.09599464492607174], [-0.8343056603157939, 1.1178110018043925], [-0.21340330868756002, 8.918084865187856], [-0.25036706077527937, 6.750392678051216], [-1.1298754649854992, 0.8193253818052674], [-1.267366185496664, 0.09514113534272567]], "mse": 806.3298736916117, "vol": 2875.6278112495584, "inc": 12, "msevvol": 0.2804013337669154, "msevinc": 67.19415614096765}