{"beta": [0.06726486571844305, -0.030424261242388978, 0.05064936753616782, -0.007304548280077857, 0.08161527143833637, 0.07793447962595051, 0.021466384887659652, 0.06759882347177246, -0.048082947785947336, -0.046812513596038045, 0.22980258417786031, -0.00862119835735661], "R": [[-1.8118885190211482, 1.1041212689178093], [-0.5390085133216829, 2.308173809528907], [-2.521978111015047, 24.050349106616267], [-2.306328501214799, 5.670996570404462], [-4.241444488552639, 5.041763475283599], [-3.1759735352273033, 1.9939230159677486], [-0.9395076438021857, 15.110644293668837], [-0.6117999790190289, 2.053888317691431], [-1.0041149963561595, 1.1060539909527929], [-4.1498813091984434, 3.301226891996724], [-1.8909183913560328, 3.296846054511241]], "mse": 0.875764248284304, "vol": 294766373.22360086, "inc": 753, "msevvol": 2.9710453017650547e-09, "msevinc": 0.00116303353025804}