{"beta": [-0.00785075408583966, -0.13240808124618134, 0.2788084342559172, 0.11884122044660046, -0.04908902773908474, 0.1678899749529903, 0.16140657048157006, 1.6164765221605988, 0.04474669702107734, -0.011614778291393391, 0.20474606214025567, 0.19678056329756075], "R": [[-1.7572237442263516, 0.9802002405926493], [-2.1678075959963774, 0.2582870471183555], [-1.9476736802121315, -0.18063034759444607], [-2.4014857337967093, 0.2272657013575783], [-2.982577280579566, 0.3619646739230996], [-3.0143271263940123, 0.6290724585973364], [-1.2883164539645324, 22.438229432520206], [-0.21340330868756002, 8.918084865187856], [-0.25036706077527937, 6.750392678051216], [-4.7899245497589265, 1.1484682913380884], [-2.3133427231696846, 1.5028144447182277]], "mse": 0.6059353170049115, "vol": 12921305.997149065, "inc": 150, "msevvol": 4.689427811233664e-08, "msevinc": 0.004039568780032744}