{"beta": [0.09894310802183837, 0.02871951152584069, 0.021601150187406708, 0.04468358994598994, 0.03585250265466699, 0.018625692044755247, 0.015483550072904806, 0.09367059308125017, -0.08355481085622274, -0.04988348273173486, 0.1951468977834487, -0.08698297196915603], "R": [[-1.8118885190211482, 2.048924205299496], [-0.058251606822829594, 2.308173809528907], [-2.521978111015047, 24.050349106616267], [-2.306328501214799, 5.670996570404462], [-4.241444488552639, 5.041763475283599], [-3.1759735352273033, 1.9939230159677486], [-0.9395076438021857, 15.110644293668837], [-0.6117999790190289, 2.053888317691431], [-1.0041149963561595, 1.1060539909527929], [-4.1498813091984434, 3.3012268919967234], [-1.8909183913560328, 3.2968460545112404]], "mse": 0.9230054543629902, "vol": 324373404.4717036, "inc": 646, "msevvol": 2.845502873043057e-09, "msevinc": 0.0014288010129458052}