{"beta": [0.3956860610963835, 0.4083104194951596, 0.18262181407267525, 0.027780962339579638, -0.09015428267358079, 0.36567935895842385, -0.22335458164602182, 0.714612133320501, -0.003250866533815862, 0.05409244557376811, 0.31881245323835994, 0.11620450487943507], "R": [[-1.8118885190211482, 0.8225202901239119], [-0.05825160682282948, 2.308173809528907], [-1.11483665603597, 24.050349106616267], [-2.306328501214799, -0.501709307435235], [-2.3427894462088292, -0.45420165174782934], [-3.1759735352273033, 1.4848120652201278], [-0.9395076438021857, 15.110644293668837], [-0.6117999790190289, 1.9538883176914308], [-0.9041149963561594, 1.206053990952793], [-4.1498813091984434, 0.6048819898826677], [-1.8909183913560328, 0.22912620922021287]], "mse": 0.9210728923806014, "vol": 2182891.6747436663, "inc": 31, "msevvol": 4.2195080179082255e-07, "msevinc": 0.029712028786471015}