{"beta": [0.08177599677197031, -0.43340203952092815, 0.13937439856092815, 0.2367591926306187, -0.22907397721949882, 0.3242842864468832, -0.08208557249150567, 3.964767937207579, -0.10803441985052138, 0.31483665595683685, 0.41887139972941845, 0.14741597729629904], "R": [[-1.7572237442263516, -0.3385117518168512], [-1.2424191742459882, 0.48339298032300704], [-3.0137220955718007, -0.2170392074698101], [-1.2316293573852797, 5.238879065791867], [-2.982577280579566, -0.08866615309115944], [-0.8656359209122892, 0.75450253240234], [-1.2883164539645324, 1.6134261129126268], [-0.21340330868756002, 8.918084865187856], [-0.25036706077527937, 6.650392678051216], [-0.39204252534982775, 1.9857686788978346], [-1.2222001969605516, 0.1879823340002898]], "mse": 0.4998867215533335, "vol": 127366.95409334454, "inc": 14, "msevvol": 3.924775661879903e-06, "msevinc": 0.03570619439666668}