{"beta": [-0.10485179267859313, -0.44077651962802394, 0.03569250641291653, 0.27915296379276455, 0.05394259384339588, -0.048996705938154826, -0.17333719305835435, 0.08939656404286209, -0.14692192689955633, 0.024538506156156017, 0.9899939895017364, 0.5231624841071489], "R": [[-1.4302875402272535, 0.25931833253612246], [-0.058251606822829594, 1.5213782288162596], [-0.7631058446770959, 0.7485882807376384], [-0.5549786572408464, 5.670996570404462], [-1.353529172919734, 0.8947896300100278], [-1.1349880355020014, 0.39234481674085925], [-0.9395076438021857, 15.110644293668837], [-0.6117999790190289, 1.953888317691431], [-1.0041149963561595, 1.1060539909527929], [-2.2099853493472383, -0.014049583277881306], [-1.2944091124265176, 0.31527850419428416]], "mse": 0.6925117103143082, "vol": 26495.074831543465, "inc": 35, "msevvol": 2.6137375143015065e-05, "msevinc": 0.019786048866123094}