{"beta": [-0.0007320579463387283, 0.0030898918056798345, 0.0861698025155888, -0.008253872847145106, 0.023369533678920265, 0.32249627072873915, -0.018796219197660925, 0.1279509638820075, 0.05723883193874093, -0.18135197845870488, 0.2472377268830137, -0.2857437219012171], "R": [[-1.8118885190211482, 2.048924205299496], [-0.19561072296535897, 2.308173809528907], [-2.521978111015047, 1.2050899720757517], [-2.306328501214799, 5.670996570404462], [-4.241444488552639, -0.09447064327906751], [-0.6895159535978332, 1.9939230159677486], [-0.9395076438021857, 15.110644293668837], [-0.6117999790190289, 2.053888317691431], [-1.0041149963561595, 1.1060539909527929], [-4.1498813091984434, 0.3241960758155257], [-1.8909183913560328, 1.3400373812542874]], "mse": 0.8729965565759937, "vol": 4174106.9895986672, "inc": 179, "msevvol": 2.0914570679462406e-07, "msevinc": 0.004877075735061418}