{"beta": [-0.06971822658634509, -0.16829763543043794, 0.10147577806728329, 0.043588871270071584, -0.015199745042160468, 0.5642163829168358, 0.11049550565325822, -0.0007362820567822984, 0.0362161355831831, -0.043172913983726253, 0.023571897598530362, -0.038596554853670785, 0.019486167487502346, 0.02594301282525109, 0.007945257694450146, -0.08960582839337136, -0.019653421955698323], "R": [[-0.09999999999999998, 1.1], [-0.1, 1.1], [-0.09999999999999998, 1.1], [-0.1, 1.1], [-0.1, 1.1], [-3.991864400592588, 2.816225780251579], [-0.9784111940537746, 1.1220651665449353], [-1.1809954478654363, 2.6254058790138397], [-1.744490659491117, 2.317941267123266], [-1.5169791737417384, 2.708998760482675], [-1.887219490427016, 2.172847884726703], [-1.4032255388300938, 6.1113898898974], [-0.02971223327526884, 3.3033577420364177], [0.3273780857374111, 2.7081113848135385], [-0.42745269679447784, 2.4394401474107608], [-0.843700217851667, 2.5724418339902657]], "mse": 0.618462681057717, "vol": 5513403.612729092, "inc": 323, "msevvol": 1.121743889073963e-07, "msevinc": 0.001914745142593551}