{"beta": [-0.011214460352857723, 0.030763412797287337, -0.013708886973187832, -0.032176443651225246, 0.05337335404690403, 0.4846398363914399, 0.10228312523706355, 0.04550777346721107, 0.0896899824018851, 0.014853643990430885, -0.04418818041126791, -0.0060101342266129865, -0.004310320149364262, -0.06622722623168036, 0.0582584971273729, -0.09744539610422434, -0.04314590439693263], "R": [[-0.1, 1.1], [-0.10000000000000003, 1.1], [-0.1, 1.1], [-0.10000000000000003, 1.1], [-0.1, 1.1], [-3.6351241692909233, 1.5608071224502655], [-0.9769183989499992, 1.1236269488575596], [-2.2506388573287786, 1.0438499641560357], [-0.05611052829844265, 2.3173220832340404], [-1.417848309229576, 2.708801024456387], [-1.8875307746960677, 0.5281905392186821], [-1.4026371056557283, 6.11292947530571], [-0.7169950228232279, 3.3032634050648815], [-0.7856874150981881, 1.0875073459147948], [-0.527513004764509, 2.439110129645856], [-0.9436399543409112, 2.571568308445986]], "mse": 0.5882443245569919, "vol": 1249462.1478894977, "inc": 1073, "msevvol": 4.7079803541917e-07, "msevinc": 0.0005482239744240373}