{"beta": [-0.032752806874238635, 0.05711039979329727, 0.02304904176643769, -0.05501066821193837, 0.033829572394123514, 0.49395953131126186, 0.08324336351470005, -0.01960066936683881, 0.04547716933395451, 0.008067336581283328, -0.03646536904501465, -0.013862388726964103, -0.008625694281438003, 0.0008805171672314789, 0.033854807936419894, -0.08488586991609691, -0.0009982958498334724], "R": [[-0.1, 1.0], [-0.10000000000000003, 1.0], [-0.1, 1.0], [-0.10000000000000003, 1.0], [-0.1, 1.0], [-3.6351241692909233, 0.6527813184050695], [-0.9769183989499992, 1.1236269488575596], [-1.4446744768901476, 0.7791133214915507], [-0.17768857102808844, 1.7333975917811089], [-1.417848309229576, 0.9981412909820018], [-1.8875307746960677, 0.5281905392186821], [-1.3026371056557282, 6.11292947530571], [-0.7169950228232279, 3.2032634050648814], [-0.7856874150981881, 2.7073885696402087], [-0.527513004764509, 2.439110129645856], [-0.9436399543409112, 2.571568308445986]], "mse": 0.4903410302006423, "vol": 381010.2880192331, "inc": 615, "msevvol": 1.2869495801538311e-06, "msevinc": 0.0007973024881311256}