{"beta": [0.0644602909273397, 0.10178520004485611, 0.18875127587221682, 0.2844361585346662, 0.1912645482456552, 0.5557839916650187, -0.0024079563179179395, -0.10560524054299915, 0.13498713016169347, 0.0395411259875342, -0.012487849729138979, 0.05321125885636998, 0.08553558716849644, -0.08830281612228628, 0.022108911266573758, -0.0416410005118984, -0.18821473599119729], "R": [[-0.1, 1.1], [-0.10000000000000003, 1.1], [-0.1, 1.1], [-0.1, 1.1], [-0.1, 1.1], [-2.679562738466629, 7.308664912350221], [-1.076292805095683, 1.0242828737245417], [-2.2510396912444732, 2.6261580138030496], [-2.4821366099920725, 0.9926645726950656], [-1.4180186531120405, 2.709040126011043], [-1.0159391370594286, 1.3002340769356713], [-1.4028577002652836, 1.0081534532324083], [0.5590968532319014, 3.304913477522386], [-0.7857143967286861, 1.3408161707152977], [-0.4275743359844131, 2.438774607923275], [-0.9437099428352796, 1.6422339465388314]], "mse": 0.7634787684908195, "vol": 882542.3234754202, "inc": 358, "msevvol": 8.650902604696253e-07, "msevinc": 0.0021326222583542445}