{"beta": [-0.017246662584192444, 0.02195891306519987, -0.039880483531424024, -0.03384607765084862, -0.01811131996125148, 0.575276629174427, 0.0758500450912686, 0.003719716503304475, 0.09087620006861645, 0.021878607443752845, -0.031050650952277783, 0.017529423579205526, -0.022872803655809095, 0.025772063614405684, 0.003429796716060143, -0.06504926717574257, 0.006455565647652219], "R": [[-0.09999999999999998, 1.1], [-0.10000000000000003, 1.1], [-0.09999999999999998, 1.1], [-0.1, 1.1], [-0.1, 1.1], [-3.6351241692909233, 9.745791327863362], [-1.0769183989499993, 1.1236269488575596], [-1.3917271483572482, 2.626375163077166], [-1.704718774386078, 2.3173220832340404], [-1.417848309229576, 2.708801024456387], [-1.8875307746960677, 0.5281905392186821], [-1.4026371056557283, 6.11292947530571], [-0.7169950228232279, 3.3032634050648815], [-0.7856874150981881, 2.7073885696402087], [-0.527513004764509, 2.439110129645856], [-0.9436399543409112, 2.571568308445986]], "mse": 0.6630709203085426, "vol": 12991862.541924037, "inc": 1776, "msevvol": 5.103740269486755e-08, "msevinc": 0.0003733507434169722}