{"beta": [0.04694186718656176, 0.006784970720575244, -0.010220584293417302, -0.033235664105504145, -0.038317298191093196, 0.5589281620376017, 0.11775437682193375, -0.008928209724547912, 0.030259681142194086, 0.0019754048594637303, -0.08557700999879407, 0.011846273326036013, 0.02587690714352999, -0.06342997660667847, 0.022218012399498586, -0.1311774181002661, -0.01122775161355605], "R": [[-0.1, 1.0], [-0.1, 1.0], [-0.1, 1.0], [-0.10000000000000003, 1.0], [-0.10000000000000003, 1.1], [-1.753558859074798, 0.6476721734021986], [-0.9784111940537749, 1.1220651665449353], [-2.251719604905245, 1.0428453482621294], [-0.9877003584245082, 1.2709756862654658], [-0.6117835868968557, 1.8038031736377922], [-0.2431925403655285, 1.3008344096959592], [-0.9182457794233833, 6.1113898898974], [-0.7175431378773933, 3.3033577420364177], [-0.7862811582964232, 0.3273780857374112], [-0.5274526967944777, 2.4394401474107608], [-0.9437002178516671, 0.3998530515890576]], "mse": 0.44079022441774934, "vol": 30860.1854267159, "inc": 543, "msevvol": 1.4283460009159694e-05, "msevinc": 0.000811768369093461}