{"beta": [-0.033022462807661544, -0.05953959859987394, 0.034983388906487424, -0.01730474690007696, 0.002741081568783862, 0.6140731410529412, 0.0460912534689468, -0.0524988297938834, 0.08429166092680383, -0.01113598144876229, -0.012104204971528455, -0.019645582223627087, -0.006176388898512539, 0.010608954650071247, 0.006620111414546993, -0.03946197358856398, 0.09130195356398878], "R": [[-0.1, 1.1], [-0.1, 1.1], [-0.10000000000000003, 1.1], [-0.1, 1.1], [-0.1, 1.1], [-3.9918644005925885, 1.0059954088687275], [-0.9784111940537746, 1.1220651665449353], [-2.251719604905245, 2.190064806581906], [-2.4828060419456293, 2.317941267123266], [-1.5169791737417384, 2.708998760482675], [-1.8872194904270163, 2.172847884726703], [-1.4032255388300936, 6.1113898898974], [-0.7175431378773933, 3.3033577420364177], [-0.7862811582964232, 2.7081113848135385], [-0.5274526967944777, 2.4394401474107608], [-0.9437002178516671, 2.5724418339902657]], "mse": 0.5458419983713931, "vol": 10527008.588579992, "inc": 1522, "msevvol": 5.185157718628049e-08, "msevinc": 0.00035863469012575107}