{"beta": [0.03108866788048124, -0.009806548327548369, 0.09762170610441935, 0.06306491301611275, 0.05121176527794657, 0.5956466424181743, 0.1076387730875769, -0.004092100544204941, 0.040984124835961706, -0.011590159371470591, 0.008749854117466935, -0.0002042960172090021, 0.04761521162888955, -0.014512344708579395, -0.008800100833880766, -0.04760579433080961, -0.1098642930967287], "R": [[-0.09999999999999998, 1.1], [-0.1, 1.1], [-0.09999999999999998, 1.1], [-0.1, 1.1], [-0.1, 1.1], [-3.991864400592588, 6.457576198303895], [-1.0784111940537748, 1.1220651665449353], [-2.251719604905245, 2.6254058790138397], [-2.4828060419456293, 2.317941267123266], [-1.5169791737417384, 2.708998760482675], [-1.887219490427016, 2.172847884726703], [-1.4032255388300938, 6.1113898898974], [-0.3236276855763309, 3.3033577420364177], [-0.7862811582964233, 2.7081113848135385], [-0.5274526967944779, 2.4394401474107608], [-0.9437002178516671, 2.5724418339902657]], "mse": 0.6145536523375964, "vol": 22837142.163693205, "inc": 1284, "msevvol": 2.6910269592078032e-08, "msevinc": 0.0004786243398267885}