{"beta": [0.0015332987236143566, 0.03881127334571254, 0.005962610025654829, -0.018169428349200382, 0.021832174626127066, 0.49778604387796344, 0.07567181417253001, 0.017393341411442248, 0.12355151482295613, 0.022085739463344554, -0.028134071481800742, 0.010592313980777212, -0.02801295150989574, -0.022580074194255225, 0.01490415794016713, -0.046875541046157355, -0.07729045547876642], "R": [[-0.1, 1.0], [-0.09999999999999998, 1.0], [-0.1, 1.0], [-0.1, 1.0], [-0.1, 1.0], [-3.6351241692909233, 0.6527813184050695], [-0.9769183989499992, 1.1236269488575596], [-1.5152709149340096, 1.6968670160617736], [-0.5839115444001647, 2.3173220832340404], [-1.417848309229576, 2.7088010244563874], [-1.8875307746960677, 0.5281905392186821], [-1.3026371056557282, 6.11292947530571], [-0.7169950228232279, 1.7339332404925316], [-0.7856874150981881, 2.7073885696402087], [-0.527513004764509, 2.439110129645856], [-0.9436399543409112, 2.571568308445986]], "mse": 0.5067903886905873, "vol": 892192.1305580928, "inc": 929, "msevvol": 5.680283106437789e-07, "msevinc": 0.0005455224851351855}