{"beta": [0.02514763183045158, 0.07008999535447387, -0.0012014580383365079, -0.007495085799822946, 0.01610724869465606, 0.5367489324806728, 0.07475247055983059, 0.009656565394801395, 0.1056170519541892, 0.015036000123918735, -0.024502773065996762, 0.03375176230157275, -0.040213390370839486, 0.02824175543827802, 0.028340347875123535, -0.06370838242733531, -0.028766386678133096], "R": [[-0.09999999999999998, 1.0], [-0.10000000000000003, 1.0], [-0.09999999999999998, 1.0], [-0.1, 1.0], [-0.1, 1.0], [-3.6351241692909233, 2.2587913703995977], [-0.9769183989499992, 1.1236269488575596], [-1.5152709149340096, 2.626375163077166], [-2.482619941225386, 2.3173220832340404], [-1.417848309229576, 2.708801024456387], [-1.8875307746960677, 0.5281905392186821], [-1.4026371056557283, 1.3925716346984858], [-0.7169950228232279, 3.3032634050648815], [-0.7856874150981881, 2.7073885696402087], [-0.527513004764509, 2.439110129645856], [-0.9436399543409112, 2.571568308445986]], "mse": 0.6485600856363923, "vol": 1617493.176827923, "inc": 1699, "msevvol": 4.0096619567093817e-07, "msevinc": 0.00038173048006850637}