{"beta": [-0.0019225759636880418, 0.03528496888509873, 0.002543519769689837, -0.02150196556100031, 0.020283226900017957, 0.4977198737905325, 0.0766329453176461, 0.01827207649692632, 0.12181923848382467, 0.02095712741207384, -0.02709572806778398, 0.010331901604919312, -0.028500994675130908, -0.022999959387214934, 0.014982826912452608, -0.047233654847737984, -0.07299365110509815], "R": [[-0.1, 1.0], [-0.10000000000000003, 1.0], [-0.1, 1.0], [-0.10000000000000003, 1.0], [-0.1, 1.0], [-3.6351241692909233, 0.6527813184050695], [-0.9769183989499992, 1.1236269488575596], [-1.5152709149340096, 1.6968670160617734], [-0.5839115444001648, 2.3173220832340404], [-1.417848309229576, 2.708801024456387], [-1.8875307746960677, 0.5281905392186821], [-1.3026371056557282, 6.11292947530571], [-0.7169950228232279, 1.7339332404925316], [-0.7856874150981881, 2.7073885696402087], [-0.527513004764509, 2.439110129645856], [-0.9436399543409112, 2.571568308445986]], "mse": 0.5450327868723184, "vol": 892192.1305580928, "inc": 1444, "msevvol": 6.108917218664371e-07, "msevinc": 0.0003774465283049296}