{"beta": [0.2308439411039403, 0.3363501332496277, 0.2109405318302993, -0.035875292758197376, 0.3185437448456284, 0.6796356348157024, -0.0703443903299504, -0.1117156326350385, 0.024630299714847828, -0.10154561033249315, -0.01725498156519855, 0.0707212144263533, -0.05573059872644275, -0.06382195005274098, -0.008212126089743718, -0.12968755806660015, -0.2690567962848395], "R": [[-0.09999999999999998, 1.0], [-0.09999999999999998, 1.0], [-0.10000000000000003, 1.0], [-0.09999999999999998, 1.0], [-0.1, 1.0], [-2.679562738466629, 7.308664912350221], [-0.976292805095683, 1.1242828737245418], [-1.6744950194094432, 0.26698327325179316], [-0.5172005117575851, 2.31791943291289], [-1.4180186531120405, 2.709040126011043], [-1.787996875057795, 2.172291814934038], [0.237816402066511, 2.163659029981254], [-0.7168216464527583, 1.4410357279953963], [-0.7857143967286861, 2.1007651335067914], [-0.5275743359844131, 2.438774607923275], [-0.9437099428352796, 2.570881909663535]], "mse": 0.7906016294181986, "vol": 380163.84898620896, "inc": 214, "msevvol": 2.079633903977227e-06, "msevinc": 0.0036944001374682174}