{"beta": [0.09317865652171863, 0.06344799785429486, 0.053948724699365014, 0.07641223108829447, 0.05994230380960717, 0.5461494789597774, -0.019535295968396538, -0.037759098559821236, 0.043091450181588914, -0.014289854387180249, -0.005304834823151507, -0.0079878782149491, -0.0017328007831782003, 0.021785254769731748, 0.00777379014325265, -0.07347874322290703, -0.05394630942969013], "R": [[-0.09999999999999998, 1.1], [-0.09999999999999998, 1.1], [-0.10000000000000003, 1.1], [-0.09999999999999998, 1.1], [-0.1, 1.1], [-2.679562738466629, 7.308664912350221], [-1.076292805095683, 1.1242828737245418], [-2.2510396912444732, 2.6261580138030496], [-1.6374343175366515, 2.31791943291289], [-1.5180186531120405, 2.709040126011043], [-1.8879968750577951, 2.172291814934038], [-1.4028577002652838, 6.115344285810739], [-0.7168216464527583, 3.304913477522386], [-0.7857143967286861, 2.7073977753677876], [-0.5275743359844131, 2.438774607923275], [-0.9437099428352796, 2.570881909663535]], "mse": 0.6805228288008144, "vol": 19939716.73385027, "inc": 3442, "msevvol": 3.412901185529572e-08, "msevinc": 0.00019771145520070145}