{"beta": [-0.04699943270728684, -0.06895775024665282, 0.048261431308790965, 0.258793237822174, -0.01957301149425205, 0.6663910116673677, -0.006230482106826792, -0.14562509425912343, 0.06075520854874632, 0.04452940697518422, 0.027477943058856008, -0.010928478331383858, 0.036558387000726375, -0.06785562183115156, 0.05107377787136253, 0.015285672662085848, -0.04322261461902388], "R": [[-0.1, 1.1], [-0.10000000000000003, 1.1], [-0.1, 1.1], [-0.1, 1.1], [-0.1, 1.1], [-2.679562738466629, 1.2496368358299825], [-1.076292805095683, 1.0242828737245417], [-2.2510396912444732, 1.1494734062796281], [-2.4821366099920725, 1.3856503707695382], [-1.5180186531120405, 2.709040126011043], [-1.8879968750577951, 1.3002340769356713], [-0.9176891746823349, 1.0081534532324083], [0.5590968532319014, 2.616954227680056], [-0.7857143967286861, 1.3408161707152977], [-0.4275743359844131, 2.438774607923275], [-0.9437099428352796, 1.2279099649764795]], "mse": 0.6440183940505495, "vol": 190969.6189563799, "inc": 243, "msevvol": 3.372360470581722e-06, "msevinc": 0.002650281456998146}