{"beta": [0.0898800988480318, 0.057369160350578194, 0.04549670084249218, 0.07503947248677204, 0.05769260100532189, 0.543574745182982, -0.01882994764677682, -0.04202819448745739, 0.051182700929645254, -0.010092122773255429, 0.0008429123517310176, -0.006361293225240705, -0.009711192969756012, 0.02282797897851385, 0.0054329244825138566, -0.06345172889754787, -0.05390469569670673], "R": [[-0.1, 1.1], [-0.10000000000000003, 1.1], [-0.1, 1.1], [-0.1, 1.1], [-0.1, 1.1], [-2.679562738466629, 7.308664912350221], [-1.076292805095683, 1.1242828737245418], [-2.2510396912444732, 2.6261580138030496], [-2.4821366099920725, 2.31791943291289], [-1.5180186531120405, 2.709040126011043], [-1.8879968750577951, 2.172291814934038], [-1.4028577002652836, 6.115344285810739], [-0.6168216464527583, 3.304913477522386], [-0.7857143967286861, 2.7073977753677876], [-0.4275743359844131, 2.438774607923275], [-0.9437099428352796, 2.570881909663535]], "mse": 0.7369256521712879, "vol": 22800878.32361368, "inc": 2427, "msevvol": 3.232005546944621e-08, "msevinc": 0.0003036364450643955}