{"beta": [-0.0051811358048878585, 0.04301157079113052, -0.020729915190861672, -0.010435319219291956, 0.031353800816592385, 0.5032796995710729, 0.08078943524254285, 0.01372661603451048, 0.10896509141407074, -0.010784264126123586, -0.007135273874901834, -0.011432901746744916, -0.005563736497534398, -0.002214007682164216, 0.046129554089479136, -0.08658017273282939, -0.036205891859029955], "R": [[-0.1, 1.1], [-0.10000000000000003, 1.1], [-0.1, 1.1], [-0.10000000000000003, 1.1], [-0.1, 1.1], [-3.6351241692909233, 1.5608071224502655], [-0.9769183989499992, 1.1236269488575596], [-2.2506388573287786, 2.626375163077166], [-0.11061224117798862, 2.3173220832340404], [-1.417848309229576, 0.9981412909820018], [-1.8875307746960677, 2.172004748495182], [-1.4026371056557283, 6.11292947530571], [-0.7169950228232279, 3.3032634050648815], [-0.7856874150981881, 2.7073885696402087], [-0.527513004764509, 2.439110129645856], [-0.9436399543409112, 2.571568308445986]], "mse": 0.5122829722808624, "vol": 3471372.4088628246, "inc": 1152, "msevvol": 1.4757361410517158e-07, "msevinc": 0.0004446900801049153}