{"beta": [0.20993230743366234, 0.27681902290174437, 0.10559528070653668, 0.006137638586327567, 0.24344382590092442, 0.7800770846777556, -0.04895817040234337, -0.2909394144127097, 0.0930279274134415, -0.06223134573523788, -0.014168292414881031, 0.11545773598368715, -0.057853535994077006, 0.08202396339729714, -0.09759210961423224, -0.07305236791589943, -0.3155099602110158], "R": [[-0.09999999999999998, 1.0], [-0.09999999999999998, 1.0], [-0.09999999999999998, 1.0], [-0.10000000000000003, 1.0], [-0.1, 1.0], [-2.679562738466629, 0.579620488030282], [-0.976292805095683, 1.1242828737245418], [-1.6744950194094432, 0.26698327325179316], [-0.9790848541204442, 2.3179194329128894], [-1.4180186531120405, 2.709040126011043], [-1.787996875057795, 2.172291814934038], [0.237816402066511, 2.5488275555642024], [-0.7168216464527583, 3.304913477522386], [-0.7857143967286861, 2.1007651335067914], [-0.5275743359844131, 2.438774607923275], [-0.9437099428352796, 2.570881909663535]], "mse": 0.6325488288299081, "vol": 322634.7996590313, "inc": 221, "msevvol": 1.960572230578976e-06, "msevinc": 0.0028622118951579555}