{"beta": [0.00062352890997706, -0.035168451068386945, -0.05915482837114494, -0.04753034007083638, -0.055442795056521985, 0.6106680566712788, 0.1210944977448719, 0.019360210197667222, 0.03951411303377344, 4.249036295599573e-05, 0.00035881267396439516, -0.029700288202125072, 0.007479228710265114, -0.07028909456083039, -0.014830682392681989, -0.024584391657908336, 0.0982073451576419], "R": [[-0.1, 1.0], [-0.1, 1.0], [-0.1, 1.0], [-0.10000000000000003, 1.0], [-0.10000000000000003, 1.1], [-3.9918644005925885, 0.8850031475423671], [-0.9784111940537749, 1.1220651665449353], [-1.9046261831132953, 1.0428453482621294], [-1.3059710821814554, 1.2709756862654658], [-0.6117835868968557, 0.9986075867929096], [-0.2431925403655285, 1.3008344096959592], [-0.533266020016673, 6.1113898898974], [-0.7175431378773933, 3.3033577420364177], [-0.7862811582964232, 0.3273780857374112], [-0.5274526967944777, 2.4394401474107608], [-0.9437002178516671, 2.057924077510024]], "mse": 0.5434774166388888, "vol": 90065.4976418074, "inc": 568, "msevvol": 6.034246530234156e-06, "msevinc": 0.0009568264377445226}