{"beta": [-0.03794237708180387, -0.026530361956153384, 0.018036357304471506, 0.0017520836221270994, -0.03952984904626139, 0.6058567183946011, 0.11091812013172148, -0.03942207467963867, 0.03534635207220802, -0.0034191730099946286, -0.010561819616588947, -0.004394525179203305, 0.007207042633032371, 0.014808679656042767, -0.0037954350046053888, -0.07116237756072678, 0.015612859963881233], "R": [[-0.1, 1.1], [-0.1, 1.1], [-0.1, 1.1], [-0.09999999999999998, 1.1], [-0.10000000000000003, 1.1], [-3.991864400592588, 6.457576198303895], [-1.0784111940537748, 1.1220651665449353], [-2.251719604905245, 2.190064806581906], [-2.4828060419456293, 2.317941267123266], [-1.5169791737417384, 2.708998760482675], [-1.887219490427016, 2.172847884726703], [-0.9182457794233834, 6.1113898898974], [-0.7175431378773933, 3.3033577420364177], [-0.7862811582964232, 2.7081113848135385], [-0.5274526967944777, 2.4394401474107608], [-0.9437002178516671, 2.472441833990266]], "mse": 0.5475062063133959, "vol": 20956001.67215354, "inc": 2158, "msevvol": 2.612646319077772e-08, "msevinc": 0.0002537100121934179}