{"beta": [0.0829907809714734, 0.19737383068236744, 0.17569135622886237, 0.1781101485104595, 0.2504910121331382, 0.5906034715517575, 0.09831728087236907, -0.08536587462501571, 0.13972318864044475, -0.04557196493054106, -0.0013443102685869422, 0.031127837647994573, -0.04891282034489765, 0.11921242760268083, 0.09087561013786628, -0.1197114404519406, -0.07021864453989184], "R": [[-0.09999999999999998, 1.1], [-0.1, 1.0], [-0.1, 1.0], [-0.1, 1.0], [-0.10000000000000003, 1.1], [-3.6351241692909237, 1.2376662669181673], [-0.9769183989499992, 1.1236269488575596], [0.07314894105291647, 2.626375163077166], [0.019686024183693807, 2.3173220832340404], [-1.517848309229576, 0.19281142424480924], [-1.7875307746960676, 0.5281905392186821], [-1.4026371056557283, 6.11292947530571], [-0.7169950228232279, 0.558469108834652], [-0.7856874150981881, 0.5808802713396568], [-0.527513004764509, 2.439110129645856], [-0.9436399543409112, 1.2283652099008997]], "mse": 0.4752970236650429, "vol": 38481.78068753339, "inc": 299, "msevvol": 1.2351222193286413e-05, "msevinc": 0.001589622152725896}