{"beta": [0.006311444118289115, -0.02515399979736835, 0.014312612325983827, -0.013621778801481566, -0.023962060763818075, 0.6140057871073252, 0.029217040326653034, -0.10668380766071095, -0.01712428054120229, -0.018134894077838973, -0.003983590435952289, -0.003715885738127034, 0.07276729737678334, -0.19361240256587922, 0.04742316945700811, -0.10464689689401241, 0.011863614756069925], "R": [[-0.1, 1.0], [-0.1, 1.0], [-0.10000000000000003, 1.0], [-0.1, 1.0], [-0.1, 1.0], [-3.9918644005925885, 6.457576198303895], [-0.9784111940537746, 1.1220651665449353], [-2.251719604905245, 0.7075042758301956], [-0.9795434446851061, 2.317941267123266], [-0.6117835868968557, 1.8038031736377922], [-1.8872194904270163, 2.172847884726703], [-0.9182457794233833, 1.7766125364235883], [-0.7175431378773933, 3.3033577420364177], [-0.7862811582964232, 0.5807928967458699], [-0.5274526967944777, 2.4394401474107608], [-0.9437002178516671, 1.2288885645495404]], "mse": 0.5527786582761244, "vol": 323014.11443997204, "inc": 286, "msevvol": 1.7113142539746543e-06, "msevinc": 0.0019327925114549804}