{"beta": [0.2548153119416611, 0.2643022133562735, 0.1541503876551161, 0.1167634010186283, 0.2322362842003478, 0.6957573149279198, -0.039652445122276066, -0.14080942138710936, 0.04719466702275597, -0.041166871418823595, 0.01984743035080278, 0.028947985945961322, 0.0038844521941085682, -0.0009645309391179352, -0.04235188864763857, -0.03857042272723917, -0.16234685430096743], "R": [[-0.09999999999999998, 1.1], [-0.09999999999999998, 1.1], [-0.10000000000000003, 1.1], [-0.09999999999999998, 1.1], [-0.1, 1.1], [-2.679562738466629, 0.9726468372982624], [-0.976292805095683, 1.1242828737245418], [-2.2510396912444732, 0.7082283397657108], [-2.4821366099920725, 1.2250218883783808], [-1.5180186531120405, 2.709040126011043], [-1.8879968750577951, 2.172291814934038], [0.237816402066511, 6.115344285810739], [-0.7168216464527583, 3.304913477522386], [-0.7857143967286861, 2.7073977753677876], [-0.5275743359844131, 2.438774607923275], [-0.9437099428352796, 2.570881909663535]], "mse": 0.6019899058118051, "vol": 3094131.313049044, "inc": 546, "msevvol": 1.9455861594270455e-07, "msevinc": 0.0011025456150399362}