{"beta": [-0.008661637899971347, 0.04580254420856091, -0.04538010879496864, 0.047387005858675994, 0.020839069434862575, 0.5726852731489347, 0.11314010653733933, -0.03273759782763564, 0.11065779147994444, 0.033952090717975995, -0.027003793053028528, 0.04455898022677926, -0.11072805934379776, 0.060053765048259045, 0.004609963399432919, -0.178237188983172, -0.04251560250518623], "R": [[-0.1, 1.0], [-0.09999999999999998, 1.0], [-0.1, 1.0], [-0.1, 1.0], [-0.10000000000000003, 1.1], [-3.6351241692909233, 1.0793272477074392], [-0.9769183989499992, 1.1236269488575596], [0.07314894105291647, 2.014550987259158], [-0.4339975090591086, 2.3173220832340404], [-1.517848309229576, 2.708801024456387], [-1.7875307746960676, 0.5281905392186821], [-1.4026371056557283, 6.11292947530571], [-0.7169950228232279, 2.6155313392359414], [-0.7856874150981881, 1.3408208832023638], [-0.527513004764509, 2.439110129645856], [-0.9436399543409112, 0.39956314420417516]], "mse": 0.5505345012808032, "vol": 193045.95845312072, "inc": 300, "msevvol": 2.851831272160484e-06, "msevinc": 0.0018351150042693438}