{"beta": [-0.018782723105673346, 0.020767971523603247, 0.005223192419956463, -0.0557575750590635, 0.02411715712264486, 0.4843234902461343, 0.08716816872206307, 0.024417078845002278, 0.10535070243275539, 0.014762769914630687, -0.03939760409372748, 0.0007408990115481087, 0.03890518492932461, -0.029814226982109882, 0.02670560022674296, -0.0660177162684985, -0.03211904941035317], "R": [[-0.1, 1.0], [-0.09999999999999998, 1.0], [-0.1, 1.0], [-0.1, 1.0], [-0.1, 1.0], [-3.6351241692909233, 0.6075415986305757], [-0.9769183989499992, 1.1236269488575596], [-1.5152709149340096, 0.7791133214915507], [-0.5839115444001647, 2.3173220832340404], [-1.417848309229576, 0.9981412909820018], [-1.7875307746960676, 0.5281905392186821], [-1.3026371056557282, 6.11292947530571], [-0.7169950228232279, 1.7339332404925316], [-0.7856874150981881, 0.5808802713396568], [-0.527513004764509, 2.439110129645856], [-0.9436399543409112, 2.571568308445986]], "mse": 0.5782882340615668, "vol": 138447.1560945583, "inc": 965, "msevvol": 4.1769600067956654e-06, "msevinc": 0.0005992624187166496}