{"beta": [-0.039546116684832516, 0.03685791144280908, -0.05356884450944529, -0.017044724684502868, -0.0038598200194982337, 0.5494155170494163, 0.0926537628410035, -0.011026884341956023, 0.16695323444321, 0.0061569890298568295, -0.01623031829346753, 0.011867945772222525, -0.004358131830189339, -0.0006828469030324114, 0.026127233195815662, -0.0991092930562304, -0.047810190726173464], "R": [[-0.1, 1.1], [-0.09999999999999998, 1.1], [-0.1, 1.1], [-0.1, 1.1], [-0.10000000000000003, 1.1], [-3.6351241692909233, 1.5608071224502655], [-0.9769183989499992, 1.1236269488575596], [-0.36807879672122945, 2.626375163077166], [-0.5555792953108085, 2.3173220832340404], [-1.517848309229576, 2.708801024456387], [-1.8875307746960677, 2.172004748495182], [-1.4026371056557283, 6.11292947530571], [-0.7169950228232279, 3.3032634050648815], [-0.7856874150981881, 2.7073885696402087], [-0.527513004764509, 2.439110129645856], [-0.9436399543409112, 0.8139641770525374]], "mse": 0.576726277128087, "vol": 2206072.534914386, "inc": 719, "msevvol": 2.6142670651147417e-07, "msevinc": 0.0008021227776468526}