{"beta": [-0.0771554647858961, -0.055961097601950595, 0.024977534894198163, -0.02841714426046856, -0.043859373574955805, 0.6222101946472522, 0.2102749617327535, -0.05216083412839477, 0.06706691712565165, -0.007318485584822136, -0.020079379035883537, -0.024123896635275522, 0.0020053073727154353, 0.005661577376757716, 0.013073027956329385, -0.04516951341429187, -0.05224253559637793], "R": [[-0.1, 1.1], [-0.1, 1.1], [-0.10000000000000003, 1.1], [-0.1, 1.1], [-0.1, 1.1], [-3.9918644005925885, 6.457576198303895], [-0.9784111940537746, 1.0220651665449352], [-2.251719604905245, 2.6254058790138397], [-2.4828060419456293, 2.317941267123266], [-1.5169791737417384, 2.708998760482675], [-1.8872194904270163, 2.172847884726703], [-1.4032255388300936, 6.1113898898974], [-0.7175431378773933, 3.3033577420364177], [-0.7862811582964232, 2.7081113848135385], [-0.5274526967944777, 2.4394401474107608], [-0.9437002178516671, 2.5724418339902657]], "mse": 0.5550264374638183, "vol": 23016327.497493777, "inc": 1170, "msevvol": 2.411446559075311e-08, "msevinc": 0.000474381570481896}