{"beta": [0.06970734666020535, 0.22265156368242656, 0.11096748138625494, 0.05551820937987222, 0.06102402208715184, 0.7464462031010687, 0.1004246973763299, -0.05721996931176053, -0.021618695525326005, 0.060950844696904795, -0.05205356955426309, 0.12553400829582417, -0.2833843858245973, 0.019573571687170107, 0.12958754350773447, -0.0170446341438799, 0.1358221483579865], "R": [[-0.09999999999999998, 1.1], [-0.1, 1.0], [-0.1, 1.1], [-0.1, 1.0], [-0.10000000000000003, 1.1], [-3.6351241692909237, 0.946839496939279], [-0.9769183989499992, 1.1236269488575596], [-0.31513146818833315, 2.014550987259158], [0.019686024183693807, 2.3173220832340404], [-1.517848309229576, 0.19281142424480924], [-1.7875307746960676, 0.5281905392186821], [-0.5325774655545243, 1.0075418146478838], [-0.7169950228232279, 0.558469108834652], [-0.7856874150981881, 0.5808802713396568], [-0.527513004764509, 2.439110129645856], [-0.9436399543409112, 1.2283652099008997]], "mse": 0.6330903650076474, "vol": 7381.042263247639, "inc": 152, "msevvol": 8.577248882044597e-05, "msevinc": 0.004165068190839785}