{"beta": [0.15322458684748197, 0.14689929571994273, 0.12170130759010295, 0.1379736493700801, 0.16418915701505749, 0.5047525791972073, -0.060490934464141916, -0.03625811506315491, 0.04974001712168176, -0.03683193167606672, 0.027293104882322217, -0.00527768285865235, -0.010909637711210514, 0.0017445009965424071, -0.01807262024285902, -0.022165408183265966, -0.08038217421255671], "R": [[-0.1, 1.1], [-0.1, 1.1], [-0.10000000000000003, 1.1], [-0.10000000000000003, 1.1], [-0.1, 1.1], [-2.679562738466629, 7.308664912350221], [-0.9762928050956828, 1.0242828737245417], [-2.2510396912444732, 2.6261580138030496], [-2.4821366099920725, 2.31791943291289], [-1.5180186531120405, 2.709040126011043], [-1.8879968750577951, 2.172291814934038], [-1.4028577002652836, 6.115344285810739], [-0.7168216464527583, 3.304913477522386], [-0.7857143967286861, 2.7073977753677876], [-0.5275743359844131, 2.438774607923275], [-0.9437099428352796, 2.570881909663535]], "mse": 0.7627233447309842, "vol": 21998782.064252328, "inc": 1779, "msevvol": 3.46711623626836e-08, "msevinc": 0.00042873712463799003}