{"beta": [0.021651103426589196, 0.0238385529282064, -0.051295164191968536, -0.032164875892769826, -0.04344860500441892, 0.5447447485517278, 0.11058157875436596, 0.0078089946055755755, 0.07621122857625362, 0.0007624850084901985, -0.0056386552251862475, -0.08282532309805637, 0.07814892705327653, -0.05208001181670649, 0.054277524801189386, -0.10807015543026305, 0.04789928251988613], "R": [[-0.1, 1.0], [-0.1, 1.0], [-0.10000000000000003, 1.0], [-0.1, 1.0], [-0.1, 1.0], [-1.6930627284116178, 2.3369102834586903], [-0.9784111940537747, 1.1220651665449353], [-1.9046261831132953, 1.3605368905660702], [-0.7371433905093219, 1.2709756862654658], [-0.6117835868968557, 0.9986075867929095], [-1.7872194904270162, 2.172847884726703], [-0.533266020016673, 6.1113898898974], [-0.7175431378773933, 3.3033577420364173], [-0.7862811582964232, 0.5807928967458696], [-0.5274526967944777, 2.4394401474107608], [-0.9437002178516671, 0.8143708080692991]], "mse": 0.5183368002637041, "vol": 108602.00388705426, "inc": 404, "msevvol": 4.772810645398152e-06, "msevinc": 0.0012830118818408518}