{"beta": [0.31062033143779544, 0.36006192556741157, 0.1418951485540658, 0.08587978785184769, 0.3393887642912251, 0.766885616892181, -0.05000535912285844, -0.2553682544349261, 0.13982706382891752, -0.0803123857406352, 0.0008104799153865603, 0.10063394626158774, -0.07325347787733663, 0.07694388459645173, -0.12174088564987903, -0.05421677875601859, -0.36604517140936305], "R": [[-0.09999999999999998, 1.0], [-0.09999999999999998, 1.0], [-0.09999999999999998, 1.0], [-0.10000000000000003, 1.0], [-0.1, 1.0], [-2.679562738466629, 0.579620488030282], [-0.976292805095683, 1.1242828737245418], [-1.6744950194094432, 0.26698327325179316], [-0.9790848541204442, 1.3308689710467099], [-1.4180186531120405, 2.709040126011043], [-1.787996875057795, 2.172291814934038], [0.237816402066511, 2.163659029981254], [-0.7168216464527583, 3.304913477522386], [-0.7857143967286861, 2.1007651335067914], [-0.5275743359844131, 2.438774607923275], [-0.9437099428352796, 2.570881909663535]], "mse": 0.6703177665595172, "vol": 188370.87264729693, "inc": 182, "msevvol": 3.558500086234729e-06, "msevinc": 0.003683064651425919}