{"beta": [-0.02040581756536252, 0.0804355601957962, -0.02404428088212205, -0.011605401088353515, 0.0519571331151309, 0.5336984228128693, 0.07304612840750689, 0.012926247525875418, 0.09457550488631676, -0.0022961435930581873, 5.8551599864826115e-05, 0.061855758074203564, 0.029562910155877656, -0.006911795310927966, -0.06271077900095434, -0.031786387926189215, 0.01096740362877785], "R": [[-0.1, 1.0], [-0.09999999999999998, 1.1], [-0.1, 1.1], [-0.1, 1.0], [-0.1, 1.1], [-3.6351241692909233, 0.7432607579540571], [-0.9769183989499992, 1.1236269488575596], [-2.2506388573287786, 1.0438499641560357], [-0.852018906411467, 2.3173220832340404], [-1.417848309229576, 2.7088010244563874], [-1.7875307746960676, 0.5281905392186821], [-1.4026371056557283, 1.0075418146478838], [-0.7169950228232279, 3.3032634050648815], [-0.7856874150981881, 2.7073885696402087], [-0.527513004764509, 2.439110129645856], [-0.9436399543409112, 0.8139641770525375]], "mse": 0.543952656415484, "vol": 338618.51937710476, "inc": 757, "msevvol": 1.6063877941941725e-06, "msevinc": 0.0007185636148156988}