{"beta": [0.014995776293304489, 0.03720772340108634, -0.00867592282110332, -0.0072242294802251136, 0.0025543989321454522, 0.5744535983673156, 0.07019036576782674, -0.001639250799419571, 0.08402508049736138, 0.008845810242739187, -0.01986104272128774, 0.01643480067591458, -0.02429881186911216, 0.03339766393842096, 0.013337123535994547, -0.07438614962685064, -0.01071536094945321], "R": [[-0.1, 1.1], [-0.09999999999999998, 1.1], [-0.1, 1.1], [-0.1, 1.1], [-0.1, 1.1], [-3.6351241692909233, 9.745791327863362], [-0.9769183989499992, 1.1236269488575596], [-2.2506388573287786, 2.0498492062810887], [-2.482619941225386, 2.3173220832340404], [-1.417848309229576, 2.7088010244563874], [-1.8875307746960677, 0.5281905392186821], [-1.4026371056557283, 6.11292947530571], [-0.7169950228232279, 3.3032634050648815], [-0.7856874150981881, 2.7073885696402087], [-0.527513004764509, 2.439110129645856], [-0.9436399543409112, 2.571568308445986]], "mse": 0.6458880729365191, "vol": 15840154.948521154, "inc": 2966, "msevvol": 4.0775363311507225e-08, "msevinc": 0.00021776401649916354}