{"beta": [0.014353354072760501, 0.018514725924641862, 0.004108794320566276, 0.0075605200972035285, 0.006979344547322603, 0.6204814911073958, 0.19489564693511718, -0.06948021631893697, 0.009733823650553863, -0.026870391290458803, 0.019513836898896873, -0.031169659831285612, 0.058406023834683005, -0.01695762244348988, -0.07191587711602937, -0.28730961867119287, -0.2371374310086931], "R": [[-0.1, 1.1], [-0.1, 1.0], [-0.10000000000000003, 1.1], [-0.1, 1.0], [-0.1, 1.1], [-3.9918644005925885, 1.0059954088687275], [-0.9784111940537746, 1.1220651665449353], [-2.251719604905245, 0.7075042758301956], [-1.293296997451549, 2.317941267123266], [-1.5169791737417384, 2.708998760482675], [-1.8872194904270163, 2.172847884726703], [-1.3032255388300935, 6.1113898898974], [-0.7175431378773933, 0.8520341236279184], [-0.7862811582964232, 2.7081113848135385], [-0.5274526967944777, 2.4394401474107608], [-0.9437002178516671, 0.3998530515890576]], "mse": 0.5135117935213803, "vol": 652416.8649078142, "inc": 592, "msevvol": 7.870915378527792e-07, "msevinc": 0.0008674185701374668}