{"beta": [0.0863926778829371, 0.20209679447686982, 0.06165701052250241, 0.01721364854023577, 0.035926025765586955, 0.5755912935041159, -0.019395506670443093, 0.010045647264696247, 0.07527792712967683, -0.04004584624881322, 0.051873502259551584, 0.06920649899724872, 0.04216127876428932, -0.052362275523548066, -0.08138117445693467, -0.07706368734631772, -0.07535729928600493], "R": [[-0.09999999999999998, 1.0], [-0.09999999999999998, 1.1], [-0.10000000000000003, 1.0], [-0.09999999999999998, 1.0], [-0.1, 1.1], [-2.679562738466629, 0.7330879196492079], [-0.976292805095683, 1.1242828737245418], [-2.0098412699600194, 0.5317303131601443], [-1.0869751030143353, 1.5162960411758761], [-0.6126068972874239, 2.6090401260110427], [-1.787996875057795, 1.3002340769356713], [-0.0895768446789953, 6.115344285810739], [-0.7168216464527583, 2.910933852601221], [-0.7857143967286861, 1.8474488125762933], [-0.5275743359844131, 2.438774607923275], [-0.9437099428352796, 2.570881909663535]], "mse": 0.6262998621254547, "vol": 558893.913243481, "inc": 299, "msevvol": 1.120605981358413e-06, "msevinc": 0.0020946483683125577}