{"beta": [0.11390784176358436, 0.0886836107073366, 0.038751491023159876, 0.07426739758498974, 0.06690065396871633, 0.5483557857822118, -0.02059979468881146, -0.031408522265826536, 0.03414561897740883, -0.007212862519824551, -0.004461634537223146, -0.0030061032856059096, 0.012533968557001889, 0.016246967829869386, 0.00560130012714871, -0.0948109799524004, -0.05620902093258945], "R": [[-0.1, 1.1], [-0.1, 1.1], [-0.10000000000000003, 1.1], [-0.10000000000000003, 1.1], [-0.1, 1.1], [-2.679562738466629, 7.308664912350221], [-1.076292805095683, 1.1242828737245418], [-2.2510396912444732, 2.6261580138030496], [-0.7426086820267808, 2.31791943291289], [-1.5180186531120405, 2.709040126011043], [-1.8879968750577951, 2.172291814934038], [-1.4028577002652836, 6.115344285810739], [-0.7168216464527583, 3.304913477522386], [-0.7857143967286861, 2.7073977753677876], [-0.5275743359844131, 2.438774607923275], [-0.9437099428352796, 2.570881909663535]], "mse": 0.6764651814145417, "vol": 15428724.589032253, "inc": 2726, "msevvol": 4.384453021446876e-08, "msevinc": 0.0002481530379363689}