{"beta": [0.04181398493177332, 0.05631570504332408, 0.1822314337514821, 0.24598796776524887, 0.16097220594175238, 0.5438379121065586, -0.0654192164036871, -0.17769915060816335, 0.0537689530485098, -0.008334174033474546, 0.05516868767522851, -0.015612642476540454, 0.09905760107832573, -0.06704135184960464, -0.003236885487952595, -0.021244355972040038, -0.20022868499390947], "R": [[-0.1, 1.1], [-0.10000000000000003, 1.1], [-0.1, 1.1], [-0.1, 1.1], [-0.1, 1.1], [-2.679562738466629, 7.308664912350221], [-1.076292805095683, 1.0242828737245417], [-2.2510396912444732, 1.1494734062796281], [-2.4821366099920725, 1.2834813769795705], [-1.4180186531120405, 2.709040126011043], [-1.8879968750577951, 1.3002340769356713], [-0.9176891746823349, 1.0081534532324083], [0.5590968532319014, 3.304913477522386], [-0.7857143967286861, 1.0874998497847996], [-0.4275743359844131, 2.438774607923275], [-0.9437099428352796, 1.6422339465388314]], "mse": 0.8097399943153432, "vol": 645850.6026853343, "inc": 291, "msevvol": 1.2537574339151893e-06, "msevinc": 0.002782611664313894}