{"beta": [-0.08385955938144586, -0.111756283274618, -0.05286493614708817, -0.07027962517394322, -0.04392749308064394, 0.6001942605967996, 0.11451615164105293, -0.004210899123917489, 0.05856019225157777, -0.055855919593140436, 0.009245794175175702, 0.04040626498590673, -0.03789420360270823, -0.1773430700061619, 0.04167416881999706, -0.06404827137574369, 0.04042425062692715], "R": [[-0.1, 1.0], [-0.1, 1.0], [-0.10000000000000003, 1.0], [-0.1, 1.0], [-0.1, 1.0], [-3.9918644005925885, 1.1223341216825355], [-0.9784111940537746, 1.1220651665449353], [-2.251719604905245, 0.26626602263028176], [-0.9795434446851061, 1.2709756862654658], [-0.6117835868968557, 1.8038031736377922], [-1.8872194904270163, 1.3008344096959592], [-0.9182457794233833, 6.1113898898974], [-0.7175431378773933, 3.3033577420364177], [-0.7862811582964232, 0.5807928967458699], [-0.5274526967944777, 2.4394401474107608], [-0.9437002178516671, 1.643406321029782]], "mse": 0.5105002866248931, "vol": 223927.5139996289, "inc": 195, "msevvol": 2.2797568619715894e-06, "msevinc": 0.002617950187819965}