{"beta": [0.04180345853285323, 0.13967133715812677, 0.007417780887831444, -0.012725045915331601, 0.06634759754135633, 0.5418784290235114, 0.1201045567939712, -0.012140708560086918, 0.050447652390068, -0.01922448352432373, -0.015575040686790935, -0.024088453724985807, -0.006736637560004835, -0.0671075818323299, 0.09669476652459119, -0.10270898148976651, -0.021991747251257257], "R": [[-0.1, 1.0], [-0.09999999999999998, 1.0], [-0.1, 1.1], [-0.1, 1.0], [-0.10000000000000003, 1.0], [-1.809552000749519, 0.9953106252690933], [-0.9769183989499992, 1.1236269488575596], [-0.6857627679186139, 2.626375163077166], [-0.018079419522410545, 2.3173220832340404], [-0.6125184424923834, 0.9981412909820018], [-1.8875307746960677, 0.5281905392186821], [-0.9176072856051262, 1.7776014547490875], [-0.7169950228232279, 2.0277992734070014], [-0.7856874150981881, 0.5808802713396566], [-0.527513004764509, 2.439110129645856], [-0.9436399543409112, 2.571568308445986]], "mse": 0.5985738684997456, "vol": 32844.529278746566, "inc": 466, "msevvol": 1.8224461779303927e-05, "msevinc": 0.0012844932800423726}