{"beta": [0.002351281625737884, 0.049095117787854047, 0.002970948832548997, -0.009282914417591175, 0.023599214564067186, 0.4855790127634699, 0.0803698424632546, 0.022217445182537557, 0.1322434853046398, 0.02355103167665761, -0.03119293322571889, 0.00844541445658547, -0.028327629815870985, -0.02779664111190729, 0.017943679873729076, -0.0456046976021935, -0.08468737634972341], "R": [[-0.1, 1.0], [-0.09999999999999998, 1.0], [-0.1, 1.0], [-0.1, 1.0], [-0.1, 1.0], [-3.6351241692909233, 0.6527813184050695], [-0.9769183989499992, 1.1236269488575596], [-1.5152709149340096, 1.3615339353534233], [-0.5839115444001647, 2.3173220832340404], [-1.417848309229576, 0.9981412909820018], [-1.7875307746960676, 0.5281905392186821], [-1.3026371056557282, 6.11292947530571], [-0.7169950228232279, 1.7339332404925316], [-0.7856874150981881, 2.7073885696402087], [-0.527513004764509, 2.439110129645856], [-0.9436399543409112, 2.571568308445986]], "mse": 0.516434012959257, "vol": 448447.452452652, "inc": 846, "msevvol": 1.1516042964114802e-06, "msevinc": 0.0006104420956965212}