{"beta": [0.0006235289099782056, -0.03516845106838615, -0.059154828371143664, -0.04753034007083547, -0.0554427950565211, 0.6106680566712788, 0.12109449774487215, 0.019360210197667316, 0.0395141130337735, 4.249036295548271e-05, 0.0003588126739672523, -0.029700288202125114, 0.007479228710266015, -0.07028909456083432, -0.014830682392681803, -0.02458439165790887, 0.09820734515763822], "R": [[-0.1, 1.1], [-0.1, 1.0], [-0.1, 1.0], [-0.10000000000000003, 1.0], [-0.10000000000000003, 1.1], [-3.9918644005925885, 0.8850031475423671], [-0.9784111940537749, 1.1220651665449353], [-1.9046261831132953, 1.0428453482621294], [-1.3059710821814554, 1.2709756862654658], [-0.6117835868968557, 0.9986075867929096], [-0.2431925403655285, 1.3008344096959592], [-0.533266020016673, 6.1113898898974], [-0.7175431378773933, 3.3033577420364177], [-0.7862811582964232, 0.3273780857374112], [-0.5274526967944777, 2.4394401474107608], [-0.9437002178516671, 2.057924077510024]], "mse": 0.5434774166388885, "vol": 98253.27015469898, "inc": 568, "msevvol": 5.531392652714639e-06, "msevinc": 0.000956826437744522}