{"beta": [0.048365945938875894, -0.12158262178857882, 0.2545361388613591, 0.0386277903720392, 0.29990981130052374, 0.5182938936374653, 0.09645644334621913, 0.10071333520485373, -0.04240342391567139, -0.04416916983300409, -0.02616145849519088, -0.1353621093835731, -0.11067214364036934, 0.052778554971311585, 0.028485967894888185, -0.10165580517720883, 0.36898177295096335], "R": [[-0.09999999999999998, 1.1], [-0.1, 1.1], [-0.09999999999999998, 1.1], [-0.1, 1.1], [-0.1, 1.1], [-1.4138498176584786, 1.3108028364409043], [-0.9784111940537746, 1.1220651665449353], [-1.1809954478654363, 2.6254058790138397], [-0.2398462507146346, 2.317941267123266], [-1.5169791737417384, 2.708998760482675], [-1.0152060153962723, 0.5288209346652153], [-0.14828626060996275, 6.1113898898974], [0.5581186713268562, 3.3033577420364177], [-0.7862811582964233, 2.7081113848135385], [-0.42745269679447784, 2.4394401474107608], [-0.843700217851667, 2.5724418339902657]], "mse": 0.4473788447821129, "vol": 532043.8448475057, "inc": 53, "msevvol": 8.408683778878047e-07, "msevinc": 0.008441110278907791}