{"beta": [-0.05631603231928443, -0.09235879507746732, -0.11237310031463489, -0.12643861838170797, -0.1551726321687709, 0.6110556530034243, 0.1351313272852522, 0.010040034866274443, 0.035733071089324775, -0.06711692369893431, -0.012440977359102509, 0.027131305215009775, 0.031072280785498504, -0.10221729225082593, -0.05540274162691019, -0.09535327758934868, 0.09094887758092272], "R": [[-0.1, 1.0], [-0.1, 1.1], [-0.10000000000000003, 1.0], [-0.1, 1.0], [-0.1, 1.1], [-3.9918644005925885, 0.51969958930701], [-0.9784111940537747, 1.1220651665449353], [-2.251719604905245, 0.35451367327026584], [-0.9877003584245083, 1.2709756862654658], [-0.6117835868968557, 1.8038031736377922], [-1.0152060153962723, 2.172847884726703], [-0.533266020016673, 6.1113898898974], [-0.7175431378773933, 1.7337804805311057], [-0.7862811582964232, 0.3273780857374111], [-0.5274526967944777, 2.4394401474107608], [-0.9437002178516671, 0.8143708080692991]], "mse": 0.39218084505478923, "vol": 77904.89468230635, "inc": 246, "msevvol": 5.034097621902836e-06, "msevinc": 0.0015942310774584927}