{"beta": [0.026203695857311516, -0.1777377603810763, 0.13514214851212816, 0.03600993885752997, 0.01551228516208655, 0.5466930325023768, -0.21056275451979453, 0.0388233209886085, 0.11531846067518509, -0.10250932636938141, -0.042227036916728834, 0.02312935818600599, 0.0741216357529071, -0.09839555360849553, -0.08307656535207224, 0.06632010218837128, 0.30822497841598623], "R": [[-0.09999999999999998, 1.1], [-0.1, 1.1], [-0.09999999999999998, 1.1], [-0.1, 1.1], [-0.1, 1.1], [-3.991864400592588, 6.457576198303895], [-0.9784111940537746, 1.1220651665449353], [-1.1809954478654363, 2.6254058790138397], [-0.6957943253297627, 2.317941267123266], [-1.5169791737417384, 1.8038031736377924], [-1.887219490427016, 2.072847884726703], [-0.14828626060996275, 2.931551814643719], [0.5581186713268562, 3.3033577420364177], [-0.17945153627950594, 2.7081113848135385], [-0.42745269679447784, 2.4394401474107608], [-0.843700217851667, 2.5724418339902657]], "mse": 0.617682194382237, "vol": 1970002.0288153656, "inc": 119, "msevvol": 3.135439382027804e-07, "msevinc": 0.005190606675480983}