{"beta": [0.022411352312607987, 0.0011623045343426446, 0.056761174607178645, 0.02771920867430239, 0.02513414985095054, 0.6094363353939742, 0.11485601799524828, -0.029469360111436967, 0.048068042760512415, -0.007112140521336728, 0.00045488346140291647, 0.005807109062390901, -0.020348667352070852, 0.006695173028955732, -0.007689429283871507, -0.041303122147856024, -0.020182971735628063], "R": [[-0.1, 1.1], [-0.1, 1.1], [-0.1, 1.1], [-0.10000000000000003, 1.1], [-0.10000000000000003, 1.1], [-3.9918644005925885, 1.0059954088687273], [-0.9784111940537749, 1.1220651665449353], [-2.251719604905245, 2.190064806581906], [-2.4828060419456293, 2.317941267123266], [-1.5169791737417384, 2.708998760482675], [-1.8872194904270159, 2.172847884726703], [-1.4032255388300936, 6.1113898898974], [-0.7175431378773933, 3.3033577420364177], [-0.7862811582964232, 2.7081113848135385], [-0.5274526967944777, 2.4394401474107608], [-0.9437002178516671, 2.5724418339902657]], "mse": 0.5808934583704289, "vol": 10527008.588579992, "inc": 3082, "msevvol": 5.518124674094018e-08, "msevinc": 0.00018847938298845846}