{"beta": [-0.08846348250398371, -0.07195931709333923, -0.030071720106270728, -0.10260716086272349, -0.06018646425660672, 0.6416458615410878, 0.1354309669097742, 0.008484356233652322, 0.03601611541387729, -0.017608736646985576, -0.027166590659618933, 0.03247675905492125, 0.034149878347420365, -0.07022879875227447, -0.013676949411536864, -0.07522137680404455, 0.10212193362027425], "R": [[-0.1, 1.0], [-0.1, 1.0], [-0.1, 1.0], [-0.10000000000000003, 1.0], [-0.10000000000000003, 1.1], [-3.9918644005925885, 0.7709912089848353], [-0.9784111940537749, 1.1220651665449353], [-2.251719604905245, 0.7604528662141841], [-0.7430317365077904, 2.317941267123266], [-0.6117835868968557, 1.8038031736377922], [-1.0152060153962723, 1.3008344096959592], [-0.9182457794233833, 6.1113898898974], [-0.7175431378773933, 3.3033577420364177], [-0.7862811582964232, 0.3273780857374112], [-0.5274526967944777, 2.4394401474107608], [-0.9437002178516671, 1.2288885645495404]], "mse": 0.44665644145039135, "vol": 183964.15747426005, "inc": 736, "msevvol": 2.4279536165238426e-06, "msevinc": 0.0006068701650141187}