{"beta": [0.13150070654048437, 0.13145948536455324, 0.08404938917396353, 0.054824088755728466, 0.13108181433771735, 0.583340016383622, -0.06250897875426896, -0.04712630792572797, 0.03266524303613289, -0.010091410057731986, 0.01930136086427743, 0.049920951310290326, 0.013070427499740451, 0.010668503156257513, -0.06614306421048634, -0.041368178589300385, -0.09136527915064598], "R": [[-0.09999999999999998, 1.1], [-0.09999999999999998, 1.1], [-0.09999999999999998, 1.1], [-0.10000000000000003, 1.1], [-0.1, 1.1], [-2.679562738466629, 1.717525346863293], [-0.976292805095683, 1.1242828737245418], [-2.2510396912444732, 0.7082283397657108], [-2.4821366099920725, 1.2250218883783808], [-1.5180186531120405, 2.709040126011043], [-1.8879968750577951, 2.172291814934038], [-0.14735212351643745, 6.115344285810739], [-0.7168216464527583, 3.304913477522386], [-0.7857143967286861, 2.7073977753677876], [-0.5275743359844131, 2.438774607923275], [-0.9437099428352796, 2.570881909663535]], "mse": 0.6984971464572984, "vol": 3969308.70950238, "inc": 592, "msevvol": 1.7597450779908397e-07, "msevinc": 0.0011798938284751663}