{"beta": [0.03479482644436937, 0.0027937991171512306, 0.19480849258667585, -0.09200182752827143, -0.06540609241599235, 0.6248333491845834, 0.002531935778516099, -0.06430626000671077, 0.11019021596725243, -0.1776206469134823, 0.020423689896746082, -0.039460516843234726, -0.005780127712699263, -0.026807009118409563, -0.04008764577108658, 0.07718072863767346, 0.1414932409935837], "R": [[-0.09999999999999998, 1.1], [-0.1, 1.1], [-0.09999999999999998, 1.1], [-0.1, 1.1], [-0.1, 1.1], [-3.991864400592588, 6.457576198303895], [-0.9784111940537746, 1.1220651665449353], [-1.1809954478654363, 1.1663920591581056], [-0.2850377130887416, 2.317941267123266], [-1.5169791737417384, 1.8038031736377924], [-1.887219490427016, 2.072847884726703], [-0.14828626060996275, 2.1615922958302987], [0.5581186713268562, 3.3033577420364177], [0.3273780857374111, 2.7081113848135385], [-0.42745269679447784, 2.4394401474107608], [-0.843700217851667, 2.5724418339902657]], "mse": 0.4263138612960977, "vol": 648847.9748769792, "inc": 68, "msevvol": 6.570319671213065e-07, "msevinc": 0.006269321489648496}