{"beta": [-0.038208442501734614, 0.03286600759147172, 0.027416279381641324, -0.051460535069519954, 0.025394960981650172, 0.49206615894036076, 0.06909287519486891, -0.01846518436269168, 0.02913041316834002, -0.0002402128420735102, -0.029030856289365328, -0.0258756890704733, -0.029589544844465843, -0.02393158012684549, 0.029833990869015, -0.07182714046606475, 0.0019206143924420929], "R": [[-0.1, 1.0], [-0.10000000000000003, 1.0], [-0.1, 1.0], [-0.10000000000000003, 1.0], [-0.1, 1.0], [-3.6351241692909233, 0.6527813184050695], [-0.9769183989499992, 1.1236269488575596], [-1.4446744768901476, 0.7791133214915507], [-0.17768857102808844, 2.3173220832340404], [-1.417848309229576, 0.9981412909820018], [-1.8875307746960677, 0.5281905392186821], [-1.3026371056557282, 6.11292947530571], [-0.7169950228232279, 1.7339332404925316], [-0.7856874150981881, 2.7073885696402087], [-0.527513004764509, 2.439110129645856], [-0.9436399543409112, 2.571568308445986]], "mse": 0.4845671494659161, "vol": 310988.79528155486, "inc": 578, "msevvol": 1.5581498652619025e-06, "msevinc": 0.0008383514696642147}