{"beta": [0.12434396085385024, 0.2411344366399919, 0.13521842854872257, -0.060031047600823735, 0.19249873966646378, 0.6159334984873728, -0.05501733426264733, -0.12450208151866689, 0.07248293994870077, -0.06463929241651564, -0.03183038743746211, 0.03707374343573368, -0.09171515566831799, 0.017300512721002363, -0.014097381471077976, -0.06699213699440561, -0.19036544268053807], "R": [[-0.09999999999999998, 1.0], [-0.09999999999999998, 1.0], [-0.10000000000000003, 1.0], [-0.09999999999999998, 1.0], [-0.1, 1.0], [-2.679562738466629, 7.308664912350221], [-0.976292805095683, 1.1242828737245418], [-2.0451408752811355, 0.26698327325179316], [-1.1278870441920628, 2.31791943291289], [-1.4180186531120405, 2.709040126011043], [-1.8879968750577951, 2.172291814934038], [0.237816402066511, 6.115344285810739], [-0.7168216464527583, 2.910933852601221], [-0.7857143967286861, 2.1007651335067914], [-0.5275743359844131, 2.438774607923275], [-0.9437099428352796, 2.570881909663535]], "mse": 0.690951101684547, "vol": 2894597.0543219647, "inc": 442, "msevvol": 2.387037258442856e-07, "msevinc": 0.0015632377866166222}