{"beta": [-0.06417325679947199, -0.3785776049460869, 0.17950760820592174, 0.04019308018466918, 0.2285870881811136, 0.5513701585117311, 0.06005006079058255, 0.07087912477734715, 0.03169711033203038, -0.02992515665422443, -0.033510027009898045, -0.04109838893954101, -0.04899116234867409, -0.058199583505986696, -0.03799174989248047, 0.14455943217602643, 0.24523415795412146], "R": [[-0.09999999999999998, 1.1], [-0.1, 1.1], [-0.09999999999999998, 1.1], [-0.1, 1.1], [-0.1, 1.1], [-1.4138498176584786, 6.457576198303895], [-0.9784111940537746, 1.1220651665449353], [-1.1809954478654363, 2.6254058790138397], [-0.2398462507146346, 2.317941267123266], [-1.5169791737417384, 0.9986075867929095], [-1.0152060153962723, 0.5288209346652153], [-0.14828626060996275, 2.5465720552370086], [0.5581186713268562, 3.3033577420364177], [-0.7862811582964233, 2.7081113848135385], [-0.42745269679447784, 2.4394401474107608], [-0.843700217851667, 2.5724418339902657]], "mse": 0.5261911328242472, "vol": 393899.87486007303, "inc": 54, "msevvol": 1.3358499619000098e-06, "msevinc": 0.00974428023748606}