{"beta": [0.06382964503401396, -0.17573387449060612, 0.01457071377325576, 0.24796273810349043, -0.1024525751092458, -0.2569753015283925, -0.34174386184115446, 0.1541835838704621, 0.006112849925235432, 0.07482348886596672, 0.12257143560962853, 0.02020607156583953], "R": [[-2.7959321704778626, 6.122627160047834], [-2.746572466088649, 3.5331412060101], [-2.877433136057892, 5.334375481884963], [-2.4563033545612583, 4.986747718998426], [-2.4742496470777513, 5.631750263799668], [-2.462565505455457, 2.6726249832016244], [-1.898207975706763, 3.6099946272353787], [-3.452326015876494, 4.224581498035601], [-0.688649780344704, 1.7988029782571497], [-1.5448575338251727, 0.7921097593287006], [-1.0615978541703437, 1.139935764897052]], "mse": 0.7754727806096032, "vol": 77111034.85853748, "inc": 306, "msevvol": 1.0056573381906124e-08, "msevinc": 0.0025342247732339975}