{"beta": [-0.13557966973948188, 0.040958955238516115, 0.11228635270067289, 0.07193451488717152, 0.011144883110542354, -0.1382287993388281, -0.2975429091290749, 0.1685879609847588, 0.003881368899146555, 0.2271067844060426, 0.10669180189772923, -0.09622569014413787], "R": [[-0.38284500115471853, 6.122627160047834], [-2.746572466088649, 3.5331412060101], [-2.877433136057892, 5.334375481884963], [-2.4563033545612583, 4.986747718998426], [-2.4742496470777513, 1.9081669713141847], [-2.462565505455457, 2.6726249832016244], [-1.2452702045669568, 3.6099946272353787], [-3.452326015876494, 4.224581498035601], [-0.688649780344704, 1.7988029782571497], [-1.4448575338251723, 0.7921097593287006], [-0.9615978541703437, 1.139935764897052]], "mse": 0.6439096538368217, "vol": 24492253.919487666, "inc": 99, "msevvol": 2.6290338812978108e-08, "msevinc": 0.006504137917543654}