{"beta": [-0.09834914372563687, -0.057094735165204566, 0.07099527806515353, 0.29387236959111157, -0.13297135760531603, -0.251358171244193, -0.38328363269501126, 0.22900395021417216, 0.009234671821802291, 0.11401618162202948, 0.12904998379200402, 0.014641971123418532], "R": [[-2.7959321704778626, 6.122627160047834], [-2.746572466088649, 3.5331412060101], [-2.877433136057892, 5.334375481884963], [-2.4563033545612583, 4.986747718998426], [-2.4742496470777513, 5.631750263799668], [-2.462565505455457, 2.6726249832016244], [-1.8982079757067631, 3.6099946272353787], [-3.452326015876494, 4.224581498035601], [-0.5886497803447039, 1.6988029782571497], [-1.5448575338251724, 0.7921097593287006], [-1.0615978541703437, 1.139935764897052]], "mse": 0.41675253156375364, "vol": 70911034.91145265, "inc": 51, "msevvol": 5.877118167632963e-09, "msevinc": 0.008171618265955954}