{"beta": [0.29806109460011365, -0.38598147902508917, -0.2540513471583709, -0.81063698701179, 0.3773409006063575, 0.18073401918989687, -0.265824965340947, 0.12417530663402315, 0.0036400604233718273, -0.14119575856403707, 0.043220050436301415, -0.3327147346696112], "R": [[-2.7959321704778626, 6.122627160047834], [-2.746572466088649, 3.5331412060101], [-1.3635845564209177, 5.334375481884963], [-2.4563033545612583, 4.986747718998426], [-2.4742496470777513, 5.631750263799668], [-2.462565505455457, -0.30623613518167314], [-1.898207975706763, 3.6099946272353787], [-3.452326015876494, 4.224581498035601], [-0.688649780344704, 1.6988029782571497], [-1.5448575338251727, 0.6921097593287006], [-0.9615978541703437, 1.139935764897052]], "mse": 0.5663651073050638, "vol": 23162038.00282275, "inc": 18, "msevvol": 2.4452300235240143e-08, "msevinc": 0.031464728183614656}