{"beta": [-0.8461138994240254, 0.23809404562248773, 0.1795476537229058, -1.2696343363606812, 0.27773295420952054, 0.5317638502582211, -1.2819715752789382, -0.49273289983788743, 0.15792381316043083, 0.2670736172045267, 0.08224466996166707, -0.47088537770056577], "R": [[-2.7959321704778626, 6.122627160047834], [-2.746572466088649, 3.5331412060101], [-2.877433136057892, 0.521546883095048], [-2.4563033545612583, 4.986747718998426], [-2.4742496470777513, 5.631750263799668], [-0.7175020092364299, 0.5162956129278403], [-0.6431824093258334, 0.43811812090312097], [-0.9438990762990407, 0.27828772885966796], [-0.688649780344704, 1.6988029782571494], [-1.4448575338251728, 0.7921097593287006], [-0.9615978541703438, 1.139935764897052]], "mse": 1.3980693055695241, "vol": 210183.90281802905, "inc": 16, "msevvol": 6.651647851357727e-06, "msevinc": 0.08737933159809526}