{"beta": [0.03312310821563384, -0.23052873992783698, 0.06043728156996641, -0.2818432091673615, 0.34026488828968576, -0.008359388926115503, -0.17616815571148553, 0.22706563653538098, 0.06938224440565227, 0.11232513009524005, 0.08367972923969758, 0.13195716160230422], "R": [[-2.7959321704778626, 6.122627160047834], [-2.746572466088649, 3.5331412060101], [-1.3635845564209177, 5.334375481884963], [-2.4563033545612583, 4.986747718998426], [-2.4742496470777513, 5.631750263799668], [-0.7175020092364299, 0.5162956129278403], [-1.898207975706763, 0.3521055787258174], [-3.452326015876494, 0.8893811314390216], [-0.688649780344704, 1.79880297825715], [-1.4448575338251728, 0.7921097593287006], [-0.9615978541703438, 1.139935764897052]], "mse": 0.7498303271995487, "vol": 3190310.865978919, "inc": 93, "msevvol": 2.350336248406532e-07, "msevinc": 0.008062691690317727}