{"beta": [-0.012395391098364858, -0.054027057761758215, 0.05137028118816203, 0.1525803955737376, -0.07754045172904896, -0.17667766558195214, -0.37429815927739823, 0.1382229153949929, 0.01411453354038216, 0.018962107356971316, 0.1079921935561497, 0.0635799435185744], "R": [[-2.7959321704778626, 6.122627160047834], [-2.746572466088649, 3.5331412060101], [-2.877433136057892, 5.334375481884963], [-2.4563033545612583, 4.986747718998426], [-2.4742496470777513, 5.631750263799668], [-2.462565505455457, 2.6726249832016244], [-1.8982079757067631, 3.6099946272353787], [-3.452326015876494, 4.224581498035601], [-0.688649780344704, 1.7988029782571497], [-1.4448575338251723, 0.7921097593287006], [-1.0615978541703437, 1.139935764897052]], "mse": 0.6485552899707616, "vol": 73811415.08703132, "inc": 200, "msevvol": 8.786652975099415e-09, "msevinc": 0.003242776449853808}