{"beta": [0.06382964503401266, -0.1757338744906054, 0.014570713773255747, 0.24796273810352626, -0.10245257510926893, -0.2569753015284082, -0.34174386184115474, 0.1541835838704628, 0.006112849925235732, 0.07482348886596614, 0.1225714356096286, 0.020206071565839288], "R": [[-2.7959321704778626, 6.122627160047834], [-2.746572466088649, 3.5331412060101], [-2.877433136057892, 5.334375481884963], [-2.4563033545612583, 4.986747718998426], [-2.4742496470777513, 5.631750263799668], [-2.462565505455457, 2.6726249832016244], [-1.8982079757067627, 3.609994627235379], [-3.452326015876494, 4.224581498035601], [-0.588649780344704, 1.7988029782571497], [-1.5448575338251724, 0.7921097593287006], [-0.9615978541703438, 1.139935764897052]], "mse": 0.6623072747492417, "vol": 70649240.44115882, "inc": 205, "msevvol": 9.374584505276505e-09, "msevinc": 0.00323076719389874}