{"beta": [-0.8256234260814129, 0.4206778599546437, 0.38353542867967966, -0.9091908385839927, 0.32939294202358305, 0.19115962576092305, -0.1397990401881216, 0.4146748351554189, -0.03003357102727105, 0.17125839317062275, -0.0031453743078309255, -0.07085655561045798], "R": [[-2.7959321704778626, 6.122627160047834], [-2.746572466088649, 3.5331412060101], [-2.877433136057892, 0.521546883095048], [-2.4563033545612583, 4.986747718998426], [-2.4742496470777513, 5.631750263799668], [-0.7175020092364299, 0.5162956129278403], [-1.540170349174853, 0.43811812090312097], [-3.452326015876494, 0.27828772885966796], [-0.688649780344704, 1.6988029782571494], [-1.4448575338251728, 0.7921097593287006], [-0.9615978541703438, 1.139935764897052]], "mse": 0.552105661816882, "vol": 1173776.3400439739, "inc": 33, "msevvol": 4.703670051793668e-07, "msevinc": 0.016730474600511577}