{"beta": [0.4197199426137107, -0.35654232599740365, -0.10245489121116043, 0.1005954661723764, -0.045874131561344615, -0.37431494193950676, -0.49584393820269385, 0.13665224235100354, 0.0849424334044561, 0.18074710860212184, 0.058073644588983224, 0.1156184735814454], "R": [[-2.7959321704778626, 6.122627160047834], [-2.746572466088649, 3.5331412060101], [-2.877433136057892, 5.334375481884963], [-2.4563033545612583, 4.986747718998426], [-2.4742496470777513, 5.631750263799668], [-2.462565505455457, 0.5162956129278402], [-1.898207975706763, 3.6099946272353787], [-3.452326015876494, 4.224581498035601], [-0.688649780344704, 1.7988029782571497], [-1.5448575338251727, 0.6921097593287006], [-0.9615978541703437, 1.139935764897052]], "mse": 0.7808763867392162, "vol": 40872222.06242509, "inc": 35, "msevvol": 1.910530789215633e-08, "msevinc": 0.02231075390683475}