{"beta": [0.21952032299672725, -0.3753804907137631, -0.03751406676006679, 0.45048297940080356, -0.17410397845064932, -0.4216173773269726, -0.3014386271544552, 0.1915465916483113, -0.0020364408548975833, 0.10766269720579533, 0.13072364649653861, 0.09226830199513449], "R": [[-2.7959321704778626, 6.122627160047834], [-2.746572466088649, 3.5331412060101], [-2.877433136057892, 5.334375481884963], [-2.4563033545612583, 4.986747718998426], [-2.4742496470777513, 5.631750263799668], [-2.462565505455457, 2.672624983201624], [-1.898207975706763, 3.6099946272353787], [-3.452326015876494, 4.224581498035601], [-0.688649780344704, 1.7988029782571497], [-1.4448575338251726, 0.6921097593287006], [-1.0615978541703437, 1.139935764897052]], "mse": 1.072180514776477, "vol": 70511795.31552514, "inc": 106, "msevvol": 1.5205690196635887e-08, "msevinc": 0.010114910516759217}