{"beta": [-0.09117746970749355, 0.13842889929007987, 0.020484306909925056, -0.08256736657142479, 0.059809863644530836, 0.05507342249550928], "R": [[-1.3767654645611844, 3.615181352813236], [-1.761779282579846, 0.9121829326680108], [-1.310910811246963, 2.3330237003102603], [-0.5313915329587728, 2.4180798036097926], [-1.0217648016985406, 1.1848754456205048]], "mse": 0.997088532777259, "vol": 316.57126695647105, "inc": 106, "msevvol": 0.0031496495002951734, "msevinc": 0.009406495592238292}