{"beta": [0.21240761319548498, 0.21807555603601744, 0.12147318103815714, -0.20878231808689465, -0.0014424584682030627, 0.1894091814747725], "R": [[-1.3767654645611844, 0.25665751699863026], [-1.7617792825798462, 0.9121829326680108], [-1.310910811246963, 2.3330237003102603], [-0.5313915329587728, 2.4180798036097926], [-1.0217648016985406, 1.0848754456205048]], "mse": 0.8067051804813632, "vol": 98.89151906813592, "inc": 72, "msevvol": 0.008157475869346753, "msevinc": 0.011204238617796711}