{"beta": [0.06435367322290672, 0.2382347658634235, -0.13994222054555144, -0.052943988882251686, 0.012995151975006263, -0.06282778559228178], "R": [[-1.3767654645611844, 3.615181352813236], [-1.761779282579846, 0.9121829326680108], [-1.310910811246963, 2.3330237003102603], [-0.43139153295877275, 2.3180798036097925], [-1.0217648016985406, 1.1848754456205048]], "mse": 0.9488412683539444, "vol": 295.1049612472742, "inc": 28, "msevvol": 0.003215267084442175, "msevinc": 0.033887188155498016}