{"beta": [0.06435367322290683, 0.23823476586342363, -0.13994222054555147, -0.07414551381036938, 0.012995151975006228, -0.01368095885068271], "R": [[-1.3767654645611844, 3.615181352813236], [-1.761779282579846, 0.9121829326680108], [-1.310910811246963, 2.3330237003102603], [-0.43139153295877275, 2.4180798036097926], [-1.0217648016985406, 1.1848754456205048]], "mse": 0.9488412683539446, "vol": 305.83811410187263, "inc": 28, "msevvol": 0.0031024297646495814, "msevinc": 0.03388718815549802}