{"beta": [-0.1108481862147442, 0.1288855203605779, -0.0032509280530352474, -0.08357116028360018, 0.07334636570299427, 0.08184184427786158], "R": [[-1.2128728403295255, 3.615181352813236], [-1.761779282579846, 0.9121829326680108], [-1.310910811246963, 2.3330237003102603], [-0.5313915329587728, 2.4180798036097926], [-1.0217648016985406, 1.1848754456205048]], "mse": 0.9995026051240317, "vol": 306.1777876995895, "inc": 104, "msevvol": 0.003264451718178548, "msevinc": 0.009610601972346458}