{"beta": [-0.08928845087085904, 0.13497536365503748, 0.025593939420352787, -0.030585321632315164, -0.06555209024455888, 0.06630159661345678], "R": [[-1.3767654645611844, 3.615181352813236], [-0.01247113908127473, 0.8121829326680108], [-1.310910811246963, 2.3330237003102603], [-0.5313915329587728, 2.4180798036097926], [-1.0217648016985406, 1.1848754456205048]], "mse": 0.7402546556751466, "vol": 97.63106703820247, "inc": 63, "msevvol": 0.00758216291321992, "msevinc": 0.011750073899605501}