{"beta": [-0.0034116563229684934, 0.22377257158369956, 0.3962060275623719, -0.12870446749198158, -0.004473422493089266, 0.28619055422436357], "R": [[-1.3767654645611844, 3.615181352813236], [-1.7617792825798462, 0.8121829326680108], [-1.310910811246963, -0.06293264072788851], [-0.5313915329587728, 2.4180798036097926], [-1.0217648016985406, 1.0848754456205048]], "mse": 0.7920546894100627, "vol": 99.63539871864293, "inc": 84, "msevvol": 0.007949530985937231, "msevinc": 0.009429222492976938}