{"beta": [-0.1054594770003035, -0.11470368943256574, 0.28942247047984887, -0.08785455313148176, -0.052472202742501306, -0.06364693552675041, -0.28148061575749067], "R": [[-0.7225875461918737, 1.6968959665685883], [-1.0618306677398395, 0.28417342138517265], [-1.1934563591118503, 0.1350852936973822], [0.12211488119594649, 26.016148822943872], [-0.9565511514060262, 18.730810247203966], [0.5932706410292057, 1.6963603785930217]], "mse": 0.02645269143202469, "vol": 2433.001026531475, "inc": 45, "msevvol": 1.0872453872218899e-05, "msevinc": 0.0005878375873783264}