{"beta": [0.051153793180681834, -0.035197166632911725, 0.058277059084648974, -0.007954668706159653, -0.02689716064888486, -0.10584831709158608, -0.15418446042508802], "R": [[-0.23145502494313785, 1.3887301496588271], [-1.13130082502003, 1.4962299892472228], [-1.2772928491263928, 0.9821081038765069], [-0.23821647948833946, 26.150966377476646], [-0.1454585010624463, 19.14347425562218], [0.5770033706567084, 4.1252797458964094]], "mse": 0.15402850299101095, "vol": 17372.301603289117, "inc": 238, "msevvol": 8.866326783196566e-06, "msevinc": 0.0006471785839958443}