{"beta": [-0.0966607903327385, -0.02648414644035685, 0.08656080860287876, -0.024766369151873403, -0.026991477686349026, -0.051734082782233105, -0.059074554050227226], "R": [[-1.720185174601965, 1.720185174601965], [-1.13130082502003, 1.496229989247223], [-1.2772928491263928, 1.334098499843903], [-0.07314567288176366, 26.150966377476646], [-0.9760197726155687, 19.14347425562218], [-3.2618580923840894, 4.1252797458964094]], "mse": 0.28148033416334584, "vol": 92006.60893538638, "inc": 813, "msevvol": 3.0593490774235734e-06, "msevinc": 0.000346224273263648}