{"beta": [-0.1468125350022906, -0.05711282520451299, 0.02116238509833837, -0.032070865436750536, -0.0649064913602372, -0.13345293625417626, -0.05073218982195989], "R": [[-1.6923938634770466, 1.6968959665685883], [-1.0618306677398395, 1.5755795222543156], [-1.1934563591118503, 1.4201814656607088], [-0.23792987968180157, 26.016148822943872], [-0.4010273664156827, 18.730810247203966], [-3.1508650991369676, 4.357104412223306]], "mse": 0.5324955777347877, "vol": 88106.46241534618, "inc": 1529, "msevvol": 6.04377435135835e-06, "msevinc": 0.0003482639488128108}