{"beta": [0.23025658400431034, 0.1071893424747774, -0.1624199068539139, 0.009509073457491137, -0.20641295601551585, 0.13399785363745434, -0.4580964510619568], "R": [[0.6943650748294136, 1.1572751247156892], [-1.13130082502003, -0.1243753128097842], [-0.9665372452263888, 0.1600647930125333], [-0.23821647948833946, 26.150966377476646], [0.13795328707049237, 19.14347425562218], [0.5382586922832285, 1.4100139556865243]], "mse": 0.1681107319525431, "vol": 229.59624772868537, "inc": 16, "msevvol": 0.0007322015652067629, "msevinc": 0.010506920747033945}