{"beta": [-0.08831889592501908, -0.5099114603543159, 0.34267977994293847, -0.12779592094696765, -0.12551119334360303, -0.08964182651974038, -0.30066374620623887], "R": [[-0.4326521070968158, 1.3069605274735303], [-1.0618306677398395, 1.5755795222543159], [-1.1934563591118503, 1.420181465660709], [0.6661449802438906, 26.016148822943872], [-0.9565511514060262, 18.730810247203966], [0.35689426869410235, 2.208509185319079]], "mse": 0.02649448578976443, "vol": 11081.329116663399, "inc": 22, "msevvol": 2.3909122733232157e-06, "msevinc": 0.0012042948086256559}