{"beta": [-0.09461889027908799, -1.4603454239122176, 0.2865620597941044, -2.790470665546939, 0.9256183532481219, -0.24643361666598645, -0.045890090321951654], "R": [[-1.6923938634770466, 1.3069605274735303], [-1.0618306677398395, 0.28417342138517265], [-0.8057507303989612, 0.1350852936973822], [0.12211488119594649, 26.016148822943872], [-0.04708026002330079, 18.730810247203966], [0.9675332305597861, 1.5584741613975446]], "mse": 0.13890357457426047, "vol": 1091.386776939944, "inc": 14, "msevvol": 0.00012727254673519281, "msevinc": 0.009921683898161462}