{"beta": [0.10256632523368328, 0.07322485304885765, -0.03672506173066357, -0.11451123637800815, -0.04732220216497377, -0.041795671185951774, -0.21868069333800375], "R": [[0.0, 1.3887301496588271], [-1.13130082502003, -0.1243753128097842], [-1.2772928491263928, 0.9821081038765072], [-0.23821647948833946, 26.150966377476646], [0.12894317636387037, 19.14347425562218], [0.3832799787893093, 1.4100139556865243]], "mse": 0.2484239978357177, "vol": 1627.7136766595152, "inc": 115, "msevvol": 0.00015262143545144088, "msevinc": 0.002160208676832328}