{"beta": [0.2574311954064973, 0.33293115923676153, -0.29851807647424033, 0.6396214547580168, -0.37607987806116705, -0.023313243087150274, -0.9173666261487297], "R": [[0.0, 0.9258200997725514], [-1.13130082502003, -0.3457661230709577], [-1.2772928491263928, 1.3340984998439032], [0.48188739365376204, 26.150966377476646], [-0.9760197726155688, 1.1092630160261188], [0.8288437800843271, 1.7587160610478425]], "mse": 0.025472162527674366, "vol": 94.52843945789982, "inc": 9, "msevvol": 0.0002694655986468381, "msevinc": 0.0028302402808527073}