{"beta": [-0.032392965809040886, -0.5080767251518888, 0.2972692820153451, 0.007276920598060762, -0.1451848357022451, 0.041521424978656116, -0.777929710468068], "R": [[-0.1427166680017582, 1.6968959665685883], [-0.9618306677398394, -0.1794219967517156], [-1.1934563591118503, 1.4201814656607086], [0.48996290548609267, 25.735919115501478], [0.9768510970840898, 2.791741772576339], [-3.150865099136968, 4.357104412223306]], "mse": 0.012597299034060098, "vol": 1294.107158157531, "inc": 7, "msevvol": 9.73435542385481e-06, "msevinc": 0.0017996141477228712}