{"beta": [-0.21656265536530075, -0.038494931055307005, -0.013052907751182079, -0.036317851922905584, -0.07252363649125464, -0.18823680574573526, 0.04604309556599063], "R": [[-1.6923938634770468, 1.6968959665685883], [-1.0618306677398395, 1.5755795222543156], [-1.1934563591118503, 1.4201814656607086], [-0.23792987968180146, 26.016148822943872], [-0.9565511514060262, 18.730810247203966], [-0.9037797170931137, 4.357104412223306]], "mse": 0.6724459011660658, "vol": 63529.41086993187, "inc": 1888, "msevvol": 1.0584796741509386e-05, "msevinc": 0.00035616837985490775}