{"beta": [-0.16623260967520886, 0.901549643578707, -1.5238981673639957, 0.5845217988413689, -0.04819802913580765, 0.7454562476522416, -3.0056399027688276], "R": [[-0.4326521070968158, 1.0170250883784726], [-1.0618306677398395, 1.5755795222543159], [-0.9988417563807659, 1.420181465660709], [0.8028539479339022, 26.016148822943872], [-0.9565511514060262, 1.2469659897572498], [-3.1508650991369676, 2.0312269060677512]], "mse": 0.011403781761349405, "vol": 2662.810005399078, "inc": 8, "msevvol": 4.2826118792656065e-06, "msevinc": 0.0014254727201686757}