{"beta": [-0.09172785460006659, -0.00819593243867209, 0.04851050460695185, -0.021345237213451444, -0.042206961368967066, -0.09959467419794597, -0.0038789712465191143], "R": [[-1.7201851746019652, 1.7201851746019647], [-1.13130082502003, 1.4962299892472228], [-1.2772928491263928, 1.3340984998439032], [-0.23821647948833946, 26.150966377476646], [-0.9760197726155688, 19.14347425562218], [-0.934039085909002, 4.1252797458964094]], "mse": 0.3832638886227088, "vol": 63410.33113997727, "inc": 1635, "msevvol": 6.044186834108468e-06, "msevinc": 0.00023441216429523476}