{"beta": [-0.12557619438567696, 0.096042602522295, 0.07010073676778734, -0.010025603025844388, -0.03316456238503079, -0.08214387537887749, -0.17892563834104117], "R": [[-0.1427166680017582, 1.6968959665685883], [-1.0618306677398395, 1.5755795222543156], [-1.1934563591118503, 1.420181465660709], [-0.0352075884945402, 26.016148822943872], [-0.09329241665197052, 18.730810247203966], [0.3174982066382517, 4.357104412223306]], "mse": 0.12916071508818264, "vol": 25120.780232735087, "inc": 118, "msevvol": 5.141588513237033e-06, "msevinc": 0.0010945823312557851}