{"beta": [-0.027454113455814808, -0.07235450534116664, -0.17159244741000876, 0.047501327791402585, -0.07111678292483417, -0.07665350855254215, -0.7243853363986784], "R": [[-1.6923938634770468, 1.5968959665685882], [-1.0618306677398395, 1.5755795222543156], [-1.1934563591118503, 0.4276181980598165], [0.32436213494726407, 26.016148822943872], [-0.9565511514060262, 18.730810247203966], [1.0069292926156366, 1.656964316537171]], "mse": 0.02732354845507278, "vol": 4623.82501210849, "inc": 20, "msevvol": 5.909295525570309e-06, "msevinc": 0.001366177422753639}