{"beta": [-0.007223090954671455, 0.025989444468166648, 0.01587132514822789, -0.011823707495140562, -0.014672741304275087, -0.05765444456377947, -0.42295997740741575], "R": [[-1.692393863477047, 1.6968959665685883], [-1.0618306677398395, 1.5755795222543156], [-1.1934563591118503, 1.4201814656607086], [-0.23792987968180168, 26.016148822943872], [0.36059210226214966, 18.730810247203966], [0.7705529202805332, 4.357104412223306]], "mse": 0.16388906332225514, "vol": 40412.89492293728, "inc": 112, "msevvol": 4.055365586523129e-06, "msevinc": 0.001463295208234421}