{"beta": [0.4955601767357006, -0.48729202449135106, 0.2849221668645532, -0.0009151055225229759, -0.5400091948986263, 0.08166488780539961, -0.33452575957117314], "R": [[-1.720185174601965, 1.720185174601965], [-1.13130082502003, 1.496229989247223], [-1.2772928491263928, 1.3340984998439032], [2.6530666801017553, 26.150966377476646], [-0.9760197726155687, 19.14347425562218], [-3.261858092384089, 4.1252797458964094]], "mse": 0.0063092404727980046, "vol": 82441.76443830278, "inc": 7, "msevvol": 7.652966328152367e-08, "msevinc": 0.0009013200675425721}