{"beta": [-0.1742538876253741, -0.026673485559934373, -0.08265985202802766, 0.1277577874734397, -0.08261668442675463, 0.1279430866076184, -0.9489123388079702], "R": [[-0.1427166680017582, 1.6968959665685883], [-0.9618306677398394, -0.2549817126415344], [-1.1934563591118503, 1.4201814656607086], [0.5052544771622909, 1.7228505056891739], [0.9768510970840898, 2.318708052578072], [-3.150865099136968, 2.8388461782126857]], "mse": 0.026910846351756047, "vol": 33.259348957969806, "inc": 7, "msevvol": 0.0008091212604841896, "msevinc": 0.0038444066216794352}