{"beta": [-0.11758165351195822, -0.17591583145101164, 0.08809513988250749, 0.11830357491973147, -0.1590976196525053, 0.11660046105178669, -0.8282228665334606], "R": [[-0.1427166680017582, 1.6968959665685883], [-0.9618306677398394, -0.1794219967517156], [-1.1934563591118503, 1.4201814656607086], [0.5052544771622909, 1.7228505056891739], [0.9768510970840898, 2.318708052578072], [-3.150865099136968, 2.8585442092406113]], "mse": 0.039431403895240025, "vol": 36.935728998806184, "inc": 2, "msevvol": 0.0010675680422204338, "msevinc": 0.019715701947620012}