{"beta": [-0.09629539700262293, -0.00813103445352785, 0.044054114664166755, -0.021874112109570496, -0.042310346343280666, -0.10074674852869452, -0.0022528661829965325], "R": [[-1.7201851746019652, 1.7201851746019647], [-1.13130082502003, 1.4962299892472228], [-1.2772928491263928, 1.3340984998439032], [-0.23821647948833946, 26.150966377476646], [-0.9760197726155688, 19.14347425562218], [-1.0502731210294414, 4.1252797458964094]], "mse": 0.3877673985629239, "vol": 64867.13568259446, "inc": 2454, "msevvol": 5.977871451891038e-06, "msevinc": 0.0001580144248422673}