{"beta": [-0.04167348448095082, -0.05204310243383081, 0.06131339721769839, -0.015653810948795133, -0.04012209423810145, -0.12542293256000675, -0.010700393066206291], "R": [[-1.7201851746019652, 1.7201851746019647], [-1.13130082502003, 1.4962299892472228], [-1.2772928491263928, 1.3340984998439032], [-0.23821647948833946, 26.150966377476646], [-0.9760197726155688, 19.14347425562218], [0.48014167472300884, 4.1252797458964094]], "mse": 0.24781376415519368, "vol": 45685.87587146817, "inc": 627, "msevvol": 5.4242971033846115e-06, "msevinc": 0.00039523726340541255}