{"beta": [-0.11075830115818852, 0.033556716688471384, -0.09029127142484032, -0.08338216293579262, -0.09981555907023747, 0.01913810741418554, -0.4255689521147616], "R": [[-1.6923938634770466, 1.3069605274735303], [-0.782681018775269, 0.2639429168082212], [-0.7063088520183318, 0.253594910893715], [-0.23792987968180157, 2.833451870578658], [0.5340538149448222, 1.465848320754589], [0.7902509513084586, 1.440285975229993]], "mse": 0.2577331204886794, "vol": 5.60579022245818, "inc": 6, "msevvol": 0.045976233547972756, "msevinc": 0.04295552008144657}