{"beta": [-0.2165626553652997, -0.038494931055306034, -0.013052907751184116, -0.03631785192290557, -0.07252363649125482, -0.18823680574573518, 0.0460430955659905], "R": [[-1.6923938634770466, 1.6968959665685883], [-1.0618306677398395, 1.5755795222543156], [-1.1934563591118503, 1.420181465660709], [-0.23792987968180157, 26.016148822943872], [-0.9565511514060261, 18.730810247203966], [-0.9037797170931137, 4.357104412223306]], "mse": 0.7581458907524282, "vol": 63529.410869931875, "inc": 1294, "msevvol": 1.1933778078072098e-05, "msevinc": 0.0005858932695150141}