{"beta": [-0.08215611532260109, -0.001102625340530382, 0.044505992321750884, -0.013547527190182413, -0.041043942169871915, -0.08352530977045902, -0.028225722611810666], "R": [[-0.6943650748294135, 1.720185174601965], [-1.13130082502003, 1.4962299892472228], [-1.2772928491263928, 1.3340984998439032], [-0.23821647948833946, 26.150966377476646], [-0.9760197726155688, 19.14347425562218], [-0.120400840065926, 4.1252797458964094]], "mse": 0.22921048898510696, "vol": 37346.19341142879, "inc": 783, "msevvol": 6.137452523205841e-06, "msevinc": 0.000292733702407544}