{"beta": [-0.030313885493214374, -0.17798453681789697, 0.21218854259708622, -0.008038133881248242, -0.0037314422285900416, -0.01895425000672367, -0.31511342577837453], "R": [[-1.1572751247156892, 1.720185174601965], [-1.13130082502003, 0.2572325311930279], [-1.2772928491263928, 1.3340984998439032], [0.11860246670720376, 26.150966377476646], [-0.44082940418758887, 19.14347425562218], [-3.261858092384089, 4.1252797458964094]], "mse": 0.04719744865766672, "vol": 39294.843392260394, "inc": 190, "msevvol": 1.2011104914331545e-06, "msevinc": 0.0002484076245140354}