{"beta": [0.010069033763937009, -0.10802555423395332, 0.1790071844814306, -0.0037789206874214547, -0.0820817021177334, -0.014065667913734852, -0.3029526626515127], "R": [[-0.9258200997725513, 1.7201851746019647], [-1.13130082502003, 0.2572325311930279], [-1.2772928491263928, 1.3340984998439032], [0.11860246670720376, 26.150966377476646], [-0.44082940418758887, 2.0513280459000987], [-3.261858092384089, 4.1252797458964094]], "mse": 0.04530740453533731, "vol": 4598.162019875434, "inc": 165, "msevvol": 9.853372791018943e-06, "msevinc": 0.0002745903305171958}