{"beta": [-0.021016505195370464, -0.03680392238811381, 0.06828342525237598, -0.0143814224653195, -0.04435632515560925, -0.11601731654048494, -0.21723422669101314], "R": [[-1.692393863477047, 1.6968959665685883], [-1.0618306677398395, 1.5755795222543156], [-1.1934563591118503, 1.4201814656607086], [-0.23792987968180168, 26.016148822943872], [-0.027440826361962545, 18.730810247203966], [0.7508548892526079, 4.357104412223306]], "mse": 0.1978035058541889, "vol": 41493.17763201789, "inc": 205, "msevvol": 4.767133228705901e-06, "msevinc": 0.0009648951505082386}