{"beta": [-0.13864870021175896, 0.010199097794383159, 0.0018082610742017199, -0.023249130981212906, -0.04923687844816422, -0.1470842351592847, -0.06843933262474565], "R": [[-1.6923938634770468, 1.5968959665685882], [-1.0618306677398395, 1.5755795222543156], [-1.1934563591118503, 1.4201814656607086], [-0.12726748379485242, 26.016148822943872], [-0.3345218612428097, 18.730810247203966], [0.179611989442777, 4.357104412223306]], "mse": 0.356170548250699, "vol": 47211.47978738296, "inc": 676, "msevvol": 7.544151334690506e-06, "msevinc": 0.0005268795092465961}