{"beta": [-0.16623260967508194, 0.9015496435772753, -1.5238981673623675, 0.58452179884063, -0.04819802913601094, 0.7454562476512494, -3.0056399027659286], "R": [[-0.4326521070968158, 1.6968959665685883], [-1.0618306677398395, 1.5755795222543159], [-0.9988417563807659, 1.420181465660709], [0.8028539479339022, 26.016148822943872], [-0.9565511514060262, 1.2469659897572498], [-3.1508650991369676, 2.0312269060677512]], "mse": 0.015031171798318123, "vol": 3911.616969097334, "inc": 9, "msevvol": 3.842700324972462e-06, "msevinc": 0.0016701301998131247}