{"beta": [0.0890074154232489, -0.28840947475264717, 0.20822898214378455, 0.0006903743062544985, 0.008263798874667633, -0.09374898369252933, -0.400646654272539], "R": [[-1.720185174601965, 1.720185174601965], [-1.13130082502003, 1.4962299892472228], [-0.8558543823086523, 0.5106810951528142], [0.3307312826603589, 26.150966377476646], [-0.44082940418758887, 19.14347425562218], [0.15081190854843052, 4.1252797458964094]], "mse": 0.02984779201245628, "vol": 24826.82817894722, "inc": 39, "msevvol": 1.202239440226471e-06, "msevinc": 0.0007653280003193918}