{"beta": [-0.10985863587802829, 0.01984691310716207, 0.03438750820638319, -0.019988129086404474, -0.05139353694395362, -0.14698226697896202, -0.07356280038783118], "R": [[-1.692393863477047, 1.6968959665685883], [-1.0618306677398395, 1.5755795222543156], [-1.1934563591118503, 1.4201814656607086], [-0.23792987968180168, 26.016148822943872], [-0.20325842417057327, 18.730810247203966], [0.179611989442777, 4.357104412223306]], "mse": 0.3613353866605608, "vol": 48516.35849793369, "inc": 619, "msevvol": 7.447702132796098e-06, "msevinc": 0.0005837405277230385}