{"beta": [-0.03306527010245922, -0.5900771722371736, 0.19696552989441932, 0.041081784299536364, -0.17199961587321744, 0.20390979935850675, -1.033363900729572], "R": [[-0.4326521070968158, 1.3069605274735303], [-1.0618306677398395, 1.5755795222543156], [-0.9988417563807659, 0.9501707871230757], [0.32436213494726407, 26.016148822943872], [-0.08097878409431003, 18.730810247203966], [1.0069292926156366, 1.656964316537171]], "mse": 0.019201524944029543, "vol": 2809.3511820175067, "inc": 13, "msevvol": 6.83486104084722e-06, "msevinc": 0.001477040380309965}