{"beta": [-0.20427757644892527, -0.06548624106483222, 0.023658899967620058, -0.03720946609490558, -0.07684568695406647, -0.1630064833898245, 0.028245726767510984], "R": [[-1.6923938634770468, 1.6968959665685883], [-1.0618306677398395, 1.5755795222543159], [-1.1934563591118503, 1.420181465660709], [-0.23792987968180168, 26.016148822943872], [-0.9565511514060262, 18.730810247203966], [-0.7855915309255621, 4.357104412223306]], "mse": 0.6504334815143619, "vol": 62102.1933805427, "inc": 1827, "msevvol": 1.0473599177547726e-05, "msevinc": 0.0003560117578075325}