{"beta": [0.29172601760696787, 0.3799604699903431, -0.2551042814784005, 0.037430664700843184, -0.24896133549964564, 0.11815599507684017, -0.43208153642419433], "R": [[0.6943650748294136, 1.1572751247156892], [-0.8674424950569903, -0.30134230916986693], [-0.9322954880710106, -0.007285766606005106], [-0.23821647948833946, 2.6530666801017553], [0.23635565649579493, 1.1259101487032255], [0.18955658692191024, 1.4100139556865243]], "mse": 0.10377561206304421, "vol": 0.7608902195650223, "inc": 11, "msevvol": 0.13638710210044433, "msevinc": 0.009434146551185837}