{"beta": [-0.12381507317159766, 0.007777976559678467, 0.04543867874518892, -0.02204192976450278, -0.054826930280578313, -0.14532905124325438, -0.05654114840382568], "R": [[-1.6923938634770466, 1.6968959665685883], [-1.0618306677398395, 1.5755795222543156], [-1.1934563591118503, 1.420181465660709], [-0.23792987968180157, 26.016148822943872], [-0.3345218612428097, 18.730810247203966], [0.179611989442777, 4.357104412223306]], "mse": 0.3166258708034261, "vol": 48852.70585576786, "inc": 500, "msevvol": 6.481235077095391e-06, "msevinc": 0.0006332517416068521}