{"beta": [-0.1474172783338783, -0.00980262766279402, 0.16619910061030416, -0.0034858987436456527, -0.008319205132986033, -0.07548393842263651, -0.2751595344769972], "R": [[-0.4326521070968158, 1.6968959665685883], [-1.0618306677398395, 0.10356132630660575], [-1.1934563591118503, 1.4201814656607086], [0.11023379338450034, 26.016148822943872], [-0.9565511514060262, 18.730810247203966], [0.3174982066382517, 4.357104412223306]], "mse": 0.10569113708659045, "vol": 13363.812280285216, "inc": 61, "msevvol": 7.908756488783509e-06, "msevinc": 0.00173264159158345}