{"beta": [0.027274768680974976, -0.2625924006869765, 0.1545512543208819, -0.0035734830937280628, 0.006217053205667496, -0.07752132227013578, -0.39224566854562065], "R": [[-1.720185174601965, 1.720185174601965], [-1.13130082502003, 1.496229989247223], [-1.2772928491263928, 1.334098499843903], [0.2590659875299717, 26.150966377476646], [-0.9760197726155687, 19.14347425562218], [0.2864182828556099, 4.1252797458964094]], "mse": 0.05997290085283934, "vol": 47207.2168440727, "inc": 107, "msevvol": 1.2704180602498174e-06, "msevinc": 0.0005604944004938256}