{"beta": [-0.08997047628746638, -0.04666056631400678, 0.13401097774328616, -0.0001483059580751393, -0.01828740176950091, 0.006384361464210527, -0.596569831030942], "R": [[-0.1427166680017582, 1.6968959665685883], [-1.0618306677398395, 0.2593118374472323], [-1.1934563591118503, 1.4201814656607086], [0.1026667823095817, 26.016148822943872], [0.8892501186352302, 3.901723605097751], [0.6917607961688321, 4.357104412223306]], "mse": 0.019036465935051, "vol": 1817.544938849023, "inc": 23, "msevvol": 1.0473725038736053e-05, "msevinc": 0.0008276724319587392}