{"beta": [-0.061727323503136505, -0.07603413625988692, 0.041840062709810326, -0.005433535539546763, -0.014385523413586603, -0.04571376885285978, -0.5514417786313388], "R": [[-1.6923938634770468, 1.6968959665685883], [-1.0618306677398395, 1.5755795222543159], [-1.1934563591118503, 1.420181465660709], [0.3330088236587143, 26.016148822943872], [-0.9565511514060262, 18.730810247203966], [0.35689426869410235, 4.357104412223306]], "mse": 0.04010535655980854, "vol": 47255.26843060686, "inc": 85, "msevvol": 8.486959844213396e-07, "msevinc": 0.00047182772423304167}