{"beta": [-0.17117455054139658, -0.01762983279496667, 0.011840059116125139, -0.026659875390872886, -0.03779731868309541, -0.100690081063866, 0.049568734313495115], "R": [[-1.3887301496588274, 1.720185174601965], [-1.13130082502003, 1.4962299892472228], [-1.2772928491263928, 1.3340984998439032], [-0.23821647948833946, 26.150966377476646], [-0.9760197726155687, 19.14347425562218], [-3.261858092384089, 4.1252797458964094]], "mse": 0.41510277761978903, "vol": 83665.78157414575, "inc": 2713, "msevvol": 4.9614402663760375e-06, "msevinc": 0.00015300507837072945}