{"beta": [0.03109182863748384, -0.09729813557346173, 0.09947659369142277, -0.003762810165688855, 0.02892101540524206, -0.09976027523825912, -0.2962267737410295], "R": [[-1.720185174601965, 1.720185174601965], [-1.13130082502003, 1.496229989247223], [-1.2772928491263928, 1.3340984998439032], [0.6719811907018842, 26.150966377476646], [-0.9760197726155687, 19.14347425562218], [-3.261858092384089, 4.1252797458964094]], "mse": 0.023638648161227384, "vol": 89392.3508886948, "inc": 64, "msevvol": 2.6443703433485716e-07, "msevinc": 0.00036935387751917787}