{"beta": [-0.09561283558898784, -0.04459347052911073, 0.18417337464613132, -0.007034061314748004, -0.007261829998910917, -0.06396605258557636, -0.36119868592079246], "R": [[-0.7225875461918737, 1.6968959665685883], [-1.0618306677398395, 0.3512022016100118], [-1.1934563591118503, 1.4201814656607086], [0.12211488119594649, 26.016148822943872], [-0.9565511514060262, 18.730810247203966], [0.3174982066382517, 4.357104412223306]], "mse": 0.060387816893103255, "vol": 18401.21905169732, "inc": 122, "msevvol": 3.2817291465009276e-06, "msevinc": 0.0004949821056811742}