{"beta": [0.5720881737030206, -0.433156148189945, 0.8663123198465952, 0.8021633190365935, -0.6501388224592782, -0.15449810325979862, -0.37628316580036913], "R": [[0.0, 0.9258200997725514], [-1.13130082502003, -0.3457661230709577], [-1.2772928491263928, 1.3340984998439032], [0.48188739365376204, 26.150966377476646], [0.06763859779181702, 1.1092630160261188], [0.8288437800843271, 1.7587160610478425]], "mse": 0.021875135042767502, "vol": 47.21811894926169, "inc": 7, "msevvol": 0.0004632784094231595, "msevinc": 0.003125019291823929}