{"beta": [-0.058578415240969794, -0.04434781003538007, 0.048759390953057064, -0.0072720116018039375, -0.01779114072154153, 0.005784358156282347, -0.6205947815034125], "R": [[-1.6923938634770468, 1.6968959665685883], [-1.0618306677398395, 1.5755795222543159], [-1.1934563591118503, 1.420181465660709], [0.3330088236587143, 26.016148822943872], [-0.9565511514060262, 18.730810247203966], [-3.1508650991369676, 4.357104412223306]], "mse": 0.061637647147677076, "vol": 88693.1190857703, "inc": 76, "msevvol": 6.949541044787325e-07, "msevinc": 0.000811021672995751}