{"beta": [0.0835819700097516, -0.3341173620410478, 0.1111488691630504, -0.0015680750151294597, -0.02797488741123292, -0.03659752330267771, -0.5637847867166373], "R": [[-1.620185174601965, 1.3887301496588271], [-1.13130082502003, 1.4962299892472228], [-1.2772928491263928, 1.3340984998439032], [0.48188739365376204, 26.150966377476646], [-0.9760197726155688, 19.14347425562218], [0.8288437800843271, 4.1252797458964094]], "mse": 0.051376573909893516, "vol": 35148.090019437506, "inc": 61, "msevvol": 1.4617173758654133e-06, "msevinc": 0.0008422389165556314}