{"beta": [0.2559470369696364, -1.832377352527163, 0.8880373984997392, -0.02882226622954447, -0.5920459805077404, -0.47178792409980713, -0.18888701062749402], "R": [[-0.2314550249431378, 1.720185174601965], [-1.13130082502003, 1.496229989247223], [-1.2772928491263928, 1.334098499843903], [0.813227263597915, 26.150966377476646], [-0.9760197726155687, 1.1092630160261188], [-3.2618580923840894, 1.8943224353550219]], "mse": 0.006358493276660095, "vol": 3648.215358311339, "inc": 3, "msevvol": 1.7429051336495855e-06, "msevinc": 0.0021194977588866984}