{"beta": [0.032809538671218726, -0.29530700627630824, 0.14343079064087833, -0.0013187084505941569, -0.007103627399797422, -0.07502486309563365, -0.422518468133224], "R": [[-1.3887301496588271, 1.720185174601965], [-1.13130082502003, 1.496229989247223], [-1.2772928491263928, 1.334098499843903], [0.481887393653762, 26.150966377476646], [-0.9760197726155687, 19.14347425562218], [0.2864182828556099, 4.1252797458964094]], "mse": 0.047521015071412306, "vol": 42292.022358271985, "inc": 78, "msevvol": 1.1236401671417724e-06, "msevinc": 0.0006092437829668245}