{"beta": [0.2917260176069611, 0.3799604699903397, -0.25510428147839537, 0.03743066470084288, -0.24896133549964541, 0.11815599507683781, -0.43208153642418434], "R": [[0.6943650748294136, 1.1572751247156892], [-0.8674424950569903, -0.30134230916986693], [-0.9322954880710106, -0.007285766606005106], [-0.23821647948833946, 2.6530666801017553], [0.23635565649579493, 1.1259101487032255], [0.18955658692191024, 1.4100139556865243]], "mse": 0.05823801296325832, "vol": 0.7608902195650223, "inc": 13, "msevvol": 0.07653931075175498, "msevinc": 0.0044798471510198706}