{"beta": [-0.05050416788096341, -0.057050614163862576, 0.11698622634419516, -0.016423869032633015, -0.015583498073493676, -0.006197925841209459, -0.24465186441977602], "R": [[-1.720185174601965, 1.720185174601965], [-1.13130082502003, 1.496229989247223], [-1.2772928491263928, 1.3340984998439032], [0.049596018094744565, 26.150966377476646], [-0.9760197726155687, 19.14347425562218], [-3.261858092384089, 4.1252797458964094]], "mse": 0.1271124342297943, "vol": 91575.97293367708, "inc": 362, "msevvol": 1.3880544225487411e-06, "msevinc": 0.0003511393210767798}