{"beta": [-0.11297017121759342, 0.024649669577623996, 0.037037217427033656, -0.027200462018440064, -0.03412640655344757, -0.08742352260979216, 0.027457189948150558], "R": [[-1.720185174601965, 1.720185174601965], [-1.13130082502003, 1.496229989247223], [-1.2772928491263928, 1.3340984998439032], [-0.12036880062444943, 26.150966377476646], [-0.9760197726155687, 19.14347425562218], [-3.261858092384089, 4.1252797458964094]], "mse": 0.36316995888777037, "vol": 92172.29003980603, "inc": 1726, "msevvol": 3.940120818642239e-06, "msevinc": 0.00021041133191643707}