{"beta": [-0.01940634656903983, -0.05841722941858414, 0.11135693257214013, -0.01002304332603625, 0.00959473130630083, -0.032651297643951575, -0.30062657114484154], "R": [[-1.720185174601965, 1.720185174601965], [-1.13130082502003, 1.496229989247223], [-1.2772928491263928, 1.3340984998439032], [0.11860246670720365, 26.150966377476646], [-0.9760197726155687, 19.14347425562218], [-3.261858092384089, 4.1252797458964094]], "mse": 0.0690300672877541, "vol": 91333.86561964049, "inc": 263, "msevvol": 7.557992516733008e-07, "msevinc": 0.0002624717387367076}