{"beta": [0.2559470369699132, -1.8323773525280866, 0.8880373985000783, -0.02882226622949268, -0.592045980508046, -0.4717879240999049, -0.18888701062776433], "R": [[-0.2314550249431378, 1.720185174601965], [-1.13130082502003, 1.496229989247223], [-1.2772928491263928, 1.334098499843903], [0.813227263597915, 26.150966377476646], [-0.9760197726155687, 1.1092630160261188], [-3.2618580923840894, 1.8943224353550219]], "mse": 0.006358493276663567, "vol": 3648.215358311339, "inc": 3, "msevvol": 1.7429051336505371e-06, "msevinc": 0.0021194977588878555}