{"beta": [-0.13864870021175907, 0.010199097794382357, 0.0018082610742024994, -0.023249130981213006, -0.049236878448164226, -0.14708423515928432, -0.0684393326247458], "R": [[-1.6923938634770468, 1.6968959665685883], [-1.0618306677398395, 1.5755795222543156], [-1.1934563591118503, 1.4201814656607086], [-0.12726748379485242, 26.016148822943872], [-0.3345218612428097, 18.730810247203966], [0.179611989442777, 4.357104412223306]], "mse": 0.356170548250699, "vol": 48646.78899474241, "inc": 676, "msevvol": 7.321563367505978e-06, "msevinc": 0.0005268795092465961}