{"beta": [0.1025064125988663, -0.569505648082303, 0.12855850585857515, 0.08130368442624865, -0.1326091296293794, -0.06502040275546857, -0.7315438151096082], "R": [[-0.6943650748294136, 1.3887301496588271], [-1.13130082502003, -0.3457661230709577], [-1.2772928491263928, 1.3340984998439032], [0.48188739365376204, 26.150966377476646], [-0.9760197726155688, 19.14347425562218], [0.8288437800843271, 1.8943224353550219]], "mse": 0.03289211881356524, "vol": 2351.3569065026195, "inc": 24, "msevvol": 1.3988569205552291e-05, "msevinc": 0.0013705049505652184}