{"beta": [-0.09629539700262307, -0.008131034453522683, 0.04405411466416181, -0.021874112109570548, -0.04231034634328087, -0.10074674852869364, -0.002252866182996815], "R": [[-1.7201851746019652, 1.7201851746019647], [-1.13130082502003, 1.4962299892472228], [-1.2772928491263928, 1.3340984998439032], [-0.23821647948833946, 26.150966377476646], [-0.9760197726155688, 19.14347425562218], [-1.0502731210294414, 4.1252797458964094]], "mse": 0.3877673985629241, "vol": 64867.13568259446, "inc": 2454, "msevvol": 5.97787145189104e-06, "msevinc": 0.00015801442484226735}