{"beta": [-0.2335214660009578, -0.038286035872671036, -0.027590251633187964, -0.04952824741983266, -0.06526339953876673, -0.10618898795535653, 0.0037287149131130857], "R": [[-1.302458424381989, 1.6968959665685883], [-1.0618306677398395, 1.5755795222543156], [-1.1934563591118503, 1.4201814656607088], [-0.23792987968180157, 26.016148822943872], [-0.9565511514060261, 18.730810247203966], [-3.1508650991369676, 4.357104412223306]], "mse": 0.6121445200972229, "vol": 80233.85632911847, "inc": 1408, "msevvol": 7.629503904015436e-06, "msevinc": 0.0004347617330235958}