{"beta": [0.035626981943355035, -0.39469706200280735, 0.684895731532828, -0.16863974345856952, -0.29882955059461125, 0.05685034740520327, -0.1209830333795854], "R": [[0.1472187710932995, 1.5968959665685882], [-1.0618306677398395, 0.2841734213851726], [-0.7063088520183318, 0.12229301322608765], [-0.23792987968180157, 26.016148822943872], [0.3605921022621496, 1.465848320754589], [0.7705529202805332, 1.5584741613975446]], "mse": 0.16493785549955614, "vol": 36.9663142759763, "inc": 14, "msevvol": 0.004461842050797747, "msevinc": 0.011781275392825438}