{"beta": [0.0141834717922929, -1.3618677353941686, 0.8704646506682618, -0.03692896235589067, -0.012696487290374413, 0.09799422128463976, -0.7256400486076051], "R": [[-1.6201851746019649, 1.1572751247156892], [-1.03130082502003, 1.3962299892472227], [-1.0617872035107154, 0.51670957352524], [0.3307312826603589, 26.050966377476644], [-0.44082940418758887, 1.2753245071744201], [0.8288437800843271, 1.468130973246744]], "mse": 0.03406857605186624, "vol": 300.3194663076385, "inc": 12, "msevvol": 0.00011344111812241762, "msevinc": 0.0028390480043221865}