{"beta": [-0.22034103508023078, -0.03966061921586983, 0.06220652749993418, -0.029571095371280543, -0.05577948264168765, -0.20931941383154276, 0.08167538579755278], "R": [[-1.6923938634770468, 1.6968959665685883], [-1.0618306677398395, 1.5755795222543159], [-1.1934563591118503, 1.320181465660709], [-0.11172105259071752, 26.016148822943872], [-0.9565511514060262, 18.730810247203966], [-0.47042303447875744, 4.357104412223306]], "mse": 0.517784426298366, "vol": 55796.29489896796, "inc": 711, "msevvol": 9.279906976546272e-06, "msevinc": 0.0007282481382536793}