{"beta": [0.15948879103220848, 0.6893638618497419, -0.14265545617741138, -0.010375775452665503, -0.027534946540998587, -0.0029210727824604253, -0.07329048233851027], "R": [[0.6943650748294136, 1.1572751247156892], [-0.8674424950569903, -0.1243753128097842], [-0.9322954880710106, 0.1600647930125333], [-0.23821647948833946, 2.6530666801017553], [0.23635565649579493, 19.14347425562218], [0.18955658692191024, 1.4100139556865243]], "mse": 0.115090233505601, "vol": 25.068548009462265, "inc": 22, "msevvol": 0.004591021125841015, "msevinc": 0.005231374250254591}