{"beta": [0.10520644499396672, -0.09316990606436219, 0.21755095477809525, 0.0062571473840500585, -0.04999824942141048, -0.20084506342721, -0.1067235959067573], "R": [[-1.720185174601965, 1.720185174601965], [-1.13130082502003, 1.496229989247223], [-1.2772928491263928, 1.3340984998439032], [1.412721643980138, 26.150966377476646], [-0.9760197726155687, 19.14347425562218], [-3.261858092384089, 4.1252797458964094]], "mse": 0.009671619635640711, "vol": 86793.48244744811, "inc": 22, "msevvol": 1.1143255648829049e-07, "msevinc": 0.00043961907434730504}