{"beta": [-0.0944883830311802, -0.004871539660767275, 0.04264485665520439, -0.02066790783563582, -0.04219456242136986, -0.10846481771967954, 0.0034561405704615668], "R": [[-1.7201851746019652, 1.720185174601965], [-1.13130082502003, 1.4962299892472228], [-1.2772928491263928, 1.3340984998439032], [-0.23821647948833946, 26.150966377476646], [-0.9760197726155687, 19.14347425562218], [-0.9340390859090022, 4.1252797458964094]], "mse": 0.3836764478460301, "vol": 63410.33113997727, "inc": 1644, "msevvol": 6.050693017184701e-06, "msevinc": 0.00023337983445622268}