{"beta": [0.05850298959065816, -0.5355997345404667, 0.2626574907578704, 0.006283246331278216, -0.10090205219275826, 0.04579041284836257, -0.9867137410303819], "R": [[0.1472187710932995, 1.6968959665685883], [-1.0618306677398395, -0.1794219967517156], [-1.1934563591118503, 1.4201814656607086], [0.48996290548609267, 25.735919115501478], [0.7975815127394084, 18.730810247203966], [-3.150865099136968, 4.357104412223306]], "mse": 0.023100039807301524, "vol": 12148.683801137213, "inc": 11, "msevvol": 1.9014438259673182e-06, "msevinc": 0.002100003618845593}