{"beta": [-0.09561283558898816, -0.04459347052910791, 0.18417337464612998, -0.007034061314747995, -0.007261829998910719, -0.06396605258557689, -0.36119868592079063], "R": [[-0.7225875461918736, 1.6968959665685883], [-1.0618306677398395, 0.3512022016100118], [-1.1934563591118503, 1.420181465660709], [0.12211488119594649, 26.016148822943872], [-0.9565511514060261, 18.730810247203966], [0.3174982066382517, 4.357104412223306]], "mse": 0.034593570461753535, "vol": 18401.21905169732, "inc": 78, "msevvol": 1.8799607984973495e-06, "msevinc": 0.00044350731361222483}