{"beta": [-0.09172785460006656, -0.008195932438666256, 0.04851050460694611, -0.021345237213451506, -0.042206961368967254, -0.09959467419794521, -0.003878971246519496], "R": [[-1.720185174601965, 1.720185174601965], [-1.13130082502003, 1.496229989247223], [-1.2772928491263928, 1.334098499843903], [-0.23821647948833946, 26.150966377476646], [-0.9760197726155687, 19.14347425562218], [-0.934039085909002, 4.1252797458964094]], "mse": 0.37912048287805966, "vol": 63410.331139977265, "inc": 2380, "msevvol": 5.978844078911328e-06, "msevinc": 0.00015929432053699987}