{"beta": [-0.09984149554864316, 0.0007056677558414518, 0.04008595593574489, -0.015576144818849, -0.042315387081004484, -0.08508117981297184, -0.006953921767295893], "R": [[-0.6943650748294136, 1.720185174601965], [-1.13130082502003, 1.4962299892472228], [-1.2772928491263928, 1.3340984998439032], [-0.23821647948833946, 26.150966377476646], [-0.9760197726155687, 19.14347425562218], [-0.120400840065926, 4.1252797458964094]], "mse": 0.22892189658319914, "vol": 37346.19341142879, "inc": 826, "msevvol": 6.129725031444405e-06, "msevinc": 0.0002771451532484251}