{"beta": [-0.20427757644892316, -0.06548624106483011, 0.02365889996761667, -0.037209466094905455, -0.07684568695406677, -0.1630064833898253, 0.028245726767511088], "R": [[-1.6923938634770466, 1.6968959665685883], [-1.0618306677398395, 1.5755795222543156], [-1.1934563591118503, 1.420181465660709], [-0.23792987968180157, 26.016148822943872], [-0.9565511514060261, 18.730810247203966], [-0.7855915309255621, 4.357104412223306]], "mse": 0.650433481514362, "vol": 62102.193380542696, "inc": 1827, "msevvol": 1.0473599177547728e-05, "msevinc": 0.00035601175780753254}