{"beta": [-0.09594999278536412, -0.11321122721834818, 0.2027917371616783, -0.008778282690050243, -0.005866815894068029, -0.01624432136050685, -0.5054927350371212], "R": [[-1.6923938634770468, 1.6968959665685883], [-1.0618306677398395, 1.5755795222543159], [-1.1934563591118503, 1.420181465660709], [0.12738583961463612, 26.016148822943872], [-0.9565511514060262, 18.730810247203966], [-3.1508650991369676, 4.357104412223306]], "mse": 0.06246197275332878, "vol": 89403.20919979454, "inc": 210, "msevvol": 6.986547050424262e-07, "msevinc": 0.0002974379654920418}