{"beta": [0.32423597148718497, -0.03320663592915013, 0.197606800290399, -0.005057023269573562, -0.06117371306765064, 0.10548988241973191, 0.2655325372048942, -3.2940305267971453, 0.11700819573195965, 0.01498277625086842, 0.5761862253147155, 0.24125394639861497], "R": [[-1.7572237442263516, -0.8659965487806494], [-2.1678075959963774, -0.04185419715451322], [-3.013722095571801, -0.32869304442092784], [-2.4014857337967093, 0.42178504252329263], [-1.8911894611481954, 5.4189037710799495], [-1.3673562161323027, 0.6395249647477531], [-1.2883164539645326, 22.438229432520206], [-0.21340330868756002, 8.918084865187856], [-0.25036706077527937, 6.750392678051216], [-0.34132140840341074, 8.738392508636064], [-2.3133427231696846, 0.2808235326578543]], "mse": 2.527525133176353, "vol": 7527997.952745065, "inc": 29, "msevvol": 3.3574997616128433e-07, "msevinc": 0.08715603907504665}