{"beta": [0.5976350581274524, -0.14856775359353644, 0.34370854134789813, -0.12210715418471653, -0.24625895156746974, 0.5197850129599106, 0.31080454449530504, -3.5562217146950617, -0.2992937705120176, 0.10773118248266503, 0.83100356095306, 0.7100236106529196], "R": [[-1.7572237442263516, -0.3385117518168512], [-1.542560418518857, 0.33332235818657274], [-3.013722095571801, -0.335974816396001], [-2.4014857337967093, -0.06451331039099328], [-0.9899278071196775, 0.722469335534507], [-0.8656359209122892, 0.16916218797898985], [-1.2883164539645326, 0.035549432649677914], [-0.21340330868756002, 8.918084865187856], [-0.25036706077527937, 6.750392678051216], [0.07407134770739077, 1.674567645995361], [-1.5584358893960548, 0.03742903887991533]], "mse": 0.5325337101768933, "vol": 6379.178597391577, "inc": 12, "msevvol": 8.347998132465589e-05, "msevinc": 0.044377809181407775}