{"beta": [0.10602868200489464, 0.014821980257888924, 0.01905712844162289, -0.031531591262887265, 0.13462042055295048, 0.17355125605362623, 0.11602216498955106, 0.04043836040712093, -0.02886863246638673, -0.05669752208118617, 0.27372025901549035, -0.03966771312933187], "R": [[-1.4302875402272535, 0.25931833253612246], [-0.5390085133216828, 1.8647760191725833], [-1.3393456845629104, 1.0778681892438182], [-0.9811334556857374, 2.6411823310958367], [-4.241444488552639, 5.041763475283599], [-1.3365111201729345, 0.6575067702552446], [-0.9395076438021857, 0.7964640451753651], [-0.5117999790190291, 2.053888317691431], [-1.0041149963561595, 1.1060539909527929], [-1.7773415269818464, 1.2794963393700196], [-1.8909183913560328, 2.067797557219467]], "mse": 0.76733958328025, "vol": 74868.64556324703, "inc": 208, "msevvol": 1.0249144718826549e-05, "msevinc": 0.003689132611924279}