{"beta": [-0.5527509693615307, 0.04270984453170346, -0.11442667601666388, -0.27457489064751395, 0.1475091527036761, 0.0477736437173766, 0.05073111816231774, 0.13999387107067177, -0.04686233953571604, 0.12025868127240921, 0.7590502849818087, -0.3368195022096591], "R": [[-1.711888519021148, -0.022282646257774763], [-1.2258040940343302, 0.2851461835334941], [-1.3792584007454776, 1.0678900101981765], [-1.0876721552969602, 0.5104083388713813], [-1.2635964208025436, 0.8048568778928372], [-0.7531548224412865, 1.262076024268044], [-0.9395076438021857, 15.110644293668837], [-0.6117999790190289, 1.953888317691431], [-0.9041149963561596, 1.206053990952793], [-0.5771019028898832, 3.3012268919967234], [-1.8909183913560326, 0.3084770072226467]], "mse": 0.6533924837991187, "vol": 30847.024503305398, "inc": 42, "msevvol": 2.118170210319977e-05, "msevinc": 0.015556963899979018}