{"beta": [-0.13019826727220488, -0.049419116309275174, 0.2854174050867261, -0.04264053673897191, -0.2245455825985243, -0.11679079803670807, -0.5016651364094695, 0.004370664250871452, 0.2254658866822252, 0.007860884381262269, 0.5754603110088872, -0.3663995779456031], "R": [[-1.39348134574445, -0.3385117518168511], [-1.092348552109554, 0.3333223581865727], [-1.7000934330596533, 0.29025757346026737], [-0.842590675053851, 0.6649342189804358], [-2.982577280579566, 5.4189037710799495], [-1.1060435623718787, 0.30504476793441015], [-1.2883164539645324, -0.20720082585231425], [-0.21340330868756002, 8.818084865187856], [-0.25036706077527937, 6.750392678051216], [-0.37756827834867235, 1.1128077531707947], [-1.3024952876914182, 0.11270568644010281]], "mse": 0.4554981893673706, "vol": 7713.545776528043, "inc": 19, "msevvol": 5.905172569966852e-05, "msevinc": 0.023973588914072134}