{"beta": [0.04614848279166177, -0.24803030811056884, -0.08705162516300509, 0.0875482532262917, 0.18727100123970356, -0.061628215904760114, -0.2541738547182684, 0.2865595455420922, -0.0370226837510765, -0.1317193001700436, 0.536558659801701, -0.02132516257973975], "R": [[-1.1486865614333561, 2.048924205299496], [-2.0125996747469777, 0.2164666254622294], [-1.5414038102371577, 0.8184355340571313], [-0.8213254062689033, 1.0963711867331065], [-1.2635964208025436, 1.3444533905959801], [-0.7637613005818616, 1.7499740187345134], [-0.9395076438021857, 0.935923926858697], [-0.6117999790190289, 1.9538883176914308], [-0.9041149963561597, 1.206053990952793], [-1.8365757495016344, 0.7227446316746983], [-1.8909183913560328, 0.7845817952372504]], "mse": 1.1593464777661322, "vol": 14702.742106061434, "inc": 50, "msevvol": 7.885239837595829e-05, "msevinc": 0.023186929555322644}