{"beta": [-0.004062305017478853, 0.007635130490336872, -0.4587616073855434, 0.2586440308232297, 0.14344211216527508, 0.035027993538822945, 0.04071854224949201, 0.15372296729650453, 0.4151730122301467, -0.451622675075716, 0.2577822942427348, 0.12238929160318054, 0.200243916758489, -0.2134403811535004, -0.05721882876231832, -0.3437788992930178, -0.14645869013679794, -0.001332028331204557, -0.029870932391857015, 0.023288791476891068, -0.008935460868449695, -0.03654779899255908, -0.14111591334427884, 0.1077149009675444, -0.06437214217514574, 0.297231315012862, -0.029855311565789792, -0.19926261707496312], "R": [[-0.09999999999999999, 1.1], [-0.1, 1.1], [-0.1, 1.1], [-0.09999999999999998, 1.1], [-0.1, 1.1], [-0.10000000000000002, 1.0], [-0.1, 1.1], [-0.1, 1.1], [-0.1, 1.1], [-0.10000000000000002, 1.0], [0.0, 1.1], [-0.1, 1.1], [-0.1, 1.1], [-0.1, 1.1], [-0.1, 1.1], [-0.1, 1.1], [-0.09999999999999998, 1.1], [-0.09999999999999998, 1.1], [-0.09999999999999998, 1.1], [-0.1, 1.1], [-2.398199319661355, 0.3104345413327273], [-2.048731692570825, 1.7038635030197753], [-1.338292871291459, 2.221574435698607], [-2.5468817033043174, 3.9147135853931747], [-1.358241094570297, 0.5188279859523388], [-1.335654730362813, 1.2433226346983473], [-3.311921066360926, 0.7676297409728488]], "mse": 0.6254486835180997, "vol": 136349.941464866, "inc": 157, "msevvol": 4.58708435660944e-06, "msevinc": 0.003983749576548405}