{"beta": [0.006568161541435241, -0.22778401494163308, 0.04393848093347176, 0.042224363337198215, -0.07670183215236674, 0.39277648446283703, 0.1228862040663051, -0.284455284942521, -0.11494474760936801, -0.10311019388566418, 0.26907011563548716, -0.08515313564895831], "R": [[-1.39348134574445, 0.18897304514694946], [-2.1678075959963774, -0.11688950822273048], [-1.6224211986588761, 0.613082797688498], [-2.4014857337967093, 0.17863586606614978], [-1.7109371303424918, -0.08866615309115944], [-3.014327126394013, -0.4161781564443594], [-1.2883164539645324, 0.06589321496242695], [-0.21340330868756002, 8.918084865187856], [-0.25036706077527937, 6.750392678051216], [-0.287098612179547, 1.3408870405908935], [-1.001388697450669, 0.448941378875606]], "mse": 0.5459795709397525, "vol": 16127.708320345142, "inc": 24, "msevvol": 3.385351223465506e-05, "msevinc": 0.02274914878915635}