{"beta": [0.04850750750869711, -0.029782412583354043, 0.11159884799085362, 0.12574181501916792, -0.06295002418932842, 0.27443735777526423, -0.04048004007649352, -0.013247796080345663, 0.11289612138817538, 0.05900292457202697, 0.41163632900138863, 0.04764115656806829], "R": [[-1.7572237442263516, -0.07476935333494972], [-1.6926310406552914, 0.3333223581865727], [-3.013722095571801, 0.29025757346026737], [-2.4014857337967093, 0.8594535601461502], [-0.9899278071196775, 5.4189037710799495], [-3.014327126394013, 0.14825717567815633], [-1.2883164539645324, 1.0065504666576466], [-0.21340330868756002, 8.918084865187856], [-0.25036706077527937, 6.750392678051216], [-4.7899245497589265, 8.738392508636064], [-2.3133427231696846, 0.7124096453362612]], "mse": 0.4849967602463249, "vol": 4469873.126909859, "inc": 115, "msevvol": 1.0850347347143072e-07, "msevinc": 0.004217363132576738}