{"beta": [0.07212370148979876, -0.007648744879352538, -0.025009894299196964, 0.025538931913576413, 0.10779473765898986, 0.1643950236635166, 0.1246569312121708, 0.0739364229378331, -0.016470546785819138, -0.07907447420629364, 0.24817060702518273, -0.07385660253643024], "R": [[-1.4302875402272535, 0.25931833253612246], [-0.8824063036780065, 1.8647760191725833], [-1.3393456845629104, 1.0778681892438182], [-0.9811334556857374, 2.534643631484614], [-4.241444488552639, 5.041763475283599], [-1.3365111201729345, 0.6575067702552446], [-0.9395076438021857, 0.7964640451753651], [-0.5117999790190291, 2.053888317691431], [-1.0041149963561595, 1.1060539909527929], [-2.341814718248702, 1.2794963393700196], [-1.8909183913560328, 3.296846054511241]], "mse": 0.7310994856729778, "vol": 128927.71336256557, "inc": 188, "msevvol": 5.6706154681965686e-06, "msevinc": 0.0038888270514520094}