{"beta": [0.14372459628558995, -0.09999883199187354, 0.09060037250090802, -0.07263157081502772, 0.08769139969029893, -0.014350257295602027, 0.23475178300299251, 0.029113180046907265, -0.0333257963609644, -0.06550821787335949, 0.2828227631485291, -0.04018500269474281], "R": [[-1.8118885190211482, 2.048924205299496], [-1.4318427682481245, 0.6285439738898178], [-2.521978111015047, 0.5415410655405711], [-1.3007495545194057, 0.5104083388713813], [-0.9038654123337817, 5.041763475283599], [-1.2092333824860293, 0.46659016372488743], [-0.9395076438021857, 0.9627431348747225], [-0.6117999790190289, 1.953888317691431], [-0.9041149963561596, 1.206053990952793], [-4.1498813091984434, 3.3012268919967234], [-1.3692255791145267, 0.3084770072226467]], "mse": 0.636287093750488, "vol": 56618.0918755847, "inc": 170, "msevvol": 1.1238229206817771e-05, "msevinc": 0.0037428652573558117}