{"beta": [0.4477218656188933, -0.2868600924465383, 0.006994929315479918, 0.23825138713112368, 0.0838939879297868, 0.31064390583422974, 0.48697791033863247, 0.15444891800920652, -0.035485688536385784, -0.14170942416679144, 0.13625886705294452, 0.3663555271617374], "R": [[-1.1486865614333561, 0.2593183325361225], [-1.2258040940343302, 0.5598644158185531], [-1.6885819511603741, 0.5415410655405711], [-1.3007495545194057, -0.022285159184732506], [-1.353529172919734, 4.941763475283599], [-1.1880204262048784, 0.46659016372488743], [-0.8395076438021857, 0.9573792932715174], [-0.511799979019029, 1.953888317691431], [-0.9041149963561596, 1.1060539909527929], [-0.7808083237141835, 0.7538238730607518], [-1.3692255791145267, 2.265040969396945]], "mse": 0.5763753067511621, "vol": 3708.9139829407236, "inc": 59, "msevvol": 0.0001554027161056363, "msevinc": 0.009769072995782408}