{"beta": [0.14625224051336289, 0.02351230962650516, -0.041585213346818764, -0.0012499364334995842, 0.10671455362617747, -0.04234299004062798, 0.005798810178406526, -0.035383753486161476, -0.029711186450083152, -0.011097135156625746, 0.3336567309947773, 0.017492525200073532], "R": [[-1.8118885190211482, 2.048924205299496], [-2.0125996747469777, 0.2164666254622294], [-2.521978111015047, 0.8159409892957213], [-1.0876721552969602, 5.670996570404462], [-4.241444488552639, 1.3444533905959801], [-3.1759735352273033, 9.29572167341846], [-0.9395076438021857, 0.935923926858697], [-0.6117999790190289, 1.9538883176914308], [-0.9041149963561597, 1.206053990952793], [-3.224049259229695, 0.7227446316746983], [-1.8909183913560328, 0.950084888213755]], "mse": 0.9667854250605008, "vol": 1539911.291119258, "inc": 121, "msevvol": 6.278189079046297e-07, "msevinc": 0.007989962190582652}