{"beta": [-0.14686120843442474, 0.020555585031580587, -0.5281657212993613, 0.06432312024704943, -0.008594266149715063, -0.20474485969613582, -0.16774906881406706, 0.15507686560872241, 0.5962100044576497, -0.7338041795372051, 0.09594430719593743, 0.08377222485129886, 0.1584200560413754, -0.026077229088382097, 0.09431550391047212, -0.23664011244670197, -0.13157249458479658, 0.0019879032935780157, 0.1157768956807139, 0.039466663494082496, -0.05474115325231965, -0.02671509109630698, -0.24379478520765555, 0.23818201795938643, -0.09907296593753852, 0.21456818392777022, -0.04611650940501171, 0.02969880564360614], "R": [[-0.1, 1.1], [-0.1, 1.1], [-0.1, 1.1], [-0.09999999999999998, 1.1], [-0.1, 1.1], [-0.1, 1.1], [-0.1, 1.1], [-0.1, 1.0], [-0.1, 1.1], [-0.1, 1.1], [0.0, 1.1], [-0.10000000000000003, 1.0], [-0.1, 1.1], [-0.10000000000000002, 1.0], [-0.1, 1.1], [-0.1, 1.1], [-0.09999999999999998, 1.1], [0.0, 1.1], [0.0, 1.1], [-0.1, 1.0], [-2.4981993196613552, 0.6490137739569877], [-2.048731692570825, 0.27458712213649694], [-2.0541273492114884, 2.221574435698607], [-2.5468817033043174, 0.8091477273879263], [-1.483378977579413, 3.079874271543797], [-0.8976123623999274, 1.1306418453773854], [-1.2907585399573094, 0.9048554954993903]], "mse": 0.5988113597942636, "vol": 44455.55915027885, "inc": 154, "msevvol": 1.3469887034150767e-05, "msevinc": 0.0038883854532095036}