{"beta": [0.035299309486204154, 0.1867609534153841, 0.36754601932236813, 0.47490338784525965, -0.6933021534927173, 0.20549692713456125, -0.15913388628744368, -0.03957776620892893, 0.32558114795842397, -0.2396499730779288, 0.6326061295461278, 0.42445821430998326], "R": [[-1.6572237442263515, -0.3385117518168511], [-1.092348552109554, 0.3333223581865727], [-3.013722095571801, 0.29025757346026737], [-0.7939608397624224, 1.102602736603293], [-0.9899278071196775, 0.8125955009373588], [-3.014327126394013, 0.5559049155444176], [-1.2883164539645324, -0.20720082585231425], [-0.21340330868756002, 8.918084865187856], [-0.25036706077527937, 6.750392678051216], [-0.32501992698629956, 1.1128077531707947], [-2.3133427231696846, 0.08008580583068814]], "mse": 0.5594720473587678, "vol": 18031.735633499997, "inc": 26, "msevvol": 3.1027076856615e-05, "msevinc": 0.021518155667644916}