{"beta": [0.11053355572775259, -0.000249073732530372, 0.021471911075609397, 0.024071210631870118, 0.0021955278138288043, 0.026019728070067857, 0.027776549482375464, -0.01074446139566206, 0.024418084138906063, 0.01942018797122337, 0.3925979898626143, 0.05695508060916727], "R": [[-1.8118885190211482, 2.048924205299496], [-2.0125996747469777, 0.6285439738898178], [-2.521978111015047, 0.5415410655405711], [-2.306328501214799, 5.670996570404462], [-4.241444488552639, 5.041763475283599], [-3.1759735352273033, 0.46659016372488743], [-0.9395076438021857, 15.110644293668837], [-0.6117999790190289, 1.953888317691431], [-0.9041149963561596, 1.206053990952793], [-4.1498813091984434, 3.3012268919967234], [-1.8909183913560326, 0.36515614865295665]], "mse": 0.666437362435861, "vol": 12309161.731921973, "inc": 354, "msevvol": 5.414157169675944e-08, "msevinc": 0.001882591419310342}