{"beta": [-0.9437677962453339, -0.18083158817231693, -0.11316766054872479, -0.1493294250659527, 0.2162261979798392, -0.261461844180874, 0.8171483729738122, 1.3177607679505945, -1.9967107285845656, -0.3025330236912607, 0.5612522219227734, -0.46311552693500846], "R": [[-1.39348134574445, -0.07476935333494972], [-2.1678075959963774, -0.2669601303591649], [-1.1782331081794308, 0.08636795815822662], [-1.2802591926767084, 0.13000603077472112], [-0.9899278071196775, 0.2718385085202478], [-0.7715633655585359, 0.5349999032435839], [-0.8241910662115441, 0.6424250789046583], [-0.21340330868756002, 8.918084865187856], [-0.25036706077527937, 6.750392678051216], [-0.2741438551282347, 1.9376160276702628], [-1.0214624701333856, 0.5844393444839429]], "mse": 0.5265983914617175, "vol": 2454.2629946613283, "inc": 14, "msevvol": 0.00021456477672002078, "msevinc": 0.03761417081869411}