{"beta": [0.5095718773563584, -0.2956684752901256, -0.03730403350491528, 0.18279871646852558, 0.1283686734158594, 0.3145975117417836, 0.5261613903777851, 0.161292500258027, -0.021446974924837665, -0.094581464458638, 0.029390029385339727, 0.30963608812845905], "R": [[-1.1486865614333561, 0.2593183325361225], [-1.2258040940343302, 0.5598644158185531], [-1.6885819511603741, 0.5415410655405711], [-1.3007495545194057, -0.022285159184732506], [-1.353529172919734, 5.041763475283599], [-1.1880204262048784, 0.46659016372488743], [-0.9395076438021857, 0.9573792932715174], [-0.6117999790190289, 1.953888317691431], [-0.9041149963561596, 1.206053990952793], [-0.7808083237141835, 0.7538238730607518], [-1.3692255791145267, 1.0929163246181361]], "mse": 0.5482571927783485, "vol": 2943.4634275543144, "inc": 55, "msevvol": 0.00018626261418640703, "msevinc": 0.009968312595969973}