{"beta": [-0.8350086274926627, -0.10881272850879808, 0.011168702747722059, -0.13074013422806674, 0.37540714199815645, -0.00698429764726, 0.9144618640539133, 39.260577675514114, -24.8, -0.28118279719559963, 0.3486387804153398, 0.7611940298507359], "R": [[-1.39348134574445, -0.07476935333494972], [-2.1678075959963774, -0.2669601303591649], [-1.1782331081794308, 0.08636795815822662], [-1.2802591926767084, 0.17863586606614973], [-0.9899278071196775, 0.2718385085202478], [-0.7715633655585359, 0.5349999032435839], [-0.8241910662115441, 0.6424250789046583], [-0.21340330868756002, 8.918084865187856], [-0.25036706077527937, 6.750392678051216], [-0.2741438551282347, 1.9376160276702628], [-1.1770342084244394, 0.5844393444839429]], "mse": 0.5548960617657827, "vol": 2784.847988554288, "inc": 15, "msevvol": 0.00019925542221564798, "msevinc": 0.03699307078438551}