{"beta": [1.0860434469529285, -1.320784267020217, -0.9078846674737796, -0.5717846117821703, -0.03668044466887149, 0.7375974983743283, -0.5643633607810943, -7.788479148367814, 3.943661971830986, -1.021516499387288, 0.23762202404630528, 0.4744897959183675], "R": [[-1.6572237442263515, -0.6022541502987503], [-1.092348552109554, -0.04185419715451322], [-0.6563727832992079, 0.2902575734602673], [-0.7939608397624223, 0.4217850425232927], [-2.982577280579566, 0.45209083932595145], [-1.1060435623718787, 0.14825717567815644], [-1.2883164539645324, 22.438229432520206], [-0.21340330868756002, 8.918084865187856], [-0.25036706077527937, 6.750392678051216], [-0.3775682783486723, 8.738392508636064], [-1.493196128177226, 0.41883071985153075]], "mse": 0.9672751987932647, "vol": 145265.01864960944, "inc": 9, "msevvol": 6.658693247590516e-06, "msevinc": 0.10747502208814053}