{"beta": [-0.15489797537603506, -0.1701191330556888, -0.07780900362761842, -0.059459783978406365, 0.07162519960138987, 0.015967595427428507, 0.07930342621163981, 0.09061750530393413, 0.051815979715969816, 0.1339619650199435, 0.4816173221517097, -0.38964923134197244], "R": [[-1.4302875402272535, -0.022282646257774763], [-1.2258040940343302, 0.5598644158185531], [-1.3792584007454776, 1.0678900101981765], [-1.0876721552969602, 0.5104083388713813], [-1.2635964208025436, 0.8048568778928372], [-0.7531548224412865, 1.145404764721714], [-0.9395076438021857, 15.110644293668837], [-0.6117999790190289, 1.953888317691431], [-0.9041149963561596, 1.206053990952793], [-0.5771019028898832, 3.3012268919967234], [-1.8909183913560326, 0.3084770072226467]], "mse": 0.6160311465880903, "vol": 28620.823771607524, "inc": 74, "msevvol": 2.1523878959738628e-05, "msevinc": 0.008324745224163382}