{"beta": [0.12364072126318995, 0.03635916175460903, 0.033966459714579, -0.0032012993678781033, 0.05066200826372433, 0.03329674674701646, 0.016378502826770894, 0.05497688174608164, -0.027770414691236207, 0.007097658370787645, 0.4002756874677506, 0.07380370751954034], "R": [[-1.8118885190211484, 0.25931833253612246], [-2.0125996747469777, 2.308173809528907], [-2.521978111015047, 0.9032500559450866], [-2.306328501214799, 5.670996570404462], [-4.241444488552639, 5.041763475283599], [-3.1759735352273033, 9.29572167341846], [-0.9395076438021857, 15.110644293668837], [-0.6117999790190289, 1.953888317691431], [-1.0041149963561595, 1.1060539909527929], [-4.1498813091984434, 0.5804501709594467], [-1.890918391356033, 0.36742331431016895]], "mse": 0.7985419028846695, "vol": 26280694.951071486, "inc": 445, "msevvol": 3.038511364982425e-08, "msevinc": 0.0017944761862576843}