{"beta": [-0.230456577659654, -0.27913011630619045, -0.15384339848513567, -0.11949948001564442, 0.11360395953455044, 0.004653975098414617, 0.15714753170967774, 0.11109058461123007, 0.014871213243474327, 0.03670323321687764, 0.5827870059910422, -0.3855086074294228], "R": [[-1.4302875402272535, -0.022282646257774763], [-1.2258040940343302, 0.4225052996760237], [-1.3792584007454776, 1.0678900101981765], [-1.0876721552969602, 0.5104083388713813], [-1.2635964208025436, 0.8048568778928372], [-0.7531548224412865, 1.145404764721714], [-0.9395076438021857, 3.414018747539446], [-0.6117999790190289, 1.953888317691431], [-0.9041149963561596, 1.206053990952793], [-0.563528391361749, 1.3435481949847194], [-1.8909183913560326, 0.3084770072226467]], "mse": 0.6499316542121062, "vol": 3523.7538746110386, "inc": 61, "msevvol": 0.00018444297681938622, "msevinc": 0.010654617282165674}