{"beta": [1.2242997765222727, -1.045057490175806, -1.5368064149710836, -0.6506593445853268, 0.03298653083972654, 0.17755584924975587, -0.4344671301190845, -0.8526214691456186, -2.358565737051793, -0.8988114491791077, -0.09990780795024931, -0.1466879125882084], "R": [[-1.6572237442263515, -0.6022541502987503], [-1.092348552109554, -0.04185419715451322], [-0.6345274673739884, 0.2902575734602673], [-0.7939608397624223, 0.4217850425232927], [-2.8825772805795657, 0.45209083932595145], [-1.1060435623718787, 0.14825717567815644], [-1.1883164539645323, 22.338229432520205], [-0.11340330868756002, 8.818084865187856], [-0.15036706077527934, 6.650392678051216], [-0.3775682783486723, 8.638392508636064], [-1.493196128177226, 0.29086041899921244]], "mse": 1.5070042805238033, "vol": 119793.0503079978, "inc": 8, "msevvol": 1.2580064341371818e-05, "msevinc": 0.1883755350654754}