{"beta": [1.2129981675488506, -1.0347242366864373, -1.5973491603841798, -0.5666283203568034, -0.05003447395443709, 0.2561857560370399, -0.2577967790353111, 1.0612298396385014, -6.2745098039215685, -1.0162502257244783, -0.009702119706843806, -0.2972181931205969], "R": [[-1.6572237442263515, -0.6022541502987503], [-1.092348552109554, -0.04185419715451322], [-0.6345274673739884, 0.2902575734602673], [-0.7939608397624223, 0.4217850425232927], [-1.1701801379253811, 0.45209083932595145], [-1.1060435623718787, 0.14825717567815644], [-1.2883164539645324, 0.4805915732366634], [-0.21340330868756002, 8.918084865187856], [-0.25036706077527937, 6.750392678051216], [-0.3775682783486723, 8.738392508636064], [-1.493196128177226, 0.29086041899921244]], "mse": 1.387222706367746, "vol": 4662.785061146592, "inc": 8, "msevvol": 0.00029750946873511344, "msevinc": 0.17340283829596825}