{"beta": [0.0549164297418978, -0.022688437897885085, 0.06901554576660356, 0.019128604734221896, -0.02751886207678127, 0.030020300339956157, 0.020410197158857224, 0.02315818255968642, -0.015659539001300585, -0.009520449513728537, 0.24139331897874972, -0.036478682975655735], "R": [[-1.8118885190211482, 0.8225202901239119], [-2.0125996747469777, 2.308173809528907], [-2.521978111015047, 24.050349106616267], [-2.306328501214799, 5.670996570404462], [-4.241444488552639, 1.3444533905959801], [-3.1759735352273033, 9.29572167341846], [-0.9395076438021857, 15.110644293668837], [-0.6117999790190289, 2.053888317691431], [-1.0041149963561598, 1.206053990952793], [-4.1498813091984434, 3.3012268919967234], [-1.8909183913560326, 3.296846054511241]], "mse": 0.8631847856282655, "vol": 614419716.1554126, "inc": 657, "msevvol": 1.4048780710186875e-09, "msevinc": 0.0013138276797994908}