{"beta": [-0.11349534917090337, 0.14947771754504585, 0.8170597531451605, -0.11150787955227495, 0.3122952272304179, 0.00677303964666664, -0.10548725668278496, 0.2572887022651024, 0.23804064642156172, -0.8939268948634711, 0.13585023761182177, -0.11572885344379372, 0.4035777974734092, -0.17680428292804173, -0.48671028170660885, -0.32179165127079473, -0.03940215908711417, -0.06949182283433077, 0.3015364223478226, -0.27110185848856166, -0.10220262164285585, 0.019027996894768168, -0.4188830559959939, 0.03124571938237345, -0.2139168581094073, 0.23448123583845581, 0.08108485936100013, -0.17019357523367723], "R": [[-0.09999999999999999, 1.1], [-0.1, 1.0], [-0.1, 1.1], [-0.09999999999999998, 1.1], [-0.1, 1.1], [-0.10000000000000002, 1.1], [-0.1, 1.0], [-0.1, 1.0], [-0.1, 1.1], [-0.10000000000000002, 1.0], [-0.09999999999999998, 1.1], [-0.1, 1.1], [-0.1, 1.1], [-0.1, 1.0], [-0.1, 1.1], [-0.1, 1.1], [-0.09999999999999998, 1.1], [-0.09999999999999998, 1.0], [-0.09999999999999998, 1.1], [-0.1, 1.1], [-1.7210408544128346, 0.3104345413327273], [-2.048731692570825, 0.9892253125781363], [-0.9803753478843341, 1.0478224343714524], [-1.3197945065523493, 0.5586841547009309], [-1.6919422551589223, 0.5605407528530266], [-1.335654730362813, 0.5672378987725762], [-3.311921066360926, 2.377114349452829]], "mse": 0.6488827707684228, "vol": 13041.20614073396, "inc": 108, "msevvol": 4.9756346442653776e-05, "msevinc": 0.006008173803411322}