{"beta": [0.04913657346367049, -0.12750144097409583, 0.12401229500459787, 0.05511928726272314, -0.04395875594286923, 0.06637409880966902, 0.1484057423058134, 0.026506862203408435, 0.07262789692754223, 0.03731792109528891, 0.47382881716219044, -0.06886712529593297], "R": [[-1.7572237442263516, 0.18897304514694946], [-2.1678075959963774, 2.5343110680966543], [-3.013722095571801, 0.8970719047163409], [-2.4014857337967093, 0.6649342189804359], [-2.982577280579566, 1.2632263279516178], [-3.014327126394013, 9.279222489638407], [-1.2883164539645324, 0.9660920902406475], [-0.21340330868756002, 8.918084865187856], [-0.25036706077527937, 6.750392678051216], [0.1883962792042293, 8.738392508636064], [-2.3133427231696846, 0.7124096453362612]], "mse": 1.2243328487321015, "vol": 21356632.296193145, "inc": 175, "msevvol": 5.732799215494012e-08, "msevinc": 0.00699618770704058}