{"beta": [-0.00048089142208493233, 0.11154811333503488, 0.289576662135336, 0.21033154667904658, 0.19382866129324003, 0.0743313405285062, -0.06468753679116025, 0.026136599625128668, 0.2485602946412595, -0.31433774209982623, 0.06204618977770189, 0.11177302115973008, 0.12515597350943367, 0.07107764931757801, 0.04529935403746729, -0.24105703180013766, -0.09855201154988819, -0.08476770931447039, -0.00231216713989984, 0.13414981397085468, 0.01934853336635585, -0.027062457555743342, -0.22994304452740133, 0.24795098108366337, -0.14440638071193365, 0.10363985490600679, -0.012290307847257119, -0.04767381291637378], "R": [[-0.09999999999999999, 1.1], [-0.1, 1.1], [-0.1, 1.1], [-0.09999999999999998, 1.1], [-0.1, 1.1], [-0.10000000000000002, 1.1], [-0.1, 1.1], [-0.1, 1.1], [-0.1, 1.1], [-0.10000000000000002, 1.1], [-0.09999999999999998, 1.1], [-0.1, 1.1], [-0.1, 1.1], [-0.1, 1.1], [-0.1, 1.1], [-0.1, 1.1], [-0.09999999999999998, 1.1], [-0.09999999999999998, 1.1], [-0.09999999999999998, 1.1], [-0.1, 1.1], [-2.498199319661355, 3.7962268675753306], [-2.048731692570825, 3.7095653441974803], [-1.338292871291459, 2.221574435698607], [-2.5468817033043174, 3.9147135853931747], [-1.7919422551589224, 3.079874271543797], [-1.335654730362813, 5.625192628894896], [-3.311921066360926, 0.7676297409728488]], "mse": 0.6814326395976644, "vol": 4421952.510892314, "inc": 459, "msevvol": 1.541022066426844e-07, "msevinc": 0.0014846027006485065}