{"beta": [-0.09534774515645693, 0.07807773421094834, -1.9420862362443947, -0.0026359288567909035, -0.0492405884120183, -0.16386937607608848, -0.20072201904599601, 0.1792075744951333, 0.3459262431644518, -0.9102622354661102, 0.17371540393160373, 0.07094958033728707, 0.1921253871300077, -0.09377999618226099, -0.4331580694488662, -0.24017367499636053, -0.35485293878601637, 0.13303755124103347, 0.294145077195562, -0.1212731198234169, -0.082523792096647, -0.05187728903614737, -0.31604429475886725, 0.28358993181768766, -0.12368303875031351, 0.1518560330870314, 0.005848894375104964, 0.004203957546247341], "R": [[-0.1, 1.1], [-0.1, 1.1], [-0.1, 1.1], [-0.09999999999999998, 1.1], [-0.1, 1.1], [-0.1, 1.1], [-0.1, 1.0], [-0.1, 1.1], [-0.1, 1.1], [-0.1, 1.1], [-0.09999999999999998, 1.1], [-0.10000000000000003, 1.1], [-0.1, 1.0], [-0.10000000000000002, 1.0], [-0.1, 1.1], [-0.1, 1.1], [-0.09999999999999998, 1.1], [0.0, 1.1], [0.0, 1.1], [-0.1, 1.1], [-2.4981993196613552, 0.6490137739569877], [-2.048731692570825, 0.27458712213649694], [-2.7506561756272165, 0.5705995439071364], [-1.3824105863341796, 0.8091477273879263], [-1.7919422551589224, 1.3113683293696878], [-0.8976123623999274, 1.1306418453773854], [-1.427984621655857, 2.377114349452829]], "mse": 0.5409025595643049, "vol": 31629.039768289993, "inc": 119, "msevvol": 1.7101453712375807e-05, "msevinc": 0.004545399660204243}