{"beta": [0.05491642974189771, -0.022688437897885064, 0.06901554576660358, 0.019128604734221812, -0.027518862076781142, 0.030020300339956153, 0.020410197158857217, 0.02315818255968646, -0.01565953900130065, -0.00952044951372852, 0.24139331897874977, -0.03647868297565573], "R": [[-1.8118885190211484, 1.104121268917809], [-2.0125996747469777, 2.308173809528907], [-2.521978111015047, 24.050349106616267], [-2.306328501214799, 5.670996570404462], [-4.241444488552639, 1.3444533905959801], [-3.1759735352273033, 9.29572167341846], [-0.9395076438021857, 15.110644293668837], [-0.6117999790190289, 2.053888317691431], [-1.0041149963561595, 1.1060539909527929], [-4.1498813091984434, 3.3012268919967234], [-1.890918391356033, 3.296846054511241]], "mse": 0.8631847856282655, "vol": 649325870.1270751, "inc": 657, "msevvol": 1.3293552980714253e-09, "msevinc": 0.0013138276797994908}