{"beta": [0.31999113582066874, -0.34814313054763507, 0.24803749693618674, 0.12127917135122399, 0.2924452623217313, -0.022072651673002895, -0.40326000457152367, 0.10834740043668213, -0.13172509817817996, -0.4047246946251334, 0.2748324516723119, -0.08365583247586192], "R": [[-1.1486865614333561, 0.8225202901239119], [-1.4318427682481245, 0.6285439738898179], [-2.521978111015047, 0.6238610426671157], [-2.306328501214799, 0.9898324871218838], [-0.4542016517478294, 1.3444533905959801], [-1.3259046420323588, 0.8590298549261781], [-0.9395076438021857, 0.930560085255492], [-0.6117999790190289, 1.9538883176914308], [-0.9041149963561597, 1.206053990952793], [-0.8087119450548874, 0.3452625772864243], [-0.9951432456744814, 1.3400373812542874]], "mse": 0.8958486861160939, "vol": 4515.515535868757, "inc": 35, "msevvol": 0.00019839344566527733, "msevinc": 0.025595676746174113}