{"beta": [0.15893105121960532, -0.09854962905323196, -0.003965431394770835, -0.14429528096732655, 0.04865500311546732, 0.025177893192924353, 0.13624915562788784, -0.0007119382139172633, -0.025561366769724054, -0.022079165533724486, 0.30744550588760866, -0.06484255779613439], "R": [[-1.711888519021148, 1.1041212689178095], [-2.0125996747469777, 0.9032622061748767], [-1.3293675055172687, 1.2275408749284458], [-1.0876721552969602, 0.5104083388713813], [-1.2635964208025436, 5.041763475283599], [-0.7531548224412865, 1.4635991089389775], [-0.9395076438021857, 1.7565916921490747], [-0.6117999790190289, 1.953888317691431], [-0.9041149963561596, 1.206053990952793], [-1.1615078648553068, 3.3012268919967234], [-1.5052555185472705, 0.3084770072226467]], "mse": 0.838560319195257, "vol": 55408.14724958238, "inc": 206, "msevvol": 1.5134242179548377e-05, "msevinc": 0.004070681161142024}