{"beta": [-0.20169082224031715, -0.629123720157512, 0.20749256188431006, 0.0050767290210632495, -0.05316452528068199, 0.0238665005813862, 0.5214559011054682, 0.2527449483069305, -0.10224470887709755, -0.1520997912321958, 0.29574421349412044, -0.2755846878410097], "R": [[-1.39348134574445, 0.18897304514694946], [-1.542560418518857, -0.11688950822273048], [-1.9476736802121315, 0.29025757346026726], [-1.2802591926767084, 5.238879065791867], [-2.982577280579566, 0.8125955009373588], [-0.7715633655585359, 0.5559049155444175], [-1.2883164539645324, 0.33898725577716815], [-0.21340330868756002, 8.918084865187856], [-0.25036706077527937, 6.750392678051216], [0.1883962792042293, 8.738392508636064], [-1.1770342084244394, 0.2858419758285334]], "mse": 0.46905316325136354, "vol": 215760.51499056234, "inc": 47, "msevvol": 2.1739527423350864e-06, "msevinc": 0.009979854537263053}