{"beta": [0.48602123267606717, -0.2395930560748573, 0.2634810253351533, 0.0742762366068376, 0.4548736085179113, 0.14284701073056078, 0.1750496130242696, 0.21551481317045942, -0.04964744473238169, -0.05921099695018963, -0.18003717031959118, 0.11027429378862005], "R": [[-1.1486865614333561, 0.8225202901239119], [-1.4318427682481245, 0.6285439738898179], [-2.521978111015047, 0.6238610426671157], [-2.306328501214799, 0.9898324871218838], [-0.4542016517478294, 1.3444533905959801], [-0.4773863907863247, 0.8590298549261781], [-0.9395076438021857, 15.110644293668837], [-0.6117999790190289, 1.9538883176914308], [-0.9041149963561597, 1.206053990952793], [-0.8087119450548874, 0.3452625772864243], [-0.9951432456744814, 1.074778999360437]], "mse": 0.9489727422404535, "vol": 21011.93412309165, "inc": 22, "msevvol": 4.5163512158433496e-05, "msevinc": 0.04313512464729334}