{"beta": [-0.016987411012530887, -0.13455101224412683, 0.16372050056546253, 0.09844626021033907, -0.2816792616766164, 0.36928154819489756, 0.012077114497881234, -0.041522176829962086, -0.10862961230500774, -0.28587650501596784, 0.32787403590466346, 0.006267930200821446], "R": [[-1.6572237442263515, 1.50768503755645], [-2.1678075959963774, -0.11688950822273048], [-1.4088225540567385, 0.36550255053602004], [-2.4014857337967093, 0.17863586606614978], [-1.7109371303424918, -0.08866615309115944], [-1.8899815236531508, -0.4161781564443594], [-1.2883164539645324, 0.06589321496242695], [-0.21340330868756002, 8.918084865187856], [-0.25036706077527937, 6.750392678051216], [-0.32501992698629956, 1.3408870405908935], [-2.3133427231696846, 0.3736647313154185]], "mse": 0.515845667429537, "vol": 27532.02074108419, "inc": 38, "msevvol": 1.8736208005966487e-05, "msevinc": 0.013574885984987815}