{"beta": [0.2024046813017818, 0.02265463339441835, 0.14958669341437592, 0.021839373711923012, -0.07639777900578998, 0.18741449485608636, 0.1278766216606065, -0.024913801021289265, 0.023387755866773274, 0.024702584017858794, 0.2796119506788017, 0.1896593061280484], "R": [[-1.7572237442263516, 0.45271544362885097], [-2.1678075959963774, 0.2582870471183556], [-3.013722095571801, 0.2902575734602673], [-2.4014857337967093, 0.8594535601461502], [-2.982577280579566, 0.4520908393259514], [-3.014327126394013, -0.4057256502939427], [-1.2883164539645324, 1.8056034008933706], [-0.21340330868756002, 8.918084865187856], [-0.25036706077527937, 6.750392678051216], [-1.057658150346478, 2.054572309917962], [-2.3133427231696846, 1.6558769614239417]], "mse": 0.5176328428002913, "vol": 1264542.2264606461, "inc": 142, "msevvol": 4.093440550807898e-07, "msevinc": 0.0036453017098612064}