{"beta": [-0.10271817179091795, 0.1591424185140548, 0.07150109893627585, 0.18758768364164857, -0.06888657101747696, 0.12515235907629335, 0.10433052164125935, 0.12290838911655595, -0.04404111494578136, -0.04352492666640133, 0.24316661960179914, -0.31777263711485465], "R": [[-1.4302875402272535, 0.25931833253612246], [-0.058251606822829594, 1.7274169030300537], [-0.827964008473768, 0.9830754883102212], [-1.0876721552969602, 1.3627179357611634], [-4.241444488552639, 1.3444533905959801], [-1.3683305545946605, 9.29572167341846], [-0.9395076438021857, 1.7405001673394598], [-0.6117999790190289, 2.053888317691431], [-1.0041149963561595, 1.1060539909527929], [-4.1498813091984434, 0.2559750215891041], [-1.890918391356033, 0.5306592416294619]], "mse": 0.6446222135067787, "vol": 128279.14124266483, "inc": 95, "msevvol": 5.02515223646026e-06, "msevinc": 0.006785496984281881}