{"beta": [0.06257540960528904, -0.04259374865246158, 0.06212702678529104, 0.04857787089130877, -0.009116900979844684, 0.05257166469666925, 0.014139688565885992, -0.009734373286936498, -0.011830663171500581, 0.011731130391190548, 0.2319778669406802, -0.05261021106663531], "R": [[-1.8118885190211482, 0.8225202901239119], [-2.0125996747469777, 2.308173809528907], [-2.521978111015047, 24.050349106616267], [-2.306328501214799, 5.670996570404462], [-4.241444488552639, 5.041763475283599], [-1.4107564671569621, 9.29572167341846], [-0.9395076438021857, 15.110644293668837], [-0.6117999790190289, 1.9538883176914308], [-0.9041149963561597, 1.206053990952793], [-4.1498813091984434, 3.3012268919967234], [-1.8909183913560328, 3.296846054511241]], "mse": 0.8484163277528165, "vol": 805522471.7154773, "inc": 791, "msevvol": 1.0532497323705823e-09, "msevinc": 0.0010725870135939526}