{"beta": [0.07645906474128374, 0.18875637663299766, -0.46986853253462746, 0.3044222652568421, -1.4920554633007308, -0.015886929079621148, 0.032751489513606166, 0.12210277245657476, 0.44649209289093406, 0.09942211935447098, 0.3167377990807059, 0.26329394283255453, 0.256123380152856, 0.08859910226415392, 0.46759686714234233, -0.20704725869372156, -0.057787068373716714, -0.19052953321619917, -0.08799740813836802, 0.0014044243238797273, -0.06365992100487791, -0.12649040795794003, -0.09686681461424644, 0.20554025114649907, 0.02029599304085476, 0.2079738062328035, -0.21337018786790835, -0.40530201569640834], "R": [[-0.1, 1.1], [-0.1, 1.1], [-0.1, 1.1], [-0.10000000000000002, 1.1], [-0.1, 1.1], [-0.1, 1.1], [-0.09999999999999998, 1.1], [-0.09999999999999998, 1.1], [-0.1, 1.1], [-0.1, 1.1], [-0.09999999999999998, 1.1], [-0.09999999999999998, 1.0], [-0.1, 1.1], [-0.09999999999999998, 1.1], [-0.10000000000000002, 1.1], [-0.1, 1.1], [-0.09999999999999998, 1.1], [-0.10000000000000003, 1.1], [-0.1, 1.1], [-0.1, 1.1], [-1.7210408544128346, 1.6647514718297687], [-0.28124258154033355, 2.5773101802262235], [-2.750656175627217, 2.221574435698607], [-2.5468817033043174, 3.9147135853931747], [-1.066252561651377, 1.5616443738498846], [-1.335654730362813, 1.0179610560564236], [-1.8396622124074873, 2.277114349452829]], "mse": 0.7549975371034691, "vol": 278249.9521291656, "inc": 150, "msevvol": 2.713378857125531e-06, "msevinc": 0.0050333169140231275}