{"beta": [0.27215765710745293, -0.1466371171468786, -0.06958216794384471, 0.06494105953109701, 0.5831298702235508, 0.7691173791218895, 0.08397472969061051, 0.545489300786287, -0.5431306977227717, 0.13530756490246265, -0.06629251843803956, 0.8143521120080429], "R": [[-1.129738947262551, 0.18897304514694946], [-2.1678075959963774, -0.5671013746320336], [-1.1539605349291875, 0.4189022116865552], [-1.57203820442528, 0.6649342189804357], [-1.8911894611481954, -0.08866615309115944], [-1.7750039559985642, -0.23848555188727116], [-1.2883164539645324, 0.06589321496242695], [-0.21340330868756002, 8.918084865187856], [-0.25036706077527937, 6.750392678051216], [-0.029606969576896236, 1.3408870405908935], [-1.6211664290295442, 0.448941378875606]], "mse": 0.8561589205182693, "vol": 5052.129224999213, "inc": 19, "msevvol": 0.0001694649686080432, "msevinc": 0.045060995816751014}