{"beta": [-0.08289542292663828, 0.07978816642469792, 0.11768766971628147, 0.16462750327104764, 0.34277938398928315, 0.02117405237739767, -0.12686360273978048, -0.010756220601066452, 0.34414508772751184, -0.4735137051423848, 0.12922478989066014, 0.0388751903771024, 0.04795657207289645, -0.031547338732532564, 0.23590788960324435, -0.19882894434050855, -0.085127651478118, -0.11222400148440813, -0.0520274672731996, 0.14227087902340677, 0.006273274328687812, -0.07018048432521422, -0.16598597888521446, 0.24690287930824242, -0.10993157899148152, 0.12279225029279249, -0.0865760744175701, -0.010493224111933841], "R": [[-0.1, 1.1], [-0.1, 1.1], [-0.1, 1.1], [-0.1, 1.1], [-0.1, 1.1], [-0.1, 1.1], [-0.1, 1.1], [-0.1, 1.1], [-0.1, 1.1], [-0.1, 1.1], [-0.1, 1.1], [-0.1, 1.1], [-0.1, 1.1], [-0.1, 1.1], [-0.1, 1.1], [-0.1, 1.1], [-0.1, 1.1], [-0.1, 1.1], [-0.1, 1.1], [-0.1, 1.1], [-2.4981993196613552, 3.7962268675753306], [-2.048731692570825, 3.70956534419748], [-2.7506561756272165, 2.221574435698607], [-2.5468817033043174, 3.9147135853931747], [-1.7919422551589224, 3.079874271543797], [-1.335654730362813, 5.625192628894896], [-3.311921066360926, 2.377114349452829]], "mse": 0.8288262029532265, "vol": 8613066.854051575, "inc": 723, "msevvol": 9.62289294855929e-08, "msevinc": 0.0011463709584415304}