{"beta": [0.3455424133967433, -0.16861447188584586, 0.1338613487288971, 0.060040294146151856, -0.23783596525184963, 0.15448093283207726, 0.22430999352238967, 0.12684257956785852, 0.07835609620840349, -0.15583802867675262, 0.05995101693796114, 0.005053624889360786], "R": [[-1.1486865614333561, 0.2593183325361225], [-1.2258040940343302, 0.5598644158185531], [-2.521978111015047, 0.24967932845554774], [-1.3007495545194057, -0.022285159184732506], [-0.9038654123337817, 5.041763475283599], [-1.1880204262048784, 0.46659016372488743], [-0.9395076438021857, 0.9627431348747225], [-0.6117999790190289, 1.953888317691431], [-0.9041149963561596, 1.206053990952793], [-0.9197717945514212, 2.078781219365068], [-1.3692255791145267, 0.6780250093482677]], "mse": 0.6466507145111909, "vol": 5541.131138086236, "inc": 64, "msevvol": 0.00011670012825838433, "msevinc": 0.010103917414237358}