{"beta": [0.6407982053890711, -0.9813123707614883, -0.06266699782686977, 0.2733390775335823, -0.47075673524267286, 0.4655822810661616, -0.17470587540322943, -0.13256403883201487, -1.5922156226422643, -0.6355756563548077, 0.4695867845625321, 0.35645333598839907], "R": [[-1.7572237442263516, -0.6022541502987503], [-1.092348552109554, -0.04185419715451322], [-0.9840525221774871, 0.2902575734602673], [-0.7939608397624223, 0.7621938895632929], [-2.982577280579566, 0.45209083932595145], [-3.014327126394013, 0.14825717567815644], [-1.2883164539645324, 22.438229432520206], [-0.21340330868756002, 8.918084865187856], [-0.25036706077527937, 6.750392678051216], [-0.3250199269862995, 1.4615324677162358], [-2.3133427231696846, 0.41883071985153075]], "mse": 0.6238632385500421, "vol": 193492.59098617287, "inc": 17, "msevvol": 3.2242228778394095e-06, "msevinc": 0.036697837561767185}