{"beta": [0.125431751888174, -0.28195386083737023, 0.2491591272955988, -0.26257955262758226, -0.03349866433369275, 0.13282364580093403, 0.20267238459286718, -2.727856186022988, 0.38247805444597377, -0.30129714954973397, 0.7516855138696176, 0.22631752167574815], "R": [[-1.7572237442263516, -0.8659965487806494], [-2.1678075959963774, -0.04185419715451322], [-3.013722095571801, -0.32869304442092784], [-2.4014857337967093, 0.13000603077472117], [-0.9899278071196775, 0.9027216663402106], [-1.0537810316197942, 1.381652901427357], [-1.2883164539645326, 2.0786974417081114], [-0.21340330868756002, 8.918084865187856], [-0.25036706077527937, 6.750392678051216], [0.018911082378262667, 1.9376160276702628], [-2.3133427231696846, 0.03742903887991533]], "mse": 0.5325087949460354, "vol": 57632.11037612199, "inc": 30, "msevvol": 9.239793432354739e-06, "msevinc": 0.01775029316486785}