{"beta": [0.007988495466515136, 0.01141702523567033, -0.00021396704535613315, 0.05631290969337912, -0.07711963108065163, 0.5140048616121221, 0.006510912077889437, -0.036354210284029506, 0.09370561728777632, 0.02471504186581161, -0.024765958373676938, -0.010021098533339209, -0.26691568522547693, 0.008066266965068875, 0.016611238806577056, -0.027410672935342422, -0.05980922541677057], "R": [[-0.1, 1.1], [-0.1, 1.1], [-0.1, 1.0], [-0.1, 1.1], [-0.1, 1.0], [-2.679562738466629, 0.4560979211174879], [-0.976292805095683, 1.1242828737245418], [-1.8862926513361256, 2.6261580138030496], [-0.7929451465027085, 1.1743085614502218], [-1.5180186531120405, 0.9982166143618095], [-1.0159391370594286, 2.172291814934038], [-0.9176891746823349, 1.0081534532324083], [-0.7168216464527583, 0.5590968532319015], [-0.7857143967286861, 0.3275508869933057], [-0.5275743359844131, 2.438774607923275], [-0.9437099428352796, 0.39926200185177596]], "mse": 0.6147299500718162, "vol": 10688.134992151705, "inc": 406, "msevvol": 5.7515174585950894e-05, "msevinc": 0.0015141131775167887}