{"beta": [0.031459678081817995, 0.0746165695196846, 0.05124390951778721, 0.019601169998516396, 0.04409962045635061, 0.5867076933487276, 0.0972094031249188, -0.018465439999018937, 0.07024512777098092, -0.015675214157816444, -0.009313573573558952, -0.0006484231350188979, -0.011610376683417757, -0.00421865104668035, -0.02837268075321828, -0.063349297623903, -0.007409941273009513], "R": [[-0.09999999999999998, 1.0], [-0.1, 1.0], [-0.1, 1.0], [-0.1, 1.0], [-0.1, 1.0], [-3.6351241692909233, 0.2553180661005886], [-0.9769183989499992, 1.1236269488575596], [-2.0800424192849167, 2.2439894109017153], [-0.7372453357773832, 2.3173220832340404], [-1.417848309229576, 1.8034711577191944], [-1.0156236700578178, 0.5281905392186821], [-1.4026371056557283, 2.1626312747996894], [-0.7169950228232279, 3.3032634050648815], [-0.7856874150981881, 2.7073885696402087], [-0.527513004764509, 2.439110129645856], [-0.9436399543409112, 0.8139641770525374]], "mse": 0.500423389151839, "vol": 225683.37228624488, "inc": 1104, "msevvol": 2.217369335110468e-06, "msevinc": 0.00045328205539115857}