{"beta": [0.18569600906396228, 0.2006036494759402, 0.03067164444363918, 0.2953473708038758, 0.12201719488585985, 0.504888331778813, -0.17367105782253128, -0.1534237373225611, 0.05468008528996253, 0.13190709495113262, -0.008625882114791227, -0.04383184827186332, 0.01848093462943908, -0.06307944339612237, 0.028419222272307695, -0.06431906497848709, 0.007806515102023203], "R": [[-0.09999999999999998, 1.1], [-0.1, 1.0], [-0.09999999999999998, 1.1], [-0.1, 1.0], [-0.09999999999999998, 1.1], [-2.679562738466629, 0.7630327843553398], [-0.9762928050956828, 1.1242828737245418], [-1.8862926513361251, 0.6905785371051544], [-0.49110806711600247, 2.31791943291289], [-1.4180186531120405, 2.709040126011043], [-1.7879968750577948, 0.5281763389373045], [-0.5325206490993863, 1.3933219788153568], [-0.7168216464527583, 1.4410357279953963], [-0.7857143967286861, 2.1007651335067914], [-0.5275743359844131, 2.438774607923275], [-0.9437099428352796, 1.6422339465388314]], "mse": 0.6039785133598876, "vol": 96264.72599529767, "inc": 143, "msevvol": 6.274141510457222e-06, "msevinc": 0.004223625967551662}