{"beta": [0.021981387896226022, 0.07317108199680386, -0.04116878568929442, 0.028726860783829838, -0.06537756824433992, 0.627323445629942, 0.002669052851540034, -0.07033161460450907, 0.005504340433176919, 0.05599564692104692, -0.04935537124856214, -0.01823280247864452, -0.23538424124710328, 0.04622954903477825, -0.04250880523718247, -0.05031444919529682, 0.022900766869097967], "R": [[-0.1, 1.0], [-0.1, 1.0], [-0.1, 1.0], [-0.1, 1.0], [-0.1, 1.0], [-2.679562738466629, 0.4560979211174879], [-0.976292805095683, 1.1242828737245418], [-0.6861060704182671, 1.6789674860963304], [-0.858014770814161, 1.1743085614502218], [-1.5180186531120405, 0.9982166143618095], [-1.0159391370594286, 2.172291814934038], [-1.3028577002652835, 6.115344285810739], [-0.7168216464527583, 0.5590968532319015], [-0.7857143967286861, 2.6073977753677875], [-0.5275743359844131, 2.438774607923275], [-0.9437099428352796, 0.8135859834141278]], "mse": 0.5897371246317114, "vol": 68478.81489584962, "inc": 409, "msevvol": 8.611964525505454e-06, "msevinc": 0.0014419000602242332}