{"beta": [-0.006061352970918465, -0.07870118981854098, -0.10233526595671336, -0.16004694256255134, -0.00465967504156805, 0.6368852752435878, 0.1783618032529041, -0.09333468829198883, 0.041847377886864406, 0.0020795056757783328, 0.00038610591182034577, -0.02405727672268895, 0.007488497222400207, 0.058054317449878955, -0.0632850564540053, -0.022330636587226824, 0.09490525265228708], "R": [[-0.10000000000000003, 1.0], [-0.1, 1.0], [-0.09999999999999998, 1.0], [-0.1, 1.0], [-0.1, 1.0], [-3.9918644005925885, 1.1246608959388116], [-0.9784111940537747, 1.1220651665449353], [-2.251719604905245, 0.6898547457021994], [-0.20452034801761754, 2.317941267123266], [-1.4169791737417383, 0.19341199994802688], [-1.8872194904270159, 0.5288209346652154], [-1.4032255388300938, 6.1113898898974], [-0.7175431378773933, 3.3033577420364177], [-0.7862811582964232, 0.3273780857374111], [-0.5274526967944777, 2.4394401474107608], [-0.9437002178516671, 2.5724418339902657]], "mse": 0.5673994205341908, "vol": 175407.0525268332, "inc": 458, "msevvol": 3.2347583085200743e-06, "msevinc": 0.0012388633636117702}