{"beta": [-0.052908259443081924, -0.032530082504668933, -0.06526362786071781, -0.007709149505026253, -0.13715880172888897, 0.6018359221049147, 0.020565178190291297, -0.08615670923376735, 0.06754558472621658, 0.03463780859014734, -0.027436821488336795, 0.005675948935334981, -0.2231080003821886, 0.06395342857797767, -0.07920631064769067, -0.06996431202990704, 0.03632981245039102], "R": [[-0.1, 1.0], [-0.1, 1.0], [-0.1, 1.0], [-0.1, 1.0], [-0.1, 1.0], [-2.679562738466629, 0.4560979211174879], [-0.976292805095683, 1.1242828737245418], [-1.0038025183082904, 1.6789674860963304], [-0.858014770814161, 1.1743085614502218], [-1.5180186531120405, 0.9982166143618095], [-1.0159391370594286, 2.172291814934038], [-1.3028577002652835, 6.115344285810739], [-0.7168216464527583, 0.5590968532319015], [-0.7857143967286861, 0.8341835288543015], [-0.5275743359844131, 2.3387746079232743], [-0.9437099428352796, 2.570881909663535]], "mse": 0.6251530443777149, "vol": 71667.33827503739, "inc": 446, "msevvol": 8.722983989981158e-06, "msevinc": 0.0014016884403087778}