{"beta": [-0.020065211600082188, -0.058846251640593095, -0.042681909696617115, -0.07578906737099678, -0.054469744642166, 0.5818926577832424, 0.12142673631381579, -0.007359478854033858, 0.07159495382004664, -0.034606632681584336, -0.03752891354861558, -0.005776305368019351, 0.024929257744120952, 0.007571930970939498, -0.042922057134765615, -0.27926825255058907, -0.09166508380017198], "R": [[-0.09999999999999998, 1.0], [-0.10000000000000003, 1.0], [-0.1, 1.0], [-0.1, 1.0], [-0.1, 1.0], [-1.693062728411618, 6.457576198303895], [-0.9784111940537747, 1.1220651665449353], [-2.251719604905245, 2.6254058790138397], [-1.162820336863656, 1.1238392363493848], [-0.6117835868968557, 0.9986075867929095], [-1.887219490427016, 2.172847884726703], [-0.9182457794233834, 6.1113898898974], [-0.7175431378773933, 3.3033577420364177], [-0.7862811582964232, 2.7081113848135385], [-0.5274526967944777, 2.4394401474107608], [-0.9437002178516671, 0.3998530515890575]], "mse": 0.5322808317211273, "vol": 791566.7979008071, "inc": 733, "msevvol": 6.724395630699868e-07, "msevinc": 0.0007261675739715243}