{"beta": [-0.03838821214842863, 0.011618607870084488, -0.033474843091396415, -0.04291129049920191, -0.014711964140628295, 0.5775124299211086, 0.1338126608085703, -0.011388575214178201, 0.07667719530955647, -0.04605196195023565, -0.038104304833985685, -0.00929051531915068, -0.0015796969128020653, -0.025598188082661476, 0.008141376821167091, -0.05254342890072898, 0.038070889875589625], "R": [[-0.10000000000000003, 1.0], [-0.09999999999999998, 1.0], [-0.09999999999999998, 1.0], [-0.09999999999999998, 1.0], [-0.09999999999999998, 1.0], [-1.6930627284116178, 6.457576198303895], [-0.9784111940537747, 1.1220651665449353], [-1.9046261831132953, 2.6254058790138397], [-0.681410161633571, 1.1238392363493848], [-0.6117835868968557, 0.9986075867929095], [-1.887219490427016, 2.172847884726703], [-0.9182457794233833, 6.1113898898974], [-0.7175431378773933, 3.3033577420364177], [-0.7862811582964232, 2.3546965738050796], [-0.5274526967944777, 2.4394401474107608], [-0.9437002178516671, 2.057924077510024]], "mse": 0.552891990417904, "vol": 1165615.2481686226, "inc": 917, "msevvol": 4.7433489848952323e-07, "msevinc": 0.0006029356493106914}