{"beta": [-0.022091408802154988, -0.14601589768314058, -0.03655027498676093, -0.051428979247336665, -0.11390978039815115, 0.5002354725651869, -0.0520007684596512, 0.1314617129175141, 0.0751438808477622, 0.0076412722183577695, -0.04727800364232537, 0.026191988015400562, -0.08959182401217944, -0.06703220149337831, -0.05044351471302356, 0.048348084011202025, 0.1408490327378399], "R": [[-0.1, 1.0], [-0.1, 1.0], [-0.1, 1.0], [-0.1, 1.0], [-0.09999999999999998, 1.0], [-2.679562738466629, 0.7480603520022738], [-0.976292805095683, 1.1242828737245418], [-2.0098412699600194, 0.461131102517916], [-0.7367212207572651, 1.2710961344323817], [-1.4180186531120405, 0.9982166143618094], [-1.787996875057795, 2.172291814934038], [-0.5325206490993863, 6.115344285810739], [-0.7168216464527583, 2.9109338526012216], [-0.7857143967286861, 2.6073977753677875], [-0.5275743359844131, 2.438774607923275], [-0.9437099428352796, 0.8135859834141276]], "mse": 0.5769572119940896, "vol": 234821.8632471961, "inc": 444, "msevvol": 2.456999548575802e-06, "msevinc": 0.0012994531801668683}