{"beta": [-0.0032876698415476896, -0.01621609586216628, -0.00834686890825608, 0.013223292082955342, 0.011541575654772105, 0.5428673890431445, -0.02854364648278644, -0.031370390160876185, 0.05065721048975272, -0.01670344277425723, 0.016435069978907518, 0.0026510587397813876, 0.002816137245025314, 0.008165491156648308, -0.013596217089329902, -0.06742655941533418, 0.008895552080879405], "R": [[-0.1, 1.1], [-0.1, 1.1], [-0.1, 1.1], [-0.1, 1.1], [-0.1, 1.1], [-2.679562738466629, 7.308664912350221], [-1.076292805095683, 1.1242828737245418], [-2.2510396912444732, 2.6261580138030496], [-2.4821366099920725, 2.31791943291289], [-1.5180186531120405, 2.709040126011043], [-1.8879968750577951, 2.172291814934038], [-1.4028577002652836, 6.115344285810739], [-0.7168216464527583, 3.304913477522386], [-0.7857143967286861, 2.7073977753677876], [-0.5275743359844131, 2.438774607923275], [-0.9437099428352796, 2.570881909663535]], "mse": 0.7432912428701481, "vol": 24198027.24124313, "inc": 3639, "msevvol": 3.0717018187469516e-08, "msevinc": 0.000204257005460332}