{"beta": [-0.06309474042335635, -0.23117372863899324, -0.13584749963290804, -0.2602305265684728, -0.0840844734093504, 0.6320702299458963, -0.023364455641549067, 0.07360793955545115, -0.020367623303720776, 0.026715995738324443, -0.040989675439105325, 0.012411040470339689, -0.31911363971108625, 0.0035051732230349715, 0.030592832200383925, 0.03516584534901516, 0.2572676798878581], "R": [[-0.1, 1.0], [-0.1, 1.0], [-0.1, 1.0], [-0.1, 1.0], [-0.10000000000000003, 1.1], [-2.679562738466629, 1.6426631850979627], [-1.076292805095683, 1.0242828737245415], [-2.2510396912444732, 0.6023295238023696], [-0.7036852167016414, 2.31791943291289], [-0.6126068972874239, 0.9982166143618094], [-0.24388139906106193, 1.3002340769356713], [-0.9176891746823349, 6.115344285810739], [-0.7168216464527583, 1.1470561030742314], [-0.7857143967286861, 2.7073977753677876], [-0.5275743359844131, 2.438774607923275], [-0.9437099428352796, 0.39926200185177585]], "mse": 0.57688873698528, "vol": 62399.76407445346, "inc": 98, "msevvol": 9.245046764871647e-06, "msevinc": 0.005886619765155918}