{"beta": [-0.05109939448531691, -0.039237844382950464, -0.041722493578023406, 0.00335750675185931, -0.016838188416640285, 0.5845159527178687, 0.11400906900114167, 0.003574509341578805, 0.10031526910281201, -0.02396282740656816, -0.04530510814049806, -0.03660131610437256, -0.028806288054832912, -0.027118827637687686, 0.06874753666851512, -0.01988864279895467, 0.045957141830094826], "R": [[-0.10000000000000003, 1.1], [-0.10000000000000002, 1.1], [-0.1, 1.1], [-0.1, 1.1], [-0.10000000000000002, 1.1], [-3.6351241692909233, 1.5608071224502653], [-1.0769183989499993, 1.1236269488575596], [-0.7210609869405482, 2.626375163077166], [-0.11061224117798862, 2.3173220832340404], [-1.517848309229576, 2.708801024456387], [-1.8875307746960677, 2.1720047484951825], [-1.4026371056557283, 6.11292947530571], [-0.7169950228232279, 3.3032634050648815], [-0.7856874150981881, 2.7073885696402087], [-0.527513004764509, 2.439110129645856], [-0.9436399543409112, 1.6427662427492615]], "mse": 0.5436621705548722, "vol": 3212954.646244311, "inc": 841, "msevvol": 1.6920941327023404e-07, "msevinc": 0.0006464472896015128}