{"beta": [-0.02838917930499936, -0.015491377787965046, -0.03245617517723606, -0.013270568768259184, -0.025792319053914232, 0.5728536832379705, 0.06830653170722129, -0.01523833984818473, 0.08168923617561161, -0.014904273373087643, -0.004112135951314533, 0.01946062340709784, -0.0007029296701106376, 0.016722253754255113, 0.001661618960695607, -0.06561062485489576, 0.020238403768626945], "R": [[-0.1, 1.1], [-0.1, 1.1], [-0.1, 1.1], [-0.1, 1.1], [-0.1, 1.1], [-3.6351241692909233, 9.745791327863362], [-1.0769183989499993, 1.1236269488575596], [-2.2506388573287786, 2.626375163077166], [-2.482619941225386, 2.3173220832340404], [-1.517848309229576, 2.708801024456387], [-1.8875307746960677, 2.172004748495182], [-1.4026371056557283, 6.11292947530571], [-0.7169950228232279, 3.3032634050648815], [-0.7856874150981881, 2.7073885696402087], [-0.527513004764509, 2.439110129645856], [-0.9436399543409112, 2.571568308445986]], "mse": 0.6152209250885823, "vol": 32390832.55511876, "inc": 2425, "msevvol": 1.8993674337999018e-08, "msevinc": 0.0002536993505519927}