{"beta": [-0.0433714334478833, -0.13875546049636803, -0.044220714465350724, -0.03651855236993085, -0.075929296390616, 0.5810342987730913, -0.05406608060443449, 0.06206773142115545, 0.07516944367389852, -0.04529278247617032, 0.011326645120107838, 0.05422370436401201, -0.012214212106061603, -0.08434011118551282, -0.04406872751635174, 0.08094385606118255, 0.1684976685142379], "R": [[-0.1, 1.0], [-0.1, 1.0], [-0.1, 1.0], [-0.1, 1.0], [-0.09999999999999998, 1.0], [-2.679562738466629, 7.308664912350221], [-0.976292805095683, 1.1242828737245418], [-1.815693440693897, 0.461131102517916], [-0.5596511029407754, 1.2710961344323817], [-1.5180186531120405, 0.9982166143618094], [-1.0159391370594286, 2.172291814934038], [-0.5325206490993863, 6.115344285810739], [-0.7168216464527583, 2.616954227680056], [-0.7857143967286861, 2.6073977753677875], [-0.5275743359844131, 2.438774607923275], [-0.9437099428352796, 0.8135859834141276]], "mse": 0.7018842400542317, "vol": 442927.96886927704, "inc": 419, "msevvol": 1.5846464648552852e-06, "msevinc": 0.0016751413843776413}