{"beta": [0.026716977467599667, 0.1193664201021828, 0.1558502018615883, -0.005812376728759828, 0.11608987361245507, 0.6963420756912915, 0.07298554973336542, -0.10923842557365086, -0.013863364783276108, 0.1360811720348477, -0.0756478540851564, 0.026660870734438437, 0.09487798812904562, -0.0749042320931922, -0.07365495580348151, -0.2678172996766675, -0.01568149889368931], "R": [[-0.1, 1.0], [-0.1, 1.1], [-0.1, 1.0], [-0.09999999999999999, 1.0], [-0.09999999999999998, 1.1], [-1.3370662672013656, 0.622077656583161], [-0.9784111940537746, 1.1220651665449353], [-2.251719604905245, 0.742803336086188], [-0.22801038632329784, 2.317941267123266], [-1.5169791737417384, 0.19341199994802694], [-1.0152060153962723, 0.5288209346652153], [-1.3032255388300935, 0.6216732582034575], [-0.7175431378773933, 3.3033577420364177], [-0.7862811582964232, 0.8342077077543283], [-0.5274526967944777, 2.4394401474107608], [-0.9437002178516671, 0.8143708080692992]], "mse": 0.46677406214663464, "vol": 10388.87222800604, "inc": 147, "msevvol": 4.4930195684601625e-05, "msevinc": 0.003175333756099555}