{"beta": [0.042941184165397564, -0.07792138546049235, 0.09427480046651103, -0.029035485241355442, -0.05085279220304712, 0.6468303381462172, -0.017231149133558003, 0.013686956638146225, 0.07518727955118505, 0.0231136121028529, 0.011068389804052626, -0.008629141935771818, -0.17726583830630438, -0.08893076360997572, -0.11591933878999629, 0.15728086369368294, 0.08717565040222892], "R": [[-0.1, 1.1], [-0.1, 1.1], [-0.1, 1.1], [-0.1, 1.1], [-0.09999999999999998, 1.1], [-2.679562738466629, 0.45235481302922154], [-0.976292805095683, 1.1242828737245418], [-2.2510396912444732, 0.5493801158207007], [-0.9966622090159094, 2.31791943291289], [-1.4180186531120405, 0.9982166143618094], [-1.0159391370594286, 2.072291814934038], [-0.5325206490993863, 1.3933219788153568], [-0.7168216464527583, 0.5590968532319016], [-0.7857143967286861, 0.5808672079238036], [-0.5275743359844131, 2.438774607923275], [-0.9437099428352796, 0.39926200185177574]], "mse": 0.6157314637326202, "vol": 15167.85657474419, "inc": 207, "msevvol": 4.0594494067003975e-05, "msevinc": 0.0029745481339740107}