{"beta": [-0.0495944871674271, 0.08826747700492044, 0.04791010027557806, -0.09005705027928075, -0.04001895921134927, 0.6454263593044587, 0.022420019848194514, -0.038067971892348715, 0.04128481274572234, -0.03653295602817725, -0.11924676437586701, 0.05108107746339251, 0.030316283067163143, -0.008514596604453221, -0.027274996630931077, -0.1829467593390877, 0.06460903381483168], "R": [[-0.1, 1.1], [-0.1, 1.1], [-0.1, 1.0], [-0.09999999999999999, 1.1], [-0.09999999999999998, 1.1], [-1.5697436928289812, 1.5202125195057583], [-0.9784111940537746, 1.1220651665449353], [-1.6398832311933464, 0.9545976976221483], [-0.29013213396907256, 2.317941267123266], [-1.5169791737417384, 0.19341199994802694], [-1.0152060153962723, 0.5288209346652153], [-1.4032255388300934, 1.3916327770168784], [-0.7175431378773933, 3.3033577420364177], [-0.7862811582964232, 2.101281762796621], [-0.5274526967944777, 2.3394401474107607], [-0.9437002178516671, 0.8143708080692992]], "mse": 0.5577099819214065, "vol": 43268.40696128347, "inc": 208, "msevvol": 1.2889542765474238e-05, "msevinc": 0.0026812979900067624}