{"beta": [-0.019121304979809153, 0.08029170573240156, 0.04118654276264918, 0.011541943398802934, -0.046892285075663426, 0.6524881809695752, 0.33336726660013294, -0.16445103677730288, 0.05243592178513236, 0.04167287572398205, 0.007325619654622695, -0.1199665207404431, 0.03570484520031486, -0.05862523605542414, 0.06731061177290805, -0.048731253098435096, -0.181499755625637], "R": [[-0.1, 1.1], [-0.1, 1.1], [-0.1, 1.1], [-0.09999999999999999, 1.0], [-0.09999999999999998, 1.1], [-1.5697436928289812, 1.0059954088687273], [-0.9784111940537746, 1.1220651665449353], [-2.251719604905245, 0.7604528662141842], [-0.047757234557405104, 2.317941267123266], [-1.5169791737417384, 0.9986075867929094], [-1.887219490427016, 2.072847884726703], [-1.4032255388300934, 6.1113898898974], [-0.7175431378773933, 1.4398650282300434], [-0.7862811582964232, 0.8342077077543283], [-0.5274526967944777, 2.3394401474107607], [-0.9437002178516671, 1.6434063210297825]], "mse": 0.38376008321336774, "vol": 170698.35958839513, "inc": 248, "msevvol": 2.2481767495524164e-06, "msevinc": 0.0015474196903764827}