{"beta": [0.010810647898826733, -0.21871589721647927, -0.08578686773895698, 0.0055905853695519085, -0.08616074934813762, 0.4764057659219877, 0.04905100316553779, 0.11449067343461908, 0.06800355218204895, 0.024245563447098196, 0.008353236543772248, 0.08595381664970075, -0.010558657284128498, 0.057729200497702304, 0.03812853907733954, -0.12561982209058295, 0.2727104913417764], "R": [[-0.1, 1.0], [-0.10000000000000003, 1.0], [-0.10000000000000003, 1.0], [-0.09999999999999998, 1.0], [-0.10000000000000003, 1.0], [-1.052374638453904, 1.9421118321592812], [-1.076292805095683, 1.0242828737245415], [-2.2510396912444732, 0.408181694536247], [-1.0708015322877076, 0.7186450984678765], [-0.6126068972874238, 0.9982166143618095], [-1.8879968750577951, 1.3002340769356713], [-0.9176891746823349, 6.115344285810739], [-0.7168216464527583, 3.304913477522386], [-0.7857143967286861, 2.6073977753677875], [-0.5275743359844131, 2.438774607923275], [-0.9437099428352796, 2.5708819096635347]], "mse": 0.8546195861346981, "vol": 247711.74165591423, "inc": 269, "msevvol": 3.4500568298527146e-06, "msevinc": 0.003177024483772112}