{"beta": [0.07328956392974083, -0.1884875304310328, 0.022736012263833847, -0.20928611095275515, -0.08517775712058204, 0.5895079782474151, 0.6251560321894938, -0.009667183432833503, -0.0494490503986304, 0.012721342350300632, 0.0916121988016137, 0.0065347692092890715, -0.7218231537718423, 0.04736116777688196, 0.026590194151036653, 0.0374637172464518, 0.471709717812519], "R": [[-0.1, 1.1], [-0.1, 1.1], [-0.1, 1.0], [-0.1, 1.0], [-0.10000000000000003, 1.1], [-2.679562738466629, 1.1336004850937214], [-1.076292805095683, 1.0242828737245415], [-2.2510396912444732, 0.4787809051784754], [-0.7036852167016414, 2.31791943291289], [-0.6126068972874239, 0.9982166143618094], [-0.24388139906106193, 1.3002340769356713], [-1.3028577002652835, 6.115344285810739], [-0.7168216464527583, 0.8530764781530663], [-0.7857143967286861, 2.7073977753677876], [-0.5275743359844131, 2.438774607923275], [-0.9437099428352796, 1.2279099649764795]], "mse": 0.7832638429306447, "vol": 90041.14891074636, "inc": 102, "msevvol": 8.698954338166632e-06, "msevinc": 0.007679057283633771}