{"beta": [0.02479069376763298, 0.19041159124003268, 0.14505182156404328, -0.041555153451532205, 0.10796398678732518, 0.665615151787214, -0.4513593911259452, -0.17665308437766197, -0.10339520056728001, 0.09257157735405079, 0.007642838400449327, 0.05574273904038105, 0.09509342391071005, -0.08638963905312085, -0.04977059696605483, -0.1202599638910045, 0.6983437362450226], "R": [[-0.1, 1.0], [-0.1, 1.1], [-0.1, 1.0], [-0.09999999999999999, 1.0], [-0.09999999999999998, 1.1], [-1.7419249877934173, 0.622077656583161], [-0.9784111940537746, 1.1220651665449353], [-2.251719604905245, 0.742803336086188], [0.1533822740969102, 1.9595362616249965], [-1.4169791737417383, 0.19341199994802694], [-1.0152060153962723, 0.5288209346652153], [-1.3032255388300935, 0.6216732582034575], [-0.7175431378773933, 3.3033577420364177], [-0.7862811582964232, 0.8342077077543283], [-0.5274526967944777, 2.4394401474107608], [-0.9437002178516671, 0.8143708080692992]], "mse": 0.39931039417466435, "vol": 8373.182906488217, "inc": 104, "msevvol": 4.7689199989319054e-05, "msevinc": 0.003839523020910234}