{"beta": [0.11580261843191117, 0.1442754532852629, 0.08356864838147998, 0.02440550914502122, 0.01888722209307093, 0.5159581271394129, 0.046456938621988714, 0.008320719970260326, 0.08777183369049663, -0.01911627772456532, 0.03964767778944245, 0.004299919566335809, -0.006001821740562932, -0.05898239453464805, -0.03208801081581856, -0.22878033739744824, -0.22073773989352002], "R": [[-0.1, 1.0], [-0.1, 1.1], [-0.1, 1.0], [-0.10000000000000003, 1.0], [-0.1, 1.1], [-3.6351241692909233, 0.25531806610058866], [-0.9769183989499992, 1.1236269488575596], [-1.5152709149340096, 1.6968670160617734], [-0.5622580005324622, 2.3173220832340404], [-1.417848309229576, 0.9981412909820018], [-1.8875307746960677, 0.528190539218682], [-1.3026371056557282, 2.1626312747996894], [-0.7169950228232279, 0.8523351417491218], [-0.7856874150981881, 2.6073885696402086], [-0.527513004764509, 2.439110129645856], [-0.9436399543409112, 0.8139641770525373]], "mse": 0.536171368330241, "vol": 81351.40293770323, "inc": 533, "msevvol": 6.590806660591053e-06, "msevinc": 0.001005950034390696}