{"beta": [0.041190558889461486, -0.0192586618286305, -0.04873086878389635, 0.028341748101824847, 0.04686818302360154, 0.48877056478695896, 0.041088587706256806, -0.0058511863941912694, 0.013867154457732369, 0.044765308179574755, 0.10123316339988365, -0.05660700240848986, 0.0001586521592308042, -0.001273004569709106, 0.014516554308372665, -0.032349240642243655, 0.07198114796439022], "R": [[-0.09999999999999998, 1.1], [-0.1, 1.0], [-0.09999999999999998, 1.1], [-0.1, 1.1], [-0.09999999999999998, 1.1], [-2.679562738466629, 1.8784789946587512], [-0.9762928050956828, 1.1242828737245418], [-2.2510396912444732, 0.4434812998573595], [-0.8363292932972848, 2.31791943291289], [-1.5180186531120405, 2.709040126011043], [-1.887996875057795, 0.5281763389373045], [-0.917689174682335, 6.115344285810739], [-0.7168216464527583, 3.304913477522386], [-0.7857143967286861, 2.7073977753677876], [-0.5275743359844131, 2.438774607923275], [-0.9437099428352796, 2.570881909663535]], "mse": 0.7920547545012545, "vol": 1952737.9857818186, "inc": 399, "msevvol": 4.056124069221397e-07, "msevinc": 0.00198509963534149}