{"beta": [-0.014463366362861364, 0.00892539540659819, -0.016787557297604002, -0.00982113891867131, -0.025913425957633778, 0.5309849609798516, 0.07616196840687615, -0.0070116572062419984, 0.09129321840007372, -0.011668342604616922, -0.006135685898700519, 0.01298983325579346, -0.00035840794183439296, 0.004003438964747739, 0.015937203379078547, -0.06714758119018417, -0.0008403434829593702], "R": [[-0.09999999999999998, 1.1], [-0.09999999999999998, 1.1], [-0.10000000000000003, 1.1], [-0.1, 1.0], [-0.09999999999999998, 1.1], [-3.6351241692909233, 1.6448237448886112], [-0.9769183989499992, 1.1236269488575596], [-2.2506388573287786, 2.626375163077166], [-2.482619941225386, 2.3173220832340404], [-1.417848309229576, 0.9981412909820018], [-1.8875307746960677, 2.172004748495182], [-1.4026371056557283, 6.11292947530571], [-0.7169950228232279, 3.3032634050648815], [-0.7856874150981881, 2.7073885696402087], [-0.527513004764509, 2.439110129645856], [-0.9436399543409112, 2.571568308445986]], "mse": 0.5940840423642296, "vol": 6392606.058876013, "inc": 2099, "msevvol": 9.293299741806475e-08, "msevinc": 0.00028303194014494025}