{"beta": [-0.06309474042335542, -0.23117372863899255, -0.1358474996329075, -0.2602305265684721, -0.08408447340934988, 0.6320702299458963, -0.1786449960020679, 0.07360793955545128, -0.020367623303720876, 0.02671599573832435, -0.04098967543910173, 0.012411040470339611, -0.3191136397110865, 0.0035051732230354585, 0.03059283220038342, 0.0351658453490144, 0.10566840556251], "R": [[-0.1, 1.0], [-0.1, 1.0], [-0.1, 1.0], [-0.1, 1.0], [-0.10000000000000003, 1.1], [-2.679562738466629, 1.6426631850979627], [-1.076292805095683, 1.0242828737245415], [-2.2510396912444732, 0.6023295238023696], [-0.7036852167016414, 2.31791943291289], [-0.6126068972874239, 0.9982166143618094], [-0.24388139906106193, 1.3002340769356713], [-0.9176891746823349, 6.115344285810739], [-0.7168216464527583, 1.1470561030742314], [-0.7857143967286861, 2.7073977753677876], [-0.5275743359844131, 2.438774607923275], [-0.9437099428352796, 0.39926200185177585]], "mse": 0.823663873905387, "vol": 62399.76407445346, "inc": 86, "msevvol": 1.3199791475535337e-05, "msevinc": 0.009577486905876592}