{"beta": [-0.03949112841688494, -0.06702115618662116, -0.05628246091502637, 0.011842092652427165, -0.07179261165300432, 0.49827847569184197, -0.011878182540068064, -0.04595730833802021, 0.04559148527928343, 0.002418413510457693, -0.02378024948617359, 0.030317019688917844, -0.0357155319236518, -0.005524150267885805, -0.013838640415398808, -0.044051409140403314, 0.07339787321516132], "R": [[-0.1, 1.1], [-0.1, 1.1], [-0.1, 1.1], [-0.1, 1.1], [-0.1, 1.1], [-2.679562738466629, 0.6469964336190789], [-0.976292805095683, 1.1242828737245418], [-1.4803471901433205, 2.6261580138030496], [-1.6374343175366515, 1.1743085614502218], [-1.5180186531120405, 2.709040126011043], [-1.887996875057795, 2.172291814934038], [-1.3028577002652835, 1.0081534532324083], [-0.7168216464527583, 3.304913477522386], [-0.7857143967286861, 0.5808672079238036], [-0.5275743359844131, 2.438774607923275], [-0.9437099428352796, 1.2279099649764795]], "mse": 0.6247478542346968, "vol": 281929.2432501148, "inc": 1394, "msevvol": 2.2159739338584643e-06, "msevinc": 0.0004481691924208729}