{"beta": [-0.01601619540368403, -0.22071444215175065, -0.11288108013049274, -0.022039099080549403, -0.13673918659747195, 0.5141716179344065, 0.031129935618458407, 0.026800770532278546, 0.09999823249411285, 0.0438829333582999, 0.0016174770213467807, -0.010416504242280973, -0.04144824806224552, 0.055725960206992456, 0.08163208902491849, -0.12165530216638099, 0.23004514200361323], "R": [[-0.1, 1.0], [-0.10000000000000003, 1.0], [-0.10000000000000003, 1.0], [-0.09999999999999998, 1.0], [-0.10000000000000003, 1.0], [-1.3106490965442914, 0.6469964336190787], [-1.076292805095683, 1.0242828737245415], [-2.2510396912444732, 0.408181694536247], [-1.0708015322877076, 0.7186450984678765], [-0.6126068972874238, 0.9982166143618095], [-1.8879968750577951, 1.3002340769356713], [-1.4028577002652836, 6.115344285810739], [-0.7168216464527583, 3.304913477522386], [-0.7857143967286861, 2.707397775367787], [-0.5275743359844131, 2.438774607923275], [-0.9437099428352796, 2.5708819096635347]], "mse": 0.6316999701166135, "vol": 178214.8606953357, "inc": 425, "msevvol": 3.544597614654178e-06, "msevinc": 0.00148635287086262}