{"beta": [-0.04279077911834775, -0.16718790819175977, -0.007510063974557408, -0.07254758959026159, -0.08594430740463785, 0.6444360200078816, -0.04864697380419806, 0.07455571087206198, 0.13074971559255064, 0.014783001589948148, 0.016320915116405613, 0.07245546160322573, -0.00023564654647064779, -0.0830057338830135, -0.02177367490576674, 0.08369965048295241, 0.19220936542192055], "R": [[-0.1, 1.0], [-0.1, 1.0], [-0.1, 1.0], [-0.1, 1.0], [-0.09999999999999998, 1.0], [-2.679562738466629, 2.735650746871776], [-0.976292805095683, 1.1242828737245418], [-2.2510396912444732, 0.1610844572884521], [-0.5596511029407754, 1.2710961344323817], [-1.4180186531120405, 0.9982166143618094], [-1.0159391370594286, 2.072291814934038], [-0.5325206490993863, 6.115344285810739], [-0.7168216464527583, 3.304913477522386], [-0.7857143967286861, 2.1007651335067914], [-0.5275743359844131, 2.438774607923275], [-0.9437099428352796, 0.8135859834141276]], "mse": 0.8522105680329694, "vol": 242843.0332074763, "inc": 236, "msevvol": 3.509306224588586e-06, "msevinc": 0.0036110617289532598}