{"beta": [-0.06947064482836467, 0.03166278663533948, -0.08609659624737076, -0.11047313872044962, 0.006290067070191199, 0.5158232068901648, 0.03566792540172078, -0.054574319188819304, 0.06303529676441957, -0.05587966281378464, -0.03015470852508582, 0.1336045007013919, 0.10147513541698086, -0.02922193078813883, -0.05330464476673036, -0.30474173857714415, -0.0701914133608193], "R": [[-0.1, 1.0], [-0.10000000000000002, 1.0], [-0.1, 1.0], [-0.10000000000000002, 1.0], [-0.09999999999999998, 1.0], [-2.470205330007855, 6.457576198303895], [-0.9784111940537747, 1.1220651665449353], [-0.4044161222335857, 2.6254058790138397], [0.008696009393121429, 2.317941267123266], [-1.4169791737417383, 1.8038031736377922], [-1.0152060153962723, 2.172847884726703], [-1.3032255388300935, 0.6216732582034576], [-0.7175431378773933, 2.615526837434293], [-0.7862811582964232, 1.087622518762787], [-0.5274526967944777, 2.4394401474107608], [-0.9437002178516671, 0.8143708080692991]], "mse": 0.4621797164654426, "vol": 136062.0028905155, "inc": 368, "msevvol": 3.3968316403319673e-06, "msevinc": 0.0012559231425691374}