{"beta": [-0.008197424870710934, -0.01867086071161168, -0.012287897706593531, 0.0031081838198804535, 0.017519461444258314, 0.602467977370306, 0.1227688131023546, -0.01906106363571911, 0.06664624370109802, -0.010489832755235488, -0.010359352428852418, 0.004202833008788919, -0.0189719338879601, 0.005102811636952444, -0.008446496204868531, -0.05293632078606561, 0.005805074022628427], "R": [[-0.10000000000000003, 1.1], [-0.1, 1.1], [-0.09999999999999998, 1.1], [-0.1, 1.1], [-0.1, 1.1], [-3.9918644005925885, 1.0059954088687275], [-0.9784111940537747, 1.1220651665449353], [-2.251719604905245, 2.6254058790138397], [-2.4828060419456293, 2.317941267123266], [-1.5169791737417384, 2.708998760482675], [-1.8872194904270159, 2.172847884726703], [-1.4032255388300938, 6.1113898898974], [-0.7175431378773933, 3.3033577420364177], [-0.7862811582964232, 2.7081113848135385], [-0.5274526967944777, 2.4394401474107608], [-0.9437002178516671, 2.5724418339902657]], "mse": 0.5499579349928141, "vol": 11558764.92429963, "inc": 2076, "msevvol": 4.757929922397286e-08, "msevinc": 0.0002649123000928777}