{"beta": [-0.11204200141024535, -0.09654033872809878, -0.07549888289549009, -0.15752440846748963, -0.08529512567605121, 0.6043783479027579, 0.13199214603090237, 0.02752985944058552, 0.09149262644349725, -0.017279784579182233, -0.06340144496837004, 0.08809099130697233, 0.011107538497542986, -0.04649248376497869, -0.0179270970978152, -0.06090183363895965, 0.13394887427305419], "R": [[-0.10000000000000003, 1.0], [-0.09999999999999998, 1.0], [-0.09999999999999998, 1.0], [-0.09999999999999998, 1.0], [-0.09999999999999998, 1.0], [-1.6930627284116178, 6.457576198303895], [-0.9784111940537747, 1.1220651665449353], [-1.9046261831132953, 1.0428453482621294], [-0.681410161633571, 1.1238392363493848], [-0.6117835868968557, 0.9986075867929095], [-1.887219490427016, 2.172847884726703], [-0.9182457794233833, 1.3916327770168782], [-0.7175431378773933, 3.3033577420364177], [-0.7862811582964232, 2.7081113848135385], [-0.5274526967944777, 2.4394401474107608], [-0.9437002178516671, 0.8143708080692992]], "mse": 0.5455990727998908, "vol": 162385.33682979754, "inc": 613, "msevvol": 3.3599035691982133e-06, "msevinc": 0.0008900474270797567}