{"beta": [0.003027450218851543, 0.007719830084961894, 0.011075512789824564, 0.0531094562089598, 0.027559345493996062, 0.5409514751823752, 0.12222380168738638, -0.007086949184697484, 0.11375042069497619, 0.003685936556308297, -0.039081101287633355, -0.010844209709798262, 3.96922522792193e-05, -0.006048802798006695, 0.022973413630298006, -0.08900536693912833, -0.03857512009143132], "R": [[-0.09999999999999998, 1.1], [-0.1, 1.1], [-0.1, 1.1], [-0.1, 1.1], [-0.1, 1.1], [-3.6351241692909237, 1.5608071224502658], [-0.9769183989499993, 1.1236269488575596], [-0.36807879672122934, 2.626375163077166], [-0.5555792953108085, 2.3173220832340404], [-1.517848309229576, 2.708801024456387], [-1.8875307746960677, 2.172004748495182], [-1.4026371056557283, 6.11292947530571], [-0.7169950228232279, 3.3032634050648815], [-0.7856874150981881, 2.7073885696402087], [-0.527513004764509, 2.439110129645856], [-0.9436399543409112, 2.571568308445986]], "mse": 0.5617560269046868, "vol": 4412145.069828772, "inc": 1332, "msevvol": 1.2732038906564957e-07, "msevinc": 0.0004217387589374526}