{"beta": [0.01954294734247961, 0.032237269658590736, 0.050567912709984904, -0.006110089847491003, 0.04048856280066982, 0.500201679597482, 0.08042441439129536, -0.006922029235048777, 0.1177009472718568, 0.007904514800610616, -0.04259762430204265, -0.003336661764392686, -0.04646638355828284, 0.2041300950802423, 0.05723862746186692, -0.12212929283784796, 0.02717942350020605], "R": [[-0.09999999999999998, 1.0], [-0.1, 1.0], [-0.1, 1.0], [-0.1, 1.0], [-0.1, 1.0], [-3.6351241692909233, 0.2553180661005886], [-0.9769183989499992, 1.1236269488575596], [-1.462323586401113, 2.626375163077166], [-0.6815218620801793, 2.3173220832340404], [-1.417848309229576, 2.7088010244563874], [-1.8875307746960677, 0.5281905392186821], [-1.3026371056557282, 2.1626312747996894], [-0.7169950228232279, 2.6155313392359414], [-0.7856874150981881, 0.3275667340520877], [-0.527513004764509, 2.439110129645856], [-0.9436399543409112, 2.571568308445986]], "mse": 0.5800604092013824, "vol": 215673.14287021864, "inc": 712, "msevvol": 2.6895347352100944e-06, "msevinc": 0.0008146915859569976}