{"beta": [-0.028150471745392352, -0.26927792151497554, -0.10030544773983059, 0.007915234026385923, -0.0908676214672314, 0.482261838812077, 0.03239932159405318, 0.11725682125909113, 0.08889884770235505, 0.012634430521878327, 0.030792960896451182, 0.09060143693858405, -0.011175701170150177, 0.04552761428385282, 0.02862788979883114, -0.10791556766810352, 0.2754066106932726], "R": [[-0.1, 1.0], [-0.10000000000000003, 1.0], [-0.10000000000000003, 1.0], [-0.09999999999999998, 1.0], [-0.10000000000000003, 1.0], [-1.052374638453904, 1.9421118321592812], [-1.076292805095683, 1.0242828737245415], [-2.2510396912444732, 0.408181694536247], [-1.0708015322877076, 0.7186450984678765], [-0.6126068972874238, 0.9982166143618095], [-1.0159391370594286, 1.3002340769356713], [-0.9176891746823349, 6.115344285810739], [-0.7168216464527583, 3.304913477522386], [-0.7857143967286861, 2.6073977753677875], [-0.5275743359844131, 2.438774607923275], [-0.9437099428352796, 2.5708819096635347]], "mse": 0.8594670944192528, "vol": 179956.6309513322, "inc": 256, "msevvol": 4.775967908910724e-06, "msevinc": 0.0033572933375752064}