{"beta": [0.007206188477559877, 0.020171989495371485, 0.07708265945820374, 0.0644593227926215, 0.014128593979076691, 0.5903525566628643, -0.02285476005069737, 0.1001733322737624, 0.012796922976711825, -0.003240127333197536, 0.03332146876737645, -0.039274746886028646, 0.004478147166661765, -0.07069409307811092, -0.06270744601298978, -0.047753851807100206, 0.013600117669136227], "R": [[-0.1, 1.0], [-0.1, 1.0], [-0.1, 1.0], [-0.1, 1.0], [-0.1, 1.0], [-0.8839347744819125, 0.7480603520022738], [-0.976292805095683, 1.1242828737245418], [-1.0744017289505157, 1.0788741956374028], [-0.7565789271872954, 2.31791943291289], [-1.4180186531120405, 0.9982166143618095], [-1.7879968750577948, 2.172291814934038], [-0.5325206490993862, 1.0081534532324083], [-0.7168216464527583, 3.204913477522386], [-0.7857143967286861, 0.8341835288543015], [-0.5275743359844131, 2.438774607923275], [-0.9437099428352796, 1.2279099649764795]], "mse": 0.6045777224945814, "vol": 22051.7658483619, "inc": 468, "msevvol": 2.7416295214267023e-05, "msevinc": 0.0012918327403730373}