{"beta": [-0.005499184256915592, -0.017996847520931995, -0.03196212011996596, 0.049282222417274375, -0.030686411765420373, 0.6144076961876554, 0.00581770221589006, 0.023276559585471056, 0.040358960209810904, -0.031013883101997142, 0.0015775575799779448, -0.08991807649716435, -0.016262727456717155, -0.0493352960607896, -0.04723442206874931, -0.021388932930509856, 0.0806943053917439], "R": [[-0.1, 1.0], [-0.1, 1.0], [-0.1, 1.0], [-0.1, 1.0], [-0.1, 1.0], [-0.8839347744819125, 0.8865553512681336], [-0.976292805095683, 1.1242828737245418], [-1.0567519262899594, 1.396570643527423], [-2.1109420249161808, 2.31791943291289], [-1.4180186531120405, 0.9982166143618095], [-1.0159391370594286, 2.172291814934038], [-0.5325206490993862, 1.3933219788153568], [-0.7168216464527583, 3.304913477522386], [-0.7857143967286861, 0.8341835288543015], [-0.5275743359844131, 2.438774607923275], [-0.9437099428352796, 0.8135859834141278]], "mse": 0.7185135111478138, "vol": 32788.38743140826, "inc": 650, "msevvol": 2.191365807943162e-05, "msevinc": 0.0011054054017658674}