{"beta": [-0.01240312207514294, -0.1300519048500807, -0.06937175388377095, -0.06269078305330797, -0.08287359659700212, 0.5004939449482327, -0.05634942727705809, 0.06515266472013338, 0.018160308353453614, 0.0466065757927205, 0.029489533692929327, -0.016521349811055866, 0.07591325171201783, -0.16587684751666926, -0.16719678348650285, -0.01026630989362026, 0.1008414541463455], "R": [[-0.1, 1.1], [-0.1, 1.0], [-0.1, 1.1], [-0.1, 1.1], [-0.09999999999999998, 1.1], [-2.679562738466629, 1.8784789946587512], [-0.976292805095683, 1.1242828737245418], [-2.2510396912444732, 0.6905785371051544], [-1.1590689968345307, 2.31791943291289], [-1.5180186531120405, 0.9982166143618094], [-1.787996875057795, 2.172291814934038], [-0.5325206490993863, 6.115344285810739], [-0.7168216464527583, 3.304913477522386], [-0.7857143967286861, 0.8341835288543015], [-0.5275743359844131, 2.438774607923275], [-0.9437099428352796, 0.39926200185177574]], "mse": 0.6309157270413878, "vol": 384038.1967957093, "inc": 635, "msevvol": 1.6428462905657428e-06, "msevinc": 0.0009935680740809257}