{"beta": [0.011012106053449612, -0.02345965170573357, -0.03092233270644128, -0.0038131821199800676, 0.012697622316643413, 0.5929305684577546, 0.1162658583384631, -0.028296387193455785, 0.05243586924373736, -0.02458438748639786, -0.007130660200941188, 0.001445239895319068, 0.002359767780437949, 0.016129834674032714, -0.019381675227620365, -0.07730172732973307, 0.0017575333812134553], "R": [[-0.1, 1.1], [-0.1, 1.1], [-0.1, 1.1], [-0.1, 1.1], [-0.1, 1.1], [-3.9918644005925885, 6.457576198303895], [-1.0784111940537748, 1.1220651665449353], [-2.251719604905245, 2.6254058790138397], [-2.4828060419456293, 2.317941267123266], [-1.5169791737417384, 2.708998760482675], [-1.887219490427016, 2.172847884726703], [-1.4032255388300936, 6.1113898898974], [-0.7175431378773933, 3.3033577420364177], [-0.7862811582964232, 2.7081113848135385], [-0.5274526967944777, 2.4394401474107608], [-0.9437002178516671, 2.5724418339902657]], "mse": 0.6160584335517805, "vol": 25317412.174206007, "inc": 3629, "msevvol": 2.4333388788425846e-08, "msevinc": 0.00016975983288833852}