{"beta": [-0.028389179304999623, -0.015491377787965442, -0.03245617517723668, -0.013270568768259737, -0.025792319053914513, 0.5728536832379685, 0.06830653170722219, -0.01523833984818496, 0.08168923617561075, -0.014904273373086958, -0.004112135951315332, 0.019460623407096832, -0.0007029296701107325, 0.016722253754258457, 0.0016616189607002406, -0.06561062485490383, 0.02023840376862738], "R": [[-0.1, 1.1], [-0.1, 1.1], [-0.1, 1.1], [-0.1, 1.1], [-0.1, 1.1], [-3.6351241692909233, 9.745791327863362], [-1.0769183989499993, 1.1236269488575596], [-2.2506388573287786, 2.626375163077166], [-2.482619941225386, 2.3173220832340404], [-1.517848309229576, 2.708801024456387], [-1.8875307746960677, 2.172004748495182], [-1.4026371056557283, 6.11292947530571], [-0.7169950228232279, 3.3032634050648815], [-0.7856874150981881, 2.7073885696402087], [-0.527513004764509, 2.439110129645856], [-0.9436399543409112, 2.571568308445986]], "mse": 0.630054068835488, "vol": 32390832.55511876, "inc": 3636, "msevvol": 1.9451616989570706e-08, "msevinc": 0.00017328219714947415}