{"beta": [0.05397482649864851, 0.07553661610150769, 0.04044847854813049, -0.006796392253632987, 0.02317022892627057, 0.39019113706431807, 0.10257787606412962, -0.0076251129516695625, 0.08794636868022078, 0.03416665856497195, 0.023715832948751323, -0.005369970804515926, 0.013076201237706383, -0.03675355182095346, 0.04171757641041754, -0.1037388896320111, -0.05876110097550946], "R": [[-0.1, 1.0], [-0.1, 1.0], [-0.1, 1.0], [-0.10000000000000003, 1.0], [-0.1, 1.0], [-1.2796009976768778, 0.25531806610058866], [-0.9769183989499992, 1.1236269488575596], [-1.462323586401113, 1.6968670160617734], [-0.6815218620801793, 2.3173220832340404], [-1.417848309229576, 2.7088010244563874], [-1.8875307746960677, 0.528190539218682], [-1.3026371056557282, 2.1626312747996894], [-0.7169950228232279, 3.3032634050648815], [-0.7856874150981881, 2.7073885696402087], [-0.527513004764509, 2.439110129645856], [-0.9436399543409112, 2.571568308445986]], "mse": 0.5460206448441002, "vol": 248867.03815557493, "inc": 782, "msevvol": 2.1940255683951397e-06, "msevinc": 0.0006982361187264708}