{"beta": [0.018501198159143552, -0.02155476956304775, -0.05256107690569148, -0.11553508392948948, 0.03319608247557891, 0.5849247550800608, 0.15569416239903083, -0.12096332243924697, 0.015121437308512817, 0.0017294373110075432, -0.007451421482687827, 0.011600098017634541, -0.005965563736060178, 0.02464903439010186, -0.06042963747530878, -0.03331047363568657, 0.00597957902375785], "R": [[-0.10000000000000003, 1.0], [-0.1, 1.0], [-0.09999999999999998, 1.0], [-0.1, 1.0], [-0.1, 1.0], [-3.9918644005925885, 0.622077656583161], [-0.9784111940537747, 1.1220651665449353], [-2.251719604905245, 0.6898547457021994], [-0.20452034801761754, 2.317941267123266], [-1.4169791737417383, 0.19341199994802688], [-1.8872194904270159, 0.5288209346652154], [-1.4032255388300938, 6.1113898898974], [-0.7175431378773933, 3.3033577420364177], [-0.7862811582964232, 0.3273780857374111], [-0.5274526967944777, 2.4394401474107608], [-0.9437002178516671, 2.5724418339902657]], "mse": 0.4344930609089304, "vol": 158177.26481826347, "inc": 396, "msevvol": 2.746874283154016e-06, "msevinc": 0.0010972046992649758}