{"beta": [-0.05079071910888458, -0.016482813373672873, -0.0827830014882785, -0.06342182532671116, -0.010197773768394744, 0.5416424635753908, 0.12659211404154955, -0.023603391847556172, 0.03074049012917805, -0.008742823097992519, 0.0012083757398151946, -0.00472587839250135, -0.009224291107533365, -0.027968412871759295, -0.0209932126813481, -0.048868849707939706, 0.01967659141445793], "R": [[-0.10000000000000003, 1.1], [-0.1, 1.1], [-0.09999999999999998, 1.0], [-0.1, 1.1], [-0.1, 1.1], [-3.9918644005925885, 1.0059954088687275], [-0.9784111940537747, 1.1220651665449353], [-2.251719604905245, 0.7604528662141842], [-0.6513894258084575, 2.317941267123266], [-1.4169791737417383, 0.9986075867929096], [-1.8872194904270159, 0.5288209346652154], [-1.3032255388300937, 6.1113898898974], [-0.7175431378773933, 1.4398650282300434], [-0.7862811582964232, 2.7081113848135385], [-0.5274526967944777, 2.4394401474107608], [-0.9437002178516671, 2.5724418339902657]], "mse": 0.49679573506946434, "vol": 728862.6393763395, "inc": 1213, "msevvol": 6.816040612186596e-07, "msevinc": 0.0004095595507580085}