{"beta": [0.03068079811257843, 0.07874266807524409, 0.020304964720366005, 0.033455609630131236, -0.010235294807356568, 0.5064839799692054, 0.08452516882637774, 0.004383992699982363, 0.11666408076840734, 0.03052679590800518, -0.025914211958134238, 0.0015625860363294728, 0.015222539437851786, -0.03172564811310882, -0.013353093239269202, -0.07562379950093144, -0.057810455339465314], "R": [[-0.1, 1.0], [-0.1, 1.1], [-0.1, 1.1], [-0.10000000000000003, 1.0], [-0.1, 1.1], [-3.6351241692909233, 1.5608071224502655], [-0.9769183989499992, 1.1236269488575596], [-1.2152360532475903, 2.626375163077166], [-0.5622580005324622, 2.3173220832340404], [-1.417848309229576, 2.7088010244563874], [-1.8875307746960677, 0.528190539218682], [-1.4026371056557283, 6.11292947530571], [-0.7169950228232279, 3.3032634050648815], [-0.7856874150981881, 2.7073885696402087], [-0.527513004764509, 2.439110129645856], [-0.9436399543409112, 2.571568308445986]], "mse": 0.575378704110558, "vol": 2769801.8993006307, "inc": 1112, "msevvol": 2.0773280004459524e-07, "msevinc": 0.0005174268921857536}