{"beta": [0.04805870116533598, 0.010063738983690701, 0.06946819568674836, 0.0693141817214393, 0.09879878644153164, 0.5372519231375678, 0.1120614580797928, -0.04753339315512085, 0.093447080087069, 0.025006445462037924, -0.03143817947325986, 0.02474188251529587, 0.005183007277384231, 0.027075146723652598, 0.052468674559920325, -0.05726466014422753, 0.06279962411392948], "R": [[-0.09999999999999998, 1.0], [-0.1, 1.1], [-0.1, 1.0], [-0.1, 1.0], [-0.1, 1.0], [-3.6351241692909237, 0.42011990242195885], [-0.9769183989499993, 1.1236269488575596], [-0.4033770157431604, 2.2439894109017153], [-0.22820144689044009, 2.2058282532675677], [-1.417848309229576, 0.9981412909820017], [-1.0156236700578178, 2.172004748495182], [-1.4026371056557283, 0.9497873416402933], [-0.7169950228232279, 2.6155313392359414], [-0.6856874150981881, 2.7073885696402087], [-0.527513004764509, 2.339110129645856], [-0.9436399543409112, 1.642766242749262]], "mse": 0.5029522263644719, "vol": 146471.7680352463, "inc": 405, "msevvol": 3.43378272216557e-06, "msevinc": 0.0012418573490480787}