{"beta": [-0.06575836053207412, 0.05737545522846924, -0.04988101038439829, -0.06306091780095796, 0.07432985111678313, 0.6639623058608893, 0.043221794837887795, -0.10390064018266545, 0.054506581618974446, -0.008969860895221535, -0.023378109756960867, 0.1476557554711255, 0.08743314343810211, -0.05263976625029438, -0.04409421339262624, -0.34763025926602525, -0.04232015658108509], "R": [[-0.1, 1.0], [-0.10000000000000002, 1.0], [-0.1, 1.0], [-0.10000000000000002, 1.0], [-0.09999999999999998, 1.0], [-2.470205330007855, 0.622077656583161], [-0.9784111940537747, 1.1220651665449353], [-0.4044161222335857, 1.3958359508220624], [0.24401771308578146, 2.317941267123266], [-1.4169791737417383, 0.9986075867929095], [-1.0152060153962723, 2.172847884726703], [-1.4032255388300936, 0.6216732582034576], [-0.7175431378773933, 2.615526837434293], [-0.7862811582964232, 1.087622518762787], [-0.5274526967944777, 2.4394401474107608], [-0.9437002178516671, 0.8143708080692991]], "mse": 0.4089682549878447, "vol": 19841.207984515702, "inc": 203, "msevvol": 2.0612064311155253e-05, "msevinc": 0.00201462194575293}