{"beta": [0.019665837379902403, 0.007486150995275905, -0.04872467831905674, -0.09313206155968502, 0.042810549153515974, 0.5813187761263164, 0.16013079544647787, -0.12309272387526012, 0.02141557720472673, -0.014429494080737537, 0.003110386164031467, -0.0027021427521723203, -0.015981251075598182, 0.04621963540951108, -0.0725182214438764, -0.016963433892447487, -0.008669589619051522], "R": [[-0.10000000000000003, 1.0], [-0.1, 1.0], [-0.09999999999999998, 1.0], [-0.1, 1.0], [-0.1, 1.0], [-3.9918644005925885, 0.622077656583161], [-0.9784111940537747, 1.1220651665449353], [-2.251719604905245, 0.30156508288627415], [-0.20452034801761754, 2.317941267123266], [-1.4169791737417383, 0.19341199994802688], [-1.8872194904270159, 0.5288209346652154], [-1.4032255388300938, 6.1113898898974], [-0.7175431378773933, 3.3033577420364177], [-0.7862811582964232, 0.3273780857374111], [-0.5274526967944777, 2.4394401474107608], [-0.9437002178516671, 2.5724418339902657]], "mse": 0.4316432602230256, "vol": 137297.76646094825, "inc": 269, "msevvol": 3.1438476484305984e-06, "msevinc": 0.0016046217852157087}