{"beta": [-0.0032876698415477356, -0.016216095862166328, -0.008346868908256115, 0.013223292082955305, 0.011541575654772056, 0.5428673890431442, -0.028543646482786338, -0.03137039016087623, 0.05065721048975274, -0.01670344277425721, 0.016435069978907504, 0.002651058739781361, 0.00281613724502538, 0.008165491156648066, -0.01359621708933009, -0.06742655941533376, 0.008895552080879452], "R": [[-0.1, 1.1], [-0.1, 1.1], [-0.1, 1.1], [-0.1, 1.1], [-0.1, 1.1], [-2.679562738466629, 7.308664912350221], [-1.076292805095683, 1.1242828737245418], [-2.2510396912444732, 2.6261580138030496], [-2.4821366099920725, 2.31791943291289], [-1.5180186531120405, 2.709040126011043], [-1.8879968750577951, 2.172291814934038], [-1.4028577002652836, 6.115344285810739], [-0.7168216464527583, 3.304913477522386], [-0.7857143967286861, 2.7073977753677876], [-0.5275743359844131, 2.438774607923275], [-0.9437099428352796, 2.570881909663535]], "mse": 0.7642539618170296, "vol": 24198027.24124313, "inc": 2427, "msevvol": 3.158331686289016e-08, "msevinc": 0.0003148965644075112}