{"beta": [0.034178596875868224, 0.03827768061430237, 0.01667044628937617, 0.037575725344415056, 0.024654989575979978, 0.5408382492100238, 0.07471149277360596, 0.00020695447665925118, 0.1130643795196586, -0.017194726881356596, -0.007721260972130115, -0.017042444119131438, 0.0025173941505489098, -0.006226921604730197, 0.042202588089682865, -0.0870920219752114, -0.05515007011978647], "R": [[-0.09999999999999998, 1.1], [-0.1, 1.1], [-0.1, 1.1], [-0.1, 1.0], [-0.1, 1.1], [-3.6351241692909233, 1.5608071224502655], [-0.9769183989499992, 1.1236269488575596], [-2.2506388573287786, 2.626375163077166], [-0.11061224117798873, 2.3173220832340404], [-1.417848309229576, 0.9981412909820018], [-1.8875307746960677, 2.172004748495182], [-1.4026371056557283, 6.11292947530571], [-0.7169950228232279, 3.3032634050648815], [-0.7856874150981881, 2.7073885696402087], [-0.527513004764509, 2.439110129645856], [-0.9436399543409112, 2.571568308445986]], "mse": 0.5055515938123065, "vol": 3182091.3747909223, "inc": 1725, "msevvol": 1.588740027446646e-07, "msevinc": 0.00029307338771727916}