{"beta": [0.028515473110512498, 0.04307550309356904, 0.02195895384191094, 0.0325199898153026, 0.04901216484762276, 0.5329461892546908, 0.07603357787737818, -0.017677807923022787, 0.08960738794511491, -0.00805612623769162, -0.005880739472711938, -0.009544250548645612, -0.054126930397542815, -0.009803650272057061, 0.029346571144057084, -0.08664272532259722, -0.06988284472288202], "R": [[-0.09999999999999998, 1.1], [-0.1, 1.1], [-0.1, 1.1], [-0.1, 1.0], [-0.1, 1.1], [-3.6351241692909233, 0.743260757954057], [-0.9769183989499992, 1.1236269488575596], [-2.2506388573287786, 2.626375163077166], [-0.11061224117798873, 2.3173220832340404], [-1.417848309229576, 0.9981412909820018], [-1.8875307746960677, 2.172004748495182], [-1.4026371056557283, 6.11292947530571], [-0.7169950228232279, 0.8523351417491218], [-0.7856874150981881, 2.7073885696402087], [-0.527513004764509, 2.439110129645856], [-0.9436399543409112, 2.571568308445986]], "mse": 0.5167202548067974, "vol": 1046703.1674350189, "inc": 886, "msevvol": 4.936645563737403e-07, "msevinc": 0.0005832057051995456}