{"beta": [0.03437903225893383, 0.0441412584775328, -0.04909271150524879, -0.05693395240992754, -0.0345715171020122, 0.5476825033929376, 0.06901862215737847, -0.05183188436357522, 0.04171145791079772, -0.0038670635639692606, -0.008497492645045719, 0.09255669148367297, 0.07288678987441223, 0.01662161663783444, -0.07900961728028877, 0.032176259454667185, 0.21849200990529152], "R": [[-0.1, 1.1], [-0.10000000000000002, 1.0], [-0.1, 1.1], [-0.10000000000000002, 1.1], [-0.09999999999999998, 1.1], [-1.5464759502662195, 1.0153025058938319], [-0.9784111940537747, 1.1220651665449353], [-0.28086941133761234, 2.6254058790138397], [0.13109269902046816, 2.317941267123266], [-1.4169791737417383, 1.8038031736377922], [-1.887219490427016, 2.172847884726703], [-1.3032255388300935, 0.6216732582034576], [-0.7175431378773933, 2.027695932832168], [-0.7862811582964232, 0.5807928967458696], [-0.5274526967944777, 2.4394401474107608], [-0.9437002178516671, 0.3998530515890575]], "mse": 0.3495099387784434, "vol": 29374.060106251673, "inc": 378, "msevvol": 1.1898591393705812e-05, "msevinc": 0.0009246294676678396}