{"beta": [-0.05213588967451643, 0.025174494020165607, -0.003188127969204129, 0.05287619955516233, 0.06732415873861432, 0.5595167069643049, 0.12517232074291262, 0.0027448388407954626, 0.09938091458682893, 0.007649079020542835, -0.057174518407204916, -0.015316800247849094, -0.1386111942686332, -0.008202178519616297, 0.04033210019017118, -0.04643125300307162, -0.06121498218936271], "R": [[-0.09999999999999998, 1.1], [-0.1, 1.1], [-0.1, 1.1], [-0.1, 1.1], [-0.1, 1.1], [-3.6351241692909237, 0.8272773803924027], [-0.9769183989499993, 1.1236269488575596], [-0.4386752347650944, 2.626375163077166], [-0.5622580005324622, 2.3173220832340404], [-1.417848309229576, 1.8034711577191944], [-1.0156236700578178, 2.172004748495182], [-1.4026371056557283, 1.3925716346984858], [-0.7169950228232279, 0.8523351417491218], [-0.6856874150981881, 2.6073885696402086], [-0.527513004764509, 2.439110129645856], [-0.9436399543409112, 2.057167275597624]], "mse": 0.574983466755709, "vol": 271835.3950504243, "inc": 884, "msevvol": 2.115189843651714e-06, "msevinc": 0.0006504337859227477}