{"beta": [-0.2510902336802755, -0.07107082705600182, 0.17901179704520276, -0.0340700169406144, -0.03736244245349452, 0.015155713507886652, -0.30548745924763376, 0.16056457081968767, -0.003949143262049275, -0.016940950003677444, 0.07636560104273053, 0.04556086264018263], "R": [[-2.7959321704778626, 6.122627160047834], [-2.746572466088649, 1.4065699819771837], [-2.877433136057892, 5.334375481884963], [-2.4563033545612583, 4.986747718998426], [-2.4742496470777513, 3.88466694903354], [-2.462565505455457, 2.6726249832016244], [-1.4050077828962335, 3.6099946272353787], [-3.452326015876494, 1.0331678143988692], [-0.5886497803447042, 1.7988029782571497], [-1.4448575338251723, 0.7921097593287006], [-0.9615978541703438, 1.139935764897052]], "mse": 0.654902725660989, "vol": 18664364.667918004, "inc": 84, "msevvol": 3.508840173845804e-08, "msevinc": 0.007796461019773678}