{"beta": [0.07423359157737132, -0.2257324264423901, -0.037426993662446575, 0.2901050515812558, -0.1819958636462809, -0.1452928975193748, -0.45029685433161715, 0.09865474030865792, -0.005286778342779567, 0.06495642610665608, 0.09130012606416657, 0.0038039588920433577], "R": [[-2.7959321704778626, 6.122627160047834], [-2.746572466088649, 3.5331412060101], [-2.877433136057892, 5.334375481884963], [-2.4563033545612583, 4.986747718998426], [-2.4742496470777513, 5.631750263799668], [-2.462565505455457, 2.6726249832016244], [-1.898207975706763, 3.6099946272353787], [-3.452326015876494, 4.224581498035601], [-0.5886497803447039, 1.7988029782571497], [-1.5448575338251729, 0.7921097593287006], [-1.0615978541703437, 1.139935764897052]], "mse": 0.985171558447894, "vol": 74011034.8849951, "inc": 72, "msevvol": 1.3311144209491743e-08, "msevinc": 0.013682938311776305}