{"beta": [0.016710725717726135, -0.1775631237383741, 0.0883387993416897, 0.532402266800587, -0.6338279257757966, -0.1341615024036399, -0.4601825044345593, 0.14859936664645473, -0.02367851028394068, 0.0691475255536179, 0.06779703549361325, -0.03973629585899087], "R": [[-2.7959321704778626, 6.122627160047834], [-2.746572466088649, 1.406569981977184], [-1.3635845564209177, 5.334375481884963], [-2.4563033545612583, 4.986747718998426], [-2.4742496470777513, 0.9199169824545071], [-1.9512996314007, 2.6726249832016244], [-1.898207975706763, 3.6099946272353787], [-3.452326015876494, 1.0331678143988692], [-0.5886497803447039, 1.7988029782571497], [-1.4448575338251728, 0.7921097593287006], [-0.9615978541703437, 1.139935764897052]], "mse": 1.1537194088773097, "vol": 8036369.954724424, "inc": 46, "msevvol": 1.435622570112095e-07, "msevinc": 0.025080856714724126}