{"beta": [-0.6096074514946288, 0.09178871863811548, 0.6918718415114604, 1.017627133465885, -0.8755305104772514, -0.31307698485671714, -0.4887006632978279, 0.3609054581589128, 0.012153924340387331, 0.18011720506116266, 0.14575734410812652, -0.13171720974837103], "R": [[-2.7959321704778626, 6.122627160047834], [-0.9577631127278852, 1.0688081113050312], [-1.3635845564209177, 5.334375481884963], [-2.4563033545612583, 4.986747718998426], [-2.4742496470777513, 0.9199169824545071], [-1.5400337573459435, 2.6726249832016244], [-1.898207975706763, 3.6099946272353787], [-0.9438990762990407, 0.8174877899590979], [-0.5886497803447039, 1.7988029782571497], [-1.4448575338251728, 0.7921097593287006], [-0.9615978541703437, 1.139935764897052]], "mse": 0.4985179410730915, "vol": 1402926.730329123, "inc": 22, "msevvol": 3.55341394739938e-07, "msevinc": 0.02265990641241325}