{"beta": [-0.03247141547738975, -0.13569774561460815, 0.020932279976947656, 0.0765135817413553, -0.0020407207756176224, -0.09489568904166305, -0.3937482368129188, 0.13627946364444488, -0.02504132774442789, 0.022049408596685412, 0.1050389491636146, 0.0544695573626431], "R": [[-2.7959321704778626, 6.122627160047834], [-2.746572466088649, 3.5331412060101], [-2.877433136057892, 5.334375481884963], [-2.4563033545612583, 4.986747718998426], [-2.4742496470777513, 5.631750263799668], [-2.462565505455457, 2.6726249832016244], [-1.8982079757067631, 3.6099946272353787], [-3.452326015876494, 4.224581498035601], [-0.5886497803447042, 1.6988029782571497], [-1.5448575338251729, 0.7921097593287006], [-1.0615978541703437, 1.139935764897052]], "mse": 0.7708058790476698, "vol": 70911034.91145268, "inc": 306, "msevvol": 1.0870041313177602e-08, "msevinc": 0.0025189734609400976}