{"beta": [-0.08030553345965517, -0.18262001658809454, 0.14176875311741655, 0.5896503854295849, -0.6386546781588555, -0.09029040029589572, -0.47848504636983197, 0.14079036465640762, -0.14406901034926314, 0.08314910991048138, 0.07089425573111423, 0.1302594782905066], "R": [[-2.7959321704778626, 6.122627160047834], [-2.746572466088649, 1.0688081113050312], [-1.3635845564209177, 5.334375481884963], [-2.4563033545612583, 4.986747718998426], [-2.4742496470777513, 0.9199169824545071], [-1.5400337573459435, 2.6726249832016244], [-1.898207975706763, 3.6099946272353787], [-3.452326015876494, 1.0331678143988692], [-0.5886497803447039, 1.7988029782571497], [-1.4448575338251728, 0.7921097593287006], [-0.9615978541703437, 1.139935764897052]], "mse": 0.5589478521945023, "vol": 6726149.141220198, "inc": 36, "msevvol": 8.310072233888988e-08, "msevinc": 0.015526329227625063}