{"beta": [0.026271288045349273, -0.2112950330398115, 0.04016472485242819, 0.3048579647850083, -0.13527921124700074, -0.21357970313276825, -0.35000279258922573, 0.11741689479015478, -0.02579452859744493, 0.060098643678004215, 0.14451192549999356, 0.014740014951679443], "R": [[-2.7959321704778626, 6.122627160047834], [-0.9577631127278852, 3.5331412060101], [-2.877433136057892, 5.334375481884963], [-2.4563033545612583, 4.986747718998426], [-2.4742496470777513, 5.631750263799668], [-2.462565505455457, 2.6726249832016244], [-1.4050077828962335, 3.6099946272353787], [-3.452326015876494, 4.224581498035601], [-0.5886497803447039, 1.7988029782571497], [-1.4448575338251726, 0.7921097593287006], [-0.9615978541703437, 1.139935764897052]], "mse": 0.400324481682445, "vol": 44032130.26545116, "inc": 41, "msevvol": 9.091644652871832e-09, "msevinc": 0.009764011748352317}