{"beta": [-0.0324714154773901, -0.13569774561460837, 0.020932279976948222, 0.0765135817413433, -0.00204072077560958, -0.09489568904165796, -0.39374823681291826, 0.13627946364444452, -0.02504132774442794, 0.022049408596685697, 0.10503894916361442, 0.05446955736264307], "R": [[-2.7959321704778626, 6.122627160047834], [-2.746572466088649, 3.5331412060101], [-2.877433136057892, 5.334375481884963], [-2.4563033545612583, 4.986747718998426], [-2.4742496470777513, 5.631750263799668], [-2.462565505455457, 2.6726249832016244], [-1.8982079757067631, 3.6099946272353787], [-3.452326015876494, 4.224581498035601], [-0.5886497803447042, 1.7988029782571497], [-1.5448575338251729, 0.7921097593287006], [-1.0615978541703437, 1.139935764897052]], "mse": 0.7708058790476701, "vol": 74011034.8849951, "inc": 306, "msevvol": 1.0414742615684493e-08, "msevinc": 0.002518973460940098}