{"beta": [-0.08180299514464037, -0.09490528826470654, 0.06553819982280305, 0.20434751568049286, -0.07164955450739056, -0.13289942767158044, -0.3886844126464605, 0.16693673727639802, -0.010734824021352212, 0.04616835759456886, 0.09803835824141008, 0.07071435589232032], "R": [[-2.7959321704778626, 6.122627160047834], [-2.746572466088649, 3.5331412060101], [-2.877433136057892, 5.334375481884963], [-2.4563033545612583, 4.986747718998426], [-2.4742496470777513, 5.631750263799668], [-2.462565505455457, 2.6726249832016244], [-1.8982079757067627, 3.6099946272353787], [-3.452326015876494, 1.212901168098679], [-0.688649780344704, 1.7988029782571497], [-1.5448575338251727, 0.7921097593287006], [-1.0615978541703437, 1.139935764897052]], "mse": 0.7647537809343474, "vol": 46860079.44665014, "inc": 274, "msevvol": 1.631994204800728e-08, "msevinc": 0.002791072193191049}