{"beta": [0.024052660569464458, -0.18703365901324023, 0.09913132119973203, 0.4976544199733254, -0.5854343613474273, -0.08877629046419981, -0.4858408276919817, 0.15158362899873112, -0.044099658804745624, 0.07402841184542595, 0.06341841983946389, -0.015034862419611742], "R": [[-2.7959321704778626, 6.122627160047834], [-2.746572466088649, 1.406569981977184], [-1.3635845564209177, 5.334375481884963], [-2.4563033545612583, 4.986747718998426], [-2.4742496470777513, 0.9199169824545071], [-1.5400337573459435, 2.6726249832016244], [-1.898207975706763, 3.6099946272353787], [-3.452326015876494, 1.0331678143988692], [-0.5886497803447039, 1.7988029782571497], [-1.4448575338251728, 0.7921097593287006], [-0.9615978541703437, 1.139935764897052]], "mse": 0.5359398473448947, "vol": 7321590.846254597, "inc": 37, "msevvol": 7.319991769535413e-08, "msevinc": 0.01448486073905121}