{"beta": [0.28862655273976107, 0.3429537121755233, 0.3802509001734629, -0.6347918995936965, 0.2861427040910659, -0.17174323206766978], "R": [[-1.3767654645611844, 3.615181352813236], [-1.761779282579846, 0.9121829326680109], [-0.06293264072788857, 1.0850455297911856], [-0.5313915329587728, 2.4180798036097926], [-1.0217648016985406, 1.1848754456205048]], "mse": 1.969647825906263, "vol": 99.73200745704128, "inc": 17, "msevvol": 0.01974940519225658, "msevinc": 0.11586163681801548}