{"beta": [-0.08824820754804735, 0.046510540739827105, -0.08736954432238929, -0.05463222979948889, 0.18483013619770527, -0.004254525621211522], "R": [[-1.3767654645611844, 3.615181352813236], [-1.761779282579846, 0.9121829326680109], [-1.2109108112469629, 2.3330237003102603], [-0.5313915329587728, 2.4180798036097926], [-1.0217648016985406, 1.1848754456205048]], "mse": 0.9611693014927889, "vol": 307.88364466379755, "inc": 106, "msevvol": 0.003121858917002121, "msevinc": 0.009067634919743292}