{"beta": [0.05315420712340982, 0.017536997004075832, -0.04625616193456626, -0.14790908285944052, 0.055980932909110284, 0.15], "R": [[-1.3767654645611844, 3.615181352813236], [-1.7617792825798457, 0.9121829326680108], [-1.3109108112469627, 2.3330237003102603], [-0.5313915329587728, 2.4180798036097926], [-0.9217648016985404, 1.0848754456205048]], "mse": 0.7180976586226733, "vol": 287.87866358887726, "inc": 79, "msevvol": 0.0024944455753351576, "msevinc": 0.009089843780033838}