{"beta": [-0.03326286364446707, -0.2783122416384693, -0.38332073488913004, 0.04166221472379665, -0.029989760925101777, 0.10473361889905566], "R": [[-1.3767654645611844, 3.615181352813236], [-1.7617792825798457, 0.9121829326680108], [-1.3109108112469627, 2.23302370031026], [-0.43139153295877275, 2.4180798036097926], [-0.9217648016985404, 1.1848754456205048]], "mse": 1.1585617021749817, "vol": 283.96549639215607, "inc": 6, "msevvol": 0.004079938291428931, "msevinc": 0.1930936170291636}