{"beta": [0.09357320231455314, 0.12369920273348389, 0.03263260445350114, -0.09975123297703264, 0.14219101426422984, 0.08858373950203811], "R": [[-1.3767654645611844, 3.615181352813236], [-1.7617792825798457, 0.9121829326680108], [-1.310910811246963, 1.0850455297911856], [-0.43139153295877297, 2.4180798036097926], [-1.0217648016985406, 1.1848754456205048]], "mse": 0.7969396393667912, "vol": 201.09438478914424, "inc": 94, "msevvol": 0.0039630128916946904, "msevinc": 0.008478081269859482}