{"beta": [0.09107223949152465, 0.09526374507942564, -0.051671436676312056, -0.13112213285170088, 0.2560328567389689, 0.003166662715142514], "R": [[-1.3767654645611844, 1.2150468804735142], [-1.761779282579846, -0.01247113908127484], [-1.2109108112469629, 1.0850455297911856], [-0.5313915329587728, 2.3180798036097925], [-1.0217648016985406, 1.0848754456205048]], "mse": 0.7742843713750371, "vol": 62.48678310618021, "inc": 41, "msevvol": 0.0123911703065165, "msevinc": 0.018884984667683832}