{"beta": [-0.0882482075480474, 0.046510540739826946, -0.08736954432238916, -0.05463222979948896, 0.1848301361977057, -0.004254525621211559], "R": [[-1.3767654645611844, 3.615181352813236], [-1.761779282579846, 0.9121829326680108], [-1.310910811246963, 2.3330237003102603], [-0.5313915329587728, 2.4180798036097926], [-1.0217648016985406, 1.1848754456205048]], "mse": 0.9611693014927892, "vol": 316.57126695647105, "inc": 106, "msevvol": 0.003036186166652172, "msevinc": 0.009067634919743295}