{"beta": [0.22816606103161063, 0.07500620945654594, -0.0642125902360393, -0.25655392569944624, 0.21858458836255618, -0.029366175264959087], "R": [[-1.3767654645611844, 1.47061737740015], [-1.761779282579846, -0.8371252108305604], [-1.310910811246963, 1.0850455297911856], [-0.5313915329587728, 2.3180798036097925], [-1.0217648016985406, 1.0848754456205048]], "mse": 1.0063896102018128, "vol": 37.86680995419521, "inc": 26, "msevvol": 0.02657708984250775, "msevinc": 0.03870729270006972}