{"beta": [-0.08824820754804742, 0.046510540739827126, -0.0873695443223892, -0.05463222979948889, 0.18483013619770527, -0.004254525621211521], "R": [[-1.3767654645611844, 3.615181352813236], [-1.761779282579846, 0.9121829326680108], [-1.310910811246963, 2.3330237003102603], [-0.531391532958773, 2.4180798036097926], [-0.9217648016985406, 1.1848754456205048]], "mse": 0.7930707546574445, "vol": 302.2249652726742, "inc": 159, "msevvol": 0.0026241073563923424, "msevinc": 0.004987866381493362}