{"beta": [-0.3045766121397438, 0.5526723077510417, -0.25584868569756497, -0.045177464313725074, -0.1373463569938062, -0.23494345613802628], "R": [[-1.3767654645611844, 3.615181352813236], [-0.8371252108305602, 0.9121829326680108], [-1.3109108112469627, 2.3330237003102603], [-0.43139153295877275, 2.4180798036097926], [-1.0217648016985406, 1.1848754456205048]], "mse": 1.2078427239035339, "vol": 200.07953012195418, "inc": 16, "msevvol": 0.006036813077116481, "msevinc": 0.07549017024397087}