{"beta": [-0.08824820754804735, 0.046510540739827105, -0.08736954432238929, -0.05463222979948889, 0.18483013619770527, -0.004254525621211522], "R": [[-1.3767654645611844, 3.615181352813236], [-1.7617792825798457, 0.9121829326680108], [-1.310910811246963, 2.3330237003102603], [-0.43139153295877297, 2.4180798036097926], [-0.9217648016985405, 1.1848754456205048]], "mse": 0.7930707546574445, "vol": 291.97821489657844, "inc": 159, "msevvol": 0.0027161983812331956, "msevinc": 0.004987866381493362}