{"beta": [0.022676414554680054, 0.4799490108257825, -0.42698835106925004, -1.3888646519935015, -0.06366579188417744, -0.3552641342430802, 0.3506616938323495], "R": [[-1.7201851746019652, 1.1572751247156892], [-1.13130082502003, 0.3638011339393603], [-1.2772928491263928, 0.014175616399830337], [0.1147880973910366, 0.41854186267069554], [0.23635565649579493, 2.6468930877108248], [0.30579062204234964, 1.255035242192605]], "mse": 0.025300054016978185, "vol": 3.8616921674189526, "inc": 5, "msevvol": 0.006551546037365282, "msevinc": 0.005060010803395637}