{"beta": [-0.1715507803930545, 0.03140161184311652, 0.19337635187629854, -0.005675197057408121, 0.0001591771122620702, -0.18454319150743956, -0.06566294683646395], "R": [[-0.4326521070968158, 1.0170250883784726], [-1.0618306677398395, 0.1798522652534229], [-1.1934563591118503, 1.4201814656607086], [0.10227290849367954, 26.016148822943872], [-0.9565511514060262, 18.730810247203966], [0.3174982066382517, 4.357104412223306]], "mse": 0.1294892071446813, "vol": 9695.860196081998, "inc": 72, "msevvol": 1.3355102541289385e-05, "msevinc": 0.0017984612103427956}