{"beta": [0.17535669953548613, -0.13921960628530491, 0.9321856110575587, -0.32519268522941, -0.45502119494197174, -0.8752673393794094, 1.3630862754734785], "R": [[-0.14271666800175814, 0.43715421018835726], [-0.8772525341470422, 0.1798522652534229], [-0.8284389259518233, -0.15575806418771104], [-0.05296202997252614, 26.016148822943872], [-0.07732809863990942, 18.730810247203966], [0.6917607961688321, 1.5584741613975446]], "mse": 0.45401816419409396, "vol": 175.22898208044992, "inc": 15, "msevvol": 0.002590999267379458, "msevinc": 0.030267877612939597}