{"beta": [0.12133313197837146, -0.20704499433877413, 0.18305068590451634, -0.001835610522968117, -0.05153857860842155, -0.057884014336563434, -0.35417607814529517], "R": [[-1.6201851746019649, 1.720185174601965], [-1.13130082502003, 1.4962299892472228], [-1.2772928491263928, 1.334098499843903], [0.7908970715424408, 26.150966377476646], [-0.9760197726155687, 19.14347425562218], [-3.2618580923840885, 4.1252797458964094]], "mse": 0.01651008730728345, "vol": 86388.92951237112, "inc": 32, "msevvol": 1.9111346095472985e-07, "msevinc": 0.0005159402283526078}