{"beta": [-0.18121838112619595, 0.24250653385484688, 0.05159302528481698, -0.007898340205681193, -0.019601392062696198, -0.10785865510409637, -0.11579633706608079], "R": [[-0.4326521070968158, 0.727089649283415], [-1.0618306677398395, -0.05755148725200787], [-1.1934563591118503, 0.2697662843196911], [0.0070342198085576735, 26.016148822943872], [-0.10202621132037265, 18.730810247203966], [0.7311568582246827, 4.357104412223306]], "mse": 0.1568225374364601, "vol": 3026.836681396955, "inc": 30, "msevvol": 5.181070336576035e-05, "msevinc": 0.00522741791454867}