{"beta": [-0.06951707638985394, -0.025291100146312938, 0.0540550109559767, -0.02273265035315626, -0.03788445996873328, -0.12833708651253584, 0.014775671520516257], "R": [[-1.720185174601965, 1.720185174601965], [-1.13130082502003, 1.4962299892472228], [-1.2772928491263928, 1.334098499843903], [-0.23821647948833946, 26.150966377476646], [-0.9760197726155687, 19.14347425562218], [-0.934039085909002, 4.1252797458964094]], "mse": 0.3896244419430266, "vol": 63410.331139977265, "inc": 2423, "msevvol": 6.144494673635075e-06, "msevinc": 0.00016080249357945794}