{"beta": [-0.017594621978367694, 0.3664955886812505, -0.1542078563017829, -0.004858265306465556, -0.01151366542465102, -0.07991281849100389, -0.16625684047383615], "R": [[-1.3887301496588271, 1.720185174601965], [-1.13130082502003, 1.4962299892472228], [-1.2772928491263928, 1.334098499843903], [0.810762911016324, 26.150966377476646], [-0.9760197726155687, 1.3749961124314516], [-3.2618580923840885, 1.8943224353550219]], "mse": 0.01218059345219791, "vol": 6552.732634207133, "inc": 11, "msevvol": 1.8588570802678166e-06, "msevinc": 0.0011073266774725371}