{"beta": [-0.6246694502183966, 0.40413569462188953, 0.13611457542220814, 0.00641437138695294, -0.001006015616315844, -0.5130210263950579, 0.7429452819014284], "R": [[-0.43265210709681584, 0.7270896492834149], [-1.0618306677398395, -0.16528501764974957], [-0.9370526280665885, 0.2697662843196911], [-0.0352075884945402, 26.016148822943872], [-0.25834769927758816, 18.730810247203966], [0.7311568582246827, 4.357104412223306]], "mse": 0.24835416976330774, "vol": 2250.7816974853176, "inc": 53, "msevvol": 0.00011034129611093828, "msevinc": 0.004685927731383164}