{"beta": [-0.06818253248337434, -0.0019349933013627478, 0.019010989240130154, -0.028117533354901976, -0.040848843944775656, -0.09966712474214923, -0.0005997138593166676], "R": [[-1.720185174601965, 1.720185174601965], [-1.13130082502003, 1.496229989247223], [-1.2772928491263928, 1.3340984998439032], [-0.23821647948833943, 26.150966377476646], [-0.9760197726155687, 19.14347425562218], [-3.261858092384089, 4.1252797458964094]], "mse": 1.970592755837538, "vol": 92585.75552845064, "inc": 2902, "msevvol": 2.1283973377870157e-05, "msevinc": 0.0006790464355056989}