{"beta": [-0.1359169547665108, 0.2898446547445393, 0.1294357903579213, -0.00838287376591054, -1.9871511589168565e-07, -0.12655628418836992, -0.07538413601944133], "R": [[-1.302458424381989, 1.0170250883784726], [-1.0618306677398395, 0.1798522652534229], [-1.1934563591118503, 0.5183709802712647], [0.11337088248292038, 26.016148822943872], [-0.20856384815795226, 18.730810247203966], [0.5932706410292057, 4.357104412223306]], "mse": 0.07164595854740934, "vol": 9103.415373089578, "inc": 101, "msevvol": 7.870228437471997e-06, "msevinc": 0.0007093659262119736}