{"beta": [0.15162205547472857, 0.7389077804173978, -0.940553149205071, 0.2581600313343671, -0.7553446277616768, 0.0775043774125645, -0.8629107716523389], "R": [[0.0, 0.6943650748294136], [-1.13130082502003, 1.4962299892472233], [-1.2772928491263928, 0.704315820475129], [0.3183408748336971, 26.150966377476646], [-0.9760197726155688, 0.776630527198492], [0.8288437800843271, 1.7587160610478425]], "mse": 0.11643508372910179, "vol": 152.2091292198523, "inc": 13, "msevvol": 0.0007649678066347904, "msevinc": 0.008956544902238598}