{"beta": [0.8599343108294871, -4.731147662631224, 1.9062248504220776, -0.3448728815983088, -1.2966309063957766, -0.7141314561959129, -0.7091306310671299], "R": [[-0.4629100498862757, 0.6943650748294136], [-1.13130082502003, 1.4962299892472228], [-1.2772928491263928, 1.334098499843903], [0.810762911016324, 26.150966377476646], [-0.9760197726155687, 0.9243957851876053], [1.0225671719517262, 1.8943224353550219]], "mse": 0.015653273877326283, "vol": 333.35705453986935, "inc": 8, "msevvol": 4.6956480038895226e-05, "msevinc": 0.0019566592346657854}