{"beta": [0.07251604463525234, 0.1114331708984666, -0.20140888284285932, -0.43368437355901923, -0.22518353444820552, 0.24057004433579576, -0.4996978038056123], "R": [[0.23145502494313785, 1.1572751247156892], [-0.9545908512891846, -0.5105954653597042], [-0.9322954880710106, -0.2621698321921654], [-0.23821647948833946, 0.4853608265403498], [0.0419982871178996, 1.1265297811328832], [0.6157480490301882, 1.3712692773130444]], "mse": 0.06371957691952253, "vol": 0.16331838787141337, "inc": 6, "msevvol": 0.390155559027997, "msevinc": 0.010619929486587089}