{"beta": [-0.22066753379798967, -0.06795665166154585, 0.04012096283531352, -0.05775747516762531, -0.047147347533036336, -0.09258075649104475, -0.010211275957538792], "R": [[-0.7225875461918736, 1.6968959665685883], [-1.0618306677398395, 1.5755795222543154], [-1.1934563591118503, 1.4201814656607088], [-0.23792987968180157, 26.016148822943872], [-0.9565511514060261, 18.730810247203966], [-3.1508650991369676, 4.357104412223306]], "mse": 0.5264674026765411, "vol": 64722.09257405238, "inc": 1760, "msevvol": 8.134276593022368e-06, "msevinc": 0.00029912920606621653}