{"beta": [0.05688298868817521, -0.1618633317587849, 0.13176596634308527, -0.0046445125103916724, -0.04959820846019486, -0.03458772302343234, -0.34395477789285017], "R": [[-1.1572751247156892, 1.720185174601965], [-1.13130082502003, 1.4962299892472228], [-1.2772928491263928, 1.334098499843903], [0.5569162898008055, 26.150966377476646], [-0.9760197726155687, 19.14347425562218], [-3.2618580923840885, 4.1252797458964094]], "mse": 0.03395627212611797, "vol": 75103.71021983492, "inc": 55, "msevvol": 4.521250951081523e-07, "msevinc": 0.0006173867659294177}