{"beta": [-0.1150320533831565, 0.03353619850034773, 0.06284301499668032, -0.016618487869489895, -0.024672103233250885, -0.18168501363087122, -0.023141357770212475], "R": [[-0.43265210709681584, 1.5968959665685882], [-1.0618306677398395, 1.5755795222543154], [-1.1934563591118503, 1.4201814656607088], [-0.23792987968180157, 26.016148822943872], [-0.13781563247483458, 18.730810247203966], [0.7311568582246827, 4.357104412223306]], "mse": 0.1935916213148465, "vol": 25129.33545292691, "inc": 330, "msevvol": 7.703809823283573e-06, "msevinc": 0.000586641276711656}