{"beta": [-0.21244660416035416, -0.09137369807950904, 0.03826860306643574, -0.04230301633327399, -0.037017650177166024, -0.21455341021860153, 0.0504843699536016], "R": [[-1.6923938634770468, 1.6968959665685883], [-1.0618306677398395, 1.5755795222543156], [-1.1934563591118503, 1.4201814656607086], [-0.1268620254549533, 26.016148822943872], [-0.9565511514060261, 18.730810247203966], [-0.7855915309255617, 4.357104412223306]], "mse": 0.6331571332226141, "vol": 61839.47011229607, "inc": 982, "msevvol": 1.0238721840158816e-05, "msevinc": 0.0006447628647888127}