{"beta": [-0.17340483514578356, 0.07032229259066927, -0.02191558994963947, -0.032019639528628706, -0.035441947414504515, -0.14213080557730745, -0.03952319826992449], "R": [[-1.6923938634770468, 1.6968959665685883], [-1.0618306677398395, 1.5755795222543156], [-1.1934563591118503, 1.4201814656607086], [-0.1269825045045233, 26.016148822943872], [-0.5050885958325994, 18.730810247203966], [0.179611989442777, 4.357104412223306]], "mse": 0.41414507399159023, "vol": 49081.46925575393, "inc": 546, "msevvol": 8.437911094991092e-06, "msevinc": 0.000758507461523059}