{"beta": [-0.10711747698208343, -0.02828919620537119, 0.04927060452014063, -0.019051662862921932, -0.021715430366953007, -0.11340727187899714, 0.01197766595916696], "R": [[-0.6943650748294136, 1.7201851746019647], [-1.13130082502003, 1.4962299892472228], [-1.2772928491263928, 1.0095979652547684], [-0.23821647948833946, 26.150966377476646], [-0.9760197726155686, 19.14347425562218], [-0.9146667467222622, 4.1252797458964094]], "mse": 0.26421911080310123, "vol": 38823.83377615373, "inc": 860, "msevvol": 6.805590409399217e-06, "msevinc": 0.0003072315241896526}