{"beta": [-0.15780755823484238, 0.2376850813280532, 0.028477692246756482, -0.012560951351620456, 0.016811443460562486, -0.21316526165329824, 0.08109626885313322], "R": [[-0.4326521070968158, 1.6968959665685883], [-1.0618306677398395, 0.1798522652534229], [-1.1934563591118503, 1.4201814656607088], [-0.03935716499030856, 26.016148822943872], [-0.9565511514060261, 18.730810247203966], [0.7311568582246827, 4.357104412223306]], "mse": 0.12918285593293916, "vol": 12854.408882806121, "inc": 102, "msevvol": 1.0049692452659753e-05, "msevinc": 0.001266498587577835}