{"beta": [0.04867399903576833, 0.5142153452366721, -0.47904765203368027, -1.0267283725368532, 0.007459794820394712, -0.34858029723455475, 0.18411492892593917], "R": [[-1.7201851746019652, 1.1572751247156892], [-1.13130082502003, 0.3638011339393603], [-1.1772928491263928, 0.014175616399830337], [0.1147880973910366, 0.41854186267069554], [0.23635565649579493, 2.6468930877108248], [0.1508119085484304, 1.3712692773130444]], "mse": 0.04418417893280623, "vol": 4.580584159462537, "inc": 10, "msevvol": 0.009645970337982084, "msevinc": 0.004418417893280623}