{"beta": [-0.22066753379798967, -0.06795665166154585, 0.04012096283531352, -0.05775747516762531, -0.047147347533036336, -0.09258075649104475, -0.010211275957538792], "R": [[-0.7225875461918736, 1.6968959665685883], [-1.0618306677398395, 1.5755795222543156], [-1.1934563591118503, 1.4201814656607088], [-0.23792987968180163, 26.016148822943872], [-0.9565511514060261, 18.730810247203966], [-3.1508650991369676, 4.357104412223306]], "mse": 0.6031553032860079, "vol": 64722.092574052396, "inc": 1167, "msevvol": 9.319156400820971e-06, "msevinc": 0.0005168425906478217}