{"beta": [-0.018197185865410043, 0.014748809525378217, 0.10661584711294564, -0.014830110974110279, -0.02190471298672429, 0.00969381780854729, -0.25475306417681687], "R": [[-1.720185174601965, 1.720185174601965], [-1.13130082502003, 1.4962299892472228], [-1.2772928491263928, 1.3340984998439032], [0.10131996434067059, 26.150966377476646], [-0.9760197726155688, 19.14347425562218], [-3.261858092384089, 4.1252797458964094]], "mse": 0.16360677945682844, "vol": 91394.50082565277, "inc": 273, "msevvol": 1.7901162321454138e-06, "msevinc": 0.0005992922324425951}