{"beta": [0.2952171388614355, -0.6478263052256175, 0.29554338020392695, -0.09920545519048239, -0.34200351942621265, -0.22002862845761478, -0.3974339711361166], "R": [[0.14721877109329962, 1.3069605274735303], [-1.0618306677398395, 1.5755795222543156], [-1.1934563591118503, 0.6723610734917539], [0.6961280452532362, 26.016148822943872], [0.43553986844456355, 1.7734252885914317], [-3.1508650991369676, 2.208509185319079]], "mse": 0.00865864653356962, "vol": 1036.10838216665, "inc": 4, "msevvol": 8.356892659687936e-06, "msevinc": 0.002164661633392405}