{"beta": [0.1322973464364125, 0.08790310418235554, -0.11661704586531671, -0.47471194615855183, -0.2764256368841229, 0.3082478247578713, -0.5466181324091418], "R": [[0.23145502494313785, 1.1572751247156892], [-1.03130082502003, -0.5105954653597042], [-0.9322954880710106, 0.014175616399830337], [-0.23821647948833946, 0.4853608265403498], [0.0419982871178996, 1.1265297811328832], [0.6157480490301882, 1.3712692773130444]], "mse": 0.1427573414185482, "vol": 0.27052025595542156, "inc": 7, "msevvol": 0.5277140556974517, "msevinc": 0.02039390591693546}