{"beta": [-0.06951707638985402, -0.025291100146313472, 0.054055010955977346, -0.022732650353156275, -0.037884459968733256, -0.12833708651253575, 0.014775671520516263], "R": [[-1.720185174601965, 1.720185174601965], [-1.13130082502003, 1.4962299892472233], [-1.2772928491263928, 1.3340984998439032], [-0.23821647948833946, 26.150966377476646], [-0.9760197726155688, 19.14347425562218], [-0.934039085909002, 4.1252797458964094]], "mse": 0.3896244419430265, "vol": 63410.33113997728, "inc": 2423, "msevvol": 6.144494673635071e-06, "msevinc": 0.0001608024935794579}