{"beta": [-0.09391315133786683, 0.012940951704725654, 0.03713338494364493, -0.027781138945402982, -0.02518429639905344, -0.1180997422069506, 0.03382763025067044], "R": [[-1.720185174601965, 1.720185174601965], [-1.13130082502003, 1.4962299892472228], [-1.2772928491263928, 1.3340984998439032], [-0.12036880062444943, 26.150966377476646], [-0.9760197726155688, 19.14347425562218], [-3.261858092384089, 4.1252797458964094]], "mse": 0.3612405377895663, "vol": 92172.29003980603, "inc": 1729, "msevvol": 3.9191880513499115e-06, "msevinc": 0.00020893032839188334}