{"beta": [-0.09084561797534979, -0.09912997722822948, 0.21745265111503623, -0.010366717265393283, 0.0010554323090405408, -0.02613391720389294, -0.4537078064546652], "R": [[-1.6923938634770468, 1.6968959665685883], [-1.0618306677398395, 1.5755795222543156], [-1.1934563591118503, 1.4201814656607086], [0.12283543858856727, 26.016148822943872], [-0.9565511514060261, 18.730810247203966], [-3.1508650991369676, 4.357104412223306]], "mse": 0.06772477915153147, "vol": 89418.92337104089, "inc": 211, "msevvol": 7.573875483884962e-07, "msevinc": 0.0003209705173058363}