{"beta": [-0.07473150342936759, -0.020057139629638017, 0.04144172830138231, -0.022514080981681735, -0.037038795959822755, -0.1424901514124337, 0.02497230224912639], "R": [[-1.7201851746019652, 1.720185174601965], [-1.13130082502003, 1.496229989247223], [-1.2772928491263928, 1.3340984998439032], [-0.23821647948833943, 26.150966377476646], [-0.9760197726155687, 19.14347425562218], [-1.0502731210294416, 4.1252797458964094]], "mse": 2.1754664685502196, "vol": 64867.13568259446, "inc": 2506, "msevvol": 3.3537267302739155e-05, "msevinc": 0.0008681031398843653}