{"beta": [0.8599343108289386, -4.731147662628533, 1.9062248504211996, -0.34487288159849006, -1.2966309063951529, -0.7141314561956599, -0.7091306310660483], "R": [[-0.4629100498862757, 0.6943650748294136], [-1.13130082502003, 1.4962299892472228], [-1.2772928491263928, 1.334098499843903], [0.810762911016324, 26.150966377476646], [-0.9760197726155687, 0.9243957851876053], [1.0225671719517262, 1.8943224353550219]], "mse": 0.015653273877306525, "vol": 333.35705453986935, "inc": 8, "msevvol": 4.6956480038835955e-05, "msevinc": 0.0019566592346633156}