{"beta": [-0.0968659343877781, -0.0030163618128758187, 0.16987367539784765, -0.010509407937867537, -0.0018836434279881176, -0.017862238885939918, -0.4363759781959265], "R": [[-1.5923938634770467, 1.6968959665685883], [-1.0618306677398395, 1.5755795222543156], [-1.1934563591118503, 0.5183709802712647], [0.12878061630388915, 26.016148822943872], [-0.9565511514060261, 18.730810247203966], [-3.1508650991369676, 4.357104412223306]], "mse": 0.043608735063530635, "vol": 56824.771122028666, "inc": 201, "msevvol": 7.674247375300961e-07, "msevinc": 0.00021695888091308773}