{"beta": [0.11538579622316661, 0.41774040722411626, -0.5756108256444576, 0.2181018162959711, -0.5753628865858882, 0.016971004110262287, -0.7339553637590527], "R": [[0.0, 0.6943650748294136], [-1.13130082502003, 1.4962299892472233], [-1.2772928491263928, 0.704315820475129], [0.3329851241579142, 26.150966377476646], [-0.9760197726155688, 0.776630527198492], [0.8288437800843271, 1.7587160610478425]], "mse": 0.1257126642569783, "vol": 152.12284343223502, "inc": 2, "msevvol": 0.0008263891301307324, "msevinc": 0.06285633212848915}