{"beta": [-0.17524090232592995, 0.027745834414122757, -0.024555058953132935, -0.031124331536957206, -0.027980248806134474, -0.1464696211244878, -0.0703945897379838], "R": [[-1.5923938634770467, 1.5968959665685882], [-1.0618306677398395, 0.8377092755328451], [-1.1934563591118503, 1.4201814656607086], [-0.1269825045045233, 26.016148822943872], [-0.5050885958325994, 18.730810247203966], [0.179611989442777, 4.357104412223306]], "mse": 0.3144092729900009, "vol": 33263.93205273416, "inc": 730, "msevvol": 9.451957528399223e-06, "msevinc": 0.0004306976342328779}