{"beta": [0.7890325918716895, -0.36505692702840037, 0.01621304266810853, 0.0002426895626748512, -0.9041463647424077, 0.17956097559876494, -0.3440046587637736], "R": [[-1.720185174601965, 1.720185174601965], [-1.13130082502003, 1.4962299892472228], [-1.2772928491263928, 1.3340984998439032], [2.7963057438042536, 26.150966377476646], [-0.9760197726155688, 19.14347425562218], [-3.261858092384089, 4.1252797458964094]], "mse": 0.0032677198289711557, "vol": 81939.21394229215, "inc": 6, "msevvol": 3.987980445202383e-08, "msevinc": 0.0005446199714951927}