{"beta": [-0.08926320351677045, 0.09225312089508111, 0.011987242541303376, -0.008193503500036056, 0.003913390430106426, -0.04998436771239909, -0.44386867772789906], "R": [[-1.5923938634770467, 1.6968959665685883], [-1.0618306677398395, 1.5755795222543156], [-1.1934563591118503, 1.4201814656607086], [0.18705077200940212, 26.016148822943872], [-0.9565511514060261, 18.730810247203966], [0.35689426869410235, 4.357104412223306]], "mse": 0.05562741681780917, "vol": 46121.64514985844, "inc": 78, "msevvol": 1.2061021812440683e-06, "msevinc": 0.0007131720104847329}