{"beta": [-0.0969023672204955, -0.010454434963819332, 0.05143261750051005, -0.018831586604810224, -0.034694090987692036, -0.09936492920556937, 0.012043806856628064], "R": [[-0.4629100498862758, 1.720185174601965], [-1.13130082502003, 1.496229989247223], [-1.2772928491263928, 1.3340984998439032], [-0.23821647948833943, 26.150966377476646], [-0.9760197726155687, 19.14347425562218], [-0.9146667467222622, 4.1252797458964094]], "mse": 0.29623532218458126, "vol": 40083.10731822169, "inc": 1679, "msevvol": 7.390527880804124e-06, "msevinc": 0.00017643557009206745}