{"beta": [0.08509387680497676, -2.3092677884763946, 1.8439623294949476, -0.16632887679644598, -0.5825029127185726, 0.05869889663685103, -0.3919200947116896], "R": [[-0.4326521070968158, 1.0170250883784726], [-1.0618306677398395, 1.5755795222543156], [-0.9510517274502693, 1.420181465660709], [0.6961280452532362, 2.5489707147813854], [-0.9565511514060261, 1.2469659897572498], [0.35689426869410235, 2.011528875039826]], "mse": 0.024667131209953428, "vol": 61.24636705912027, "inc": 6, "msevvol": 0.00040275256140731726, "msevinc": 0.004111188534992238}