{"beta": [-0.20450108506995227, -0.038292506108385575, -0.012992800659977113, -0.056750467593117915, -0.05597281014127664, -0.11972261609650962, -0.009753522257179164], "R": [[-1.6923938634770468, 1.6968959665685883], [-1.0618306677398395, 1.5755795222543156], [-1.1934563591118503, 1.4201814656607088], [-0.23792987968180157, 26.016148822943872], [-0.9565511514060261, 18.730810247203966], [-3.1508650991369676, 4.357104412223306]], "mse": 0.6809047688537602, "vol": 90664.77576043956, "inc": 2318, "msevvol": 7.510135696501269e-06, "msevinc": 0.0002937466647341502}