{"beta": [-0.2045010850699507, -0.0382925061083846, -0.012992800659979877, -0.05675046759311835, -0.05597281014127697, -0.11972261609650932, -0.0097535222571792], "R": [[-1.6923938634770468, 1.6968959665685883], [-1.0618306677398395, 1.5755795222543156], [-1.1934563591118503, 1.4201814656607088], [-0.23792987968180157, 26.016148822943872], [-0.9565511514060261, 18.730810247203966], [-3.1508650991369676, 4.357104412223306]], "mse": 0.6809047688537603, "vol": 90664.77576043956, "inc": 2318, "msevvol": 7.510135696501271e-06, "msevinc": 0.00029374666473415027}