{"beta": [0.0010554563708383205, -0.34165918038202886, 0.22097887948033204, -0.14737676066648475, -0.12927048103527528, -0.10679127136084732, -0.25876948490885204], "R": [[-1.3024584243819888, 1.6968959665685883], [-1.0618306677398395, 1.5755795222543156], [-1.1934563591118503, 1.420181465660709], [0.7083636194989943, 26.016148822943872], [-0.9565511514060261, 18.730810247203966], [0.35689426869410235, 2.208509185319079]], "mse": 0.03678882306025853, "vol": 19074.062172432936, "inc": 15, "msevvol": 1.9287356163401895e-06, "msevinc": 0.0024525882040172353}