{"beta": [0.13189260916614196, -0.11012959136788894, 0.12982917984760606, -0.156827247479083, -0.10522541011296979, -0.18710051331347455, -0.14286099235128732], "R": [[-0.14271666800175808, 1.6968959665685883], [-1.0618306677398395, 1.5755795222543156], [-1.1934563591118503, 1.4201814656607086], [0.8229693154025012, 26.016148822943872], [-0.9565511514060261, 18.730810247203966], [-3.1508650991369676, 2.208509185319079]], "mse": 0.04283326927419177, "vol": 33708.08287473124, "inc": 13, "msevvol": 1.2707121147581219e-06, "msevinc": 0.0032948668672455207}