{"beta": [-0.053908028961303645, -0.034515771509531466, 0.05443348751340532, -0.004954290294002699, 0.006754375838234367, -0.045021857792318896, -0.5575817641988436], "R": [[-1.3024584243819892, 1.6968959665685883], [-1.0618306677398395, 1.5755795222543156], [-1.1934563591118503, 1.4201814656607086], [0.35806151525488583, 26.016148822943872], [0.06043621328900328, 18.730810247203966], [0.35689426869410235, 4.357104412223306]], "mse": 0.017533461291170414, "vol": 39619.680912133495, "inc": 22, "msevvol": 4.425442327527884e-07, "msevinc": 0.0007969755132350188}