{"beta": [-0.3576462508086745, 0.4580057019977602, 0.10486578984885671, -0.011197574422909843, -0.012746575613786656, -0.2391755445427108, 0.35167818996443423], "R": [[-0.43265210709681584, 0.7270896492834149], [-1.0618306677398395, -0.05755148725200787], [-1.1934563591118503, 1.4201814656607088], [-0.0352075884945402, 26.016148822943872], [-0.25834769927758816, 18.730810247203966], [0.7311568582246827, 4.357104412223306]], "mse": 0.14088362468727636, "vol": 5460.327930552367, "inc": 78, "msevvol": 2.5801312023584737e-05, "msevinc": 0.001806200316503543}