{"beta": [-0.13369887458850122, 0.07458612507228463, 0.0204213482589354, -1.7956926243681781, 0.05201625311602549, 0.06530635269153985, 0.10471132153150207], "R": [[0.23145502494313785, 1.1572751247156892], [-1.13130082502003, 0.3638011339393603], [-1.2772928491263928, 0.3423659789946877], [0.1147880973910366, 0.48536082654034973], [-0.9760197726155687, 19.14347425562218], [0.36390763960256933, 1.3712692773130444]], "mse": 0.055107599014472874, "vol": 16.838247042420925, "inc": 21, "msevvol": 0.0032727634222041776, "msevinc": 0.0026241713816415654}