{"beta": [-0.3177029797657183, -0.039772144413166496, 0.3964125821204774, -0.15732187467119257, -0.029774566527292004, -0.13742878752186313, -0.03237337791856283], "R": [[-0.4326521070968158, 0.4371542101883573], [-1.0618306677398395, -0.0794881789619552], [-0.8284389259518233, 0.6168474035219851], [0.12373439765074384, 2.5489707147813854], [-0.07732809863990947, 18.730810247203966], [0.5932706410292057, 1.5584741613975446]], "mse": 0.024349387582808885, "vol": 54.36985215951052, "inc": 5, "msevvol": 0.0004478472281177543, "msevinc": 0.004869877516561777}