{"beta": [-0.07473150342936759, -0.020057139629638017, 0.04144172830138231, -0.022514080981681735, -0.037038795959822755, -0.1424901514124337, 0.02497230224912639], "R": [[-1.7201851746019652, 1.7201851746019647], [-1.13130082502003, 1.4962299892472228], [-1.2772928491263928, 1.3340984998439032], [-0.23821647948833946, 26.150966377476646], [-0.9760197726155686, 19.14347425562218], [-1.0502731210294418, 4.1252797458964094]], "mse": 0.3893136404847345, "vol": 64867.135682594475, "inc": 1676, "msevvol": 6.0017085136872685e-06, "msevinc": 0.0002322873749908917}