{"beta": [0.3071257200015414, -0.14058735333802264, 0.26627868300843427, -0.0030586247716083846, -0.3718669189658259, 0.028509882972370875, -0.13924829383981205], "R": [[-1.720185174601965, 1.720185174601965], [-1.13130082502003, 1.4962299892472228], [-1.2772928491263928, 1.3340984998439032], [2.404565209889576, 26.150966377476646], [-0.9760197726155688, 19.14347425562218], [-3.261858092384089, 4.1252797458964094]], "mse": 0.002666859074151395, "vol": 83313.62532517572, "inc": 9, "msevvol": 3.2009879101318175e-08, "msevinc": 0.0002963176749057105}