{"beta": [0.008668658823993805, -0.15936842138732768, 0.13240648483099676, -0.006714054419972141, -0.01390590726066464, -0.02876501056377685, -0.382177302475765], "R": [[-1.720185174601965, 1.720185174601965], [-1.13130082502003, 1.4962299892472228], [-1.2772928491263928, 1.3340984998439032], [0.3071975163635505, 26.150966377476646], [-0.9760197726155688, 19.14347425562218], [-3.261858092384089, 4.1252797458964094]], "mse": 0.049960173014380334, "vol": 90672.18483717738, "inc": 159, "msevvol": 5.509977850880646e-07, "msevinc": 0.00031421492461874425}