{"beta": [0.10032989854658095, -0.1798034309425698, 0.18473641823100148, -0.001234826766829816, -0.025302515094657578, -0.06889821044261399, -0.3478623465065817], "R": [[-1.720185174601965, 1.720185174601965], [-1.13130082502003, 1.4962299892472228], [-1.2772928491263928, 1.3340984998439032], [0.8107629110163241, 26.150966377476646], [-0.9760197726155688, 19.14347425562218], [-3.261858092384089, 4.1252797458964094]], "mse": 0.014410824801606435, "vol": 88905.43886498811, "inc": 29, "msevvol": 1.620915996319497e-07, "msevinc": 0.0004969249931588425}