{"beta": [-0.5361771958557494, 0.7738624019462316, -0.47087571733426353, -1.353371140687939, -0.11873153643142158, -0.38821832821077706, 0.9570338382533159], "R": [[0.23145502494313785, 1.1572751247156892], [-1.13130082502003, 0.3638011339393603], [-1.2772928491263928, 0.014175616399830337], [0.1147880973910366, 0.41854186267069554], [0.23635565649579493, 2.6468930877108248], [0.3251629612290896, 1.255035242192605]], "mse": 0.1385648413760967, "vol": 1.217138705804661, "inc": 3, "msevvol": 0.11384474153624938, "msevinc": 0.046188280458698903}