{"beta": [-0.06951707638985388, -0.025291100146306117, 0.054055010955969963, -0.022732650353156407, -0.037884459968733686, -0.12833708651253434, 0.01477567152051588], "R": [[-1.7201851746019652, 1.7201851746019647], [-1.13130082502003, 1.4962299892472228], [-1.2772928491263928, 1.3340984998439032], [-0.23821647948833946, 26.150966377476646], [-0.9760197726155686, 19.14347425562218], [-0.934039085909002, 4.1252797458964094]], "mse": 0.38036674772097695, "vol": 63410.33113997727, "inc": 1620, "msevvol": 5.9984980504410794e-06, "msevinc": 0.00023479428871665245}