{"beta": [-0.013465391573858008, 0.006988852647294051, 0.1120454072486139, -0.014207550005072851, -0.01987443613868597, 0.007569983675314079, -0.26044465137156786], "R": [[-1.720185174601965, 1.720185174601965], [-1.13130082502003, 1.4962299892472228], [-1.2772928491263928, 1.334098499843903], [0.10131996434067081, 26.150966377476646], [-0.9760197726155687, 19.14347425562218], [-3.2618580923840885, 4.1252797458964094]], "mse": 0.15322854140925582, "vol": 91394.50082565275, "inc": 272, "msevvol": 1.6765619378080502e-06, "msevinc": 0.0005633402257693229}