{"beta": [0.12960273635601216, -0.1869986230038436, 0.1668233401749617, -0.002744423433538165, -0.06216193841833406, -0.052423375307445105, -0.33826638374504986], "R": [[-1.720185174601965, 1.720185174601965], [-1.13130082502003, 1.4962299892472228], [-1.2772928491263928, 1.3340984998439032], [0.7347180700724127, 26.150966377476646], [-0.9760197726155688, 19.14347425562218], [-3.261858092384089, 4.1252797458964094]], "mse": 0.02321726739705778, "vol": 89172.24019381267, "inc": 60, "msevvol": 2.6036429438798307e-07, "msevinc": 0.0003869544566176296}