{"beta": [0.08531859440903362, 0.03486492520121661, 0.13341115094457626, 0.004827386363917408, 0.013807205832679472, -0.1807871096380316, -0.15629572561945726], "R": [[-1.720185174601965, 1.720185174601965], [-1.13130082502003, 1.4962299892472228], [-1.2772928491263928, 1.3340984998439032], [1.4004822549746319, 26.150966377476646], [-0.9760197726155688, 19.14347425562218], [-3.261858092384089, 4.1252797458964094]], "mse": 0.009431665840562284, "vol": 86836.42402257849, "inc": 26, "msevvol": 1.0861416677073136e-07, "msevinc": 0.0003627563784831647}