{"beta": [-0.09294872884288959, -0.02797191437918856, 0.16161528524897062, -0.010301357691640159, -0.000646973160066107, -0.020343857805798195, -0.4579799195231173], "R": [[-1.5923938634770467, 1.6968959665685883], [-1.0618306677398395, 1.5755795222543156], [-1.1934563591118503, 1.4201814656607086], [0.12878061630388915, 26.016148822943872], [-0.9565511514060261, 18.730810247203966], [-3.1508650991369676, 4.357104412223306]], "mse": 0.06683061847511088, "vol": 86760.71924525921, "inc": 122, "msevvol": 7.702865888673767e-07, "msevinc": 0.0005477919547140236}