{"beta": [0.08567998424591054, -0.12933095564642483, 0.14157438450164492, 0.026047144883030157, -0.09943205566627294, 0.0026090509955699307, -0.7597707689737297], "R": [[0.14721877109329962, 1.6968959665685883], [-1.0618306677398395, 1.5755795222543156], [-1.1934563591118503, 0.6723610734917539], [0.507976840301614, 26.016148822943872], [0.43553986844456355, 18.730810247203966], [0.27810214458240123, 2.208509185319079]], "mse": 0.011595478800841745, "vol": 6869.974576616089, "inc": 7, "msevvol": 1.6878488663277232e-06, "msevinc": 0.0016564969715488207}