{"beta": [-0.281862533896743, 0.2582062560807246, 0.06276462558930432, -0.0056112047654174515, -0.009615349528002567, -0.23555754719209582, 0.17933282820216234], "R": [[-0.4326521070968158, 0.727089649283415], [-1.0618306677398395, -0.05755148725200787], [-1.1934563591118503, 1.4201814656607088], [-0.035207588494540254, 26.016148822943872], [-0.2583476992775881, 18.730810247203966], [0.7311568582246827, 4.357104412223306]], "mse": 0.12938612104099456, "vol": 5460.327930552367, "inc": 49, "msevvol": 2.369566859108146e-05, "msevinc": 0.0026405330824692767}