{"beta": [0.1474041327594711, -0.41997814915067155, 0.38923729664427487, 0.3999506296291032, -0.47813650271290725, 0.1901841995240745, -0.8677497885325347], "R": [[-0.6943650748294136, 0.9258200997725514], [-1.13130082502003, 1.4962299892472233], [-1.2772928491263928, 1.3340984998439032], [0.4723022748382706, 26.150966377476646], [-0.9760197726155688, 0.776630527198492], [0.8288437800843271, 1.8168330786080622]], "mse": 0.022900810711436584, "vol": 494.31566230978024, "inc": 16, "msevvol": 4.6328312973997956e-05, "msevinc": 0.0014313006694647865}