{"beta": [-0.0826879744088168, -0.01828313758181797, 0.10381917354300417, -0.02548793785603339, -0.01530275957999018, -0.055140786636308586, -0.0637677826294776], "R": [[-1.720185174601965, 1.720185174601965], [-1.13130082502003, 1.4962299892472228], [-1.2772928491263928, 1.334098499843903], [-0.07314567288176366, 26.150966377476646], [-0.9760197726155687, 19.14347425562218], [-3.2618580923840885, 4.1252797458964094]], "mse": 0.2556474366023844, "vol": 92006.60893538638, "inc": 573, "msevvol": 2.778576882253299e-06, "msevinc": 0.0004461560848209152}