{"beta": [-0.06818253248337416, -0.0019349933013628425, 0.019010989240129766, -0.028117533354902028, -0.04084884394477562, -0.09966712474214952, -0.0005997138593166588], "R": [[-1.720185174601965, 1.720185174601965], [-1.13130082502003, 1.496229989247223], [-1.2772928491263928, 1.3340984998439032], [-0.23821647948833943, 26.150966377476646], [-0.9760197726155687, 19.14347425562218], [-3.261858092384089, 4.1252797458964094]], "mse": 0.45179336667303527, "vol": 92585.75552845064, "inc": 1936, "msevvol": 4.879728680663019e-06, "msevinc": 0.00023336434228979095}