{"beta": [-0.09084561797535037, -0.09912997722821267, 0.2174526511150263, -0.010366717265393396, 0.0010554323090403055, -0.02613391720389332, -0.45370780645465975], "R": [[-1.6923938634770468, 1.6968959665685883], [-1.0618306677398395, 1.5755795222543156], [-1.1934563591118503, 1.420181465660709], [0.12283543858856727, 26.016148822943872], [-0.9565511514060261, 18.730810247203966], [-3.1508650991369676, 4.357104412223306]], "mse": 0.08987121170823222, "vol": 89418.9233710409, "inc": 125, "msevvol": 1.0050580830112946e-06, "msevinc": 0.0007189696936658577}