{"beta": [0.04074967048992176, -0.03511432871268144, 0.07688238209339494, -0.017252953221366198, 0.020922444509670592, 0.06145251382593925, 0.029063200050161966, 0.012128872880599374, 0.008507899775677157, 0.03180776215817237, 0.24073693047452252, -0.04296678058572284], "R": [[-1.8118885190211482, 0.5409193113300172], [-2.0125996747469777, 2.308173809528907], [-2.521978111015047, 24.050349106616267], [-2.306328501214799, 5.670996570404462], [-4.241444488552639, 1.3444533905959801], [-3.1759735352273033, 9.29572167341846], [-0.9395076438021857, 15.110644293668837], [-0.6117999790190289, 2.053888317691431], [-1.0041149963561595, 1.1060539909527929], [-4.1498813091984434, 3.3012268919967234], [-1.8909183913560328, 3.296846054511241]], "mse": 0.9590318071456314, "vol": 523914219.3567106, "inc": 585, "msevvol": 1.8305130338382131e-09, "msevinc": 0.0016393706105053529}