{"beta": [0.09053601681675022, 0.10360275454336527, 0.08649803594735055, 0.05777549868153742, -0.042852135959258235, 0.06944916316771141, 0.0019842073445855597, 0.19489597531593558, 0.03701394994552319, 0.05875109059242747, 0.2082354801977669, -0.06464119503950232], "R": [[-1.8118885190211482, 1.385722247711704], [-0.6076880713929476, 2.308173809528907], [-2.5219781110150468, 1.0703845549595874], [-2.306328501214799, 5.670996570404462], [-4.241444488552639, 0.4451258694240754], [-3.1759735352273033, 9.29572167341846], [-0.9395076438021857, 15.110644293668837], [-0.6117999790190289, 1.9538883176914308], [-1.0041149963561595, 1.1060539909527929], [-2.0894635327856683, 0.24767463587159821], [-1.8909183913560328, 3.296846054511241]], "mse": 0.9562626591625522, "vol": 16454153.847553294, "inc": 214, "msevvol": 5.811679336550915e-08, "msevinc": 0.0044685170988904305}