{"beta": [0.1075073500277361, 0.06135639206738004, 0.789652965600052, 0.27185819977856, -0.8209183380169357, 0.7569351672464882, 1.075496618461497, -0.15217860304896103, 0.07654747613872466, -0.1870395463950957, 0.04394885113946858, 0.8150892362286538], "R": [[-1.6572237442263518, 0.18897304514694946], [-2.1678075959963774, -0.4170307524955992], [-1.5932941107585852, 0.15675842058393097], [-2.4014857337967093, 0.17863586606614978], [-1.4405586341339367, -0.08866615309115944], [-1.1792111054247978, -0.1444129965335187], [-0.8747640367327925, 0.2884142852559196], [-0.21340330868756002, 8.818084865187856], [-0.25036706077527937, 6.750392678051216], [-3.4045536263392084, 1.5692473101393178], [-1.7491367298818628, 0.7901955144817883]], "mse": 0.6951492755378884, "vol": 18965.16132892779, "inc": 21, "msevvol": 3.665401329740174e-05, "msevinc": 0.03310234645418516}