{"beta": [-0.23262929929066967, 0.33468257323186734, 0.27214545397445994, -0.25400554151710975, 0.005985803469620636, 0.48851370889830553, -0.2409931723994758, 0.07663357573201751, 0.10071344743346228, 0.32360940370488617, 0.5458206801676426, -0.07992011593963616], "R": [[-1.4302875402272535, -0.30388362505166944], [-0.2642902810366238, 2.308173809528907], [-0.9327348884530066, 0.7485882807376384], [-0.501709307435235, 0.7767550878994383], [-4.241444488552639, 1.164587886361599], [-1.1880204262048784, 0.21203468835107708], [-0.9395076438021857, 15.110644293668837], [-0.6117999790190289, 1.9538883176914312], [-1.0041149963561595, 1.1060539909527929], [-1.2349650017453246, 3.3012268919967234], [-1.8909183913560328, 0.20645455264808898]], "mse": 1.160224515428931, "vol": 38973.95138543894, "inc": 22, "msevvol": 2.9769229810821867e-05, "msevinc": 0.05273747797404232}