{"beta": [-0.06213142139535445, 0.37670397371252645, -0.44231218959617796, 0.315887011834513, 0.13132710721714053, -0.18650031241136758, -0.15034146554968983, 0.019088884562532892, 0.25214766015024576, -0.4285093855422186, 0.15803311974744774, 0.0984321863522219, -0.008117978956991213, -0.1773959608260512, -0.19410900791178032, -0.22196683231666106, -0.23572549379256166, 0.004541716926328988, -0.10918568652387443, 0.082119624973962, -0.03042165124624494, -0.03879064861932032, -0.10430866799787589, 0.19219223265163682, -0.09087459846418149, 0.145159669219896, -0.07660340044398299, 0.052755929970391864], "R": [[-0.1, 1.1], [-0.10000000000000003, 1.1], [-0.1, 1.1], [-0.1, 1.1], [-0.1, 1.1], [-0.09999999999999999, 1.1], [-0.09999999999999998, 1.1], [-0.1, 1.1], [-0.1, 1.1], [-0.09999999999999999, 1.0], [-0.10000000000000009, 1.1], [0.0, 1.1], [-0.1, 1.1], [-0.09999999999999999, 1.1], [-0.09999999999999999, 1.1], [-0.09999999999999999, 1.1], [-0.09999999999999998, 1.1], [-0.09999999999999998, 1.1], [-0.10000000000000003, 1.1], [-0.09999999999999999, 1.1], [-2.4981993196613552, 1.664751471829769], [-2.048731692570825, 1.465650772872562], [-2.7506561756272165, 0.928516782867151], [-2.5468817033043174, 3.9147135853931747], [-1.7919422551589224, 1.0610925633514556], [-1.335654730362813, 5.625192628894896], [-1.427984621655857, 2.377114349452829]], "mse": 0.7454311198250048, "vol": 846687.5957343243, "inc": 419, "msevvol": 8.804086933368845e-07, "msevinc": 0.0017790718850238777}