{"beta": [-0.09873080432657766, 0.34676933915354147, 0.04393439506921001, -0.08855735125975739, -0.008325786984758766, 0.6832642774718831, -0.264521102587115, 0.05734430010483221, -0.03195317528430849, 0.2987436775643494, 0.25319983567314747, -0.08263776183161846], "R": [[-1.4302875402272535, -0.30388362505166944], [-0.2642902810366238, 2.308173809528907], [-1.0973748427060965, 0.7485882807376384], [-0.501709307435235, 0.5636776886769926], [-4.241444488552639, 0.8048568778928372], [-1.1880204262048784, 0.21203468835107708], [-0.9395076438021857, 15.110644293668837], [-0.6117999790190289, 2.053888317691431], [-1.0041149963561595, 1.1060539909527929], [-1.2349650017453246, 3.3012268919967234], [-1.8909183913560328, 0.20645455264808898]], "mse": 0.9949115791578917, "vol": 34583.1882944339, "inc": 21, "msevvol": 2.8768648242823257e-05, "msevinc": 0.04737674186466151}