{"beta": [0.08777071019349258, -0.029162770530260087, 0.038116099069193284, -0.05690250842792151, -0.07862227319016392, 0.09879689338768631, 0.016005570131813154, 0.07708245662903623, 0.3445757152050036, -0.15715087800963867, 0.2520554876338895, -0.5438649686489995], "R": [[-1.7118885190211481, 1.385722247711704], [-2.0125996747469777, 2.308173809528907], [-2.521978111015047, 24.050349106616267], [-2.306328501214799, 5.670996570404462], [-4.241444488552639, 0.3551931173068849], [-3.1759735352273033, 9.29572167341846], [-0.9395076438021857, 15.110644293668837], [-0.6117999790190289, 1.953888317691431], [-0.9041149963561594, 1.206053990952793], [-4.1498813091984434, 0.4817679970054517], [-1.8909183913560328, 2.0224542440752193]], "mse": 0.8631970004928975, "vol": 256169918.33583248, "inc": 148, "msevvol": 3.3696267153478473e-09, "msevinc": 0.005832412165492551}