{"beta": [-0.03951443008601087, 0.044124829480047714, 0.10272337631227825, -0.020499495412226048, 0.1257457326242201, 0.047326302987777, -0.03239001083801077, 0.06874702130986858, 0.05435421315646933, 0.07655561106493117, 0.36489229554613073, -0.1668515544723182], "R": [[-1.8118885190211482, -0.022282646257774763], [-0.8137267456067416, 2.308173809528907], [-1.3642911321770153, 24.050349106616267], [-1.354018904325017, 5.670996570404462], [-4.241444488552639, 5.041763475283599], [-3.1759735352273033, 0.3923448167408592], [-0.9395076438021857, 15.110644293668837], [-0.6117999790190289, 1.9538883176914312], [-1.0041149963561595, 1.1060539909527929], [-4.1498813091984434, 3.3012268919967234], [-1.8909183913560328, 0.3855606395678681]], "mse": 0.8324988873173584, "vol": 48702828.86282305, "inc": 165, "msevvol": 1.7093440088709927e-08, "msevinc": 0.005045447801923384}