{"beta": [0.07680627726438566, -0.05585621161722844, 0.7809561173538707, 0.14147171540383693, -0.9242364157856537, 1.052534620326566, 1.0074221301155586, -0.6276312487811684, 0.7401392342364748, -0.20785095131446757, 0.12601240121753374, 0.7269712356299888], "R": [[-1.129738947262551, 0.18897304514694946], [-2.1678075959963774, -0.4170307524955992], [-1.5932941107585852, 0.15675842058393097], [-2.4014857337967093, 5.238879065791867], [-1.4405586341339367, -0.08866615309115944], [-1.1792111054247978, -0.1444129965335187], [-0.8747640367327925, 0.2884142852559196], [-0.21340330868756002, 8.818084865187856], [-0.25036706077527937, 6.750392678051216], [-3.4045536263392084, 1.5692473101393178], [-1.8219041558567106, 1.2744752804523263]], "mse": 1.8038444123167774, "vol": 48914.43860486008, "inc": 19, "msevvol": 3.687754503099928e-05, "msevinc": 0.09493917959561986}