{"beta": [-0.02066151064632756, -0.06550008424172585, 0.1697610479112623, 0.05236050626511496, -0.7385389238741179, 0.40462302108461046, 0.24938884194324898, -0.11116575066785336, 0.11137367917039019, -0.08363313948597978, 0.49754108524858365, -0.10850193361489065], "R": [[-1.6572237442263518, 0.18897304514694946], [-1.542560418518857, -0.4170307524955992], [-3.0137220955718007, 0.15675842058393097], [-2.4014857337967093, 5.238879065791867], [-1.4405586341339367, -0.08866615309115944], [-3.014327126394013, -0.1444129965335187], [-1.2883164539645324, 0.612081296591909], [-0.21340330868756002, 8.918084865187856], [-0.25036706077527937, 6.750392678051216], [-0.3528283281235094, 1.5692473101393178], [-2.3133427231696846, 0.2507128736337793]], "mse": 0.324230281994013, "vol": 116926.87165305567, "inc": 23, "msevvol": 2.7729321533211464e-06, "msevinc": 0.01409696878234839}