{"beta": [-0.24650924163121904, -0.11276626426661092, -0.47044195441084663, 0.29153330543876804, 0.4275281604371681, -1.0007263627291298, 0.029466306740073684, -0.448355824249554, -0.06880542258883557, 0.660654459593792, -0.06794991703265839, 0.20892303233985407], "R": [[-0.3385117518168512, 1.2439426390745507], [-0.4170307524955992, 0.858569535664093], [-1.3068777464057186, 0.7660000091650291], [-2.4014857337967093, 0.6649342189804358], [-0.9899278071196775, 5.4189037710799495], [-0.7402058471072857, 0.5140948909427496], [-1.2883164539645324, 0.7132272376344058], [-0.21340330868756002, 8.918084865187856], [-0.25036706077527937, 6.750392678051216], [-1.509505042756749, -0.31430611878643977], [-0.7153374367219575, 0.9006012642367294]], "mse": 1.1602998381188647, "vol": 25488.751003539644, "inc": 6, "msevvol": 4.552203589566758e-05, "msevinc": 0.19338330635314413}