{"beta": [0.22946110012778217, -0.14094652943555222, -0.16610357102477613, 0.12020995226517453, -0.02295615927953749, -0.24261549870533924, -0.12296542169249823, -0.08442936627882501, 0.12623661011896584, -0.0019338390408518969, 0.3297521853568819, 0.0818090346018914], "R": [[-1.1486865614333561, 0.8225202901239118], [-0.6763676294642122, 1.5900577868875243], [-0.5061677342518189, 24.050349106616267], [-1.6736350031586855, 5.670996570404462], [-1.353529172919734, 0.4451258694240754], [-0.8274001694253137, 1.3045019368303457], [-0.9395076438021857, 0.6999148963176733], [-0.6117999790190289, 1.9538883176914308], [-1.0041149963561595, 1.1060539909527929], [-2.311480365623557, 0.04048172053481036], [-1.8909183913560328, 0.24272920316348745]], "mse": 0.6701075610539006, "vol": 137622.86315097852, "inc": 56, "msevvol": 4.869158697263566e-06, "msevinc": 0.01196620644739108}