{"beta": [0.0758644848586607, -0.021163586094160147, 0.11440921049154701, -0.015312483200454224, 0.031994868265298765, 0.05795389868061841, 0.013684912388064751, 0.023428166967620557, -0.0018617046625326985, 0.007826714640649475, 0.22475504049026615, -0.006796251371516189], "R": [[-1.8118885190211482, 2.048924205299496], [-2.0125996747469777, 2.308173809528907], [-2.5219781110150468, 24.050349106616267], [-2.306328501214799, 5.670996570404462], [-4.241444488552639, 5.041763475283599], [-3.1759735352273033, 9.29572167341846], [-0.9395076438021857, 15.110644293668837], [-0.6117999790190289, 2.053888317691431], [-0.9041149963561596, 1.1060539909527929], [-4.1498813091984434, 3.3012268919967234], [-1.8909183913560328, 3.296846054511241]], "mse": 0.901642760780686, "vol": 1361046255.5460012, "inc": 1308, "msevvol": 6.624629817735183e-10, "msevinc": 0.0006893293278139801}