{"beta": [0.35852672882876613, -0.1582691259838477, 0.14343849603648495, 0.4635233360469882, -0.2571809113155547, 0.22981937564801452, 0.25241377973510404, 0.16463668493091146, -0.08537493891583983, -0.08287352340951885, 0.061350089731904485, -0.010512022959112802], "R": [[-1.1486865614333561, 0.5409193113300172], [-0.4016493971791533, 2.308173809528907], [-0.670807688504909, 1.1127918159035648], [-1.0876721552969602, 1.0431018369274951], [-1.353529172919734, 0.3551931173068849], [-0.8486131257064651, 1.4635991089389775], [-0.9395076438021857, 1.3382120470990786], [-0.6117999790190289, 1.953888317691431], [-0.9041149963561594, 1.206053990952793], [-2.0264605550871706, 0.0736811853730458], [-1.1946538235091722, 0.687093671977117]], "mse": 0.548245603378429, "vol": 3350.3612485968188, "inc": 20, "msevvol": 0.00016363775805013339, "msevinc": 0.02741228016892145}