{"beta": [0.033915195059401174, -0.0743017033877696, 0.10177863646497073, -0.0021442835150277894, -0.01830048747237989, 0.053965949119379325, 0.02182079617557069, 0.024466243936686935, -0.004034869857156748, -0.07515008190238617, 0.2438629013114768, -0.006101757280286508], "R": [[-1.8118885190211482, 2.048924205299496], [-2.0125996747469777, 2.308173809528907], [-2.521978111015047, 24.050349106616267], [-2.306328501214799, 5.670996570404462], [-4.241444488552639, 5.041763475283599], [-3.1759735352273033, 9.29572167341846], [-0.9395076438021857, 15.110644293668837], [-0.6117999790190289, 2.053888317691431], [-0.9041149963561594, 1.206053990952793], [-4.1498813091984434, 3.3012268919967234], [-1.8909183913560328, 3.296846054511241]], "mse": 0.8380805098608979, "vol": 1428754307.1644907, "inc": 591, "msevvol": 5.865812656930179e-10, "msevinc": 0.0014180719286986429}