{"beta": [0.09831442250301563, -0.0007022703174411961, 0.06426999672127001, 0.03371832873879454, 0.03116779465778239, 0.06247220324748589, 0.013151276354825877, -0.011630758465314035, 0.045230362616720775, 0.0017365377090414753, 0.3113372367197266, 0.0037611184911200963], "R": [[-1.7572237442263516, 1.50768503755645], [-2.1678075959963774, 2.534311068096654], [-3.013722095571801, 10.965817738591115], [-2.4014857337967093, 5.238879065791867], [-2.982577280579566, -0.08866615309115944], [-3.014327126394013, 1.5384404936836118], [-1.2883164539645324, 0.9660920902406477], [-0.21340330868756002, 8.918084865187856], [-0.25036706077527937, 6.750392678051216], [-4.7899245497589265, 8.738392508636064], [-2.3133427231696846, 3.672922252623378]], "mse": 0.7753548673653562, "vol": 252145572.76868907, "inc": 446, "msevvol": 3.0750286782811925e-09, "msevinc": 0.0017384638281734443}