{"beta": [-0.1085589958202823, 0.21329472322372117, -0.06675811014748505, 0.19121890655468154, 0.0870571347210808, -0.25549718858565224, -0.19767010963973772, -0.025558798866391955, 0.2884920519015042, -0.465789988873066, 0.11689496540584304, 0.1589627686905516, 0.003062939396937992, -0.048453402035966306, 0.00911635936895411, -0.11248464022082962, -0.21435667349940712, -0.11540637834845018, -0.09322337811240138, 0.08512580816250298, -0.022483671485930612, -0.07544335316601286, -0.10236209312466572, 0.1927092072301052, -0.04178486254320708, 0.09105797726649364, -0.11150594929102887, 0.17171926331631993], "R": [[-0.1, 1.0], [-0.10000000000000003, 1.0], [-0.1, 1.1], [-0.1, 1.0], [-0.1, 1.1], [-0.09999999999999999, 1.0], [-0.09999999999999998, 1.0], [-0.1, 1.1], [-0.1, 1.1], [-0.09999999999999999, 1.1], [-0.10000000000000009, 1.1], [0.0, 1.1], [-0.1, 1.1], [-0.09999999999999999, 1.1], [-0.09999999999999999, 1.1], [-0.09999999999999999, 1.1], [-0.09999999999999998, 1.1], [-0.09999999999999998, 1.1], [-0.10000000000000003, 1.1], [-0.09999999999999999, 1.0], [-1.3824616217885741, 3.7962268675753306], [-1.4723062322763991, 1.624459259637371], [-2.7506561756272165, 0.928516782867151], [-1.3824105863341796, 3.9147135853931747], [-1.7919422551589224, 1.7702073729674295], [-1.335654730362813, 5.625192628894896], [-1.427984621655857, 2.377114349452829]], "mse": 0.7291201175474002, "vol": 614842.2248533026, "inc": 280, "msevvol": 1.1858653945268051e-06, "msevinc": 0.002604000419812144}