{"beta": [0.07586448485866067, -0.021163586094160174, 0.11440921049154693, -0.015312483200454308, 0.03199486826529891, 0.05795389868061836, 0.013684912388064773, 0.02342816696762054, -0.0018617046625327108, 0.007826714640649449, 0.22475504049026618, -0.006796251371516189], "R": [[-1.8118885190211482, 2.048924205299496], [-2.0125996747469777, 2.308173809528907], [-2.521978111015047, 24.050349106616267], [-2.306328501214799, 5.670996570404462], [-4.241444488552639, 5.041763475283599], [-3.1759735352273033, 9.29572167341846], [-0.9395076438021857, 15.110644293668837], [-0.6117999790190289, 2.053888317691431], [-1.0041149963561595, 1.206053990952793], [-4.1498813091984434, 3.3012268919967234], [-1.8909183913560328, 3.296846054511241]], "mse": 1.01836653027829, "vol": 1496462358.7829792, "inc": 872, "msevvol": 6.805159677430791e-10, "msevinc": 0.0011678515255484979}