{"beta": [0.02748454433845606, 0.013972694204129912, 0.04033892105571109, -0.013098813791749257, -0.020648556611046216, 0.0936031318901823, 0.05319528546245001, 0.058257941402838145, 0.047685397505366225, 0.051446147836075456, 0.30943339816819104, -0.10245520935849055], "R": [[-1.8118885190211484, 0.25931833253612246], [-0.8137267456067417, 2.308173809528907], [-2.521978111015047, 24.050349106616267], [-2.306328501214799, 0.5104083388713814], [-4.241444488552639, 0.6249913736584564], [-3.1759735352273033, 1.145404764721714], [-0.9395076438021857, 15.110644293668837], [-0.6117999790190289, 2.053888317691431], [-1.0041149963561595, 1.1060539909527929], [-4.1498813091984434, 3.3012268919967234], [-1.8909183913560328, 0.6145443709463208]], "mse": 0.8542504578013611, "vol": 17154034.02487157, "inc": 249, "msevvol": 4.979880863957636e-08, "msevinc": 0.0034307247301259484}