{"beta": [-0.15377722524104137, 0.2221559789133588, -0.09390034364386272, 0.19672176403020977, 0.058279114899725516, -0.19342116270475015, -0.19369172897583298, 0.02984736817403101, 0.35076892726875736, -0.41091117456957305, 0.1265820471617287, 0.1483098208171319, 0.009734683578947351, -0.06236711647700537, 0.046441740548549944, -0.14735139939003272, -0.18843739614149646, -0.08867168391451948, -0.13755563919504224, 0.11422429884216033, -0.004580982789615626, -0.08321972998221486, -0.12342868197046962, 0.20358660938682296, -0.0644647619735543, 0.1034181767494442, -0.09101310009147566, 0.10954073493525375], "R": [[-0.1, 1.0], [-0.10000000000000003, 1.0], [-0.1, 1.1], [-0.1, 1.0], [-0.1, 1.1], [-0.09999999999999999, 1.0], [-0.09999999999999998, 1.0], [-0.1, 1.1], [-0.1, 1.1], [-0.09999999999999999, 1.1], [-0.10000000000000009, 1.1], [0.0, 1.1], [-0.1, 1.1], [-0.09999999999999999, 1.1], [-0.09999999999999999, 1.1], [-0.09999999999999999, 1.1], [-0.09999999999999998, 1.1], [-0.09999999999999998, 1.1], [-0.10000000000000003, 1.1], [-0.09999999999999999, 1.0], [-2.4981993196613552, 3.7962268675753306], [-1.4723062322763991, 1.624459259637371], [-2.7506561756272165, 0.928516782867151], [-1.3824105863341796, 3.9147135853931747], [-1.7919422551589224, 1.7702073729674295], [-1.335654730362813, 5.625192628894896], [-1.427984621655857, 2.377114349452829]], "mse": 0.8020352436855478, "vol": 747308.7074234992, "inc": 459, "msevvol": 1.0732314981993582e-06, "msevinc": 0.0017473534720818034}