{"beta": [0.10973261064310742, 0.01702160350899182, 0.05227016103778343, 0.04039276486134492, 0.007421247443200155, 0.03774341277817032, 0.0814699099481617, 0.004848657089754664, 0.008541987525649105, 5.714788468938483e-05, 0.24103899990780114, -0.019443510090000518], "R": [[-1.7572237442263516, 2.1351698345202506], [-2.1678075959963774, 2.534311068096654], [-3.013722095571801, 10.965817738591115], [-2.4014857337967093, 5.238879065791867], [-2.982577280579566, 5.4189037710799495], [-3.014327126394013, 9.279222489638407], [-1.2883164539645324, 22.438229432520206], [-0.21340330868756002, 8.918084865187856], [-0.25036706077527937, 6.750392678051216], [-4.7899245497589265, 8.738392508636064], [-2.3133427231696846, 3.672922252623378]], "mse": 1.0344544357767613, "vol": 24801126982.633736, "inc": 914, "msevvol": 4.170997699020322e-11, "msevinc": 0.0011317882229505047}