{"beta": [0.08678085658562808, -0.17066511973006226, -0.06492215490449972, 0.06090423089285841, 0.10888744091212349, -0.17099434207307987, -0.1985641540295314, 0.003696403573251154, 0.09139037658915448, -0.03710554878900302, 0.4184214843933247, 0.10688055392727036], "R": [[-1.4302875402272535, 0.8225202901239118], [-1.0884449778918006, 1.5900577868875243], [-0.5061677342518189, 24.050349106616267], [-1.6736350031586855, 0.7767550878994383], [-1.353529172919734, 0.4451258694240754], [-0.8274001694253137, 1.3045019368303457], [-0.9395076438021857, 0.871557827620236], [-0.6117999790190289, 1.9538883176914308], [-1.0041149963561595, 1.1060539909527929], [-4.1498813091984434, 0.04048172053481036], [-1.8909183913560328, 0.34021732642362046]], "mse": 0.778973707024173, "vol": 127633.97508481372, "inc": 59, "msevvol": 6.103184567483221e-06, "msevinc": 0.01320294418685039}