{"beta": [0.11578241298886821, -0.08008840829011474, 0.057269128549796794, 0.025763122679496472, -0.0001982231624459699, 0.01966309772079619, 0.05444268979826737, -0.03951015804798341, 0.06561938177156988, 0.003448321766677218, 0.2545639540662823, -0.11574413687602521], "R": [[-1.7572237442263519, 2.1351698345202506], [-2.1678075959963774, 2.534311068096654], [-3.0137220955718007, 10.965817738591115], [-2.4014857337967093, 5.238879065791867], [-2.982577280579566, 5.4189037710799495], [-3.014327126394013, 0.869480100056926], [-1.2883164539645324, 22.438229432520206], [-0.21340330868756002, 8.918084865187856], [-0.25036706077527937, 6.750392678051216], [-0.011160862756533718, 8.738392508636064], [-2.3133427231696846, 3.6729222526233785]], "mse": 1.0306143689069882, "vol": 5067501601.441059, "inc": 413, "msevvol": 2.033772162230614e-10, "msevinc": 0.002495434307280843}