{"beta": [-0.16004628214111818, -0.21508531034427955, 0.13894192160565716, 0.17991729135088316, 0.06507536208508514, -0.037946352124574104, 0.32394166317147677, -0.6650642419315591, -0.78863837373811, 0.022854268910659677, 0.24591328596537526, -0.13820207555643585], "R": [[-1.39348134574445, 0.45271544362885097], [-1.5425604185188568, 0.03318111391370393], [-3.013722095571801, 0.10578601675842053], [-2.4014857337967093, 0.17863586606614967], [-0.9899278071196775, -0.08866615309115944], [-1.7018364129456458, 0.3468547925360781], [-1.2883164539645324, 2.11915581812511], [-0.21340330868756002, 8.918084865187856], [-0.25036706077527937, 6.750392678051216], [-1.888878845952979, 1.191685688697927], [-1.4103918158610198, 0.928202701675465]], "mse": 0.48970390635413097, "vol": 67845.48745737855, "inc": 45, "msevvol": 7.217928925070655e-06, "msevinc": 0.010882309030091799}