{"beta": [0.11452264882719145, -0.331202582608316, -0.32727526572881127, -0.07779665397582056, 0.23929392959792406, -0.19052413264661694, -0.7826927049939776, 0.6443159763139941, 0.110762754571535, -0.09804182268851298, 0.3262459202958495, 0.20094199029885804], "R": [[-1.1486865614333561, 0.8225202901239118], [-0.6763676294642122, 1.5900577868875243], [-0.5061677342518189, 0.9805809435488104], [-1.6736350031586855, 1.0431018369274951], [-1.353529172919734, 0.4451258694240754], [-0.8274001694253137, 1.3045019368303457], [-0.9395076438021857, 0.5336358066183156], [-0.6117999790190289, 1.9538883176914308], [-1.0041149963561595, 1.1060539909527929], [-2.311480365623557, 0.04048172053481036], [-1.8909183913560328, 0.34021732642362046]], "mse": 0.935463756677488, "vol": 2895.985458491759, "inc": 47, "msevvol": 0.0003230208749613962, "msevinc": 0.019903484184627406}