{"beta": [0.11065897050991542, -0.19534984165367014, 0.026469988440988104, 0.07030490208785303, -0.1652414536910669, 0.14164705973417, 0.2845987433948913, -0.09092951355847333, 0.02963118447586777, 0.011406143275440194, 0.38950467540380995, -0.10349633294692077], "R": [[-1.7572237442263516, 0.45271544362885097], [-2.1678075959963774, -0.11688950822273048], [-3.013722095571801, 0.47715638748713785], [-2.4014857337967093, 0.17863586606614967], [-2.982577280579566, 5.4189037710799495], [-3.014327126394013, 0.6290724585973365], [-1.2883164539645324, 22.438229432520206], [-0.21340330868756002, 8.918084865187856], [-0.25036706077527937, 6.750392678051216], [-0.011160862756533718, 8.738392508636064], [-2.3133427231696846, 0.25071287363377925]], "mse": 0.6525385748189757, "vol": 42520736.26665766, "inc": 147, "msevvol": 1.534636114310794e-08, "msevinc": 0.00443903792393861}