{"beta": [0.06474712253775035, -0.1435376398594752, 0.0815796496612341, -0.03224626556267457, -0.103161478251769, 0.1378693026295843, 0.19698995781724357, -0.039875007667977434, -0.04004948730593576, -0.03188679058305721, 0.3312006622177303, -0.10046849905939571], "R": [[-1.7572237442263516, 0.45271544362885097], [-2.1678075959963774, 0.2582870471183555], [-3.013722095571801, 0.2077308244094413], [-2.4014857337967093, 0.17863586606614967], [-2.982577280579566, 5.4189037710799495], [-3.0143271263940123, 0.6290724585973364], [-1.2883164539645324, 22.438229432520206], [-0.21340330868756002, 8.918084865187856], [-0.25036706077527937, 6.750392678051216], [-4.7899245497589265, 8.738392508636064], [-2.3133427231696846, 0.14281634546417754]], "mse": 1.1154467839024018, "vol": 68748653.60185209, "inc": 99, "msevvol": 1.6224998243054345e-08, "msevinc": 0.011267139231337393}