{"beta": [0.3144781471283136, 0.44794688240562525, -0.11354586982902141, 0.057271896228787755, 0.0645883576194695, -0.8180196447425531, 0.06461345074176451, 2.8165144748045496, -0.4099766885924823, 0.19844723337904943, 0.24486623026577148, -0.28355318518764727], "R": [[-1.129738947262551, 0.1889730451469494], [-0.5671013746320336, 1.233746091005179], [-0.7024906724746689, 1.1276613505936486], [-1.5234083691338514, 0.17863586606614967], [-1.8911894611481956, -0.08866615309115944], [-1.597311351441476, 0.012374595722736026], [-1.2883164539645324, 0.35921644398566743], [-0.21340330868756002, 8.918084865187856], [-0.25036706077527937, 6.750392678051216], [-0.43224559451794314, 0.9400695093924045], [-0.7680310900140885, 0.7124096453362612]], "mse": 4.42050599103223, "vol": 4592.748194243971, "inc": 5, "msevvol": 0.0009624969199427024, "msevinc": 0.884101198206446}