{"beta": [-0.4782709488108444, 0.6147317471851819, 0.11417890591092227, -0.3477168221851707, -0.19715474681462697, -0.3304823942331001, -0.3910870219330558, 0.14407472130072294, 0.17317733883216715, 0.6055868512334152, 0.3056059818567235, -1.0275329685741486], "R": [[-1.1486865614333561, -0.022282646257774763], [-0.12693116489409428, 2.308173809528907], [-1.1397821036500748, 0.4891556255509514], [-1.6736350031586855, -0.022285159184732506], [-4.241444488552639, 0.5350586215412659], [-0.7425483443007103, 1.4635991089389775], [-0.9395076438021857, 0.6838233715080582], [-0.6117999790190289, 1.9538883176914312], [-1.0041149963561595, 1.1060539909527929], [-0.8835554697334933, 0.3537136610095653], [-1.0654253810480656, 3.296846054511241]], "mse": 0.4459914460990557, "vol": 3688.120406123154, "inc": 22, "msevvol": 0.00012092648747546425, "msevinc": 0.020272338459047988}