{"beta": [0.0541761063034815, 0.3717094817403171, 0.29121314688279026, 0.3557746828847156, 0.008004742084338278, 0.538709968260559, -0.2631527649317589, 0.16234325433153987, -0.08803494776867009, -0.012098079843928888, 0.6868307783707095, -0.023716864478091158], "R": [[-1.8118885190211482, -0.022282646257774763], [-0.12693116489409428, 1.1779804384599357], [-0.5136513685360506, 0.7485882807376384], [-0.501709307435235, 1.0963711867331065], [-4.241444488552639, 1.2545206384787897], [-1.081955644799124, 0.21203468835107708], [-0.9395076438021857, 0.8715578276202361], [-0.6117999790190289, 2.053888317691431], [-1.0041149963561595, 1.1060539909527929], [-4.1498813091984434, 3.3012268919967234], [-1.8909183913560328, 0.03868429401437168]], "mse": 1.1301805576220876, "vol": 4906.857830084893, "inc": 15, "msevvol": 0.00023032673795697368, "msevinc": 0.07534537050813918}