{"beta": [-0.1547659552800903, -0.15201638281521873, -0.025409925910474918, 0.15325389518137336, 0.05280902484920043, 0.14732550467907465, 0.24891032251849946, -1.1508415918677435, 0.4263809904461778, -0.0751666332719238, 0.34649178157419497, 0.009037868806617373], "R": [[-1.39348134574445, 0.18897304514694946], [-1.5425604185188568, 0.03318111391370393], [-3.013722095571801, 0.10578601675842053], [-2.4014857337967093, 0.17863586606614967], [-0.9899278071196775, -0.08866615309115944], [-1.7750039559985642, 0.3468547925360781], [-1.2883164539645324, 22.438229432520206], [-0.21340330868756002, 8.918084865187856], [-0.25036706077527937, 6.750392678051216], [-1.888878845952979, 1.191685688697927], [-1.4103918158610198, 0.12023335119612133]], "mse": 0.5662824454708121, "vol": 274492.3557308616, "inc": 36, "msevvol": 2.0630171793419605e-06, "msevinc": 0.01573006792974478}