{"beta": [-0.251074531650384, 0.254379442581813, -0.2043048895152542, 0.008222042805870798, -0.10784291555509727, -0.3464822573005611, 0.19307687210779517, -2.2956452487823276, 2.6031746031746033, 0.04703823214543281, 0.26614529444842067, -0.46435541314365386], "R": [[-1.129738947262551, 0.1889730451469494], [-1.0173132410413366, 1.233746091005179], [-0.7024906724746689, 1.086397976068236], [-2.4014857337967093, 0.17863586606614967], [-2.982577280579566, -0.08866615309115944], [-1.597311351441476, 0.012374595722736026], [-1.2883164539645324, 0.35921644398566743], [-0.21340330868756002, 8.918084865187856], [-0.25036706077527937, 6.750392678051216], [-0.43224559451794314, 0.9400695093924045], [-0.7680310900140885, 1.0586822241131228]], "mse": 3.7692358163249406, "vol": 16851.237123363353, "inc": 6, "msevvol": 0.00022367709793241788, "msevinc": 0.6282059693874901}