{"beta": [0.07829974403585287, -0.045228022128196786, -0.13055675680281656, 0.037445799751125525, -0.11994259930519824, 0.25268834091167486, 0.06703515864080395, 0.05138795069666961, -0.04724030050209039, -0.06505652077413408, 0.08783131257830602, -0.04201210457457452], "R": [[-1.8118885190211482, 2.048924205299496], [-1.0884449778918006, 1.1779804384599357], [-0.6857749570733722, 1.3023772177707595], [-2.306328501214799, 5.670996570404462], [-1.353529172919734, 0.3551931173068849], [-0.8486131257064651, 1.4848120652201278], [-0.9395076438021857, 15.110644293668837], [-0.6117999790190289, 1.953888317691431], [-0.9041149963561594, 1.206053990952793], [-4.1498813091984434, 0.4256939340005631], [-1.1946538235091722, 0.687093671977117]], "mse": 0.646063356317316, "vol": 413999.45773105946, "inc": 57, "msevvol": 1.5605415520544207e-06, "msevinc": 0.011334444847672211}