{"beta": [0.03970081864643119, 0.2676274703913159, -0.39448380551727813, 0.1365745749523231, 0.8761175176441622, -0.16665255632786932, -0.17596740895150317, 0.00537320771805902, 0.11500670699456893, -0.3307656282331274, -0.005354991013632138, -0.011729608914386451, 0.015188798057564616, 0.07208652368772527, -0.3359380704138077, -0.07733628191723972, -0.10667040428645524, -0.2227659333409106, -0.06135802639981313, 0.10971282635676542, 0.06118060284227534, -0.013642889801317483, -0.23953494541867681, 0.20905017543969992, -0.10533355027400984, 0.13758056057523896, 0.06860405150126758, 0.3175947942768719], "R": [[-0.1, 1.1], [-0.10000000000000003, 1.1], [-0.1, 1.1], [-0.09999999999999998, 1.1], [-0.1, 1.1], [-0.1, 1.1], [-0.1, 1.1], [-0.09999999999999998, 1.1], [-0.1, 1.0], [-0.1, 1.0], [-0.09999999999999998, 1.1], [-0.09999999999999998, 1.1], [-0.10000000000000003, 1.1], [-0.1, 1.1], [-0.1, 1.1], [-0.09999999999999998, 1.1], [-0.09999999999999998, 1.1], [0.0, 1.1], [-0.10000000000000003, 1.1], [-0.1, 1.1], [-2.369984382768463, 1.3261722392055084], [-2.048731692570825, 0.4333956089013056], [-1.2189869353400473, 0.928516782867151], [-0.9440987743016933, 3.9147135853931747], [-1.1496778169907877, 3.079874271543797], [-1.335654730362813, 0.5672378987725761], [-1.9768881305200319, 0.9048554954993902]], "mse": 0.6373014234338744, "vol": 65563.43674213695, "inc": 129, "msevvol": 9.720378538733423e-06, "msevinc": 0.0049403211118905}