{"beta": [-0.11783060555162955, 0.17281753865944877, -0.030122391436613723, 0.1675827340721579, 0.1427239768921386, -0.13559270153954986, -0.20213635070779895, 0.0495301544757033, 0.273206033962471, -0.3670084869696297, 0.17107387944321684, 0.049169944224020615, 0.045597872248279735, -0.059770298607677005, 0.03846496466686113, -0.11876331280990723, -0.1435900014358959, -0.06003794924302151, -0.09994777386299425, 0.14171600316370883, -0.02731435565300592, -0.12705292376741362, -0.1807114837736547, 0.2211077365787097, -0.07382703339212422, 0.09400556684807873, -0.11134133853250851, -0.013394148242746587], "R": [[-0.1, 1.1], [-0.10000000000000003, 1.1], [-0.1, 1.1], [-0.09999999999999998, 1.1], [-0.1, 1.1], [-0.1, 1.1], [-0.1, 1.1], [-0.09999999999999998, 1.1], [-0.1, 1.1], [-0.1, 1.1], [-0.09999999999999998, 1.1], [-0.09999999999999998, 1.1], [-0.10000000000000003, 1.1], [-0.1, 1.1], [-0.1, 1.1], [-0.09999999999999998, 1.1], [-0.09999999999999998, 1.1], [-0.09999999999999998, 1.1], [-0.10000000000000003, 1.1], [-0.1, 1.1], [-2.4981993196613552, 3.7962268675753306], [-2.048731692570825, 3.70956534419748], [-2.750656175627217, 2.2215744356986065], [-2.5468817033043174, 3.9147135853931747], [-1.7919422551589224, 3.079874271543797], [-1.335654730362813, 5.625192628894896], [-1.427984621655857, 2.377114349452829]], "mse": 0.6884381764678946, "vol": 5760831.042348867, "inc": 442, "msevvol": 1.195032750322074e-07, "msevinc": 0.0015575524354477254}