{"beta": [-0.10406875451077932, 0.15559917342677226, 0.11774528214467085, 0.20080066433015975, 0.06497370164891919, -0.09567575678293977, -0.19638670926334978, 0.009027168493912685, 0.2475136551295192, -0.3479386346943805, 0.19306562348436496, 0.06794219424668604, 0.053189173148097, -0.05587486677930969, 0.011925701526267157, -0.16421160779861946, -0.12909241572006744, -0.07108900665610365, -0.1604791389743452, 0.1918338716253312, -0.027536083680398723, -0.1087128135490314, -0.21411662543256382, 0.24267478979718599, -0.07480148049009891, 0.12840601090108092, -0.05915017784755635, -0.038987374166846306], "R": [[-0.1, 1.1], [-0.1, 1.1], [-0.1, 1.1], [-0.1, 1.1], [-0.1, 1.1], [-0.1, 1.1], [-0.1, 1.1], [-0.1, 1.1], [-0.1, 1.1], [-0.1, 1.1], [-0.1, 1.1], [-0.1, 1.1], [-0.1, 1.1], [-0.1, 1.1], [-0.1, 1.1], [-0.1, 1.1], [-0.1, 1.1], [-0.1, 1.1], [-0.1, 1.1], [-0.1, 1.1], [-2.4981993196613552, 3.7962268675753306], [-2.048731692570825, 3.70956534419748], [-2.7506561756272165, 2.221574435698607], [-2.5468817033043174, 3.9147135853931747], [-1.7919422551589224, 3.079874271543797], [-1.335654730362813, 5.625192628894896], [-3.311921066360926, 2.377114349452829]], "mse": 0.7673402739577404, "vol": 8613066.854051575, "inc": 482, "msevvol": 8.909024938042651e-08, "msevinc": 0.001591992269621868}