{"beta": [-0.10406875451077972, 0.1555991734267719, 0.11774528214467028, 0.20080066433015978, 0.06497370164891879, -0.09567575678294003, -0.1963867092633504, 0.009027168493912583, 0.2475136551295189, -0.3479386346943804, 0.19306562348436462, 0.0679421942466858, 0.053189173148096826, -0.05587486677930987, 0.011925701526266935, -0.1642116077986196, -0.12909241572006763, -0.07108900665610379, -0.16047913897434565, 0.1918338716253313, -0.02753608368039885, -0.1087128135490316, -0.2141166254325634, 0.24267478979718626, -0.07480148049009923, 0.12840601090108125, -0.05915017784755651, -0.03898737416684516], "R": [[-0.1, 1.1], [-0.1, 1.1], [-0.1, 1.1], [-0.1, 1.1], [-0.1, 1.1], [-0.1, 1.1], [-0.1, 1.1], [-0.1, 1.1], [-0.1, 1.1], [-0.1, 1.1], [-0.1, 1.1], [-0.1, 1.1], [-0.1, 1.1], [-0.1, 1.1], [-0.1, 1.1], [-0.1, 1.1], [-0.1, 1.1], [-0.1, 1.1], [-0.1, 1.1], [-0.1, 1.1], [-2.4981993196613552, 3.7962268675753306], [-2.048731692570825, 3.70956534419748], [-2.7506561756272165, 2.221574435698607], [-2.5468817033043174, 3.9147135853931747], [-1.7919422551589224, 3.079874271543797], [-1.335654730362813, 5.625192628894896], [-3.311921066360926, 2.377114349452829]], "mse": 0.7673402739577404, "vol": 8613066.854051575, "inc": 482, "msevvol": 8.909024938042651e-08, "msevinc": 0.001591992269621868}