{"beta": [-0.0357327302930104, 0.22154441279943227, 0.14516367464594188, 0.25382448502801297, 0.07634291281161706, -0.25908694841711, -0.15742595279126576, -0.016974013641635605, 0.42128723582756283, -0.49101953402296206, 0.1472054586960752, 0.12428307199371723, 0.06185209227972324, -0.06946275029637625, -0.15933103174975743, -0.2418262378170383, -0.07433967790911367, -0.21054384249041305, -0.15532579492263066, 0.18870934065552836, -0.009291806582077594, -0.09273129350656814, -0.1946295871624243, 0.2644385547791088, -0.08997020568519554, 0.09106218702930477, -0.02160901221296487, 0.04283313832890755], "R": [[-0.1, 1.1], [-0.10000000000000003, 1.1], [-0.1, 1.1], [-0.09999999999999998, 1.1], [-0.1, 1.1], [-0.1, 1.1], [-0.1, 1.1], [-0.09999999999999998, 1.1], [-0.1, 1.1], [-0.1, 1.1], [-0.09999999999999998, 1.1], [-0.09999999999999998, 1.1], [-0.10000000000000003, 1.1], [-0.1, 1.1], [-0.1, 1.1], [-0.09999999999999998, 1.1], [-0.09999999999999998, 1.1], [0.0, 1.1], [-0.10000000000000003, 1.1], [-0.1, 1.1], [-2.4981993196613552, 1.664751471829769], [-2.048731692570825, 0.4333956089013056], [-1.4575985227957606, 0.928516782867151], [-2.5468817033043174, 3.9147135853931747], [-1.3165284669005914, 3.079874271543797], [-1.335654730362813, 5.625192628894896], [-3.311921066360926, 2.377114349452829]], "mse": 0.777790000742036, "vol": 974745.1571220739, "inc": 374, "msevvol": 7.979418980017852e-07, "msevinc": 0.0020796524084011657}