{"beta": [-0.13802652291839126, -0.06151527086459231, 0.01800393781980375, 0.09539791792684518, -0.3398981397588074, 0.532521798577663, -0.10129931275363548, -0.06326848867601295, 0.11283921699808887, 0.11597955128074604, 0.9515146555031434, 0.009555073379137434], "R": [[-1.129738947262551, 0.18897304514694946], [-1.542560418518857, 0.10821642498192108], [-3.013722095571801, 0.11792230338354226], [-1.7665575455909943, -0.30766248684813624], [-2.982577280579566, -0.08866615309115944], [-1.335998697681052, -0.1444129965335187], [-1.2883164539645324, 0.6828834553216571], [-0.21340330868756002, 8.918084865187856], [-0.25036706077527937, 6.750392678051216], [-0.4322455945179431, 1.5653095052432895], [-1.2999860661060787, 0.25071287363377925]], "mse": 0.3768009490688371, "vol": 13387.175408679004, "inc": 12, "msevvol": 2.8146411589150784e-05, "msevinc": 0.031400079089069756}