{"beta": [-0.00319481811406992, 0.12517858039420693, -0.5478648227491195, 0.055972276354985015, -0.0066057114465001895, -0.22261415777942142, -0.09194276852802664, 0.04761223461631625, 0.2032367438757041, -0.08787412704596524, 0.18298935581135511, 0.049181099551654894, -0.0009446048622649341, -0.05790176335288812, 0.03639650672143257, -0.09691949550789457, -0.03971656579200885, -0.0676901413419592, 0.07817468195127396, 0.17450719930980446, 0.027181282983592722, -0.022549675444267486, -0.1991961895176598, 0.22458403424024448, -0.04342788566829839, 0.0639369854755336, -0.04741756329774533, -0.11516910388767311], "R": [[-0.1, 1.0], [-0.10000000000000003, 1.1], [-0.1, 1.1], [-0.1, 1.1], [-0.1, 1.1], [-0.09999999999999999, 1.1], [-0.09999999999999998, 1.1], [-0.1, 1.1], [-0.1, 1.1], [-0.09999999999999999, 1.0], [0.0, 1.1], [0.0, 1.1], [-0.1, 1.1], [-0.09999999999999999, 1.1], [-0.09999999999999999, 1.1], [-0.09999999999999999, 1.1], [-0.09999999999999998, 1.1], [-0.09999999999999998, 1.1], [-0.10000000000000003, 1.1], [-0.09999999999999999, 1.1], [-2.4981993196613552, 1.664751471829769], [-1.234093502129186, 1.9420762331669885], [-2.7506561756272165, 2.221574435698607], [-1.3824105863341796, 3.9147135853931747], [-1.358241094570297, 3.079874271543797], [-1.335654730362813, 0.9052802667354616], [-1.0163070309042266, 0.9048554954993902]], "mse": 0.5941456454827589, "vol": 180118.7927988441, "inc": 260, "msevvol": 3.298632176300994e-06, "msevinc": 0.002285175559549073}