{"beta": [-0.05241564384772484, -0.1144643136576751, -0.03881964479238429, 0.3437893726314956, 0.024960445250050037, -0.1256030873959387, -0.5900871489080186, -1.4900464009565626, -0.031959151922469085, 0.45774953558493114, 0.07508193718196524, -0.12970007615118626], "R": [[-0.3385117518168512, 1.2439426390745507], [-2.1678075959963774, 1.0086401578005273], [-3.013722095571801, 1.7441847111498192], [-2.4014857337967093, 1.102602736603293], [-0.9899278071196775, 0.8125955009373588], [-0.7402058471072857, 0.4200223355889971], [-1.2883164539645324, 0.7132272376344058], [-0.21340330868756002, 8.918084865187856], [-0.25036706077527937, 6.750392678051216], [-1.509505042756749, -0.18157177615231834], [-0.6425700107471097, 2.160230500077197]], "mse": 0.3587220542525383, "vol": 83465.78061084675, "inc": 18, "msevvol": 4.29783381437543e-06, "msevinc": 0.019929003014029903}