{"beta": [-0.17536395203758012, -0.2453998464137474, 0.3628747259283972, -0.14311051461674673, -0.2299277390658823, 0.3904234925181619, 0.04764681961990149, -0.09728207121962375, 0.027724942282807728, 0.1802853515963974, 0.44372172318619774, -0.18749352747327605], "R": [[-1.39348134574445, 0.18897304514694946], [-1.542560418518857, -0.26696013035916477], [-3.0137220955718007, 0.20773082440944135], [-2.4014857337967093, 5.238879065791867], [-2.982577280579566, 0.3619646739230996], [-3.014327126394013, -0.1444129965335187], [-1.2883164539645324, 22.438229432520206], [-0.21340330868756002, 8.918084865187856], [-0.25036706077527937, 6.750392678051216], [0.36667531859060265, 1.5692473101393178], [-2.3133427231696846, 0.2507128736337793]], "mse": 0.6489304762141802, "vol": 2230370.538700637, "inc": 58, "msevvol": 2.9095186873847085e-07, "msevinc": 0.011188456486451382}