{"beta": [-0.15292535289611142, -0.01957607949225947, -0.25123481737056835, 0.3913450849274855, 0.34632692783980995, -0.7748035220519529, -0.0995641810649946, -0.8556679601030466, -0.06933287012810839, 0.6219908752127921, -0.0965447438435024, 0.1644402592321958], "R": [[-0.3385117518168512, 1.2439426390745507], [-0.4170307524955992, 0.858569535664093], [-3.013722095571801, 10.965817738591115], [-2.4014857337967093, 0.6649342189804358], [-0.9899278071196775, 5.4189037710799495], [-0.7402058471072857, 0.5140948909427496], [-1.2883164539645324, 0.7132272376344058], [-0.21340330868756002, 8.918084865187856], [-0.25036706077527937, 6.750392678051216], [-1.509505042756749, -0.31430611878643977], [-0.7153374367219575, 0.9006012642367294]], "mse": 0.7758437971556313, "vol": 171896.77925745927, "inc": 19, "msevvol": 4.513428352218324e-06, "msevinc": 0.0408338840608227}