{"beta": [0.2966426948092289, -0.038271007721948164, -0.18926588799398414, 0.46937567073194025, -0.07245358517775613, 0.2722665737860971, 0.18987263494442694, 0.16415051695735455, 0.03765922152300874, -0.18158764254564444, 0.10292366594068275, 0.00887921179558366], "R": [[-1.4302875402272535, 0.5409193113300172], [-1.0884449778918006, 1.4526986707449947], [-0.670807688504909, 1.1127918159035648], [-1.0876721552969602, 1.0431018369274951], [-4.241444488552639, 0.3551931173068849], [-0.8486131257064651, 1.4635991089389775], [-0.9395076438021857, 15.110644293668837], [-0.6117999790190289, 1.953888317691431], [-0.9041149963561594, 1.206053990952793], [-2.315260789950372, 0.3084152380261439], [-1.1946538235091722, 0.687093671977117]], "mse": 0.7947446855328544, "vol": 86803.24042811488, "inc": 28, "msevvol": 9.155702962391286e-06, "msevinc": 0.028383738769030515}