{"beta": [-0.022492405533572263, 0.014105618926448462, -0.0518260160089378, -0.052259863314267525, 0.04541980165532379, 0.5413832659805466, 0.1607300693303954, -0.025484385235171943, 0.04072922506194248, -0.008553282559099021, -0.049417087727741164, -0.01272088385785267, -0.031011601036070573, -0.004622396355966279, 0.008926562086255575, -0.08953061105022511, -0.006284327098811079], "R": [[-0.1, 1.0], [-0.1, 1.0], [-0.1, 1.0], [-0.1, 1.0], [-0.10000000000000003, 1.0], [-0.7088372180068021, 1.1223341216825355], [-0.9784111940537749, 1.1220651665449353], [-2.251719604905245, 2.6254058790138397], [-0.7371433905093218, 2.317941267123266], [-1.5169791737417384, 2.708998760482675], [-1.0152060153962723, 0.5288209346652153], [-1.4032255388300936, 6.1113898898974], [-0.7175431378773933, 3.3033577420364177], [-0.7862811582964232, 2.3546965738050796], [-0.5274526967944777, 2.4394401474107608], [-0.9437002178516671, 2.5724418339902657]], "mse": 0.5802617121147124, "vol": 596269.7055602383, "inc": 744, "msevvol": 9.731530995181363e-07, "msevinc": 0.0007799216560681619}