{"beta": [0.02778183179995045, 0.09429053155856318, 0.08866131797660776, 0.11412715568969817, 0.13064564981790003, 0.5510538573257361, 0.019657712406093694, 0.06287482657035079, 0.06512196306182658, 0.09014884017300728, -0.039857197118718005, 0.04568801287472497, -0.09014031598575448, -0.03828369533208632, -0.07537690224567004, -0.10509366271840039, -0.16823742137199568], "R": [[-0.1, 1.0], [-0.10000000000000003, 1.0], [-0.1, 1.0], [-0.10000000000000003, 1.0], [-0.09999999999999998, 1.0], [-1.052374638453904, 0.38497886744042475], [-1.076292805095683, 1.024282873724542], [-1.303849163537754, 0.8670765637107207], [-1.0708015322877076, 0.7829530777881054], [-1.4180186531120405, 2.709040126011043], [-1.0159391370594286, 1.3002340769356713], [-0.5325206490993861, 6.115344285810739], [-0.7168216464527583, 3.304913477522386], [-0.7857143967286861, 2.707397775367788], [-0.5275743359844131, 2.438774607923275], [-0.9437099428352796, -0.01506197971057599]], "mse": 0.7023123821376381, "vol": 48123.342143340866, "inc": 266, "msevvol": 1.4594006792913936e-05, "msevinc": 0.0026402721132993915}