{"beta": [-0.0015183958466936942, 0.037392284704084185, -0.037168320137551725, -0.03971561200293892, 0.01549955407266354, 0.551296351002913, 0.14210794813128022, -0.003837374699721249, 0.06277425322101132, -0.01271782422002759, -0.015068405175710592, 0.00031096386127800376, -0.03332217011987184, -0.016942820378432887, -0.007646437545810713, -0.07542034688462282, -0.026026879137256168], "R": [[-0.1, 1.1], [-0.10000000000000003, 1.1], [-0.1, 1.0], [-0.10000000000000003, 1.0], [-0.1, 1.1], [-3.9918644005925885, 1.4201612264858838], [-0.9784111940537747, 1.1220651665449353], [-2.251719604905245, 2.6254058790138393], [-0.6513894258084575, 2.317941267123266], [-1.5169791737417384, 0.9986075867929096], [-1.887219490427016, 0.5288209346652153], [-1.4032255388300936, 6.1113898898974], [-0.7175431378773933, 2.027695932832168], [-0.7862811582964232, 2.7081113848135385], [-0.5274526967944777, 2.4394401474107608], [-0.9437002178516671, 2.5724418339902657]], "mse": 0.5987537142654886, "vol": 1573256.879774515, "inc": 1157, "msevvol": 3.8058229521380144e-07, "msevinc": 0.0005175053710159798}