{"beta": [0.13402950272378408, 0.016843550315589744, 0.03656272223069456, 0.07067940445264355, 0.09326968771709851, 0.6158717140024668, 0.008412880940520041, -0.07158260775851658, 0.10199892574334306, -0.0347854185435381, -0.035411209354377006, -0.0643230559740438, 0.04202726439518087, 0.012509056377317664, 0.14781454841826253, -0.17896474920329383, -0.005113570910191578], "R": [[-0.1, 1.1], [-0.1, 1.1], [-0.1, 1.1], [-0.1, 1.0], [-0.09999999999999998, 1.1], [-1.5697436928289812, 0.6150973338143328], [-0.9784111940537746, 1.1220651665449353], [-2.251719604905245, 0.7604528662141843], [-0.047757234557405104, 2.317941267123266], [-1.5169791737417384, 0.9986075867929096], [-1.8872194904270163, 1.300834409695959], [-1.4032255388300936, 6.1113898898974], [-0.7175431378773933, 0.8520341236279185], [-0.7862811582964232, 2.7081113848135385], [-0.5274526967944777, 2.4394401474107608], [-0.9437002178516671, 1.643406321029782]], "mse": 0.38224071250354513, "vol": 189250.405412032, "inc": 332, "msevvol": 2.0197616574259837e-06, "msevinc": 0.0011513274472998347}