{"beta": [-0.011059677510934302, -0.020113537092297226, 0.02513601057040268, 0.07080136865947503, 0.056135176669110554, 0.5471455120569853, -0.04075002579671866, 0.025992552539621985, 0.03671454253290055, 0.0026924197852381784, 0.009278228986237806, 0.02099591661242496, -0.012028958353861273, 0.006719225148994815, 0.016407618878850904, -0.044384839010196624, 0.023956979679164245], "R": [[-0.1, 1.0], [-0.1, 1.0], [-0.09999999999999998, 1.0], [-0.10000000000000003, 1.0], [-0.1, 1.0], [-2.679562738466629, 7.308664912350221], [-1.076292805095683, 1.024282873724542], [-2.2510396912444732, 0.6905785371051545], [-2.4821366099920725, 2.31791943291289], [-0.6126068972874238, 0.9982166143618095], [-1.8879968750577951, 2.172291814934038], [-1.4028577002652836, 1.3933219788153568], [-0.7168216464527583, 3.304913477522386], [-0.7857143967286861, 2.707397775367787], [-0.5275743359844131, 2.438774607923275], [-0.9437099428352796, 1.6422339465388316]], "mse": 0.7926403388283939, "vol": 940286.2519306905, "inc": 1229, "msevvol": 8.429776966331954e-07, "msevinc": 0.0006449473871671228}