{"beta": [-0.053168701308112534, -0.0224054137715775, -0.045891706912592214, -0.04691154550560236, -0.009811790365597409, 0.6304258092254262, 0.1065064150683785, -0.027085561325522322, 0.057339246912048565, 0.0002298664009941712, -0.013788987408873134, -0.01828855066532602, 0.0015644396836526847, 0.0008614833324077549, -0.043569583886420994, -0.1446684080711056, -0.02720240608731944], "R": [[-0.10000000000000003, 1.1], [-0.10000000000000003, 1.1], [-0.10000000000000002, 1.1], [-0.1, 1.1], [-0.1, 1.1], [-3.9918644005925885, 6.457576198303895], [-1.0784111940537746, 1.1220651665449353], [-2.251719604905245, 2.6254058790138397], [-2.4828060419456293, 2.317941267123266], [-1.5169791737417384, 2.708998760482675], [-1.8872194904270163, 2.172847884726703], [-1.4032255388300936, 6.1113898898974], [-0.7175431378773933, 3.3033577420364177], [-0.7862811582964232, 2.7081113848135385], [-0.5274526967944777, 2.4394401474107608], [-0.9437002178516671, 0.3998530515890576]], "mse": 0.5427061840063125, "vol": 9674038.022045774, "inc": 2497, "msevvol": 5.6099240334755906e-08, "msevinc": 0.00021734328554517924}