{"beta": [-0.03666761766884905, -0.010988153882957718, 0.0037382233956308416, 0.009023946115216015, 0.03148177430342832, 0.5273948929336576, -0.013328018108211298, -0.03190713396964099, 0.03324170678797703, -0.015034540787005274, 0.008336296917401273, -0.0032335213278682647, -0.011732175546851426, 0.026552224128745177, 0.006174079786629722, -0.07998674039035533, 0.008984903203292127], "R": [[-0.10000000000000003, 1.1], [-0.1, 1.1], [-0.1, 1.1], [-0.10000000000000003, 1.1], [-0.1, 1.1], [-2.679562738466629, 7.308664912350221], [-1.076292805095683, 1.1242828737245416], [-2.2510396912444732, 2.6261580138030496], [-1.6374343175366513, 2.31791943291289], [-1.5180186531120405, 2.709040126011043], [-1.8879968750577951, 2.172291814934038], [-1.4028577002652836, 6.115344285810739], [-0.7168216464527583, 3.304913477522386], [-0.7857143967286861, 2.7073977753677876], [-0.5275743359844131, 2.438774607923275], [-0.9437099428352796, 2.570881909663535]], "mse": 0.7474032672430894, "vol": 19939716.73385027, "inc": 2265, "msevvol": 3.748314367847939e-08, "msevinc": 0.00032997936743624256}