{"beta": [0.08954916296273911, 0.1254803397709782, 0.015112134854126512, 0.062072230861237906, 0.07517639300663369, 0.5773413293717614, 0.015817220875170124, 0.0616472975442498, 0.08041039226614588, -0.031213596991942386, -0.0031766974365305305, -0.07953768351219272, 0.04630939808366085, -0.041581655968191744, 0.01037113983846606, -0.04845712922511166, 0.029816392717809094], "R": [[-0.1, 1.0], [-0.10000000000000003, 1.1], [-0.1, 1.1], [-0.09999999999999998, 1.0], [-0.1, 1.1], [-3.6351241692909233, 0.7432607579540571], [-0.9769183989499991, 1.1236269488575596], [-2.2506388573287786, 1.0438499641560357], [-0.11061224117798862, 2.3173220832340404], [-1.417848309229576, 2.708801024456387], [-1.0156236700578178, 2.072004748495182], [-1.4026371056557283, 6.112929475305711], [-0.7169950228232279, 3.3032634050648815], [-0.7856874150981881, 2.7073885696402087], [-0.527513004764509, 2.439110129645856], [-0.9436399543409112, 2.571568308445986]], "mse": 0.4731859282950716, "vol": 2157048.196465963, "inc": 384, "msevvol": 2.193673414763397e-07, "msevinc": 0.001232255021601749}