{"beta": [-0.0638621183093148, -0.028561309257319544, -0.04706106109039419, -0.040827703833787116, -0.016541219436049286, 0.6115708309319532, 0.1203119896530741, -0.013541607121003486, 0.06558602139559827, -0.008595202296385655, 0.0010056786338850047, -0.005391917484503368, -0.01578515358785063, 0.013127642389538844, -0.006114449188729825, -0.07550223255145358, 0.04344183800772899], "R": [[-0.1, 1.1], [-0.1, 1.1], [-0.1, 1.1], [-0.1, 1.1], [-0.10000000000000003, 1.1], [-3.9918644005925885, 1.0059954088687273], [-0.9784111940537749, 1.1220651665449353], [-2.251719604905245, 2.6254058790138397], [-1.8129428283246791, 2.317941267123266], [-1.5169791737417384, 2.708998760482675], [-1.887219490427016, 2.172847884726703], [-1.4032255388300936, 6.1113898898974], [-0.7175431378773933, 3.3033577420364177], [-0.7862811582964232, 2.7081113848135385], [-0.5274526967944777, 2.4394401474107608], [-0.9437002178516671, 2.5724418339902657]], "mse": 0.5816435243019998, "vol": 9945934.479536606, "inc": 1999, "msevvol": 5.8480530461839455e-08, "msevinc": 0.00029096724577388686}