{"beta": [-0.03321868887050901, -0.0029089044817905488, -0.002404641606714053, 0.0038095415363517096, 0.04017566770210394, 0.5248176151268908, -0.016285801387728036, -0.039276019934671905, 0.048678705803734144, -0.01903264112822272, 0.012524083817951056, -0.0012411022302557739, -0.020209412603834003, 0.027119443724842603, 0.009102291756999305, -0.06544434564586754, -0.00043482294548708957], "R": [[-0.1, 1.1], [-0.1, 1.1], [-0.1, 1.1], [-0.1, 1.1], [-0.1, 1.1], [-2.679562738466629, 7.308664912350221], [-1.076292805095683, 1.1242828737245418], [-2.2510396912444732, 2.6261580138030496], [-2.4821366099920725, 2.31791943291289], [-1.5180186531120405, 2.709040126011043], [-1.8879968750577951, 2.172291814934038], [-1.4028577002652836, 6.115344285810739], [-0.7168216464527583, 3.304913477522386], [-0.7857143967286861, 2.7073977753677876], [-0.5275743359844131, 2.438774607923275], [-0.9437099428352796, 2.570881909663535]], "mse": 0.7700469561047362, "vol": 24198027.24124313, "inc": 2427, "msevvol": 3.182271630772726e-08, "msevinc": 0.00031728345945807013}