{"beta": [-0.023108093277825276, -0.006873967212965412, -0.014440531177241546, 0.004929213090459351, 0.026063400211724888, 0.577688041340733, 0.1332384390547505, -0.0045544590177181935, 0.040356100152088556, -0.018996629548533144, -0.0041058269541290405, 0.00032945648094766754, -0.010781216889246794, -0.0015032116461233043, -0.023766469128849717, -0.10409485651316328, -0.009059444129011059], "R": [[-0.1, 1.1], [-0.1, 1.1], [-0.1, 1.1], [-0.1, 1.0], [-0.10000000000000003, 1.1], [-2.470205330007855, 6.457576198303895], [-0.9784111940537749, 1.1220651665449353], [-2.251719604905245, 0.7604528662141841], [-0.04775723455740499, 2.317941267123266], [-1.5169791737417384, 0.9986075867929096], [-1.887219490427016, 2.172847884726703], [-1.4032255388300936, 1.7766125364235885], [-0.7175431378773933, 0.8520341236279186], [-0.7862811582964232, 2.7081113848135385], [-0.5274526967944777, 2.4394401474107608], [-0.9437002178516671, 2.5724418339902657]], "mse": 0.5960360232149423, "vol": 566393.7592796603, "inc": 726, "msevvol": 1.0523350821749539e-06, "msevinc": 0.0008209862578718213}