{"beta": [0.09934946178893313, 0.09925578921985163, 0.17517459222030587, 0.12288771548896595, 0.2216368272338013, 0.4732111457143719, 0.022978663065995962, 0.1182698056790229, 0.0661881477792956, 0.05384269327707617, -0.027354915704089808, 0.0441954373989061, -0.08985200185743444, 0.015550480556560314, 0.02964360837459973, -0.02518166916031465, -0.08511035796924883], "R": [[-0.1, 1.0], [-0.10000000000000003, 1.0], [-0.1, 1.0], [-0.10000000000000003, 1.0], [-0.09999999999999998, 1.0], [-1.052374638453904, 0.38497886744042475], [-1.076292805095683, 1.024282873724542], [-1.3920981768405356, 0.8670765637107207], [-1.0708015322877076, 1.3301325598370797], [-1.4180186531120405, 2.709040126011043], [-1.0159391370594286, 1.3002340769356713], [-0.5325206490993861, 6.115344285810739], [-0.7168216464527583, 3.304913477522386], [-0.7857143967286861, 0.8341835288543016], [-0.5275743359844131, 2.438774607923275], [-0.9437099428352796, -0.01506197971057599]], "mse": 0.5686304877439842, "vol": 30079.02474672525, "inc": 200, "msevvol": 1.8904552010313826e-05, "msevinc": 0.002843152438719921}