{"beta": [0.0014522315391185922, 0.06952843362322962, 0.03865173909066797, 0.031872685820021826, 0.0975370360385132, 0.5746679534108918, 0.14061314955443355, -0.02789748167850069, 0.08444933178343801, -0.02493498675356362, 0.011611681264368377, 0.012081452440760086, -0.009154534138979244, 0.03978357909874342, -0.024886804220122176, -0.14360360325788568, -0.08987802165473378], "R": [[-0.1, 1.0], [-0.1, 1.0], [-0.1, 1.0], [-0.1, 1.0], [-0.10000000000000003, 1.1], [-0.7088372180068021, 0.7709912089848354], [-0.9784111940537749, 1.1220651665449353], [-2.251719604905245, 2.6254058790138397], [0.18308896178838663, 2.317941267123266], [-1.5169791737417384, 0.9986075867929096], [-1.0152060153962723, 2.172847884726703], [-1.4032255388300936, 6.1113898898974], [-0.7175431378773933, 3.3033577420364177], [-0.7862811582964232, 2.3546965738050796], [-0.5274526967944777, 2.4394401474107608], [-0.9437002178516671, 2.5724418339902657]], "mse": 0.4903455261363209, "vol": 451482.71588075126, "inc": 438, "msevvol": 1.0860781794929982e-06, "msevinc": 0.0011195103336445681}