{"beta": [-0.058945928527051515, -0.03313094126681702, -0.05538472526358075, -0.05211448078894824, -0.024984609047009214, 0.5965783335344498, 0.11398637184868053, -0.022470240195489887, 0.05235783907429521, -0.003699410983312747, -0.006571201451803942, -0.002532267816921701, 0.001545431863620066, 0.016041530632396876, -0.011298225894266734, -0.09353785033813919, 0.04062851565437466], "R": [[-0.1, 1.1], [-0.10000000000000003, 1.1], [-0.1, 1.1], [-0.10000000000000003, 1.1], [-0.1, 1.1], [-3.9918644005925885, 6.457576198303895], [-0.9784111940537747, 1.0220651665449352], [-2.251719604905245, 2.6254058790138393], [-2.4828060419456293, 2.317941267123266], [-1.5169791737417384, 2.708998760482675], [-1.887219490427016, 2.172847884726703], [-1.4032255388300936, 6.1113898898974], [-0.7175431378773933, 3.3033577420364177], [-0.7862811582964232, 2.7081113848135385], [-0.5274526967944777, 2.4394401474107608], [-0.9437002178516671, 2.5724418339902657]], "mse": 0.6250389982185107, "vol": 23016327.49749377, "inc": 2420, "msevvol": 2.7156330578219777e-08, "msevinc": 0.0002582805777762441}