{"beta": [-0.006535735847665518, 0.01136312114056409, -0.012962983789634324, 0.010142818110767574, 0.012353298379110512, 0.5184286065632315, 0.06499090416797658, 0.00023721686255154676, 0.1353497843400154, -0.006830267852615347, -0.002835419658287055, -0.015789587508761412, -0.01405212968920702, 0.026203383025785183, 0.051798990241636, -0.0910457142618968, -0.0628684451954683], "R": [[-0.09999999999999998, 1.1], [-0.1, 1.1], [-0.09999999999999998, 1.1], [-0.09999999999999998, 1.1], [-0.1, 1.1], [-3.6351241692909233, 1.6448237448886112], [-0.9769183989499992, 1.1236269488575596], [-2.2506388573287786, 2.626375163077166], [-0.11061224117798873, 2.3173220832340404], [-1.417848309229576, 0.9981412909820018], [-1.8875307746960677, 2.172004748495182], [-1.4026371056557283, 6.11292947530571], [-0.7169950228232279, 3.3032634050648815], [-0.7856874150981881, 2.7073885696402087], [-0.527513004764509, 2.439110129645856], [-0.9436399543409112, 2.571568308445986]], "mse": 0.5543313682147861, "vol": 3527503.440749619, "inc": 1751, "msevvol": 1.5714552162052231e-07, "msevinc": 0.00031657987904899266}