{"beta": [0.04320795971317858, 0.061902694223723354, -0.05384479338820456, 0.04774684278571639, 0.021873831330940296, 0.4642267369447623, 0.062240275457481606, -0.0037502537449198075, 0.05158773380542177, 0.015899419370025026, -0.004888993069590399, -0.038071189417502815, -0.2077950586439582, -0.00360218909761247, 0.038963315679149235, -0.07493444937626104, -0.1422229802467542], "R": [[-0.09999999999999998, 1.1], [-0.1, 1.1], [-0.09999999999999998, 1.1], [-0.09999999999999998, 1.1], [-0.1, 1.1], [-3.6351241692909233, 0.7432607579540569], [-0.9769183989499992, 1.1236269488575596], [-2.2506388573287786, 1.0438499641560357], [-0.11061224117798873, 2.3173220832340404], [-1.417848309229576, 0.9981412909820018], [-1.8875307746960677, 2.172004748495182], [-1.4026371056557283, 6.11292947530571], [-0.7169950228232279, 0.26460307592018195], [-0.7856874150981881, 2.7073885696402087], [-0.527513004764509, 2.439110129645856], [-0.9436399543409112, 2.571568308445986]], "mse": 0.49979616806250926, "vol": 482464.6735624587, "inc": 1022, "msevvol": 1.0359228259596231e-06, "msevinc": 0.0004890373464408114}