{"beta": [-0.05894592852705337, -0.03313094126681861, -0.05538472526358228, -0.052114480788949855, -0.024984609047011084, 0.59657833353445, 0.11398637184867942, -0.022470240195490012, 0.05235783907429582, -0.003699410983313046, -0.0065712014518037164, -0.0025322678169221245, 0.0015454318636212686, 0.016041530632397636, -0.011298225894265991, -0.09353785033813765, 0.04062851565437631], "R": [[-0.1, 1.1], [-0.1, 1.1], [-0.1, 1.1], [-0.1, 1.1], [-0.1, 1.1], [-3.9918644005925885, 6.457576198303895], [-1.0784111940537748, 1.1220651665449353], [-2.251719604905245, 2.6254058790138397], [-2.4828060419456293, 2.317941267123266], [-1.5169791737417384, 2.708998760482675], [-1.887219490427016, 2.172847884726703], [-1.4032255388300936, 6.1113898898974], [-0.7175431378773933, 3.3033577420364177], [-0.7862811582964232, 2.7081113848135385], [-0.5274526967944777, 2.4394401474107608], [-0.9437002178516671, 2.5724418339902657]], "mse": 0.6257096180190909, "vol": 25317412.174206007, "inc": 3629, "msevvol": 2.471459617253374e-08, "msevinc": 0.00017241929402565193}