{"beta": [0.04327338556405577, 0.22412340498835867, -0.24828761601530025, -0.09964958478701412, 0.060362353018062295, 0.7144900749640224, 0.8094856659798666, 0.2790987508529466, 0.15150509924187594, -0.19701008374678916, 0.17657398944993022, -0.18464674459447322, 0.0484843298067491, 0.08406911864136389, -0.23981835420811656, 0.5483541115306769, -1.4723228782916795], "R": [[-0.1, 1.1], [-0.1, 1.1], [-0.1, 1.1], [-0.1, 1.1], [-0.09999999999999998, 1.1], [-1.3377663516726555, 0.9759221739371675], [-0.9769183989499991, 1.1236269488575596], [-1.0034467391160016, 2.626375163077166], [-0.7042445297472316, 2.3173220832340404], [-1.517848309229576, 2.708801024456387], [-1.8875307746960677, 2.1720047484951817], [1.0075418146478838, 3.3177207349514957], [2.0277992734070014, 3.3032634050648815], [0.8341938086272256, 2.7073885696402087], [-0.42751300476450904, 2.439110129645856], [-0.014837888644186892, 2.571568308445986]], "mse": 0.34289727492903327, "vol": 93131.66630474226, "inc": 19, "msevvol": 3.681854824834944e-06, "msevinc": 0.018047224996264908}