{"beta": [-0.03210720128393788, 0.011239234206374024, 0.00429831075514194, 0.07008575756818988, 0.03999608104679836, 0.5139108293846929, -0.04799502543786466, 0.05166354595158242, 0.045342269340328444, 0.005823604941492935, -0.044267210352513894, 0.033694305343067006, 0.01523356709063604, -0.10373147206978066, -0.010343095879425387, -0.017808360078036968, 0.02539332694438782], "R": [[-0.1, 1.0], [-0.1, 1.0], [-0.09999999999999998, 1.0], [-0.10000000000000003, 1.0], [-0.1, 1.0], [-1.052374638453904, 1.144829809358521], [-1.076292805095683, 1.124282873724542], [-2.2510396912444732, 0.6905785371051545], [-1.0708015322877076, 0.7829530777881053], [-0.6126068972874238, 0.9982166143618095], [-1.0159391370594286, 2.172291814934038], [-1.3028577002652835, 1.0081534532324083], [-0.7168216464527583, 3.304913477522386], [-0.7857143967286861, 2.707397775367787], [-0.5275743359844131, 2.438774607923275], [-0.9437099428352796, 0.8135859834141277]], "mse": 0.6638563531965676, "vol": 36906.398544539734, "inc": 443, "msevvol": 1.7987567992997368e-05, "msevinc": 0.001498547072678482}