{"beta": [0.04808555743368883, 0.1280661742520357, 0.1649425077191038, 0.1750950320507848, 0.20217935655934222, 0.4790993582503475, 0.020560399963230853, 0.10634262089902577, 0.06827318368516073, 0.09218947605064262, -0.04286657957322886, 0.03318029175821767, -0.0971923171661051, -0.10378529456665747, -0.07207503988799221, -0.0476173138481597, -0.21273619301240876], "R": [[-0.1, 1.0], [-0.10000000000000003, 1.0], [-0.1, 1.0], [-0.10000000000000003, 1.0], [-0.09999999999999998, 1.0], [-1.052374638453904, 0.38497886744042475], [-1.076292805095683, 1.024282873724542], [-1.303849163537754, 0.8670765637107207], [-1.0708015322877076, 0.7829530777881054], [-1.4180186531120405, 2.709040126011043], [-1.0159391370594286, 1.3002340769356713], [-0.5325206490993861, 1.3933219788153568], [-0.7168216464527583, 3.304913477522386], [-0.7857143967286861, 2.707397775367788], [-0.5275743359844131, 2.438774607923275], [-0.9437099428352796, -0.01506197971057599]], "mse": 0.6664311675150254, "vol": 13941.014837814966, "inc": 151, "msevvol": 4.780363375751761e-05, "msevinc": 0.004413451440496857}