{"beta": [-0.031467126906724374, -0.007199153667252172, -0.006706420575470909, -0.000763794388818768, 0.03959434261156355, 0.5194902247379376, -0.01891390441304053, -0.03883643839159421, 0.05170304719177776, -0.019537772436974403, 0.012481718231855012, -0.006359475455965667, -0.019095538704787265, 0.027039375536894325, 0.012020818715009846, -0.0638127407214631, 0.0027950529712213496], "R": [[-0.1, 1.1], [-0.1, 1.1], [-0.10000000000000003, 1.1], [-0.10000000000000003, 1.1], [-0.1, 1.1], [-2.679562738466629, 7.308664912350221], [-1.076292805095683, 1.124282873724542], [-2.2510396912444732, 2.6261580138030496], [-2.4821366099920725, 2.31791943291289], [-1.5180186531120408, 2.7090401260110433], [-1.8879968750577951, 2.172291814934038], [-1.4028577002652838, 6.115344285810739], [-0.7168216464527583, 3.304913477522386], [-0.7857143967286861, 2.707397775367787], [-0.5275743359844131, 2.438774607923275], [-0.9437099428352796, 1.6422339465388314]], "mse": 0.7612867953272531, "vol": 17804269.544104073, "inc": 2344, "msevvol": 4.275866490570825e-08, "msevinc": 0.0003247810560269851}