{"beta": [0.01791633831354215, -0.013678803146288682, 0.13241340270785057, -0.017653159956996487, 0.03366550251246887, 0.5843678247181909, -0.044385821228955756, 0.030566641290889617, 0.009986461052807292, 0.0003841410979261416, -0.007055870442620786, 0.0015491778175016852, 0.14569829935914122, 0.0017925369780499446, -0.006919605818840626, -0.12797033318820253, -0.15005844049824724], "R": [[-0.1, 1.1], [-0.1, 1.1], [-0.1, 1.1], [-0.1, 1.1], [-0.09999999999999998, 1.1], [-3.6351241692909233, 9.745791327863362], [-0.9769183989499991, 1.1236269488575596], [-2.2506388573287786, 2.626375163077166], [-1.4395395237161037, 2.3173220832340404], [-1.517848309229576, 1.8034711577191944], [-1.8875307746960677, 2.1720047484951817], [0.23748217454667975, 4.4728101951033015], [0.26460307592018184, 3.3032634050648815], [-0.685687415098188, 2.7073885696402087], [-0.42751300476450904, 2.439110129645856], [-0.9436399543409113, 2.571568308445986]], "mse": 0.5769244555338571, "vol": 7602821.129888581, "inc": 128, "msevvol": 7.588294472242988e-08, "msevinc": 0.004507222308858258}