{"beta": [-0.09290553533603045, -0.00347740640915269, -0.05595549803871475, -0.018396310203885078, -0.018666703740002007, 0.560578358692924, 0.08733649332957555, 0.014848469497856318, 0.13049394887874372, -0.019208220029562555, -0.0034607761451779916, -0.015584529442099572, -0.015349798143854343, 0.014651203253284551, 0.05755745692346502, -0.09431566688610903, -0.021286314467985852], "R": [[-0.10000000000000003, 1.1], [-0.10000000000000003, 1.1], [-0.1, 1.1], [-0.10000000000000003, 1.1], [-0.1, 1.1], [-3.6351241692909233, 1.5608071224502655], [-0.9769183989499992, 1.1236269488575596], [-0.7210609869405481, 2.626375163077166], [-0.11061224117798873, 2.3173220832340404], [-1.517848309229576, 2.708801024456387], [-1.8875307746960677, 2.172004748495182], [-1.4026371056557283, 6.11292947530571], [-0.7169950228232279, 3.3032634050648815], [-0.7856874150981881, 2.7073885696402087], [-0.527513004764509, 2.439110129645856], [-0.9436399543409112, 2.571568308445986]], "mse": 0.5235158955509226, "vol": 4168316.259383853, "inc": 1360, "msevvol": 1.255940919483655e-07, "msevinc": 0.00038493815849332543}