{"beta": [0.2042730686578212, 0.12543686404766502, 0.3155515140827908, 0.27521924706029466, 0.37929222675041313, 0.5325158754637085, -0.040470149201697024, 0.043224558109913075, -0.11462991019174232, 0.07357111296577708, -0.0030510977982603034, 0.06555242179162171, 0.11091193867152878, 0.058559185187987056, -0.08103024500229641, -0.08480138745223309, -0.05302084899746959], "R": [[-0.10000000000000003, 1.0], [-0.1, 1.0], [-0.1, 1.0], [-0.10000000000000003, 1.0], [-0.1, 1.0], [-1.3106490965442914, 0.38497886744042475], [-1.076292805095683, 1.0242828737245415], [-1.303849163537754, 0.07283544398567054], [-0.08529329103033789, 2.31791943291289], [-0.6126068972874238, 2.709040126011043], [-1.0159391370594286, 1.3002340769356713], [-1.4028577002652836, 1.0081534532324083], [-0.7168216464527583, 3.304913477522386], [-0.7857143967286861, 0.8341835288543017], [-0.5275743359844131, 2.438774607923275], [-0.9437099428352796, 2.570881909663535]], "mse": 0.5822425554228307, "vol": 23910.077472200064, "inc": 233, "msevvol": 2.4351345414911203e-05, "msevinc": 0.002498895087651634}