{"beta": [0.12601757794497265, 0.0816471259582177, 0.030599226693060567, 0.027880629128488293, 0.17664551935223125, 0.5848800336738955, 0.07634819124758535, 0.01447720760202368, 0.1192953572277752, 0.026621966298654542, -0.06513205631857877, 0.030717748895785567, -0.029593286234588234, 0.06960843527891095, -0.07037733713929074, -0.1410859473915247, -0.16032475739996144], "R": [[-0.10000000000000003, 1.0], [-0.10000000000000003, 1.0], [-0.10000000000000002, 1.0], [-0.1, 1.0], [-0.1, 1.0], [-3.9918644005925885, 0.5499476546386004], [-0.9784111940537747, 1.1220651665449353], [-0.28086941133761245, 2.6254058790138397], [-0.5554455468448648, 1.6403742175573057], [-1.4169791737417383, 2.708998760482675], [-1.8872194904270163, 0.5288209346652152], [-1.4032255388300936, 0.6216732582034574], [-0.7175431378773933, 3.2033577420364177], [-0.7862811582964232, 2.7081113848135385], [-0.5274526967944777, 2.4394401474107608], [-0.9437002178516671, 1.2288885645495409]], "mse": 0.4261477825269708, "vol": 174789.43937437507, "inc": 221, "msevvol": 2.4380636727955888e-06, "msevinc": 0.0019282705091718134}