{"beta": [0.0961341231923242, 0.07241877247838914, 0.10687759880253188, 0.02704980899687824, 0.2076910535437139, 0.47313690021065474, 0.10561791266817426, 0.09214407356303303, 0.1964913861065751, 0.05898897345255817, -0.08441008149999665, -0.06994577708835663, -0.01682540329453975, 0.15602505052677562, 0.19252021482984058, -0.11841214987864597, -0.23541158756863187], "R": [[-0.10000000000000003, 1.1], [-0.10000000000000003, 1.0], [-0.10000000000000002, 1.0], [-0.1, 1.0], [-0.1, 1.0], [-1.5697436928289812, 0.5499476546386004], [-0.9784111940537747, 1.1220651665449353], [0.07212119122232075, 2.6254058790138397], [-0.17139980967601665, 1.6403742175573057], [-1.4169791737417383, 0.9986075867929094], [-1.8872194904270163, 0.5288209346652152], [-1.4032255388300936, 0.6216732582034574], [-0.7175431378773933, 2.027695932832168], [-0.7862811582964232, 0.8342077077543282], [-0.5274526967944777, 2.4394401474107608], [-0.9437002178516671, 0.8143708080692992]], "mse": 0.39617054710949473, "vol": 9922.939469914436, "inc": 117, "msevvol": 3.992471669414616e-05, "msevinc": 0.0033860730522179035}