{"beta": [-0.0777357029816741, -0.010620705405000637, -0.008579193564250093, 0.0070431326565397545, -0.09881643512372204, 0.6723148023248984, -0.11380330886617825, -0.18746133045679897, 0.21058708712970395, 0.10109758733793031, -0.06775197862456962, -0.07702625696159628, -0.046742223554144105, 0.10331380952407485, -0.153764891581636, 0.05775888780867528, 0.028252538015358045], "R": [[-0.1, 1.1], [-0.1, 1.1], [-0.10000000000000003, 1.1], [-0.10000000000000003, 1.1], [-0.1, 1.1], [-2.679562738466629, 7.308664912350221], [-1.076292805095683, 1.0242828737245415], [-2.2510396912444732, 2.6261580138030496], [-1.7720515327127826, 2.31791943291289], [-1.5180186531120408, 2.7090401260110433], [-1.8879968750577951, 2.172291814934038], [0.237816402066511, 6.115344285810739], [-0.7168216464527583, 1.1470561030742314], [-0.7857143967286861, 2.707397775367787], [-0.5275743359844131, 2.3387746079232743], [-0.9437099428352796, 0.8135859834141278]], "mse": 0.6798197822106634, "vol": 3445223.4700293858, "inc": 255, "msevvol": 1.973224053895305e-07, "msevinc": 0.0026659599302378957}