{"beta": [-0.03321868887050828, -0.002908904481789763, -0.002404641606713121, 0.0038095415363519985, 0.04017566770210436, 0.52481761512689, -0.016285801387728522, -0.03927601993467251, 0.04867870580373262, -0.019032641128220583, 0.012524083817948976, -0.0012411022302558355, -0.02020941260382928, 0.027119443724843827, 0.00910229175700416, -0.06544434564587907, -0.0004348229454876541], "R": [[-0.1, 1.1], [-0.1, 1.1], [-0.1, 1.1], [-0.1, 1.1], [-0.1, 1.1], [-2.679562738466629, 7.308664912350221], [-1.076292805095683, 1.1242828737245418], [-2.2510396912444732, 2.6261580138030496], [-2.4821366099920725, 2.31791943291289], [-1.5180186531120405, 2.709040126011043], [-1.8879968750577951, 2.172291814934038], [-1.4028577002652836, 6.115344285810739], [-0.7168216464527583, 3.304913477522386], [-0.7857143967286861, 2.7073977753677876], [-0.5275743359844131, 2.438774607923275], [-0.9437099428352796, 2.570881909663535]], "mse": 0.6980476344089439, "vol": 24198027.24124313, "inc": 3639, "msevvol": 2.8847295172029194e-08, "msevinc": 0.0001918240270428535}