{"beta": [0.052767034145645174, -0.033157238389478, 0.06369027166638377, 0.0031494483131686195, 0.017133512105779947, 0.6064374202513415, 0.0022412634377582843, 0.009018763898814744, 0.1454145675050722, -0.03918130095913959, -0.04840287755943154, -0.025800868298345422, -0.02488377255540242, 0.029925713963870185, 0.023802601332262367, -0.14044984811281075, 0.006392789217161574], "R": [[-0.1, 1.0], [-0.1, 1.0], [-0.1, 1.0], [-0.1, 1.0], [-0.09999999999999998, 1.0], [-0.7088372180068021, 0.7709912089848354], [-0.9784111940537746, 1.1220651665449353], [-1.4633879299133814, 1.3075883001820783], [-0.1104005949649629, 2.317941267123266], [-1.4169791737417383, 2.708998760482675], [-1.8872194904270163, 1.300834409695959], [-1.4032255388300936, 6.1113898898974], [-0.7175431378773933, 3.2033577420364177], [-0.7862811582964232, 2.7081113848135385], [-0.5274526967944777, 2.4394401474107608], [-0.9437002178516671, 1.643406321029782]], "mse": 0.4103809114032164, "vol": 350161.39290988987, "inc": 320, "msevvol": 1.1719764648892157e-06, "msevinc": 0.0012824403481350513}