{"beta": [0.02248133368076856, -0.008145433312866952, 0.03214825262501935, 0.0028851606629259627, -0.0021878872836978364, 0.5342299748564494, 0.05333704873022472, -0.017595648965387442, 0.07716399939150355, 0.025972720358333732, -0.005871371881086922, -0.01679594004464356, 0.04927960724094137, 0.01852996249588986, 0.007637524551573868, -0.05083741782409095, -0.09207851921482335], "R": [[-0.1, 1.1], [-0.1, 1.1], [-0.1, 1.1], [-0.1, 1.1], [-0.09999999999999998, 1.1], [-3.6351241692909233, 9.745791327863362], [-1.0769183989499993, 1.1236269488575596], [-2.2506388573287786, 2.626375163077166], [-2.482619941225386, 2.3173220832340404], [-1.517848309229576, 2.708801024456387], [-1.8875307746960677, 2.1720047484951817], [-1.4026371056557283, 6.11292947530571], [-0.32312898990875816, 3.3032634050648815], [-0.7856874150981881, 2.7073885696402087], [-0.42751300476450904, 2.439110129645856], [-0.9436399543409113, 2.571568308445986]], "mse": 0.7195373242043626, "vol": 28232618.361003794, "inc": 1014, "msevvol": 2.548602878428807e-08, "msevinc": 0.0007096028838307323}