{"beta": [-0.017220525625569933, 0.007852039696240407, 0.034741451202544474, -0.05661536122202591, -0.024430507642823195, 0.5880416553722018, 0.04550875309952449, 0.0029360422254289874, 0.10039353995377401, 0.0032028141824805307, -0.010667546103810578, -0.018250188936617947, -0.03601589865703526, 0.05740216927620037, -0.012789557655872186, -0.11930716230202182, -0.03270164830079291], "R": [[-0.09999999999999998, 1.0], [-0.1, 1.1], [-0.1, 1.1], [-0.09999999999999998, 1.1], [-0.1, 1.1], [-3.6351241692909233, 9.745791327863362], [-1.0769183989499993, 1.1236269488575596], [-2.2506388573287786, 1.8027616731275693], [-0.8765863961732069, 2.3173220832340404], [-1.417848309229576, 2.708801024456387], [-1.8875307746960674, 2.172004748495182], [-0.917607285605126, 6.11292947530571], [-0.7169950228232279, 3.3032634050648815], [-0.7856874150981881, 2.7073885696402087], [-0.527513004764509, 2.439110129645856], [-0.9436399543409112, 0.8139641770525375]], "mse": 0.5697725303301411, "vol": 7498659.795745206, "inc": 1629, "msevvol": 7.598324845373492e-08, "msevinc": 0.0003497682813567471}