{"beta": [0.10383975970529374, 0.10961890088865467, 0.10192830514416121, 0.16670934185446767, 0.2026540232028145, 0.45653156630231045, -0.1049071860663738, 0.04963169317872352, 0.03885886584698111, 0.02723633114068524, -0.04545875170257877, 0.09315968255055262, -0.09869719347877841, -0.02825389513013816, -0.08724004623208681, -0.007690190514644991, -0.1479530721627041], "R": [[-0.09999999999999998, 1.1], [-0.1, 1.1], [-0.10000000000000003, 1.1], [-0.1, 1.1], [-0.10000000000000003, 1.1], [-2.679562738466629, 1.7175253468632927], [-0.9762928050956828, 1.1242828737245418], [-2.2510396912444732, 0.7082283397657106], [-2.4821366099920725, 1.2250218883783808], [-1.4180186531120405, 2.709040126011043], [-1.8879968750577951, 2.172291814934038], [-0.5325206490993861, 6.115344285810739], [-0.7168216464527583, 0.8530764781530665], [-0.7857143967286861, 2.7073977753677876], [-0.5275743359844131, 2.438774607923275], [-0.9437099428352796, 0.39926200185177585]], "mse": 0.5280883972976953, "vol": 613603.9140411072, "inc": 266, "msevvol": 8.60634010333769e-07, "msevinc": 0.001985294726683065}