{"beta": [-0.05894592852705145, -0.03313094126681692, -0.05538472526358065, -0.05211448078894814, -0.02498460904700912, 0.5965783335344498, 0.11398637184867977, -0.022470240195489866, 0.05235783907429529, -0.0036994109833127196, -0.006571201451803969, -0.0025322678169216826, 0.0015454318636201727, 0.016041530632396855, -0.011298225894267253, -0.09353785033813843, 0.04062851565437456], "R": [[-0.1, 1.1], [-0.1, 1.1], [-0.1, 1.1], [-0.1, 1.1], [-0.1, 1.1], [-3.9918644005925885, 6.457576198303895], [-1.0784111940537748, 1.1220651665449353], [-2.251719604905245, 2.6254058790138397], [-2.4828060419456293, 2.317941267123266], [-1.5169791737417384, 2.708998760482675], [-1.887219490427016, 2.172847884726703], [-1.4032255388300936, 6.1113898898974], [-0.7175431378773933, 3.3033577420364177], [-0.7862811582964232, 2.7081113848135385], [-0.5274526967944777, 2.4394401474107608], [-0.9437002178516671, 2.5724418339902657]], "mse": 0.6250389982185107, "vol": 25317412.174206007, "inc": 2420, "msevvol": 2.468810769116899e-08, "msevinc": 0.0002582805777762441}