{"beta": [0.08696101888041803, 0.21439455102461277, 0.07774418517814588, -0.026059508594789345, 0.07598113320917889, 0.5312227928948918, -0.22978306183851568, 0.026506752286674692, -0.049778623604671536, -0.07728784357438355, 0.04861350437656006, 0.06079589747634315, 0.13037636858413493, 0.0776180924010397, -0.012972576212624005, -0.17766956727614117, -0.11845162946208936], "R": [[-0.1, 1.1], [-0.1, 1.1], [-0.1, 1.1], [-0.1, 1.1], [-0.09999999999999998, 1.1], [-3.6351241692909233, 9.745791327863362], [-0.9769183989499991, 1.1236269488575596], [-1.321130710313386, 2.626375163077166], [-0.7958895069495108, 2.3173220832340404], [-1.517848309229576, 1.8034711577191944], [-1.8875307746960677, 2.1720047484951817], [0.23748217454667975, 6.11292947530571], [0.26460307592018184, 3.3032634050648815], [0.3275667340520876, 2.7073885696402087], [-0.42751300476450904, 2.439110129645856], [-0.9436399543409113, 2.571568308445986]], "mse": 0.5526522940727556, "vol": 4961714.130144758, "inc": 75, "msevvol": 1.1138334042969783e-07, "msevinc": 0.007368697254303409}