{"beta": [0.1799242348945737, 0.4517476874487365, 0.04584910733853026, 0.24945584619058536, 0.22940320439956813, 0.8960178586467471, 0.20672478301406708, 0.09581639885666052, 0.09499027824330629, -0.029866512790462263, -0.011070642605619773, -0.02934742559040292, -0.3016821388799302, -0.20264349456140077, 0.1754732790192452, -0.22096575697402526, 0.3310273944553577], "R": [[-0.1, 1.1], [-0.1, 1.0], [-0.10000000000000003, 1.1], [-0.10000000000000003, 1.0], [-0.1, 1.1], [-2.679562738466629, 0.9052708917094658], [-1.076292805095683, 1.0242828737245415], [-2.2510396912444732, -0.03306337197767051], [-1.1036182211788417, 2.31791943291289], [-0.6126068972874237, 2.7090401260110433], [-1.0159391370594286, 1.3002340769356713], [0.237816402066511, 6.115344285810739], [-0.7168216464527583, 0.8530764781530663], [-0.7857143967286861, 2.707397775367787], [-0.5275743359844131, 2.438774607923275], [-0.9437099428352796, 0.8135859834141278]], "mse": 0.7055150879118264, "vol": 154448.9750707583, "inc": 50, "msevvol": 4.56794930227673e-06, "msevinc": 0.014110301758236528}