{"beta": [0.04591388523927485, 0.09298014188966028, 0.035783073723125204, -0.022921685492533254, 0.04046233183397187, 0.5428660086470655, 0.03840781709721505, 0.03289714010057566, 0.1004186212966894, 0.014745887548945631, -0.010535308875193763, -0.04793359999412926, -0.3504818830198592, -0.015337670549911546, 0.07544538825585573, -0.08214869540983188, -0.22174060143297666], "R": [[-0.09999999999999998, 1.0], [-0.1, 1.1], [-0.1, 1.1], [-0.09999999999999998, 1.1], [-0.1, 1.1], [-3.6351241692909233, 0.7432607579540571], [-0.9769183989499992, 1.1236269488575596], [-2.2506388573287786, 1.0438499641560357], [-0.5177300678875002, 2.3173220832340404], [-1.417848309229576, 2.708801024456387], [-1.8875307746960674, 2.172004748495182], [-0.917607285605126, 6.11292947530571], [-0.7169950228232279, 0.26460307592018195], [-0.7856874150981881, 2.7073885696402087], [-0.527513004764509, 2.439110129645856], [-0.9436399543409112, 0.8139641770525375]], "mse": 0.4918792142551126, "vol": 412572.56231955916, "inc": 850, "msevvol": 1.1922247361522948e-06, "msevinc": 0.0005786814285354266}