{"beta": [0.1593344471586556, 0.21474501055759931, 0.10072688209352407, 0.031098438891024135, 0.2053374331497919, 0.5442316403299858, 0.256704043546464, -0.07055087830916784, 0.046285128756115575, -0.026229061704641107, -0.03238076785705395, -0.027660917087922586, 0.048414094172936205, -0.03102914064798909, 0.04805291694498208, -0.033720142983231526, -0.21060417588453473], "R": [[-0.1, 1.0], [-0.1, 1.0], [-0.1, 1.0], [-0.1, 1.0], [-0.09999999999999998, 1.0], [-0.7088372180068021, 0.7104950783216553], [-0.9784111940537746, 1.1220651665449353], [-1.4633879299133814, 0.8663500469821646], [-0.5554455468448649, 2.317941267123266], [-1.4169791737417383, 1.8038031736377922], [-1.8872194904270163, 0.5288209346652153], [-1.4032255388300936, 6.1113898898974], [-0.7175431378773933, 3.3033577420364177], [-0.7862811582964232, 0.3273780857374111], [-0.5274526967944777, 2.4394401474107608], [-0.9437002178516671, 2.5724418339902657]], "mse": 0.4408502662755995, "vol": 87797.62810038637, "inc": 192, "msevvol": 5.021209294760657e-06, "msevinc": 0.0022960951368520806}