{"beta": [0.048131851047242276, 0.060899054165771536, 0.04783306153106891, 0.1983836523257686, 0.1818204075744033, 0.505077608807443, -0.05973692200005908, 0.09817409074050866, 0.09774682351593897, -0.035126064071809064, -0.04717952031587472, -0.009082436198175413, -0.03795839314152036, -0.054765302315130895, -0.11176153419099678, -0.026086962839694302, -0.072222206156634], "R": [[-0.09999999999999998, 1.0], [-0.1, 1.0], [-0.10000000000000003, 1.0], [-0.1, 1.0], [-0.10000000000000003, 1.0], [-2.679562738466629, 2.735650746871776], [-0.9762928050956828, 1.1242828737245418], [-2.2510396912444732, 2.6261580138030496], [-0.7367212207572652, 1.2710961344323817], [-1.4180186531120405, 0.9982166143618095], [-1.0159391370594286, 2.172291814934038], [-0.5325206490993861, 3.3191646067300997], [-0.7168216464527583, 2.616954227680056], [-0.7857143967286861, 1.3408161707152977], [-0.5275743359844131, 2.438774607923275], [-0.9437099428352796, 0.8135859834141277]], "mse": 0.7110827920511397, "vol": 196710.19032142925, "inc": 264, "msevvol": 3.614875217644866e-06, "msevinc": 0.0026934954244361353}