{"beta": [0.12928061588458228, 0.03023159137618411, 0.15235311706914434, 0.05320962961682518, 0.07267406138149402, 0.582324524888885, -0.07580389791111453, 0.015308712216766324, 0.06604172104072986, -0.044422573852843684, 0.02909135557480123, -0.0033462021282373686, 0.08664539346412166, -0.006204645047435978, -0.0009773229456713792, -0.029594188545172307, -0.10454538838723339], "R": [[-0.1, 1.1], [-0.1, 1.1], [-0.1, 1.1], [-0.1, 1.1], [-0.09999999999999998, 1.1], [-3.6351241692909233, 9.745791327863362], [-0.9769183989499991, 1.1236269488575596], [-2.2506388573287786, 2.626375163077166], [-1.8989326512952744, 2.3173220832340404], [-1.517848309229576, 2.708801024456387], [-1.8875307746960677, 2.1720047484951817], [-1.4026371056557283, 6.11292947530571], [0.5584691088346516, 3.3032634050648815], [-0.7856874150981881, 2.7073885696402087], [-0.42751300476450904, 2.439110129645856], [-0.9436399543409113, 2.571568308445986]], "mse": 0.7063240889874961, "vol": 17917555.315993007, "inc": 353, "msevvol": 3.942078461770057e-08, "msevinc": 0.00200091809911472}