{"beta": [-0.02406120608168201, 0.07149372355387333, -0.04995825127268988, -0.029360474582122688, 0.03232051690321448, 0.5706918771815415, 0.1322748620690001, -0.02526086566422321, 0.05569219874957443, -0.015782440982418666, -0.04030904411437582, 5.02426159655668e-05, 0.031729994371111306, -0.02785127477260945, -0.049167722301739276, -0.04328149236464062, 9.64724417049673e-05], "R": [[-0.1, 1.0], [-0.1, 1.0], [-0.1, 1.0], [-0.1, 1.0], [-0.10000000000000003, 1.0], [-0.7088372180068021, 1.1223341216825355], [-0.9784111940537749, 1.1220651665449353], [-2.251719604905245, 1.0604948783901287], [-0.6386509710922458, 2.317941267123266], [-1.4169791737417383, 1.8038031736377922], [-1.0152060153962723, 0.5288209346652153], [-1.4032255388300936, 6.1113898898974], [-0.7175431378773933, 3.3033577420364177], [-0.7862811582964232, 2.7081113848135385], [-0.5274526967944777, 2.4394401474107608], [-0.9437002178516671, 0.8143708080692993]], "mse": 0.44352670397407085, "vol": 166140.85426216866, "inc": 826, "msevvol": 2.669582421155666e-06, "msevinc": 0.000536957268733742}