{"beta": [0.07241532005498916, 0.08120405734903015, -0.00866525543440629, 0.11247778666854544, 0.018171046197214824, 0.4893393118403804, 0.08300125284391453, -0.03868006119459267, 0.023109454853955755, -0.022927237666639146, 0.03255876181476428, 0.01831380214084045, 0.012020632719570629, -0.06550014156784689, 0.08949605392017741, -0.09621315370389504, -0.027677407237453357], "R": [[-0.10000000000000003, 1.0], [-0.10000000000000003, 1.0], [-0.1, 1.0], [-0.10000000000000003, 1.0], [-0.1, 1.0], [-3.6351241692909233, 1.5608071224502655], [-0.9769183989499992, 1.1236269488575596], [-1.903551324175259, 1.0438499641560357], [-0.11061224117798873, 2.3173220832340404], [-0.6125184424923833, 0.9981412909820018], [-1.8875307746960677, 1.300097643856932], [-1.4026371056557283, 2.1626312747996894], [-0.7169950228232279, 3.3032634050648815], [-0.7856874150981881, 1.0875073459147948], [-0.527513004764509, 2.439110129645856], [-0.9436399543409112, 2.057167275597624]], "mse": 0.5336126212084874, "vol": 154360.50552257872, "inc": 550, "msevvol": 3.4569245507584483e-06, "msevinc": 0.0009702047658336134}