{"beta": [-0.02989927810237345, 0.015869012043395306, -0.054509217671039924, -0.05706889683203471, 0.03106679498315046, 0.5380406163030399, 0.16340098599917344, -0.015662780780632685, 0.04869375370416806, -0.00921725257771283, -0.04195409457190987, -0.015075848115239142, -0.02411485861878735, 0.0001931538117065458, -0.00318647624127733, -0.09154500458257261, 0.0022380329629942837], "R": [[-0.1, 1.0], [-0.1, 1.0], [-0.1, 1.0], [-0.1, 1.0], [-0.10000000000000003, 1.0], [-0.7088372180068021, 1.1223341216825355], [-0.9784111940537749, 1.1220651665449353], [-2.251719604905245, 1.36053689056607], [-0.7371433905093218, 2.317941267123266], [-1.4169791737417383, 1.8038031736377922], [-1.0152060153962723, 0.5288209346652153], [-1.4032255388300936, 6.1113898898974], [-0.7175431378773933, 3.3033577420364177], [-0.7862811582964232, 2.3546965738050796], [-0.5274526967944777, 2.4394401474107608], [-0.9437002178516671, 2.5724418339902657]], "mse": 0.49997250442520663, "vol": 336582.5125077819, "inc": 1049, "msevvol": 1.4854381491778992e-06, "msevinc": 0.00047661821203546866}