{"beta": [-0.043539402613319796, -0.17226588093376138, -0.013975053859239807, 0.22963448252517138, -0.14384370832555707, -0.16485302602423585, -0.28274127389919507, 0.15420562760918832, 0.05112994319321723, 0.10211975952077522, 0.10990532259326181, 0.004308552933162984], "R": [[-2.7959321704778626, 6.122627160047834], [-2.746572466088649, 3.5331412060100997], [-2.3061502761789003, 5.334375481884963], [-2.4563033545612583, 4.986747718998426], [-2.4742496470777513, 5.631750263799668], [-2.462565505455457, 2.6726249832016244], [-1.898207975706763, 1.040205916144244], [-3.452326015876494, 4.224581498035601], [-0.688649780344704, 1.6988029782571497], [-1.4448575338251728, 0.7921097593287006], [-1.0615978541703437, 1.0399357648970522]], "mse": 0.7635118401411914, "vol": 33566185.04012514, "inc": 169, "msevvol": 2.2746458652613833e-08, "msevinc": 0.004517821539296991}