{"beta": [-0.14896212935309275, -0.0819238416938522, 0.01445589813325507, 0.21924407294894702, -0.11060868561295178, -0.18523649222031288, -0.2895511754244107, 0.16092903162976044, 0.05902598992097897, 0.08289512269098104, 0.08381877837401047, -0.0034822558571577316], "R": [[-2.7959321704778626, 6.122627160047834], [-2.746572466088649, 3.5331412060101], [-2.877433136057892, 5.334375481884963], [-2.4563033545612583, 4.986747718998426], [-2.4742496470777513, 5.631750263799668], [-2.462565505455457, 2.6726249832016244], [-1.898207975706763, 3.6099946272353787], [-3.452326015876494, 4.224581498035601], [-0.688649780344704, 1.7988029782571497], [-1.5448575338251727, 0.7921097593287006], [-1.0615978541703437, 1.139935764897052]], "mse": 0.7758199642748176, "vol": 77111034.85853748, "inc": 205, "msevvol": 1.0061075768183928e-08, "msevinc": 0.0037844876306088663}