{"beta": [0.34420884394057755, -0.442446346496501, 0.584922853175526, -0.8487447492623148, 0.43194634893623207, 0.524094935944232, -0.39599011892377844, 0.34250120662991246, 0.0973023142330559, 0.044724610466376116, 0.23318999038043292, -0.6362497482183621], "R": [[-2.7959321704778626, 6.122627160047834], [-2.3088105954164964, 3.5331412060100997], [-0.4210188366629347, 1.464112602853031], [-2.4563033545612583, 4.986747718998426], [-0.7271663323116218, 1.249333645407733], [-0.7175020092364299, 0.9275614869825971], [-1.2329826985416272, 0.2415180244978572], [0.0626077044198955, 4.224581498035601], [-0.688649780344704, 1.6988029782571497], [-1.4448575338251728, 0.7921097593287006], [-1.0615978541703437, 1.0399357648970522]], "mse": 0.46853444495975066, "vol": 163719.3020105134, "inc": 25, "msevvol": 2.8618155538536515e-06, "msevinc": 0.018741377798390028}