{"beta": [0.20375249758869257, -0.28612323513738624, -0.10978654736198531, 0.7516358035031107, -0.5402365658976666, 0.018559455143615324, -0.3034272547962632, -0.2842411378442553, 0.1183041368616741, 3.0936289774352046, 0.09199139063135142, -1.5387322548725904], "R": [[-2.7959321704778626, 6.122627160047834], [-2.746572466088649, 0.7310462406328785], [-2.3061502761789003, 5.334375481884963], [-2.4563033545612583, 4.986747718998426], [-2.4742496470777513, -0.06833300640517026], [-1.5400337573459435, 0.10502973887308364], [-1.540170349174853, 3.6099946272353787], [-0.4046990151996107, 0.9253278021789841], [-0.688649780344704, 1.79880297825715], [-1.4448575338251723, 0.7921097593287006], [-0.9615978541703438, 1.139935764897052]], "mse": 0.6844257243501461, "vol": 559173.4086676274, "inc": 37, "msevvol": 1.2239954792932022e-06, "msevinc": 0.01849799255000395}