{"beta": [-0.44320985200358676, 0.018860710045716652, 0.1616525808389551, 0.43652713570394575, -0.2971474186134719, -0.21370211058447072, -0.2837270460569969, 0.20920802163022464, 0.04950198921546446, 0.04503336599973146, 0.2697741917482976, -0.1992305578959962], "R": [[-2.7959321704778626, 6.122627160047834], [-2.746572466088649, 3.5331412060101], [-2.877433136057892, 5.334375481884963], [-2.4563033545612583, 4.986747718998426], [-2.4742496470777513, 5.631750263799668], [-2.462565505455457, 2.6726249832016244], [-1.898207975706763, 3.6099946272353787], [-3.452326015876494, 4.224581498035601], [-0.688649780344704, 1.7988029782571497], [-1.5448575338251724, 0.7921097593287006], [-0.9615978541703436, 1.039935764897052]], "mse": 0.7364838127549153, "vol": 70105824.10993187, "inc": 96, "msevvol": 1.0505315672490294e-08, "msevinc": 0.0076717063828637}