{"beta": [-0.06441278331635338, -0.0545564472254641, 0.007487194772831883, 0.1897451055679177, -0.13690374129218713, -0.130683839192071, -0.34864928919913224, 0.15545043974853887, 0.05052816413957537, 0.023894613139255755, 0.04444915833925701, 0.03694353417911228], "R": [[-2.7959321704778626, 6.122627160047834], [-2.746572466088649, 3.5331412060100997], [-2.877433136057892, 5.334375481884963], [-2.456303354561258, 4.986747718998426], [-2.4742496470777513, 5.631750263799669], [-2.462565505455457, 2.6726249832016244], [-1.898207975706763, 3.6099946272353787], [-3.452326015876494, 4.224581498035601], [-0.688649780344704, 1.6988029782571497], [-1.4448575338251723, 0.7921097593287006], [-1.0615978541703437, 1.1399357648970518]], "mse": 0.5779006044643472, "vol": 70844065.6637394, "inc": 137, "msevvol": 8.157360804324053e-09, "msevinc": 0.004218252587331001}