{"beta": [-0.4432098520035775, 0.018860710045710046, 0.16165258083894957, 0.43652713570399204, -0.2971474186134996, -0.2137021105844911, -0.283727046056998, 0.20920802163022495, 0.04950198921546387, 0.04503336599973156, -0.052329963647890054, 0.1357370733224578], "R": [[-2.7959321704778626, 6.122627160047834], [-2.746572466088649, 3.5331412060101], [-2.877433136057892, 5.334375481884963], [-2.4563033545612583, 4.986747718998426], [-2.4742496470777513, 5.631750263799668], [-2.462565505455457, 2.6726249832016244], [-1.898207975706763, 3.6099946272353787], [-3.452326015876494, 4.224581498035601], [-0.688649780344704, 1.7988029782571497], [-1.5448575338251724, 0.7921097593287006], [-0.9615978541703436, 1.039935764897052]], "mse": 0.5804600757992854, "vol": 70105824.10993187, "inc": 136, "msevvol": 8.27976966491507e-09, "msevinc": 0.004268088792641804}