{"beta": [3.080367914311264, -1.4970454504311137, -1.7918886839695698, 0.956899072270526, -1.1779049602081084, -0.12093425056192354, 0.7814500381570272, -0.14860686505998175, -4.330540060272394, -2.060642016804171, -0.035465964100680335, -0.6193055622921039], "R": [[-2.7959321704778626, 6.122627160047834], [-2.746572466088649, 0.3932843699607257], [-2.877433136057892, 5.334375481884963], [-2.4563033545612583, 4.986747718998426], [-2.4742496470777513, -0.06833300640517026], [-1.5400337573459435, 0.10502973887308364], [-0.409719794844582, 0.43811812090312097], [-0.4046990151996107, 0.9253278021789841], [-0.688649780344704, 1.6988029782571494], [-1.4448575338251723, 0.7921097593287006], [-0.9615978541703438, 1.139935764897052]], "mse": 1.5810718776512067, "vol": 85735.68214256648, "inc": 6, "msevvol": 1.8441235179328308e-05, "msevinc": 0.26351197960853445}