{"beta": [-2.0604522462336505, 0.4708490194605651, 1.905180762404313, 5.2798966721869345, -4.402560581115668, -2.9706696939218733, -0.0847554300653438, -1.1846823818399255, 0.6258933247154825, 1.8635027403170783, 1.2385971471377952, 0.22584838256619774], "R": [[-2.7959321704778626, 6.122627160047834], [-2.746572466088649, 3.5331412060100997], [-0.8923016965419261, 1.9353954627320225], [-2.456303354561258, 0.058047003291970156], [-0.7271663323116219, 5.631750263799669], [-1.5400337573459435, 2.6726249832016244], [-0.9012200358577431, 3.6099946272353787], [0.0626077044198955, 4.224581498035601], [-0.688649780344704, 1.6988029782571497], [-1.4448575338251723, 0.7921097593287006], [-1.0615978541703437, 1.0399357648970518]], "mse": 2.8007743660227793, "vol": 2247792.628800389, "inc": 13, "msevvol": 1.2460110110413111e-06, "msevinc": 0.21544418200175225}