{"beta": [-0.2354990147651685, 0.033226709236103186, 0.11119964296986577, -0.40348852945530117, 0.2591361985063518, 0.08235476401034089, -0.4925195428532437, 0.12593888390437133, 0.052785343484050146, -0.015471512876334064, 0.06670968445060442, 0.04673270559833946], "R": [[-2.7959321704778626, 6.122627160047834], [-2.746572466088649, 3.5331412060101], [-1.834867416299909, 5.334375481884963], [-2.4563033545612583, 4.986747718998426], [-2.4742496470777513, 5.631750263799668], [-2.462565505455457, 0.9275614869825971], [-0.9380825539337307, 3.6099946272353787], [-3.452326015876494, 4.224581498035601], [-0.688649780344704, 1.79880297825715], [-1.4448575338251723, 0.7921097593287006], [-0.9615978541703438, 1.139935764897052]], "mse": 0.5749685642013844, "vol": 33530988.43349246, "inc": 142, "msevvol": 1.714737891910984e-08, "msevinc": 0.004049074395784397}