{"beta": [-0.04026891355550959, -0.14902510587467782, -0.07582153947038718, -0.6452293664786277, 0.3143866595058923, 0.17695605389686428, -0.340217509648869, 0.04748009997012157, 0.036553688494823725, -0.23647142604248875, 0.06293366084013109, 0.10857928947305458], "R": [[-2.7959321704778626, 6.122627160047834], [-2.746572466088649, 3.5331412060101], [-2.877433136057892, 0.9928297429740394], [-2.4563033545612583, 1.092768585229068], [-2.4742496470777513, 5.631750263799668], [-2.462565505455457, 2.6726249832016244], [-1.898207975706763, 3.6099946272353787], [-1.2314724422187358, 4.224581498035601], [-0.688649780344704, 1.6988029782571497], [-1.4448575338251723, 0.7921097593287006], [-1.0615978541703437, 1.039935764897052]], "mse": 0.5425170136562962, "vol": 10801207.081375575, "inc": 150, "msevvol": 5.022744305974408e-08, "msevinc": 0.0036167800910419747}