{"beta": [2.963193023267256, -0.9645556156571773, -1.5571514886123325, 6.819154115080704, -3.966932886587375, -2.472833606160501, 0.060204098925472266, -0.20821470176607082, 0.8710569983029885, 1.640131431128522, -0.13470471235736245, 1.0574142177961128], "R": [[-2.7959321704778626, 6.122627160047834], [-2.746572466088649, 0.3932843699607257], [-2.877433136057892, 5.334375481884963], [-2.4563033545612583, 4.986747718998426], [-2.4742496470777513, -0.06833300640517026], [-1.5400337573459435, 0.10502973887308364], [-0.409719794844582, 0.9419058679416105], [-0.4046990151996107, 0.9253278021789841], [-0.688649780344704, 1.6988029782571494], [-1.4448575338251723, 0.7921097593287006], [-0.9615978541703438, 1.139935764897052]], "mse": 3.1430554575206338, "vol": 136680.07298090303, "inc": 14, "msevvol": 2.2995710998484632e-05, "msevinc": 0.22450396125147384}