{"beta": [0.0033539008757011695, -0.2666537829887071, 0.11019282477969691, 0.4416752102116327, -0.36040502629349375, -0.17332488982486582, -0.24375152868326078, -0.03145280930791243, 0.06656840567495183, 0.28301775897716175, 0.06970359643737432, 0.013980912129737877], "R": [[-2.7959321704778626, 6.122627160047834], [-2.746572466088649, 3.5331412060101], [-2.877433136057892, 1.9353954627320222], [-2.4563033545612583, 4.986747718998426], [-2.4742496470777513, 5.631750263799668], [-1.1287678832911867, 0.10502973887308364], [-1.898207975706763, 0.6838682414097017], [-1.3752591251785844, 4.224581498035601], [-0.688649780344704, 1.6988029782571497], [-1.4448575338251723, 0.7921097593287006], [-1.0615978541703437, 1.039935764897052]], "mse": 0.7859598031395543, "vol": 3256206.6076356145, "inc": 60, "msevvol": 2.4137282975119714e-07, "msevinc": 0.013099330052325905}