{"beta": [-0.13148633117439226, 0.10776414397219436, -0.002216927507481598, -0.11619239857794376, 0.038348053254944066, -0.01450415744454981], "R": [[-1.3767654645611844, 3.615181352813236], [-1.761779282579846, 0.9121829326680108], [-1.310910811246963, 2.3330237003102603], [-0.5313915329587728, 2.4180798036097926], [-1.0217648016985406, 1.1848754456205048]], "mse": 0.9309333419467931, "vol": 316.57126695647105, "inc": 106, "msevvol": 0.00294067541535536, "msevinc": 0.008782390018365973}