{"beta": [-0.2594062440140436, 0.24894924569815746, 0.1296342019997971, -0.11570781991000074, 0.037392585976008044, -0.08629367076117456], "R": [[-1.3767654645611844, 3.615181352813236], [-0.01247113908127473, 0.8121829326680108], [-1.3109108112469632, 2.3330237003102603], [-0.5313915329587728, 2.4180798036097926], [-1.0217648016985406, 1.1848754456205048]], "mse": 0.9119133812204087, "vol": 97.63106703820249, "inc": 60, "msevvol": 0.009340401666035076, "msevinc": 0.015198556353673478}