{"beta": [-0.1314863311743924, 0.1077641439721939, -0.002216927507481653, -0.11619239857794388, 0.03834805325494408, -0.014504157444549783], "R": [[-1.3767654645611844, 3.615181352813236], [-1.7617792825798457, 0.9121829326680108], [-1.310910811246963, 2.3330237003102603], [-0.5313915329587728, 2.4180798036097926], [-0.9217648016985405, 1.0848754456205048]], "mse": 0.8828567232842734, "vol": 287.87866358887726, "inc": 159, "msevvol": 0.003066766783887433, "msevinc": 0.005552558008077192}