{"beta": [-0.19987688035627854, -0.5409473257682578, -0.3860112579214858, 0.10199226949278606, -0.006088215637927584, -0.6097706807995679], "R": [[-1.3767654645611844, 3.615181352813236], [-1.761779282579846, -0.01247113908127484], [-1.310910811246963, 2.3330237003102603], [-0.5313915329587728, 2.4180798036097926], [-1.0217648016985403, 1.1848754456205048]], "mse": 1.346065892260379, "vol": 207.1011669973368, "inc": 31, "msevvol": 0.006499557253956414, "msevinc": 0.0434214803954961}