{"beta": [-0.13148633117439226, 0.10776414397219436, -0.002216927507481598, -0.11619239857794376, 0.038348053254944066, -0.01450415744454981], "R": [[-1.3767654645611844, 3.615181352813236], [-1.7617792825798457, 0.9121829326680108], [-1.310910811246963, 2.3330237003102603], [-0.5313915329587728, 2.4180798036097926], [-0.9217648016985405, 1.0848754456205048]], "mse": 0.9309333419467931, "vol": 287.87866358887726, "inc": 106, "msevvol": 0.0032337698471334763, "msevinc": 0.008782390018365973}