{"beta": [-0.1314863311743924, 0.1077641439721939, -0.002216927507481653, -0.11619239857794388, 0.03834805325494408, -0.014504157444549783], "R": [[-1.3767654645611844, 3.615181352813236], [-1.761779282579846, 0.9121829326680108], [-1.310910811246963, 2.3330237003102603], [-0.5313915329587728, 2.4180798036097926], [-1.0217648016985406, 1.1848754456205048]], "mse": 0.8828567232842734, "vol": 316.57126695647105, "inc": 159, "msevvol": 0.002788808762627429, "msevinc": 0.005552558008077192}