{"beta": [-0.3008260620920787, 0.055190308459989276, -0.0677245828063541, 0.06884794356870381, 0.01328302808229373, -0.06950820415118744], "R": [[-1.3767654645611844, 0.448335389693607], [-1.761779282579846, -0.8371252108305604], [-1.310910811246963, 1.0850455297911856], [-0.5313915329587728, 2.4180798036097926], [-0.9217648016985407, 1.1848754456205048]], "mse": 0.9596560946791824, "vol": 25.12346936241762, "inc": 23, "msevvol": 0.03819759448170558, "msevinc": 0.04172417802952967}