{"beta": [-0.5055046879532099, -0.1456720729587419, -0.11351717819312272, 0.018945527217529907, 0.04488251906950619, 0.019598893512734368], "R": [[-1.3767654645611844, 3.615181352813236], [-1.7617792825798457, 0.9121829326680108], [-1.310910811246963, 2.3330237003102603], [-0.43139153295877275, 2.4180798036097926], [-1.0217648016985406, 1.1848754456205048]], "mse": 1.51140037199859, "vol": 305.8381141018725, "inc": 33, "msevvol": 0.004941831322878068, "msevinc": 0.04580001127268454}