{"beta": [-0.2033522891932449, -0.4421003991499233, -0.4766672737863689, 0.03460495200900735, -0.00936060557016771, -0.37915616487107273], "R": [[-0.8934097191712308, 3.615181352813236], [-1.761779282579846, -0.01247113908127484], [-1.310910811246963, 2.3330237003102603], [-0.5313915329587728, 2.4180798036097926], [-0.9217648016985407, 1.1848754456205048]], "mse": 1.43082164077063, "vol": 178.57155684922895, "inc": 52, "msevvol": 0.008012595432422071, "msevinc": 0.027515800784050578}