{"beta": [-0.19631387698783914, 0.21115129051897288, 0.10908884664899159, -0.10807020869325935, 0.043308009256311356, -0.053859095386555915], "R": [[-1.3767654645611844, 3.615181352813236], [-1.6617792825798456, 0.9121829326680108], [-1.310910811246963, 2.3330237003102603], [-0.531391532958773, 2.4180798036097926], [-0.9217648016985405, 1.1848754456205048]], "mse": 0.9381697928112623, "vol": 290.92245084112074, "inc": 83, "msevvol": 0.003224810564117026, "msevinc": 0.01130325051579834}