{"beta": [-0.13148633117439232, 0.10776414397219436, -0.00221692750748153, -0.1161923985779437, 0.03834805325494403, -0.014504157444549816], "R": [[-1.3767654645611844, 3.615181352813236], [-1.761779282579846, 0.9121829326680108], [-1.310910811246963, 2.3330237003102603], [-0.5313915329587728, 2.4180798036097926], [-1.0217648016985406, 1.1848754456205048]], "mse": 0.8828567232842734, "vol": 316.57126695647105, "inc": 159, "msevvol": 0.002788808762627429, "msevinc": 0.005552558008077192}