{"beta": [0.08420984396927489, -0.04018629968545462, -0.07135128117921137, 0.2213922703759549, -0.02317338038344062, 0.07865632915503168], "R": [[-1.3767654645611844, 1.1511542562418553], [-1.761779282579846, -0.8371252108305604], [-1.310910811246963, 1.0850455297911856], [-0.5313915329587728, 2.4180798036097926], [-0.9217648016985407, 1.1848754456205048]], "mse": 1.0121108237883587, "vol": 34.798139241558985, "inc": 25, "msevvol": 0.029085199549394508, "msevinc": 0.040484432951534345}