{"beta": [-0.13148633117439226, 0.10776414397219436, -0.002216927507481598, -0.11619239857794376, 0.038348053254944066, -0.01450415744454981], "R": [[-1.3767654645611844, 3.615181352813236], [-1.7617792825798462, 0.9121829326680108], [-1.310910811246963, 2.3330237003102603], [-0.43139153295877286, 2.3180798036097925], [-1.0217648016985406, 1.1848754456205048]], "mse": 0.8828567232842734, "vol": 295.1049612472742, "inc": 159, "msevvol": 0.00299167021643025, "msevinc": 0.005552558008077192}