{"beta": [0.2192245457363546, 0.5506485869226755, -0.0006030162786941157, 1.5753512553861209, 0.36995981816280077, 0.9392340058823515], "R": [[-0.06280560415966455, 0.448335389693607], [-1.761779282579846, -0.01247113908127484], [-1.310910811246963, 1.0850455297911856], [-0.5313915329587728, 2.4180798036097926], [-0.9217648016985407, 1.1848754456205048]], "mse": 0.7989028281163889, "vol": 13.311300515563778, "inc": 9, "msevvol": 0.06001688769495508, "msevinc": 0.08876698090182099}