{"beta": [0.14821977843688391, 0.15273464277966625, 0.08094512115449704, -0.009430760075687246, 0.01737262481993464, 0.17578587952191382], "R": [[-1.3767654645611844, 1.0233690077785373], [-1.7617792825798462, 0.9121829326680108], [-1.310910811246963, 2.3330237003102603], [-0.43139153295877286, 2.4180798036097926], [-1.0217648016985406, 1.1848754456205048]], "mse": 0.8290071240595311, "vol": 147.0473599711461, "inc": 93, "msevvol": 0.005637687913759216, "msevinc": 0.008914055097414313}