{"beta": [-0.13148633117439232, 0.10776414397219436, -0.00221692750748153, -0.1161923985779437, 0.03834805325494403, -0.014504157444549816], "R": [[-1.3767654645611844, 3.615181352813236], [-1.7617792825798457, 0.9121829326680108], [-1.310910811246963, 2.3330237003102603], [-0.5313915329587728, 2.4180798036097926], [-0.9217648016985405, 1.0848754456205048]], "mse": 0.9309333419467931, "vol": 287.87866358887726, "inc": 106, "msevvol": 0.0032337698471334763, "msevinc": 0.008782390018365973}