{"beta": [1.7552656811784182, -1.6220430032940025, 1.130854836466703, -0.739766845050404, -0.30716770764652396, 0.873844550059362, 1.3553732173703412], "diff": 3.2768943973722067, "R": [[-1.6201851746019649, -1.1572751247156892], [-1.13130082502003, -0.7137797945138733], [-1.2772928491263928, -0.7266038060038444], [-0.23821647948833943, 0.5163677363204227], [-0.9760197726155687, 0.7124773122484729], [0.441396996349529, 1.080684189511946]], "mse": 0.3717889899013551, "vol": 0.08669328044286229, "inc": 52}