{"beta": [-0.7489869329584665, 0.12739295233060785, -1.705329375993104, -20.188003928079304, -0.29405829331533656, 0.8014005021142108, 0.44481359205146986], "diff": 20.240863909888823, "R": [[-0.4326521070968158, 0.14721877109329956], [-0.3468720768043141, 1.4755795222543155], [0.9161384937937825, 1.4201814656607088], [-0.23792987968180157, 26.016148822943872], [-0.6839444955440361, 0.35082409601063586], [-1.553814741014648, -0.7264974378417861]], "mse": 0.8415412918457744, "vol": 11.972007867966346, "inc": 58}