{"beta": [-0.19458785766272635, -0.046886195825917236, 0.08001781541708429, -0.04121126629632908, -0.09368170626728527, -0.03679037637927837, -0.08138873136310089], "diff": 0.15792591700470993, "R": [[-1.6923938634770468, 1.6968959665685883], [-1.0618306677398393, 1.5755795222543156], [-1.09345635911185, 1.4201814656607088], [-0.23792987968180157, 26.016148822943872], [-0.9565511514060261, 18.730810247203966], [-3.1508650991369676, 4.357104412223306]], "mse": 0.5893209391498496, "vol": 87195.86454018165, "inc": 1076}