{"beta": [-0.21282848658021308, -0.0026466710857289367, -0.001520134992451008, -0.3637719325892893, -0.0731008004453725, 0.0032711967491627796, -0.0578242047373899], "diff": 0.3371542632977581, "R": [[-1.6923938634770468, 1.6968959665685883], [-0.19526516298667773, 1.5755795222543156], [-1.1934563591118506, 1.4201814656607088], [-0.23792987968180157, 26.016148822943872], [-0.9565511514060261, 18.730810247203966], [-3.1508650991369676, 2.62216783690551]], "mse": 0.5682994054629278, "vol": 46808.30545643887, "inc": 691}