{"beta": [-0.17014517190688278, -0.09303023556007571, -0.06455232935022139, 2.2135572825541807, -0.04300932846535697, -0.10700486531047143, 0.46868039973491515], "diff": 2.289546095760147, "R": [[-0.4629100498862757, 1.6201851746019649], [-0.21225192828625872, 1.496229989247223], [0.5859165052406876, 1.3340984998439032], [-0.23821647948833943, 26.150966377476646], [-0.9760197726155688, 19.14347425562218], [-1.34085820883054, -0.4691029454272444]], "mse": 0.45315065072964045, "vol": 1232.4358921938435, "inc": 151}