{"beta": [-0.20805915283449317, 0.6829811995651582, 0.37656836022778506, -0.7767913172913432, -0.27248080440906464, 1.1499287682978072, -0.24412918780615295], "diff": 1.6918514280972476, "R": [[-1.6923938634770468, -1.302458424381989], [-1.0618306677398395, 1.5755795222543156], [-1.1934563591118503, -0.5052528212147777], [-0.23792987968180157, 1.3350979522671764], [-0.9565511514060261, 18.730810247203966], [0.7311568582246827, 1.381191882146217]], "mse": 1.5708383345396542, "vol": 14.247805106347084, "inc": 33}