{"beta": [-0.2145903941320483, -0.024895543860631628, -0.03817904825263535, -0.050080606310846876, -0.07291073390566684, -0.10122993226387388, -0.007741928352982303], "diff": 0.0, "R": [[-1.6923938634770468, 1.6968959665685883], [-1.0618306677398395, 1.5755795222543156], [-1.1934563591118503, 1.4201814656607088], [-0.23792987968180157, 26.016148822943872], [-0.9565511514060261, 18.730810247203966], [-3.1508650991369676, 4.357104412223306]], "mse": 0.7097276929350651, "vol": 90664.77576043956, "inc": 2318}