{"beta": [-0.5029991548174878, -0.039468897205561466, 0.519846087552099, 8.771227739304498, 0.2602162335177754, -0.2719631806714041, 0.4498423548758759], "diff": 8.837680117421232, "R": [[-0.6943650748294136, 0.4629100498862757], [1.011951861348717, 1.396229989247223], [0.4077146845517827, 1.3340984998439032], [-0.23821647948833943, 26.150966377476646], [-0.5711947701924747, -0.0024453846992129047], [-2.0963794371133964, -0.6047093197344238]], "mse": 0.6875288926918813, "vol": 9.223439765521654, "inc": 126}