{"beta": [-0.2080591528346019, 0.6829811995650888, 0.3765683602277843, -0.7767913172913472, -0.27248080440905614, 1.1499287682978439, -0.24412918780641232], "diff": 1.6918514280972825, "R": [[-1.6923938634770468, -1.302458424381989], [-1.0618306677398395, 1.5755795222543156], [-1.1934563591118503, -0.5052528212147777], [-0.23792987968180157, 1.3350979522671764], [-0.9565511514060261, 18.730810247203966], [0.7311568582246827, 1.381191882146217]], "mse": 1.5708383345396484, "vol": 14.247805106347084, "inc": 33}