{"beta": [-0.26572604461482596, -0.6486911973487219, 1.3555999250792494, -22.163191004498454, -0.5138494737424035, 0.6208950580238962, -3.133160553572337], "diff": 22.40107453310557, "R": [[-1.0125229852869313, 0.1472187710932995], [-0.3468720768043141, 1.4755795222543155], [0.9581357919448249, 1.4201814656607088], [-0.23792987968180157, 26.016148822943872], [-0.9565511514060261, 18.730810247203966], [-1.553814741014648, -0.9037797170931137]], "mse": 1.3590472686906294, "vol": 328.1128649707835, "inc": 71}