{"beta": [-1.0318807708764077, -0.02386052806791923, -0.6983301641431529, 33.48304087428309, -0.053880433836282826, -0.788267636204857, 4.611584051662655], "diff": 33.84947208810107, "R": [[0.0, 0.4629100498862757], [0.8903325675539274, 1.496229989247223], [0.7354227688768457, 1.3340984998439032], [-0.23821647948833943, 26.150966377476646], [-0.4764544353964434, 19.14347425562218], [-1.37960288720402, -0.7015710156681232]], "mse": 0.5105693376176417, "vol": 58.946882667519034, "inc": 45}