{"beta": [1.674126400471271, -0.1245876034566936, 0.3714314565736605, -3.460805819029422, -1.1887929765752505, -1.8435970322844992, 1.5611795478829023], "diff": 4.703250766080322, "R": [[-1.6923938634770468, -1.0125229852869313], [-1.0618306677398395, -0.4641115069430329], [-1.1934563591118503, -0.5996260601633847], [-0.23792987968180157, 26.016148822943872], [-0.9565511514060261, -0.013925228216370877], [-0.9037797170931137, -0.037066351864401215]], "mse": 3.520595128296078, "vol": 5.176040017286235, "inc": 72}