{"beta": [-0.4492932444220308, 1.0669290359965808, -0.11595315989410264, 13.566221398277614, -0.02332436282203339, -0.4656352178632262, -0.13158394523903874], "diff": 13.642312914094159, "R": [[-0.9258200997725514, -0.4629100498862757], [0.7179778797409526, 1.496229989247223], [-1.2772928491263928, 1.3340984998439032], [-0.23821647948833943, 26.150966377476646], [-0.16261235227314283, 0.5718890566532707], [-1.2439965128968407, -0.1785178576261458]], "mse": 0.4708538167527617, "vol": 19.429078666099123, "inc": 8}