{"beta": [0.6580948772919137, 0.004711992455105442, -0.27378508906804694, -0.04604114973491826, -0.28520961504841214, -0.13451815948008244, 1.0295702059563914], "diff": 1.3929027596484527, "R": [[-1.5923938634770467, -1.302458424381989], [-1.0618306677398395, 1.5755795222543156], [-1.1934563591118503, 1.4201814656607086], [-0.23792987968180157, 26.016148822943872], [-0.9565511514060261, 18.730810247203966], [-3.1508650991369676, 4.357104412223306]], "mse": 1.7012740875184156, "vol": 7755.881877533043, "inc": 270}