{"beta": [-0.19813552878323615, 0.027821593653150904, -0.14514962667068695, -2.2122974217469595, -0.056682389612075765, 0.0157005545681685, -0.1657746632710797], "diff": 2.17453088366159, "R": [[-1.6923938634770468, 1.6968959665685885], [-0.17210976618173324, 1.5755795222543156], [-0.02976616973458346, 1.4201814656607088], [-0.23792987968180157, 26.016148822943872], [-0.9565511514060261, 18.730810247203966], [-3.1508650991369676, -0.2931407552274299]], "mse": 0.7791106478119264, "vol": 12686.151160147718, "inc": 523}