{"beta": [-0.7270220673384029, 0.2644040675795049, 0.9317497459576856, -4.987783139337045, -0.8574719832558282, 0.3045808938574885, -0.7604549627946685], "diff": 5.197571004630307, "R": [[-1.302458424381989, -0.43265210709681584], [-0.9618306677398394, 0.28782953667016387], [-0.43887778103353225, 0.4102400057214539], [-0.23792987968180157, 26.016148822943872], [-0.9565511514060261, 18.730810247203966], [-3.1508650991369676, -0.234046662143654]], "mse": 1.6804914927119872, "vol": 1391.4773090859749, "inc": 32}