{"beta": [-0.32667686222296094, 1.4559499606699047, 0.21851570733727718, -0.7860729533105923, -0.2699612933278038, 1.1931981950378525, 0.0977914867324333], "diff": 2.1303882553245947, "R": [[-1.6923938634770468, -1.302458424381989], [-1.0618306677398395, -0.31811063656238303], [-1.1934563591118503, -0.5052528212147777], [-0.23792987968180157, 1.3350979522671764], [-0.9565511514060261, 18.730810247203966], [0.7311568582246827, 1.381191882146217]], "mse": 1.5761691156920585, "vol": 4.017720905949127, "inc": 33}