{"beta": [0.4414328537517645, -0.20703752987573087, 0.6555302698979089, -2.006390910247009, -0.549134755012925, -2.7875232237355596, -1.097396833839842], "diff": 3.660906118346409, "R": [[-1.5923938634770467, -1.0125229852869313], [-1.0618306677398395, 1.314466708695702], [-1.1934563591118503, 0.5116127943619015], [-0.23792987968180157, 26.016148822943872], [-0.6761056603479486, 18.730810247203966], [-0.8052895619534872, -0.5492151585904586]], "mse": 4.608754369881513, "vol": 306.54452296164624, "inc": 15}