{"beta": [0.18412335766237037, -1.1974475006564942, -2.7839421083985565, -20.921667933159586, -0.5306697064663695, -0.6401395500596487, 1.8652599462470698], "diff": 21.212943965041045, "R": [[-0.9258200997725514, -0.4629100498862757], [-1.13130082502003, 1.496229989247223], [0.05878635635578089, 1.3340984998439032], [-0.23821647948833943, 26.150966377476646], [-0.16261235227314283, 0.3488471709527101], [-1.2439965128968407, -0.1785178576261458]], "mse": 2.545077184385252, "vol": 22.307088398833777, "inc": 8}