{"beta": [0.04266821762049328, 0.15610170496523584, 0.3717997991487401, 57.51961787580998, -0.40233442441011424, -0.21879230012192277, 7.09695169785579], "diff": 57.98209901223479, "R": [[-1.720185174601965, -0.4629100498862757], [-1.03130082502003, 1.496229989247223], [-0.33957549449411184, 1.3340984998439032], [-0.23821647948833943, 26.150966377476646], [-0.3958834005582459, 1.6818333520023774], [-1.4183475655774997, -0.7790603724150829]], "mse": 0.520010711460923, "vol": 186.4257669383041, "inc": 12}