{"beta": [-0.8848817050993549, 0.6474109952787851, 0.11100531283176003, 37.54227244705653, -0.0480573862271807, -0.4163894352489195, 3.5141928777209603], "diff": 37.74513054820883, "R": [[-0.4629100498862757, 0.23145502494313785], [1.011951861348717, 1.396229989247223], [-1.1772928491263928, 1.3340984998439032], [-0.23821647948833943, 26.150966377476646], [-0.5119149747567047, 19.14347425562218], [-1.34085820883054, -0.8952944075355223]], "mse": 0.6684832311112185, "vol": 154.86933021701475, "inc": 38}