{"beta": [-0.1055871862753338, 0.010533109224437112, 0.058420956823705975, -0.021473295226817825, -0.052387594502272684, -0.052524456663188335, -0.029860576875140328], "diff": 0.08530071736036911, "R": [[-1.720185174601965, 1.720185174601965], [-1.1313008250200303, 1.496229989247223], [-1.1772928491263925, 1.3340984998439032], [-0.23821647948833943, 26.150966377476646], [-0.9760197726155688, 19.14347425562218], [-3.261858092384089, 4.1252797458964094]], "mse": 0.3737585569335786, "vol": 89040.29859933283, "inc": 1372}