{"beta": [-0.5854561113909516, 0.3052327392818877, 0.10562668394512717, 51.38784806654405, -0.025628851743917148, -1.240183720575537, 4.87079935516323], "diff": 51.657595140698916, "R": [[-0.6943650748294136, 0.4629100498862757], [1.011951861348717, 1.396229989247223], [-1.1772928491263928, 1.3340984998439032], [-0.23821647948833943, 26.150966377476646], [-0.5119149747567047, 19.14347425562218], [-1.34085820883054, -0.8952944075355223]], "mse": 0.6125395921823531, "vol": 258.11555036169125, "inc": 49}