{"beta": [-0.10792904074152049, -0.0008214670756537558, 0.00360326894627209, -0.3202492418880237, -0.03485040984415739, -0.08126111779453217, -0.007173004365107749], "diff": 0.29731929112917443, "R": [[-1.720185174601965, 1.7201851746019652], [-1.03130082502003, 1.496229989247223], [-1.2772928491263928, 1.3340984998439032], [-0.23821647948833943, 2.390868260443519], [-0.9760197726155687, 19.14347425562218], [-3.261858092384089, 4.125279745896409]], "mse": 0.4117865272032032, "vol": 8873.019948201876, "inc": 1931}