{"beta": [-0.2162214623665186, -0.027944117946318174, -0.037914285729601004, -0.1727816858315068, -0.07183819093425436, -0.09046120183678667, -0.012472507268309601], "diff": 0.12331696348265014, "R": [[-1.6923938634770468, 1.6968959665685885], [-1.0618306677398397, 1.5755795222543156], [-1.19345635911185, 1.4201814656607088], [-0.23792987968180157, 22.768937167455125], [-0.9565511514060261, 18.730810247203966], [-3.1508650991369676, 4.357104412223306]], "mse": 0.7052576019452307, "vol": 79450.98608888924, "inc": 2314}