{"beta": [-0.14106139896379905, -0.12706674203066115, 0.09668512373880342, -0.782323354544584, -0.08546735203439867, -0.0005030048496993322, 0.040914388203127906], "diff": 0.7853987503346639, "R": [[-1.720185174601965, 0.4629100498862757], [0.015935968254862987, 1.496229989247223], [0.2097394548013214, 1.3340984998439032], [-0.23821647948833943, 26.150966377476646], [-0.9760197726155687, 19.14347425562218], [-3.261858092384089, 0.11206723017495057]], "mse": 0.5587846738827248, "vol": 6508.848239289929, "inc": 344}