{"beta": [-0.5263987654291898, -0.1646337202224573, -0.20561015782328734, -2.172780679960019, -0.346421381712228, 0.04511856657677191, -0.534758773348883], "diff": 2.2415647904872333, "R": [[-1.302458424381989, -0.14271666800175808], [-0.9618306677398394, 0.28782953667016387], [-1.1934563591118503, 1.4201814656607088], [-0.23792987968180157, 26.016148822943872], [-0.9565511514060261, 18.730810247203966], [-3.1508650991369676, -0.234046662143654]], "mse": 1.0649091211443296, "vol": 5710.73928583126, "inc": 224}