{"beta": [2.7034293240216165, -1.998348046510143, -0.20734237228338706, 4.719683593891329, -0.9400155569009707, -0.17682459346656595, 1.65556451616043], "diff": 6.163121374179374, "R": [[-1.6201851746019649, -1.1572751247156892], [-1.13130082502003, -0.7137797945138733], [-1.2772928491263928, -0.35766092961138907], [-0.23821647948833943, -0.011308041946300085], [-0.5914844215168162, -0.24783864582639617], [0.4607693355362689, 1.255035242192605]], "mse": 0.2628254452875083, "vol": 0.01100820676407948, "inc": 20}