{"beta": [-0.3139286587239915, 0.1186681391224445, 0.1253137211532644, 0.7547023123419699, -0.7151657657191323, 0.576871138680428, 0.1727473455691957], "diff": 1.2774173767840904, "R": [[-0.9258200997725514, -0.23145502494313785], [0.04191054796752269, 1.06584304542545], [-1.2772928491263928, 1.0722941403279962], [-0.23821647948833943, 26.150966377476646], [-0.9760197726155686, 19.14347425562218], [-1.7283049925653382, -0.546592302174204]], "mse": 0.45309748106246484, "vol": 1048.1069980076252, "inc": 27}