{"beta": [2.336458915881681, -1.5960720451590693, -0.2998832282314233, 1.7616144932262916, -0.11846762792960415, 0.3622495758835435, 1.3198529080439916], "diff": 3.708311906070115, "R": [[-1.6201851746019649, -1.1572751247156892], [-1.13130082502003, -0.7137797945138733], [-1.2772928491263928, -0.35766092961138907], [-0.12275535563150587, -0.011308041946300085], [-0.6314942756896499, -0.24783864582639617], [0.4607693355362689, 1.5843650083671834]], "mse": 0.5631744180080905, "vol": 0.008539063444509602, "inc": 22}