{"beta": [-0.11119143704172722, 0.0055408508719798555, 0.03868583761476979, -0.32876288413967125, -0.0496761535575505, -0.03219401996802144, -0.029127903535537396], "diff": 0.3173082010058907, "R": [[-1.720185174601965, 1.720185174601965], [-1.1313008250200303, 1.496229989247223], [-1.1772928491263925, 1.3340984998439032], [-0.23821647948833943, 2.390868260443519], [-0.9760197726155688, 19.14347425562218], [-3.261858092384089, 2.417375593396999]], "mse": 0.4316537711501467, "vol": 6819.912240310632, "inc": 2121}