{"beta": [-0.16771867584080938, -0.07045449430916308, 0.12240173479826141, -0.06631041631015093, -0.03370913000225458, 0.000578331521562217, 0.04544218375640827], "diff": 0.19685348049571627, "R": [[-1.720185174601965, 1.388730149658827], [-0.16807086746659472, 1.496229989247223], [-1.2772928491263928, 1.3340984998439032], [-0.23821647948833943, 26.150966377476646], [-0.9760197726155687, 19.14347425562218], [-3.261858092384089, 0.053950212614733095]], "mse": 0.656211577491457, "vol": 23787.29746474631, "inc": 790}