{"beta": [-0.10895672649047769, 0.0007006709879599464, 0.0021124761926445065, -0.35717560522739744, -0.03856878616242352, -0.07714308112571641, -0.009044613269240465], "diff": 0.3344750078403607, "R": [[-1.7201851746019647, 1.7201851746019652], [-1.13130082502003, 1.496229989247223], [-1.1772928491263928, 1.3340984998439032], [-0.23821647948833943, 2.390868260443519], [-0.9760197726155687, 19.14347425562218], [-3.261858092384089, 2.4173755933969994]], "mse": 0.5603466894693189, "vol": 6819.912240310631, "inc": 2872}