{"beta": [-0.15036536201649128, -0.07294433651464986, 0.10974379081946097, -0.364579341309144, -0.04162081664457157, -0.010571116497142707, 0.0185983279484805], "diff": 0.3803345517504741, "R": [[-1.720185174601965, 1.7201851746019652], [-0.27755250719004776, 1.496229989247223], [-1.2772928491263928, 1.3340984998439032], [-0.23821647948833943, 26.150966377476646], [-0.9760197726155687, 19.14347425562218], [-3.261858092384089, 0.18955658692191024]], "mse": 0.4828660295473679, "vol": 29202.340542638387, "inc": 582}