{"beta": [1.7877617593585984, -2.7174639254551045, 2.5336147413525114, -1.3398163334682558, 0.035411140880804284, 1.3230475649312705, 1.8556140925664748], "diff": 4.958751009303055, "R": [[-1.6201851746019649, -1.1572751247156892], [-1.13130082502003, -0.6683849682870756], [-1.2772928491263928, -0.7266038060038444], [-0.23821647948833943, 0.42174986853828184], [-0.5659512440188909, -0.24783864582639617], [0.441396996349529, 1.080684189511946]], "mse": 0.2567155435817904, "vol": 0.015838125019229356, "inc": 29}