{"beta": [-0.34866663049685953, 0.16560513240554486, 0.13020500976894955, -0.07314467018930483, -0.7580379932505462, 0.45158983831521626, -0.0983579306077365], "diff": 0.9718052882920205, "R": [[-0.9258200997725514, -0.23145502494313785], [0.04191054796752269, 0.9898613309388851], [-1.2772928491263928, 1.0722941403279962], [-0.23821647948833943, 26.150966377476646], [-0.9760197726155686, 19.14347425562218], [-1.7283049925653382, -0.546592302174204]], "mse": 0.4411309774614429, "vol": 970.3313957372635, "inc": 22}