{"beta": [2.0859935732317108, 1.9554967428938022, 0.40768091058824146, -8.00462803330294, -2.6533571241276324, -3.766927025972954, 1.8445279840119935], "diff": 9.80893463406608, "R": [[-1.6923938634770468, -1.0125229852869313], [-1.0618306677398395, -0.4641115069430329], [-1.1934563591118503, -0.5996260601633847], [-0.23792987968180157, 26.016148822943872], [-0.6761056603479486, -0.013925228216370877], [-0.9037797170931137, -0.29314075522742983]], "mse": 5.093477755891201, "vol": 2.5617904742769255, "inc": 33}