{"beta": [-0.0005559147521101069, -0.40945969835735774, 1.2396763930929355, -16.366018584922042, -0.5113705219731143, 1.040365004171777, -1.974311815643044], "diff": 16.534791504714978, "R": [[-0.7225875461918736, 0.1472187710932995], [-0.3468720768043141, 1.4755795222543155], [0.9581357919448249, 1.4201814656607088], [-0.23792987968180157, 26.016148822943872], [-0.9565511514060261, 18.730810247203966], [-1.553814741014648, -0.9037797170931137]], "mse": 1.0349473065435464, "vol": 246.08464872808761, "inc": 59}