{"beta": [1.755265681178564, -1.6220430032947195, 1.130854836467572, -0.7397668450504847, -0.30716770764653073, 0.8738445500592598, 1.3553732173708848], "diff": 3.276894397373154, "R": [[-1.6201851746019649, -1.1572751247156892], [-1.13130082502003, -0.7137797945138733], [-1.2772928491263928, -0.7266038060038444], [-0.23821647948833943, 0.5163677363204227], [-0.9760197726155687, 0.7124773122484729], [0.441396996349529, 1.080684189511946]], "mse": 0.5935504702479181, "vol": 0.08669328044286229, "inc": 54}