{"beta": [-0.15013863265194782, -0.07381481833779513, 0.10853252540243784, -0.39268039771608254, -0.04175774168078324, -0.01035386277765081, 0.01769090902768662], "diff": 0.40552036615128095, "R": [[-1.720185174601965, 1.720185174601965], [-0.277552507190048, 1.496229989247223], [-1.277292849126393, 1.3340984998439032], [-0.23821647948833943, 26.150966377476646], [-0.9760197726155688, 19.14347425562218], [-3.261858092384089, 0.18955658692191024]], "mse": 0.5906804437764815, "vol": 29202.340542638394, "inc": 963}