{"beta": [0.24601344301954772, 0.024457599467937602, 2.0719725132801936, -5.428669577195137, -1.365522449828129, -5.5435920256503355, -1.3067805735053533], "diff": 8.159301573246447, "R": [[-1.6923938634770468, -0.1427166680017582], [-1.0618306677398395, 1.5755795222543156], [-1.1934563591118503, -0.5996260601633847], [-0.23792987968180157, 26.016148822943872], [-0.6761056603479486, 18.730810247203966], [-0.9037797170931137, -0.41132894139498155]], "mse": 4.39438389674255, "vol": 608.9721161673444, "inc": 40}