{"beta": [-0.10263991129020876, 0.0060596055532719795, 0.004339522469453039, -0.024372743444831292, -0.03793147251260486, -0.10596032686795887, 0.00549382437783174], "diff": 0.0, "R": [[-1.720185174601965, 1.7201851746019647], [-1.13130082502003, 1.496229989247223], [-1.1772928491263928, 1.3340984998439032], [-0.23821647948833943, 26.150966377476646], [-0.9760197726155686, 19.14347425562218], [-3.261858092384089, 4.12527974589641]], "mse": 0.5588943869193952, "vol": 89040.29859933282, "inc": 2902}