{"beta": [-0.2145903941320503, -0.02489554386062971, -0.03817904825263539, -0.0500806063108468, -0.07291073390566608, -0.10122993226387407, -0.007741928352982202], "diff": 0.0, "R": [[-1.6923938634770468, 1.6968959665685883], [-1.0618306677398395, 1.5755795222543156], [-1.1934563591118503, 1.4201814656607088], [-0.23792987968180157, 26.016148822943872], [-0.9565511514060261, 18.730810247203966], [-3.1508650991369676, 4.357104412223306]], "mse": 0.7774946006617337, "vol": 90664.77576043956, "inc": 1546}