{"beta": [0.1211901689358307, 0.04426043039359835, 0.04507812626699973, 0.01222803095319541, 2.827684993830718e-05, 0.09845881943347304, 0.06084822936960414, 0.03222767798488569, 0.01867280968409029, -0.014792980830204252, 0.19816530057895734, 0.016648846113338778], "diff": 0.09900022506028895, "R": [[-0.07476935333494972, 2.1351698345202506], [-2.1678075959963774, 2.534311068096654], [-3.013722095571801, 10.965817738591115], [-2.4014857337967093, 5.238879065791867], [-2.982577280579566, 5.4189037710799495], [-3.0143271263940132, 9.279222489638407], [-1.2883164539645324, 22.438229432520206], [-0.21340330868756002, 8.918084865187856], [-0.25036706077527937, 6.750392678051216], [-4.7899245497589265, 8.738392508636064], [-2.3133427231696846, 3.672922252623378]], "mse": 0.8312762028368106, "vol": 14081048412.258574, "inc": 772}