{"beta": [0.390052146500422, 0.3866122202747427, 0.5787635816764829, -0.04845364913350109, -0.14838774700559323, 0.3191337078552341, 0.5563506307240665, 19.05316110084168, -12.353162934479379, -0.6450623813486055, 0.0930709980216377, -0.9190088757396458], "diff": 22.75197969461282, "R": [[-0.6022541502987502, 1.7714274360383513], [0.5584282913912242, 2.4343110680966538], [-0.24131178072005333, 1.6737942487241146], [0.42178504252329274, 5.238879065791867], [-2.982577280579566, 5.4189037710799495], [-0.36391562569227476, 9.279222489638407], [-0.3386905492075599, 1.0166650607618963], [-0.21340330868756002, 8.918084865187856], [-0.25036706077527937, 6.750392678051216], [-2.596439752614762, 0.4413610725021162], [-1.4129010374463595, 0.9357303664314836]], "mse": 1.9071451251609335, "vol": 2057285.1637972489, "inc": 15}