{"beta": [0.14872561141811014, 0.014482657150015227, 0.01593953309011721, 0.01946472237716587, -0.010662945687435088, -0.1428505555245186, 0.11107546918870863, 0.11638294669560499, -0.01439171844724733, 0.01007944479646714, 0.13789566625354885, -0.13250472271561306], "diff": 0.2772874516489194, "R": [[-0.5854846038455667, 2.048924205299496], [-2.0125996747469777, 1.109300880388671], [-2.521978111015047, 0.5415410655405711], [-2.306328501214799, 5.670996570404462], [-1.8031929335056864, 5.041763475283599], [-3.1759735352273033, -0.021307830741581935], [-0.9395076438021857, 15.110644293668837], [-0.6117999790190289, 1.953888317691431], [-0.9041149963561597, 1.206053990952793], [-0.9842871489372421, 3.3012268919967234], [-0.992876080017269, 3.296846054511241]], "mse": 1.005019166566468, "vol": 6933244.570992613, "inc": 172}