{"beta": [-0.09835708398840594, -0.4813882967024056, -0.05639196664597689, 0.3090976962068134, 0.11915403276868264, 0.227752528688215, 0.10229869167744524, 1.0566067112194137, -0.6275054866319598, -0.1011252306505113, 0.633090521599565, 0.12254795773440148], "diff": 1.4312873628611054, "R": [[-1.8118885190211482, -0.30388362505166944], [-1.8439201166757129, 1.3153395546024653], [-0.004764237208318423, 24.050349106616267], [0.5104083388713814, 3.1738758291519504], [0.35519311730688496, 5.041763475283599], [-1.4213629452975378, 1.7181545843127868], [-0.6088624548643671, 15.110644293668837], [-0.6117999790190289, 1.9538883176914308], [-1.0041149963561595, 1.1060539909527929], [-0.6172640167378237, 1.4313556528419809], [-1.8909183913560328, 0.5283920759722494]], "mse": 1.3206616472221153, "vol": 1894409.7595281887, "inc": 19}