{"beta": [0.08787552956594878, 0.4389071716034881, -0.07192106319942396, -0.014398790169143232, 0.12571936514319795, 0.15756415391477063, -0.24515284751255625, 1.2210182459310652, 0.19428444752156357, -0.23815557682501115, -0.06770836056340125, -0.04258432292273058], "diff": 1.4086430565822574, "R": [[-0.3385117518168511, 2.1351698345202506], [-0.717171996768468, 2.534311068096654], [-0.6830726138744749, 1.7903026003252809], [-2.401485733796709, 0.6649342189804359], [-0.9899278071196775, 0.8125955009373588], [-3.014327126394013, 0.21097221258065768], [-1.2883164539645324, 0.37944563219416694], [-0.21340330868756002, 8.918084865187856], [-0.25036706077527937, 6.750392678051216], [-0.8433487002465865, 1.1417896084434982], [-2.3133427231696846, -0.14574413684987375]], "mse": 0.9052022759574069, "vol": 162700.2822111822, "inc": 61}