{"beta": [0.0390305778145038, 0.19071477951324697, 0.04060706035298206, 0.021592985694350836, -0.017311798369486268, 0.08414649495710372, 0.004247910269549101, 0.034104051703798724, 0.03868797092206913, -0.04084850184569691, 0.23712058859932195, -0.07996204751259145], "diff": 0.23014095620028652, "R": [[-0.07476935333494972, 2.1351698345202506], [-0.4920660635638163, 2.534311068096654], [-1.7122297196847753, 10.965817738591115], [-2.4014857337967093, 5.238879065791867], [-1.8911894611481956, 0.8125955009373587], [-2.161746683563992, 9.279222489638407], [-1.2883164539645324, 1.5931969247041273], [-0.21340330868756002, 8.918084865187856], [-0.25036706077527937, 6.750392678051216], [-4.7899245497589265, 8.738392508636064], [-0.966259595255915, 3.672922252623378]], "mse": 0.8259872981027288, "vol": 231684695.17147195, "inc": 302}