{"beta": [0.07330351255857472, -0.01289413532011013, 0.05345044949839373, 0.018053979471846802, 0.003984079367004147, 0.020503099335793102, 0.015061999493513013, 0.019264508517664727, -0.015022593721350534, -0.0036110287592271916, 0.23327992014760532, -0.01331672928770047], "diff": 0.0, "R": [[-1.8118885190211482, 2.048924205299496], [-2.0125996747469777, 2.308173809528907], [-2.521978111015047, 24.050349106616267], [-2.306328501214799, 5.670996570404462], [-4.241444488552639, 5.041763475283599], [-3.1759735352273033, 9.29572167341846], [-0.9395076438021857, 15.110644293668837], [-0.6117999790190289, 2.053888317691431], [-1.0041149963561595, 1.206053990952793], [-4.1498813091984434, 3.3012268919967234], [-1.8909183913560328, 3.296846054511241]], "mse": 0.9726412642047445, "vol": 1496462358.7829792, "inc": 1308}