{"beta": [0.10072142611887087, 0.016929035932689167, 0.0602168839908453, 0.0715852898421406, 0.0007934646447582091, 0.06405005250419187, 0.051887779285574975, 0.013118397146989664, 0.015886205965796964, -0.0183429397824038, 0.25712813546496466, -0.004170839660251489], "diff": 0.02134782953435775, "R": [[-1.7572237442263519, 2.1351698345202506], [-2.1678075959963774, 2.534311068096654], [-3.0137220955718007, 10.965817738591115], [-1.0371100162195657, 5.238879065791867], [-2.982577280579566, 5.4189037710799495], [-3.014327126394013, 9.279222489638407], [-1.2883164539645322, 22.438229432520206], [-0.21340330868756002, 8.918084865187856], [-0.25036706077527937, 6.750392678051216], [-4.7899245497589265, 8.738392508636064], [-2.3133427231696846, 3.672922252623378]], "mse": 1.0250552176305578, "vol": 20372273608.31908, "inc": 802}