{"beta": [0.11747788889269417, 0.15460435789011073, 0.033730138982829984, 0.043563615029695926, 0.0009707121085310516, -0.03138201063350982, 0.07555079503442927, 0.009586730884515124, 0.016247765653338242, -0.017936384085864423, 0.2602289328464965, -0.078679857453037], "diff": 0.19858311563980152, "R": [[-1.7572237442263514, 2.1351698345202506], [-0.4170307524955992, 2.534311068096654], [-1.7122297196847756, 10.965817738591113], [-1.0371100162195654, 5.238879065791867], [-0.9899278071196775, 1.2632263279516178], [-2.161746683563992, 1.1726027784190178], [-1.2883164539645324, 2.635000117441844], [-0.21340330868756002, 8.918084865187856], [-0.25036706077527937, 6.750392678051216], [-4.7899245497589265, 8.738392508636064], [-0.9662595952559151, 3.672922252623378]], "mse": 0.8049247714566403, "vol": 108093128.16133326, "inc": 517}