{"beta": [0.08591770080520696, 0.06495390402644212, -2.8202321806814488, 0.06567271967825906, 1.6514317497610307, 0.046286836987771175, 0.24379327788394253, 0.23205311135517148, 0.9383000382370091, -0.4587105167487521, 0.3281204523820573, 0.15651448814620156, 0.3331036175586232, -0.08929426556524406, 0.1704479630203397, -0.09471126855842853, 0.030338074267007225, 0.03561269270690541, 0.4624280222067599, 0.02732670790093442, 0.13392139478899553, -0.030276069301641773, -0.13906790715030817, 0.18755885721675483, 0.0011646500463806128, 0.06919087119880145, -0.24491828695387477, -0.7130604150037394], "diff": 3.457588766683275, "R": [[-0.1, 1.0], [-0.1, 1.0], [-0.1, 1.1], [-0.10000000000000003, 1.0], [-0.1, 1.1], [-0.09999999999999998, 1.1], [-0.10000000000000003, 1.0], [-0.09999999999999998, 1.1], [-0.1, 1.0], [-0.1, 1.1], [-0.09999999999999998, 1.1], [-0.10000000000000003, 1.1], [-0.10000000000000003, 1.1], [-0.1, 1.1], [-0.10000000000000002, 1.0], [-0.1, 1.1], [-0.09999999999999998, 1.1], [0.0, 1.1], [-0.09999999999999998, 1.1], [-0.09999999999999999, 1.1], [-0.7053031565400538, 1.6647514718297687], [-2.048731692570825, 1.2274380427253493], [-1.8155157617557751, 1.1671280858757538], [-1.1945627202088516, 0.6213000478726798], [-1.483378977579413, 0.727391263531848], [-1.335654730362813, 0.6799186880935381], [-0.7418551946791375, 2.377114349452829]], "mse": 0.6851951550538975, "vol": 12186.178450898202, "inc": 169}