{"beta": [-0.06053744475718265, 0.12357009842689543, -0.7795736519473869, 0.16834242747646366, 0.4116859520909712, 0.09836565369223145, -0.0925035418372741, 0.031019892599665033, 0.3158140447074758, -0.5123943995291296, 0.1985184804451287, -0.03127592656736461, 0.09442903581272996, 0.0260762554268034, 0.41445878493213845, -0.33965596093335587, -0.15820232661541, -0.1610288812475497, 0.18153977012448072, 0.18108618312960895, 0.01826387899680365, -0.017194149962209103, -0.20523057052554097, 0.33298767673368246, -0.1296325078415131, 0.0402815663277233, -0.15533160238618052, -0.07750334248821925], "diff": 0.99119569433256, "R": [[-0.09999999999999999, 1.1], [-0.09999999999999999, 1.1], [-0.1, 1.1], [-0.09999999999999998, 1.1], [-0.1, 1.1], [-0.10000000000000002, 1.1], [-0.09999999999999999, 1.1], [-0.1, 1.1], [-0.1, 1.1], [-0.1, 1.0], [-0.09999999999999998, 1.1], [-0.09999999999999998, 1.1], [-0.1, 1.1], [-0.1, 1.1], [-0.1, 1.1], [-0.10000000000000003, 1.1], [0.0, 1.1], [-0.09999999999999998, 1.1], [-0.09999999999999998, 1.1], [-0.09999999999999998, 1.1], [-2.4981993196613552, 3.7962268675753306], [-2.048731692570825, 1.7038635030197753], [-2.750656175627217, 1.882963132690004], [-0.6936352016146979, 3.9147135853931747], [-1.358241094570297, 3.0798742715437974], [-0.44688920511608016, 5.625192628894896], [-3.311921066360926, 2.377114349452829]], "mse": 0.7081121510828227, "vol": 2491014.150322978, "inc": 188}