{"beta": [0.2001148605982617, 0.28226251323914103, 0.08259850040388778, 0.5682773861594539, 0.23210627825787472, 0.2480962067340123, -0.14570134540593366, -7.405857197741147, 4.957746478873239, -0.03381172996564068, 0.17943555973131226, 0.15031315240083581], "diff": 8.94103574907401, "R": [[0.18897304514694946, 1.7714274360383513], [0.10821642498192108, 1.683957957414482], [-1.07628830052841, 0.6810460027891785], [-1.2802591926767084, 0.6649342189804358], [-0.9899278071196775, 0.7224693355345069], [-1.1687585992743805, 0.6813349893494209], [-1.2883164539645324, 0.35921644398566743], [-0.21340330868756002, 8.918084865187856], [-0.25036706077527937, 6.750392678051216], [-1.5377310716652888, 5.663814538287995], [-0.0779951540457049, 1.7662827111788835]], "mse": 0.9918826862783594, "vol": 37774.998173807064, "inc": 23}