{"beta": [0.20800696092643706, 0.37899270169385246, 0.23885522926867214, -0.13794162168656793, 0.18664479485116156, 0.03938073083097896, 0.20805058042515173, -1469.0399688408108, 964.2270381836945, -0.07673182117543492, -0.09217431359089384, -22.00000000000125], "diff": 1757.356639148417, "R": [[-0.8659965487806494, 2.1351698345202506], [-0.5671013746320336, 1.5338873352780475], [-0.32626578709590315, 10.965817738591115], [0.17863586606614978, 1.9293099365575794], [-2.982577280579566, 2.164487981980136], [-0.2907480826393558, 2.008803270452374], [0.07600780906667659, 2.210187165063357], [-0.21340330868756002, 8.918084865187856], [-0.25036706077527937, 6.750392678051216], [-1.386775744849373, 0.7851699778763187], [-0.8081786353795218, 1.6684230693506397]], "mse": 0.701121452262787, "vol": 1082726.4467178576, "inc": 26}