{"beta": [0.011871000346576439, -0.29593191154854986, 0.15829950621593294, -0.002570531952982916, -0.6180151623862321, 0.030414616400750726, 0.15114414023783276, -2.7080790299618593, -0.39889415204763007, 0.13454448901374305, 0.5387004989964317, -0.3771984901330608], "diff": 2.886406319035146, "R": [[-1.8118885190211482, 0.25931833253612235], [-2.0125996747469777, 1.3153395546024653], [-0.32656051143026654, 24.050349106616267], [0.5636776886769927, 5.670996570404462], [0.4451258694240754, 5.041763475283599], [-0.8274001694253137, 1.495418543360703], [-0.9395076438021857, 15.110644293668837], [-0.6117999790190289, 1.9538883176914308], [-1.0041149963561595, 1.1060539909527929], [-1.6674493900360008, 2.2285305393445305], [-1.8909183913560328, 0.4173009587688419]], "mse": 1.1484920139458406, "vol": 7160117.183814994, "inc": 16}