{"beta": [-0.08833811618165541, 0.09869149227377935, 0.12608779612325724, 0.1986907804196805, 0.3440360344842816, 0.008964012639940875, -0.11630166134103355, 0.021137190234357714, 0.3164435554471841, -0.5285827447742817, 0.11586678800697305, 0.030413760459935896, 0.05760224196509296, -0.05549134907599534, 0.17143565477193445, -0.22404571973225246, -0.10091142681212632, -0.10461495277422882, -0.06393202526625774, 0.10720453835243639, 0.0015452853825304986, -0.0694566140654879, -0.1541772018399019, 0.23397155678503162, -0.1282322098399653, 0.13707434030757898, -0.07248041114526063, 0.014920350833870688], "diff": 0.12568817113996728, "R": [[-0.1, 1.1], [-0.1, 1.1], [-0.1, 1.1], [-0.09999999999999998, 1.1], [-0.1, 1.1], [-0.1, 1.1], [-0.1, 1.1], [-0.1, 1.1], [-0.1, 1.1], [-0.10000000000000002, 1.1], [-0.09999999999999998, 1.1], [-0.09999999999999998, 1.1], [-0.09999999999999998, 1.1], [-0.1, 1.1], [-0.1, 1.1], [-0.09999999999999998, 1.1], [-0.09999999999999998, 1.1], [-0.09999999999999998, 1.1], [-0.09999999999999998, 1.1], [-0.1, 1.1], [-2.4981993196613552, 3.7962268675753306], [-2.048731692570825, 3.70956534419748], [-2.7506561756272165, 1.286434306274276], [-2.5468817033043174, 3.914713585393175], [-1.7919422551589224, 3.079874271543797], [-1.3356547303628128, 5.625192628894896], [-3.311921066360926, 2.377114349452829]], "mse": 0.7886680531876917, "vol": 6993185.339648016, "inc": 436}