{"beta": [-0.05584392750836305, -0.1833846225404789, -1.749667434666761, 0.3670891090226548, 0.8529464603141774, -0.3582395674971173, -0.35244929174586387, -0.14169255016479124, 0.03993632289984029, -1.1568665716673514, 0.03601755718669221, 0.1671523369143105, -0.2107171603252408, -0.11623699459546126, -0.11043230129444558, -0.4552470332506471, 0.31845809835745653, -0.24218245435101723, -0.9599066309856673, 0.22626727630149537, -0.3322384399565246, 0.04730794801591873, -0.11715032327849524, 0.35673499198103276, 0.18670978505826052, 0.003909582415688513, -0.0694726668019436, 0.2793142169284884], "diff": 2.5010040392911224, "R": [[-0.1, 1.0], [-0.1, 1.0], [-0.1, 1.1], [-0.1, 1.1], [-0.1, 1.0], [-0.10000000000000002, 1.0], [-0.09999999999999998, 1.1], [-0.09999999999999998, 1.1], [-0.1, 1.1], [-0.1, 1.1], [-0.09999999999999998, 1.1], [-0.10000000000000003, 1.0], [-0.09999999999999998, 1.0], [-0.10000000000000002, 1.0], [-0.10000000000000002, 1.1], [-0.09999999999999998, 1.1], [-0.1, 1.1], [-0.10000000000000003, 1.1], [-0.1, 1.0], [-0.1, 1.0], [-0.7053031565400538, 1.6647514718297687], [-2.048731692570825, 0.19518287875409263], [-0.2645408699643047, 2.121574435698607], [-0.13009141662863233, 1.4979232987174895], [-0.9828273063119661, 1.811920139868117], [-1.335654730362813, 1.356003424019309], [-0.19295152222895962, 2.377114349452829]], "mse": 0.9280391921072765, "vol": 6997.598590900873, "inc": 67}