{"beta": [-0.04144759563596095, 0.3558086265209348, 0.20381351545506157, 0.3339886246133597, -0.12189956786261136, 0.09689283588773943, -0.36219601033297094, 0.8682820471716073, 1.1696428571428572, -0.02981918812454591, 0.22775651086927057, 0.2061142088059992], "diff": 1.5949824751370738, "R": [[0.18897304514694946, 2.1351698345202506], [-0.34199544142738203, 2.534311068096654], [-3.013722095571801, 0.7902725824152715], [-1.2802591926767084, 0.6649342189804358], [-2.982577280579566, 5.4189037710799495], [-3.0143271263940132, 0.7754075447031734], [-1.2883164539645324, 0.6019667024876596], [-0.21340330868756002, 8.918084865187856], [-0.25036706077527937, 6.750392678051216], [-2.3433951932024706, 0.3013009434307077], [-0.28876976721422953, 1.4701945641088134]], "mse": 10.158472431918184, "vol": 741371.1404630975, "inc": 53}