{"beta": [0.08008512699112649, 0.20764458566591867, -0.002441890376297637, -0.010198063123502568, 0.04296319084078618, 0.04810903840415013, 0.1267247167468987, -0.08567097253044721, -0.028276059410780773, -0.007381553016893966, 0.30910018237942, -0.18847187188461792], "diff": 0.33909413630331103, "R": [[-0.5854846038455666, 2.048924205299496], [0.0791075093196999, 1.7960964611013186], [-2.521978111015047, 0.30705385796798823], [-2.306328501214799, 1.5757953349836087], [-4.241444488552639, 0.4451258694240754], [-3.1759735352273033, 0.7211456390986979], [-0.9395076438021857, 15.110644293668837], [-0.6117999790190289, 1.953888317691431], [-0.9041149963561596, 1.206053990952793], [-4.1498813091984434, 3.3012268919967234], [-1.3782942417433763, 1.2493507549657914]], "mse": 0.9508610348932917, "vol": 1543634.854574942, "inc": 75}