{"beta": [-0.24822720105189633, -0.029525142463872146, 0.5283803778946116, 0.07513916447989089, -0.17848166427772566, 0.03761977329162338, -0.4281696245664452, 0.10211493097306562, -0.3313824847692659, 0.2234865005769306, 0.6144621762292223, -0.22916004417134486], "diff": 0.9554716406320923, "R": [[-1.8118885190211482, 0.8225202901239119], [-2.0125996747469777, 1.3153395546024653], [-0.4587713837850209, 24.050349106616267], [0.5636776886769927, 5.670996570404462], [0.4451258694240754, 5.041763475283599], [-0.8274001694253137, 9.29572167341846], [-0.9395076438021857, 1.633223335275358], [-0.6117999790190289, 1.9538883176914308], [-1.0041149963561595, 1.1060539909527929], [-0.8671981067382909, 2.2285305393445305], [-1.8909183913560328, 0.4173009587688419]], "mse": 0.987779277024229, "vol": 5082641.249999193, "inc": 33}