{"beta": [0.4647245883700309, 0.19100774891553654, -2.675275721867367, 0.17828273500992142, 1.9408889647057799, 0.08043249517592634, 0.011716469817621136, 0.33973340072796304, 0.7905077961084775, -0.39588540342856254, 0.2505335891215806, 0.18569612875259006, 0.0896270456920707, 0.009354442394472848, 0.3439745016027489, -0.30569104935974967, -0.344512404443496, -0.04105240583549087, 0.5549388031459316, 0.005448216763975495, 0.17667805793388777, -0.15464446906264456, -0.14954575158770653, 0.24034250092073783, 0.04451180494298109, -0.038614757149252686, -0.18413563202735891, -0.42347325882721953], "diff": 3.436070712667146, "R": [[-0.1, 1.1], [-0.1, 1.0], [-0.1, 1.1], [-0.09999999999999998, 1.1], [-0.1, 1.1], [-0.1, 1.0], [-0.1, 1.0], [-0.1, 1.1], [-0.1, 1.1], [-0.10000000000000002, 1.0], [0.0, 1.1], [-0.09999999999999998, 1.1], [-0.09999999999999998, 1.0], [-0.1, 1.1], [-0.1, 1.1], [-0.09999999999999998, 1.1], [-0.09999999999999998, 1.1], [-0.09999999999999998, 1.1], [-0.09999999999999998, 1.1], [-0.1, 1.1], [-1.043882389164314, 0.6490137739569877], [-0.9958807719819728, 1.386246529490158], [-2.7506561756272165, 2.221574435698607], [-1.0693307472552724, 0.6839159410444287], [-1.2331030723301986, 0.7691040304325356], [-0.4468892051160801, 1.1306418453773854], [-0.60462911298059, 2.377114349452829]], "mse": 0.8996673323037214, "vol": 7530.7862792055685, "inc": 70}