{"beta": [-0.01718052767020221, 0.09983061605535754, 0.016111692765836128, 0.027155845366582432, 0.5089129060841879, 0.01128528034057063, -0.05089390048071342, 0.07921274830348381, 0.4964453387390002, -0.6567024647766305, 0.012279568922832329, -0.011325806791013937, 0.1099708311272911, -0.08761503920278714, 0.07662760620249154, -0.16464643446534843, -0.1440955579748643, 0.03439828770070153, 0.16181561415043336, 0.03390935303172654, -0.03360128821815843, -0.007106133977577672, -0.20430212491968747, 0.2069230433797565, -0.12829996437900898, 0.14876600282763855, -0.15382158415289215, 0.010081213107487321], "diff": 0.528220230291035, "R": [[-0.1, 1.1], [-0.1, 1.1], [-0.1, 1.1], [-0.10000000000000003, 1.1], [-0.1, 1.1], [-0.09999999999999998, 1.1], [-0.10000000000000003, 1.1], [-0.09999999999999998, 1.1], [-0.1, 1.1], [-0.1, 1.1], [-0.09999999999999998, 1.1], [-0.10000000000000003, 1.1], [-0.10000000000000003, 1.1], [-0.1, 1.1], [-0.10000000000000002, 1.1], [-0.1, 1.1], [-0.09999999999999998, 1.1], [0.0, 1.1], [-0.09999999999999998, 1.1], [-0.09999999999999999, 1.1], [-0.7053031565400538, 3.7962268675753306], [-2.048731692570825, 1.7038635030197753], [-2.7506561756272165, 2.221574435698607], [-2.19641794400724, 3.914713585393175], [-1.7919422551589224, 0.727391263531848], [-1.335654730362813, 3.27157684247566], [-1.839662212407487, 2.277114349452829]], "mse": 0.7658625766926067, "vol": 861954.0731802763, "inc": 430}