{"beta": [0.0740218884693327, 0.008675975651669167, 0.026309629808647376, -0.0007018399378622429, 0.02022057433734459, 0.04652007733327101, -0.0008415840960944879, 0.0029911881406726668, -0.019368748832538397, 0.018790642573812726, 0.30628513840758986, 0.028032335557215248], "diff": 0.10282350629147549, "R": [[-1.811888519021148, 2.048924205299496], [-2.0125996747469777, 2.308173809528907], [-2.521978111015047, 24.050349106616267], [-2.306328501214799, 5.670996570404462], [-4.241444488552639, 5.041763475283599], [-3.1759735352273033, 9.29572167341846], [-0.9395076438021857, 15.110644293668837], [-0.6117999790190289, 2.053888317691431], [-1.0041149963561595, 1.206053990952793], [-4.1498813091984434, 3.3012268919967234], [-1.8909183913560328, 0.6236130335751702]], "mse": 0.8748852563149518, "vol": 725341650.8500328, "inc": 1007}