{"beta": [-0.018578349812116764, 0.0018638495122179743, -0.04478045906475459, 0.20850728995781434, 0.3236312179171234, -0.08838439902531098, -0.07971946176441286, -0.036883952936620154, 0.39525485021769763, -0.4341327556056787, 0.16741735513002262, 0.039586658191537255, -0.016570326096089476, -0.07180916654817826, 0.29862319261369746, -0.32691361552044473, 0.09870235561436495, -0.17499844828679756, -0.04845854826131032, 0.27978531761801423, 0.023912490106377544, -0.020970528100806417, -0.1343423742144354, 0.24881657607563337, -0.05018489655167021, -0.006497505118514634, -0.12088251003706953, -0.17650396094768217], "diff": 0.44155161300043755, "R": [[-0.1, 1.0], [-0.1, 1.1], [-0.1, 1.1], [-0.1, 1.1], [-0.1, 1.1], [-0.10000000000000002, 1.1], [-0.09999999999999998, 1.1], [-0.09999999999999998, 1.1], [-0.1, 1.1], [-0.1, 1.1], [-0.09999999999999998, 1.1], [-0.10000000000000003, 1.1], [-0.09999999999999998, 1.1], [-0.10000000000000002, 1.1], [-0.10000000000000002, 1.1], [-0.09999999999999998, 1.1], [-0.1, 1.1], [-0.10000000000000003, 1.1], [-0.1, 1.1], [-0.1, 1.1], [-2.4981993196613552, 3.7962268675753306], [-2.048731692570825, 1.3068422861077535], [-0.2645408699643047, 2.221574435698607], [-2.5468817033043174, 3.9147135853931747], [-1.7919422551589224, 3.0798742715437974], [-1.335654730362813, 5.625192628894897], [-3.311921066360926, 2.377114349452829]], "mse": 1.0155992937181784, "vol": 2300445.8544978295, "inc": 227}