{"beta": [0.10841531687328998, 0.009127953795468222, 0.06508820472921878, 0.07159400110336601, -0.007390923428185609, 0.0661274717865902, 0.05658272805661602, 0.009152751202831873, 0.010972928522759417, -0.009739197567751856, 0.24791837669803762, 0.00028943434021336126], "diff": 0.0, "R": [[-1.7572237442263516, 2.1351698345202506], [-2.1678075959963774, 2.534311068096654], [-3.013722095571801, 10.965817738591115], [-2.4014857337967093, 5.238879065791867], [-2.982577280579566, 5.4189037710799495], [-3.014327126394013, 9.279222489638407], [-1.2883164539645324, 22.438229432520206], [-0.21340330868756002, 8.918084865187856], [-0.25036706077527937, 6.750392678051216], [-4.7899245497589265, 8.738392508636064], [-2.3133427231696846, 3.672922252623378]], "mse": 0.9869736411253459, "vol": 24801126982.633736, "inc": 914}