{"beta": [0.14000810234011857, -0.03742454777767104, 0.07355396366735148, 0.04215316250097267, 0.016273848807861705, 0.020522416384265812, 0.047013637208586596, 0.020686703795583978, 0.03650245289911566, -0.04646572054238281, 0.38214896873056853, 0.06787457140089886], "diff": 0.17763532961432002, "R": [[-1.39348134574445, 2.1351698345202506], [-2.1678075959963774, 2.534311068096654], [-3.013722095571801, 10.965817738591115], [-2.401485733796709, 5.238879065791867], [-2.982577280579566, 5.4189037710799495], [-3.014327126394013, 0.7231450139510888], [-1.2883164539645324, 1.1178110018043923], [-0.21340330868756002, 8.918084865187856], [-0.25036706077527937, 6.750392678051216], [-4.789924549758927, 8.738392508636064], [-2.3133427231696846, 0.0901226921720466]], "mse": 0.5675061600023489, "vol": 278310835.09079915, "inc": 575}