{"beta": [0.07330351255857474, -0.01289413532011012, 0.05345044949839373, 0.01805397947184684, 0.003984079367004118, 0.020503099335793123, 0.015061999493512999, 0.019264508517664754, -0.015022593721350596, -0.0036110287592271734, 0.2332799201476053, -0.013316729287700464], "diff": 0.0, "R": [[-1.8118885190211482, 2.048924205299496], [-2.0125996747469777, 2.308173809528907], [-2.521978111015047, 24.050349106616267], [-2.306328501214799, 5.670996570404462], [-4.241444488552639, 5.041763475283599], [-3.1759735352273033, 9.29572167341846], [-0.9395076438021857, 15.110644293668837], [-0.6117999790190289, 2.053888317691431], [-1.0041149963561595, 1.206053990952793], [-4.1498813091984434, 3.3012268919967234], [-1.8909183913560328, 3.296846054511241]], "mse": 0.9257506597594534, "vol": 1496462358.7829792, "inc": 872}