{"beta": [-0.06668894285746171, 0.008659786449777511, -0.2545534997471591, -0.0004300335038182292, 0.33635519742307923, 0.1016420459093965, -0.14478866530551837, -0.008315833816795648, 0.2833174945445982, -0.6677370872732502, 0.2149496575038658, 0.04849299761841382, -0.013885763688791077, -0.08937818816974924, 0.23855669863886775, -0.30492824642099847, -0.17521920220238438, -0.047805873628885165, 0.18730619391176653, 0.14847957783733454, -0.010287456892144421, -0.004134683018499351, -0.2004372818806508, 0.3088868736008253, -0.17008094288844527, 0.044907325453651954, -0.10949582190747807, 0.027319693369748734], "diff": 0.5797927425872369, "R": [[-0.1, 1.1], [-0.1, 1.1], [-0.1, 1.1], [-0.09999999999999998, 1.1], [-0.1, 1.1], [-0.1, 1.1], [-0.1, 1.0], [-0.1, 1.1], [-0.1, 1.1], [-0.10000000000000002, 1.0], [-0.09999999999999998, 1.1], [-0.09999999999999998, 1.1], [-0.09999999999999998, 1.1], [-0.1, 1.0], [-0.1, 1.1], [-0.09999999999999998, 1.1], [-0.09999999999999998, 1.1], [-0.09999999999999998, 1.1], [-0.09999999999999998, 1.1], [-0.1, 1.1], [-2.4981993196613552, 3.7962268675753306], [-2.048731692570825, 1.3068422861077535], [-2.7506561756272165, 1.882963132690004], [-2.5468817033043174, 3.914713585393175], [-1.7919422551589224, 3.079874271543797], [-0.4468892051160801, 3.27157684247566], [-1.0163070309042266, 2.377114349452829]], "mse": 0.901832632466318, "vol": 1147981.3720427167, "inc": 285}