{"beta": [0.2179248423174017, 0.49596556002350056, 0.8228026647125634, -0.1808834487769243, -0.13091589597845973, 0.6702970352918365, 1.1840273907720285, 7.700099262441325, -3.5555555555555554, -0.8527916958789789, 0.15134061519720546, -1.6539281364190221], "diff": 8.824147223452774, "R": [[-1.39348134574445, 1.7714274360383513], [0.5584282913912242, 2.4343110680966538], [-0.24131178072005333, 1.4456320601718309], [0.42178504252329274, 1.9293099365575794], [-0.9899278071196776, 1.7138571549658768], [-0.36391562569227476, 2.165590862708629], [-0.3386905492075599, 1.0166650607618963], [-0.21340330868756002, 8.918084865187856], [-0.25036706077527937, 6.750392678051216], [-2.596439752614762, -0.5330592668928406], [-1.4129010374463595, 1.317132047403099]], "mse": 0.5361737136542044, "vol": 50399.6102390833, "inc": 13}