{"beta": [-0.10090395553880412, 0.03498211963273838, 0.039201498849910706, 0.11496635331679131, 0.3267838891855041, -0.015991230235375506, -0.1084674359104378, 0.013675213878841507, 0.34304431211313735, -0.4568746807920165, 0.1297903367818806, 0.046901427031551535, 0.018878582175350996, -0.0547365586125501, 0.24560725915258075, -0.19472597712320602, -0.06623419978462719, -0.1168791881548464, -0.04499725947353755, 0.1393789197597221, 0.014625490878295724, -0.07259043005118848, -0.15993842906926423, 0.24005483547128872, -0.10522739508340087, 0.11965160262743532, -0.10913350974899237, -8.48672405884296e-05], "diff": 0.12888847065552736, "R": [[-0.1, 1.1], [-0.1, 1.1], [-0.1, 1.1], [-0.10000000000000003, 1.1], [-0.1, 1.1], [-0.09999999999999998, 1.1], [-0.10000000000000003, 1.1], [-0.09999999999999998, 1.1], [-0.1, 1.1], [-0.1, 1.1], [-0.09999999999999998, 1.1], [-0.10000000000000003, 1.1], [-0.10000000000000003, 1.1], [-0.1, 1.1], [-0.10000000000000002, 1.1], [-0.1, 1.1], [-0.09999999999999998, 1.1], [-0.09999999999999998, 1.1], [-0.09999999999999998, 1.1], [-0.09999999999999999, 1.1], [-2.4981993196613552, 3.7962268675753306], [-2.048731692570825, 3.70956534419748], [-2.7506561756272165, 2.221574435698607], [-1.6328743456312562, 3.914713585393175], [-1.7919422551589224, 3.079874271543797], [-1.335654730362813, 5.625192628894896], [-3.311921066360926, 2.377114349452829]], "mse": 0.8213468343247161, "vol": 7394728.947543662, "inc": 681}