{"beta": [-0.2870595013834078, -0.2598537684010651, 0.04743732639418007, -0.07513564162149518, 0.11999280422037105, -0.026992949752974983, 0.08754001032747707, 0.3816453234359934, -0.3810324762945695, 0.1881898626782124, 0.6969047692287951, 0.10712755957425846], "diff": 0.8672159389775773, "R": [[-1.8118885190211482, -0.022282646257774763], [-2.0125996747469777, 1.3153395546024653], [-0.004764237208318423, 24.050349106616267], [0.5104083388713814, 5.670996570404462], [0.35519311730688496, 5.041763475283599], [-1.5274277267032916, 9.29572167341846], [-0.6088624548643671, 15.110644293668837], [-0.6117999790190289, 1.9538883176914308], [-1.0041149963561595, 1.1060539909527929], [-1.5241921357110373, 2.2285305393445305], [-1.8909183913560328, 0.5283920759722494]], "mse": 1.3520316714840366, "vol": 28976525.750668146, "inc": 24}