{"beta": [0.30193194758713443, 0.435307023683881, 0.09635086437799564, 0.046230829084572156, 0.11490608431955156, 0.029789539554165773, 0.23428499177537887, 9.067849328511278, -5.46875, 0.1837172009534621, 0.24936610678928786, -0.25147928994082847], "diff": 10.604561049190382, "R": [[-0.6022541502987503, 1.50768503755645], [-0.9422779299731195, 1.308781402073396], [-0.12237617179386251, 2.8000416475353873], [0.17863586606614978, 1.9293099365575794], [-0.08866615309115944, 1.7138571549658768], [-0.2907480826393558, 1.987898258151541], [0.07600780906667659, 22.438229432520206], [-0.21340330868756002, 8.918084865187856], [-0.25036706077527937, 6.750392678051216], [-1.386775744849373, 0.7851699778763187], [-2.3133427231696846, 1.0586822241131228]], "mse": 77.87894046832965, "vol": 1044969.7777601241, "inc": 23}