{"beta": [-0.1287737208762311, 0.034705539889915274, -0.872616923740836, -0.08246589044616241, -0.6006266818728777, -0.02496415002081754, -0.10062051026846923, -0.05879438349263997, 0.14734717172610304, -0.777135929651141, 0.3452751613591791, -0.07802762595033468, -0.14775999699590409, 0.004343919229740527, 0.07856101454869185, -0.22290423017158828, 0.0428977808771243, -0.20920279287082852, 0.23569247722010092, 0.09307870825713434, -0.06468225949218438, -0.10620368001408967, -0.4418237381273607, 0.5029583895385492, -0.12626940380415894, 0.02252468109567408, -0.13238453878879863, -0.10151327908395082], "diff": 1.5738206004403594, "R": [[-0.09999999999999999, 1.1], [-0.09999999999999999, 1.0], [-0.1, 1.1], [-0.09999999999999998, 1.1], [-0.1, 1.1], [-0.10000000000000002, 1.0], [-0.09999999999999999, 1.1], [-0.1, 1.0], [-0.1, 1.1], [-0.1, 1.0], [-0.09999999999999998, 1.1], [-0.09999999999999998, 1.1], [-0.1, 1.0], [-0.1, 1.0], [-0.1, 1.1], [-0.10000000000000003, 1.1], [0.0, 1.1], [-0.09999999999999998, 1.1], [-0.09999999999999998, 1.1], [-0.09999999999999998, 1.1], [-1.7210408544128346, 2.8497787860146797], [-1.472306232276399, 3.70956534419748], [-0.7417640448757312, 1.0478224343714524], [-0.44317125570753946, 3.9147135853931747], [-1.1496778169907877, 3.0798742715437974], [-0.44688920511608016, 5.625192628894896], [-0.46740335845404857, 0.9048554954993902]], "mse": 0.774062509072575, "vol": 135731.98487541167, "inc": 139}