{"beta": [-0.6402122645648406, 0.3946253874027351, -0.0003970775430486223, -0.11018977686519385, 0.7798210108357161, 1.032074589869483, -0.06574367683946619, -567.4155961203145, 383.475, 0.1176951245547776, -0.21658242301767214, -6.124274190496199], "diff": 684.8763115156473, "R": [[-0.07476935333494972, 1.50768503755645], [-0.49206606356381644, 0.7835342245958757], [-0.6685090699243286, 1.2660150181200334], [-2.401485733796709, 0.6649342189804359], [-0.6294231455082703, 1.4434786587573214], [-2.349891794271497, -0.060792947330183034], [-1.2883164539645324, 0.37944563219416694], [-0.21340330868756002, 8.918084865187856], [-0.25036706077527937, 6.750392678051216], [-1.4551116758617582, 0.7679985042091655], [-2.3133427231696846, -0.3013158751409273]], "mse": 1.0088040127972944, "vol": 27096.328595171904, "inc": 10}