{"beta": [-0.11840992294662363, -0.4988393518029547, -0.07842384834303505, -0.10877659133728187, 0.028962491146074305, 0.10090721707392321, 0.22025724241886624, 0.1456335135449492, -0.09526388517269384, 0.1763898245051923, 0.16531944565543197, -0.1496175494278396], "diff": 0.6584619100202461, "R": [[-0.30388362505166955, 1.385722247711704], [-0.9510858617492712, 0.2851461835334941], [-0.5011786447289982, 1.1576936216089528], [-1.0876721552969602, 1.575795334983609], [-4.241444488552639, 0.4451258694240754], [-0.668302997316683, 1.0817658958782619], [-0.9395076438021857, 1.0914753333516445], [-0.6117999790190289, 1.953888317691431], [-1.0041149963561595, 1.1060539909527929], [-0.5490849360184032, 1.2145578655421374], [-1.8909183913560328, 2.4940247007753973]], "mse": 0.9138526130925839, "vol": 6436.622589819981, "inc": 56}