{"beta": [0.6802619853679371, 1.103276155625361, 0.9264546766611013, -0.03843481884687823, 0.02013565310737522, 0.7869600098506176, 1.8766351041450549, 2.807124891618385, 1.3397129186602872, 0.2508879678995307, 0.37736989134226423, -1.8064516129032253], "diff": 4.365131250927809, "R": [[-0.6022541502987502, 1.7714274360383513], [0.5584282913912242, 2.4343110680966538], [-0.24131178072005333, 1.4456320601718309], [0.42178504252329274, 1.9293099365575794], [-0.9899278071196776, 5.4189037710799495], [-0.36391562569227476, 9.279222489638407], [-0.3386905492075599, 1.0166650607618963], [-0.21340330868756002, 8.918084865187856], [-0.25036706077527937, 6.750392678051216], [-2.596439752614762, -0.5330592668928406], [-1.4129010374463595, 0.7425203043603363]], "mse": 1.833188242620127, "vol": 269675.82090807497, "inc": 8}