{"beta": [0.07350169907244682, -0.03850637736340764, 0.05297027906808006, 0.0279248219232246, -0.041372754881034826, 0.021086896260629914, 0.018501468923863347, 0.016926807548594117, -0.011595876505201087, -0.007990840913661807, 0.22977554100685707, -0.03440467985395657], "diff": 0.05758885152520432, "R": [[-1.811888519021148, 2.048924205299496], [-2.012599674746977, 2.308173809528907], [-2.521978111015047, 24.050349106616267], [-2.306328501214799, 1.043101836927495], [-4.241444488552639, 1.3444533905959801], [-3.1759735352273033, 9.29572167341846], [-0.9395076438021857, 15.110644293668837], [-0.6117999790190289, 1.953888317691431], [-1.0041149963561598, 1.206053990952793], [-4.1498813091984434, 3.3012268919967234], [-1.8909183913560328, 3.296846054511241]], "mse": 0.8818348980976285, "vol": 363888974.6536218, "inc": 719}