{"beta": [0.06084512469421079, 0.03691626751582723, -2.7850508432572503, 0.059100165659079315, 1.6866885668722844, 0.09409402130909729, 0.2246984211405718, 0.21848705642068347, 0.5587132614724248, -0.4399115946251026, 0.34212043304116796, 0.1788271921715875, 0.28635305701386715, -0.02192586044067388, 0.1769473049838031, -0.11066362970672597, 0.010363901580523045, -0.00107204175263496, 0.453029119715664, -0.00780094336869295, 0.12379915761049147, -0.07344298539246752, -0.13113727954803647, 0.1871724543234657, 0.007051289298178217, 0.06628944861507381, -0.2514812045657198, -0.681988414487898], "diff": 3.3823065688706953, "R": [[-0.1, 1.0], [-0.1, 1.0], [-0.1, 1.1], [-0.10000000000000003, 1.0], [-0.1, 1.1], [-0.09999999999999998, 1.1], [-0.10000000000000003, 1.0], [-0.09999999999999998, 1.1], [-0.1, 1.0], [-0.1, 1.1], [-0.09999999999999998, 1.1], [-0.10000000000000003, 1.1], [-0.10000000000000003, 1.1], [-0.1, 1.1], [-0.10000000000000002, 1.0], [-0.1, 1.1], [-0.09999999999999998, 1.1], [0.0, 1.1], [-0.09999999999999998, 1.1], [-0.09999999999999999, 1.1], [-0.7053031565400538, 3.7962268675753306], [-2.048731692570825, 1.7832677464021796], [-1.8155157617557751, 1.1671280858757538], [-1.1945627202088516, 0.6213000478726798], [-1.483378977579413, 0.727391263531848], [-1.335654730362813, 0.9052802667354616], [-0.7418551946791375, 2.377114349452829]], "mse": 0.7301441200501161, "vol": 30099.481052732706, "inc": 129}