{"beta": [-0.09313938763347117, -0.017651247097509783, -0.07697389758460595, -0.018764503351725595, -0.08310909716586992, 0.3532700606712001, 0.05034397421624875, -0.061669770856961736, 0.058190450088491816, -0.005548005645864722, -0.047755105692670864, 0.13491058195477598, 0.0768962854560409, 0.05953647498236632, 0.05137685237142009, -0.24404793712824685, 0.07642008014067415], "diff": 0.34840445865573705, "R": [[-0.1, 1.0], [-0.09999999999999998, 1.0], [-0.1, 1.0], [-0.1, 1.0], [-0.1, 1.1], [-0.7270301347169899, 1.7579230443248455], [-0.9769183989499993, 1.1236269488575596], [-1.091692286670829, 1.0614990736670042], [-0.963733659898342, 2.3173220832340404], [-0.6125184424923834, 0.9981412909820018], [-1.7875307746960676, 1.300097643856932], [-1.3026371056557282, 0.6225119945972816], [-0.7169950228232279, 1.7339332404925318], [-0.7856874150981881, 1.5941344204899326], [-0.527513004764509, 2.439110129645856], [-0.9436399543409112, 1.2283652099008995]], "mse": 0.6962767055866381, "vol": 23312.560455511393, "inc": 674}