{"beta": [-0.06616469036002724, -0.15506170319033766, -0.07333379759615362, -0.04829917881561852, -0.09174707249897315, 0.5066684409681187, -0.023672227001439058, -0.0330273014654762, 0.054441991198499504, -0.02992970241320201, 0.01735264662249413, 0.040146848932793334, 0.005874098797318871, 0.027286577754856645, 0.016660882816534325, -0.07082233932336467, 0.09421370886000612], "diff": 0.2311331555254312, "R": [[-0.1, 1.0], [-0.1, 1.0], [-0.1, 1.0], [-0.09999999999999998, 1.0], [-0.09999999999999998, 1.0], [-0.367385858301138, 7.308664912350221], [-1.076292805095683, 1.0242828737245417], [-2.2510396912444732, 2.014313736646907], [-2.4821366099920725, 0.7186450984678765], [-1.4180186531120405, 0.9982166143618095], [-1.0159391370594286, 1.3002340769356713], [-0.5325206490993862, 6.115344285810739], [-0.7168216464527583, 3.304913477522386], [-0.7857143967286861, 2.7073977753677876], [-0.5275743359844131, 2.3387746079232747], [-0.9437099428352796, 2.570881909663535]], "mse": 0.9023145267797769, "vol": 1866693.7396625576, "inc": 652}