{"beta": [-0.044859264745890234, -0.041795658904095576, -0.10739395677756532, -0.041458726652500395, -0.061764855330870595, 0.5604966507702686, 0.057425037569182144, -0.08808400436830145, 0.01822852759604307, -0.04518244040307637, -0.0360297714590106, 0.09076530683428079, 0.020759813331470155, -0.036657877350299996, -0.06075459948075783, -0.13097896246549157, 0.0436961975081927], "diff": 0.2103352364472864, "R": [[-0.1, 1.1], [-0.10000000000000003, 1.0], [-0.1, 1.0], [-0.1, 1.0], [-0.09999999999999998, 1.0], [-3.991864400592588, 2.934891267321664], [-0.9784111940537747, 1.1220651665449353], [-0.40441612223358564, 2.6254058790138397], [-1.2772864229762724, 2.317941267123266], [-0.6117835868968557, 1.8038031736377922], [-1.0152060153962723, 2.172847884726703], [-0.9182457794233833, 1.7766125364235883], [-0.7175431378773933, 0.5581186713268562], [-0.7862811582964232, 0.8342077077543283], [-0.5274526967944777, 2.4394401474107608], [-0.9437002178516671, 0.8143708080692991]], "mse": 0.5368000422500394, "vol": 62308.49827371095, "inc": 484}