{"beta": [-0.010808450171983269, -0.019445543273127027, -0.07051937689792133, -0.06170248093664263, -0.10666844493943983, 0.5777716807809828, 0.08197881511450454, 0.055525713678260674, 0.036187728162222675, -0.021738083266954186, -0.00023013240309132014, 0.05540345833636127, 0.014484750770150281, -0.015419351972243778, -0.05148328043438261, -0.07368564938462094, 0.053258647342746074], "diff": 0.15667325478220723, "R": [[-0.1, 1.0], [-0.1, 1.0], [-0.1, 1.0], [-0.1, 1.0], [-0.09999999999999998, 1.0], [-3.6351241692909233, 9.745791327863362], [-1.0769183989499993, 1.0236269488575598], [-2.2506388573287786, 0.3378855837174047], [-2.482619941225386, 0.5203882815796097], [-1.517848309229576, 2.708801024456387], [-1.8875307746960677, 0.5281905392186821], [-1.4026371056557283, 6.11292947530571], [-0.7169950228232279, 3.3032634050648815], [-0.7856874150981881, 1.8474479577775016], [-0.527513004764509, 2.439110129645856], [-0.9436399543409112, 0.8139641770525374]], "mse": 0.6501703106637202, "vol": 1490409.0698663516, "inc": 626}