{"beta": [-0.018046315607665255, -0.041560513589549576, -0.00821162591037552, 0.035335677887084034, 0.027777432114835483, 0.4858872172933132, -0.059424325681830634, -0.02896738156156906, 0.029040394793231374, -0.026328543574213603, 0.04374066904751433, -0.07259627931641853, 0.06008143016879165, 0.03046917591274191, -0.006421282894287929, -0.10628986484152007, 0.019646170893609982], "diff": 0.13505826102101784, "R": [[-0.09999999999999998, 1.1], [-0.1, 1.1], [-0.1, 1.1], [-0.1, 1.1], [-0.1, 1.1], [-0.1278269406520831, 7.308664912350221], [-1.076292805095683, 1.024282873724542], [-2.2510396912444732, 2.6261580138030496], [-2.4821366099920725, 2.31791943291289], [-1.5180186531120405, 2.709040126011043], [-1.887996875057795, 2.172291814934038], [-1.4028577002652836, 1.0081534532324081], [-0.7168216464527583, 3.304913477522386], [-0.7857143967286861, 2.707397775367787], [-0.5275743359844131, 2.3387746079232747], [-0.9437099428352796, 2.570881909663535]], "mse": 0.9250574633126363, "vol": 5329098.058477865, "inc": 997}