{"beta": [0.2345099555731194, 0.1735023031108493, 0.11077413006366076, 0.1514674689615626, 0.17571919914645423, 0.6294171584160447, 0.063718576506319, -0.00498958052423422, 0.0035876497281623317, -0.027188208183538454, -0.016372456773542914, 0.027088006440102258, 0.08989103717830228, -0.1452969598269161, -0.039529487104629994, 0.013158607981571088, -0.2872827977623734], "diff": 0.5414208546074102, "R": [[-0.09999999999999998, 1.1], [-0.10000000000000003, 1.1], [-0.10000000000000003, 1.1], [-0.1, 1.1], [-0.09999999999999998, 1.1], [0.11484086871495824, 6.457576198303895], [-0.9784111940537747, 1.1220651665449353], [-1.428088869657386, 1.3075883001820783], [-2.4828060419456293, 1.370239489673983], [-1.5169791737417384, 0.9986075867929095], [-1.887219490427016, 1.3008344096959592], [-1.4032255388300936, 6.1113898898974], [-0.7175431378773933, 1.4398650282300434], [-0.7862811582964232, 1.3410373297712455], [-0.5274526967944777, 2.3394401474107607], [-0.843700217851667, 1.6434063210297822]], "mse": 0.7147896279396633, "vol": 689147.2118849133, "inc": 225}