{"beta": [0.11322273245151684, 0.06540428922070107, 0.03695356631882134, 0.05008532932829928, 0.13173573143821038, 0.6471283763995714, 0.11943213034087623, 0.003944044814958202, -0.011681646442598503, -0.02659706603352568, -0.00018134420836472188, 0.004126430961557426, -0.13611267828806617, -0.04131324943897067, 0.01483945746197556, -0.007436758181366653, -0.1619050539428354], "diff": 0.3217071664166065, "R": [[-0.1, 1.0], [-0.1, 1.0], [-0.1, 1.1], [-0.1, 1.0], [-0.10000000000000003, 1.0], [0.3684592626490597, 3.407226441345723], [-0.9784111940537749, 1.1220651665449353], [-2.251719604905245, 1.3781864206940662], [-2.4828060419456293, 2.317941267123266], [-1.5169791737417384, 0.9986075867929095], [-1.887219490427016, 2.172847884726703], [-1.4032255388300936, 1.3916327770168782], [-0.7175431378773933, 1.7337804805311057], [-0.7862811582964232, 2.6081113848135384], [-0.5274526967944777, 2.3394401474107607], [-0.8437002178516672, 1.6434063210297825]], "mse": 0.7396960306719863, "vol": 330957.5877594958, "inc": 703}