{"beta": [0.0812353536755734, -0.08098471402778569, 0.037960446760849975, 0.015229879938956133, -0.034500438085889706, 0.7005145431868105, 0.06649172769415801, -0.011645626811395544, -0.10732960859039896, -0.10276862951252079, 0.04020958083608281, -0.008986438398312376, 0.011984096361718254, 0.016082028603969727, 0.0557120174468427, 0.01063097885451811, -0.20650583211858967], "diff": 0.34746190882225864, "R": [[-0.09999999999999998, 1.0], [-0.10000000000000003, 1.0], [-0.10000000000000003, 1.1], [-0.1, 1.0], [-0.09999999999999998, 1.0], [0.5546012031511527, 6.457576198303895], [-0.9784111940537747, 1.1220651665449353], [-2.251719604905245, 1.201691119414098], [-1.7426595093942998, 2.317941267123266], [-1.4169791737417383, 0.9986075867929095], [-1.0152060153962723, 2.072847884726703], [-1.3032255388300935, 2.1615922958302987], [-0.7175431378773933, 3.2033577420364177], [-0.7862811582964232, 2.6081113848135384], [-0.5274526967944777, 2.3394401474107607], [-0.843700217851667, 1.6434063210297822]], "mse": 0.9379932002155741, "vol": 749239.9948537529, "inc": 272}