{"beta": [-0.11316943324721979, -0.027937784660220875, -0.09540259949458327, -0.04422532621663191, -0.05852089861561657, 0.5133102317661312, 0.08906738173475959, -0.02340319159854767, 0.11618875383338086, -0.05081741392944148, -0.009285539263360761, 0.06640569620850927, -0.001904672402419138, -0.006830969302831788, -0.05007980490669523, 0.009701260429576548, 0.10532529629257194], "diff": 0.19553240450759188, "R": [[-0.10000000000000003, 1.0], [-0.09999999999999998, 1.0], [-0.10000000000000003, 1.0], [-0.1, 1.0], [-0.1, 1.0], [-3.6351241692909233, 0.7109466724008473], [-1.0769183989499993, 1.0236269488575598], [-2.2506388573287786, 2.626375163077166], [-2.482619941225386, 0.6858437398261924], [-1.517848309229576, 1.8034711577191944], [-1.0156236700578178, 2.172004748495182], [-1.4026371056557283, 0.6225119945972815], [-0.7169950228232279, 3.3032634050648815], [-0.7856874150981881, 2.7073885696402087], [-0.527513004764509, 2.339110129645856], [-0.9436399543409112, 0.39956314420417527]], "mse": 0.5128421598713615, "vol": 263393.2620056495, "inc": 644}