{"beta": [-0.08885460390759795, -0.07714566927926236, -0.05481660938235791, 0.007354409089697969, -0.0434966393159064, 0.5931774997205036, 0.12449003810476457, 0.02428910464773971, 0.10178583618616761, -0.01981656021303388, -0.07379745847764516, 0.020732258848280467, -0.03357666728179314, 0.012506323370124705, 0.015699172467211784, -0.030365695656528652, 0.09246478768717449], "diff": 0.16391532566981917, "R": [[-0.10000000000000003, 1.1], [-0.09999999999999998, 1.1], [-0.10000000000000003, 1.1], [-0.1, 1.1], [-0.1, 1.1], [-3.6351241692909233, 0.765880617841304], [-1.0769183989499993, 1.0236269488575598], [-1.6741129005327018, 1.8027616731275695], [-1.5026943545682696, 1.0113815520650071], [-0.6125184424923834, 2.708801024456387], [-0.24371656541956777, 2.072004748495182], [-1.4026371056557283, 1.3925716346984858], [-0.7169950228232279, 3.3032634050648815], [-0.7856874150981881, 2.7073885696402087], [-0.527513004764509, 2.339110129645856], [-0.9436399543409112, 2.571568308445986]], "mse": 0.6224298258072923, "vol": 611719.6035896948, "inc": 842}