{"beta": [-0.09640964705638298, -0.1211538703873403, -0.04110147767088249, -0.04917172241561127, -0.0747250634689451, 0.5433439214327312, -0.02319113827417204, -0.05706081658408066, 0.05736126220452188, -0.03020224134478635, 0.01773337202362729, 0.006495722446153843, 0.002676826023075421, -0.00358037099036647, -0.01608572657433058, -0.02719240359548118, 0.05882498414140704], "diff": 0.19308028272577116, "R": [[-0.1, 1.0], [-0.1, 1.0], [-0.1, 1.0], [-0.09999999999999998, 1.0], [-0.09999999999999998, 1.0], [-2.679562738466629, 7.308664912350221], [-1.076292805095683, 1.0242828737245417], [-2.2510396912444732, 2.6261580138030496], [-2.4821366099920725, 0.7186450984678765], [-1.4180186531120405, 0.9982166143618095], [-1.0159391370594286, 1.3002340769356713], [-0.5325206490993862, 6.115344285810739], [-0.7168216464527583, 3.304913477522386], [-0.7857143967286861, 2.7073977753677876], [-0.5275743359844131, 2.3387746079232747], [-0.9437099428352796, 1.6422339465388314]], "mse": 0.8296109021245182, "vol": 2043540.2775609344, "inc": 1002}