{"beta": [0.268458961937273, 0.21922864529483393, 0.12497706108075167, 0.2307324104772396, 0.17984485060486968, 0.6033076140330176, 0.04355289261082868, -0.03141808029313677, 0.09024843308582417, -0.06678518450363485, 0.05212754296857819, -0.020454494221774883, -0.0633142197177651, -0.06556070106003749, -0.003814606487447102, -0.041895772867654245, -0.2045061679276724], "diff": 0.5477813657643102, "R": [[-0.09999999999999998, 1.0], [-0.10000000000000003, 1.0], [-0.10000000000000003, 1.1], [-0.1, 1.0], [-0.09999999999999998, 1.0], [0.3684592626490597, 6.457576198303895], [-0.9784111940537747, 1.1220651665449353], [-2.251719604905245, 2.62540587901384], [-2.4828060419456293, 1.1439376442172167], [-1.5169791737417384, 0.9986075867929095], [-1.787219490427016, 2.172847884726703], [-1.4032255388300936, 1.3916327770168782], [-0.7175431378773933, 1.7337804805311057], [-0.7862811582964232, 2.6081113848135384], [-0.5274526967944777, 2.3394401474107607], [-0.843700217851667, 1.6434063210297822]], "mse": 0.8578177964323533, "vol": 656561.0706553942, "inc": 218}