{"beta": [0.012264976968121217, 0.045031187544130435, 0.06652753864242711, 0.07250602781822033, 0.04315461135898953, 0.5155818714820283, -0.06136767660973388, -0.004131535357743353, 0.024974169819070285, -0.026087196021429098, 0.020705902734028524, -0.007933247028696142, 0.006502460810880053, -0.011226291817294594, -0.010612423992436027, -0.04112338351045208, 0.008659944955746575], "diff": 0.13654807445233955, "R": [[-0.1, 1.1], [-0.09999999999999998, 1.1], [-0.1, 1.1], [-0.09999999999999998, 1.1], [-0.1, 1.1], [-2.679562738466629, 2.3463675056920614], [-0.9762928050956828, 1.1242828737245418], [-1.6215456114277742, 1.820165907380784], [-1.9155485228682065, 2.31791943291289], [-1.5180186531120405, 2.709040126011043], [-1.8879968750577951, 2.172291814934038], [-1.3028577002652835, 6.115344285810739], [-0.6168216464527583, 3.304913477522386], [-0.7857143967286861, 2.7073977753677876], [-0.5275743359844131, 2.438774607923275], [-0.9437099428352798, 2.570881909663535]], "mse": 0.7905985259752554, "vol": 6960068.948100438, "inc": 1046}