{"beta": [-0.08391196399461692, -0.07509465315022579, -0.12192462754499016, -0.03574988175142276, -0.06935131938572696, 0.471773952694049, 0.08333815108057513, 0.02815211163811989, 0.06343925493231206, -0.06404959662059437, 0.05551001893329129, -0.0225967377887711, 0.07742003682435446, 0.09714333682807862, -0.10197279455027777, -0.7344027046052024, -0.5124297525945105], "diff": 0.8898142678837929, "R": [[-0.1, 1.0], [-0.1, 1.0], [-0.1, 1.0], [-0.1, 1.0], [-0.09999999999999998, 1.0], [-1.240824095013026, 3.063412100674522], [-1.0769183989499993, 1.0236269488575598], [-1.7094111195546327, 0.28493825518450516], [-1.1465311346469544, 0.5203882815796097], [-1.517848309229576, 2.708801024456387], [-1.7875307746960676, 0.5281905392186821], [-1.4026371056557283, 0.23748217454667964], [-0.7169950228232279, 3.3032634050648815], [-0.7856874150981881, 1.8474479577775016], [-0.527513004764509, 2.439110129645856], [-0.9436399543409112, -0.014837888644186892]], "mse": 0.729008285108899, "vol": 22666.167002450853, "inc": 214}