{"beta": [0.019087811492878408, -0.20384721076150766, 0.06365905564207174, 0.06135305330951833, 0.062451134388911145, 0.6280207822065854, -0.09577826558060573, -0.02501364889331124, -0.03723795774231528, -0.0014334764055420664, -0.05047219386146325, -0.2226571104330862, 0.14139131178240727, 0.16968856986814537, 0.10313198252086828, -0.17194194432300922, -0.016060012074776534], "diff": 0.43734974352052086, "R": [[-0.09999999999999998, 1.0], [-0.1, 1.0], [-0.1, 1.0], [-0.1, 1.1], [-0.1, 1.0], [-0.02676302226888816, 7.308664912350221], [-1.076292805095683, 1.024282873724542], [-1.3214989661983103, 0.49643070783903176], [-1.4385078118803323, 0.8695105457720553], [-0.6126068972874237, 0.9982166143618096], [-1.0159391370594286, 1.3002340769356713], [-1.4028577002652836, 0.6229849276494593], [-0.7168216464527583, 0.8530764781530665], [-0.7857143967286861, 0.5808672079238038], [-0.5275743359844131, 2.3387746079232747], [-0.9437099428352796, 2.570881909663535]], "mse": 0.8214815057301055, "vol": 18555.29273643616, "inc": 126}