{"beta": [0.16973132924594994, -0.015817195169074875, -0.08418389400067623, -0.01617703553763743, 0.07843829638970902, 0.6335703294076258, 0.10414732543761239, -0.02330431114988292, -0.02783082748393488, -0.07418706295393111, -0.012916312158515079, 0.019548658064929624, -0.04286172755315257, 0.07497757190765787, -0.20210860611519957, -0.16751411435293356, -0.20771382998731822], "diff": 0.36682848480514363, "R": [[-0.1, 1.1], [-0.1, 1.1], [-0.10000000000000003, 1.1], [-0.1, 1.1], [-0.10000000000000002, 1.1], [0.8128731455978064, 6.457576198303895], [-1.0784111940537748, 1.0220651665449352], [-2.251719604905245, 2.62540587901384], [-1.4983931588881978, 2.317941267123266], [-1.5169791737417384, 2.708998760482675], [-1.8872194904270163, 2.172847884726703], [-1.4032255388300936, 6.1113898898974], [-0.7175431378773933, 1.1459495759289808], [-0.7862811582964232, 2.7081113848135385], [-0.5274526967944777, 2.4394401474107608], [-0.9437002178516671, 2.5724418339902657]], "mse": 0.9629555470393026, "vol": 4809615.639932933, "inc": 527}