{"beta": [0.0005103175959546921, -0.24783469176082282, 0.009945746099964669, -0.021640042992517733, -0.004684636370410355, 0.47344762467025764, -0.09576947688414222, -0.12152921893951762, 0.054556872531894694, 0.06560641450853735, -0.06374902804529077, -0.22908698008846115, 0.060908470637223246, 0.023396005211246712, 0.08176242334164927, -0.09620363732818173, 0.006262506708331934], "diff": 0.39166201026190034, "R": [[-0.09999999999999998, 1.0], [-0.1, 1.0], [-0.1, 1.0], [-0.1, 1.1], [-0.1, 1.0], [-0.02676302226888816, 7.308664912350221], [-1.076292805095683, 1.024282873724542], [-1.3214989661983103, 1.0965239982979593], [-2.4821366099920725, 0.8695105457720553], [-0.6126068972874237, 0.9982166143618096], [-1.0159391370594286, 1.3002340769356713], [-1.4028577002652836, 0.6229849276494593], [-0.7168216464527583, 0.8530764781530665], [-0.7857143967286861, 2.707397775367787], [-0.5275743359844131, 2.3387746079232747], [-0.9437099428352796, 2.570881909663535]], "mse": 1.0177071433875335, "vol": 91610.89956840762, "inc": 279}