{"beta": [0.02424528464203847, 0.0623820964592385, 0.011166870850549897, 0.05015313416132008, 0.06098826285550016, 0.6416046948735282, 0.03698232460825903, 0.01725057358132748, 0.03243188604601037, -0.04869761916294947, -0.024719046261962693, 0.03602112712042788, 0.06105041132086554, 0.007597860469716007, 0.015369568260970834, -0.06269462203348053, 0.03477400164619494], "diff": 0.1838594257342074, "R": [[-0.1, 1.1], [-0.09999999999999998, 1.1], [-0.09999999999999998, 1.1], [-0.1, 1.1], [-0.1, 1.1], [-2.470205330007855, 1.2130783176773057], [-0.9784111940537746, 1.1220651665449353], [-0.5632618933855574, 2.6254058790138393], [-1.4358143305637976, 2.317941267123266], [-0.6117835868968557, 2.708998760482675], [-1.8872194904270159, 2.172847884726703], [-1.3032255388300933, 6.1113898898974], [-0.7175431378773933, 0.5581186713268562], [-0.7862811582964232, 1.3410373297712455], [-0.5274526967944777, 2.3394401474107607], [-0.9437002178516671, 2.5724418339902657]], "mse": 0.5118084409525586, "vol": 630148.1747417231, "inc": 494}