{"beta": [0.10259537958955639, 0.013267315266957992, 0.015814149262839534, 0.022298394206326674, 0.05044263106496631, 0.6451331962504052, 0.13087088090928795, -0.10153911562629957, 0.010943052840291392, -0.02292898424784254, 0.012687106699247457, 0.06649965882833782, -0.032671386208731924, -0.03851123309868353, -0.022950190004837324, -0.05514963750255858, -0.0987646925298651], "diff": 0.20856724106977786, "R": [[-0.1, 1.1], [-0.1, 1.1], [-0.1, 1.1], [-0.1, 1.1], [-0.10000000000000003, 1.1], [0.007809252926255006, 6.457576198303895], [-0.9784111940537749, 1.1220651665449353], [-1.428088869657386, 1.272289239926086], [-2.0485701797970224, 1.3702394896739831], [-1.5169791737417384, 2.708998760482675], [-1.887219490427016, 1.3008344096959592], [-1.4032255388300936, 1.006653017610168], [-0.7175431378773933, 1.4398650282300434], [-0.7862811582964232, 1.3410373297712455], [-0.5274526967944777, 2.3394401474107607], [-0.8437002178516672, 1.2288885645495409]], "mse": 0.6456677222751952, "vol": 275552.92622744053, "inc": 513}