{"beta": [0.2812954105698495, 0.06305627019005117, 0.019749603473478195, 0.109949023855991, 0.09337122288707077, 0.641335829545646, 0.11323534804462389, -0.06171898114871992, 0.025646663605874583, -0.07108028814669703, -0.00918695569032004, -0.029567951594627103, 0.0436963267018462, -0.020406450507549787, 0.0014028409427675578, -0.18958228856567158, -0.336712381137255], "diff": 0.4904233869899237, "R": [[-0.1, 1.1], [-0.1, 1.1], [-0.10000000000000003, 1.1], [-0.1, 1.0], [-0.10000000000000002, 1.0], [1.0222828286626604, 4.83353906044301], [-1.0784111940537748, 1.0220651665449352], [-2.251719604905245, 2.62540587901384], [-1.0731487896771164, 2.317941267123266], [-1.4169791737417383, 0.9986075867929095], [-1.0152060153962723, 1.3008344096959592], [-1.4032255388300936, 6.1113898898974], [-0.7175431378773933, 1.1459495759289808], [-0.7862811582964232, 0.8342077077543283], [-0.5274526967944777, 2.3394401474107607], [-0.9437002178516671, 0.3998530515890576]], "mse": 0.7897923059882989, "vol": 135373.5894660392, "inc": 207}