{"beta": [0.040202003256177385, 0.031045558868713755, 0.055615150479046284, 0.1873814276780032, -0.0006965716710893681, 0.4346959258473184, -0.07967167477643738, 0.0302376891327033, 0.05076922091080596, -0.026679724580458083, -0.03081674983071325, -0.1733458193559019, 0.17834098022093525, 0.025085319784425814, -0.029615076336670407, -0.13969722342463842, -0.019351257978311574], "diff": 0.3570541144310603, "R": [[-0.09999999999999998, 1.1], [-0.1, 1.0], [-0.1, 1.0], [-0.1, 1.1], [-0.1, 1.0], [-0.02676302226888816, 2.3014502086328634], [-1.076292805095683, 1.024282873724542], [-2.2510396912444732, 1.4848196568302046], [-2.4821366099920725, 2.31791943291289], [-0.6126068972874237, 2.709040126011043], [-1.887996875057795, 1.3002340769356713], [-1.4028577002652836, 0.6229849276494593], [-0.7168216464527583, 1.1470561030742314], [-0.7857143967286861, 1.5941324916457955], [-0.5275743359844131, 2.3387746079232747], [-0.9437099428352796, 2.570881909663535]], "mse": 1.0343684172899053, "vol": 161145.36389060906, "inc": 441}