{"beta": [0.003451768365804693, 0.024133854247503268, -0.014115076386882164, 0.029466677537106245, 0.025521967688116338, 0.6016166813178103, 0.04887005981621113, -0.048091834222111815, 0.06221487368797349, -0.029600501604867872, -0.020866531029648718, -0.027575504407301225, 0.0051011243682731995, -0.004072611170663157, 0.01546089052727738, -0.05588545665036216, 0.06462391112381564], "diff": 0.12680088181787938, "R": [[-0.1, 1.1], [-0.09999999999999998, 1.1], [-0.09999999999999998, 1.1], [-0.1, 1.1], [-0.1, 1.1], [-3.9918644005925885, 6.457576198303895], [-0.9784111940537746, 1.0220651665449352], [-2.2517196049052455, 2.6254058790138393], [-2.4828060419456293, 2.317941267123266], [-1.5169791737417386, 2.708998760482675], [-1.8872194904270159, 2.172847884726703], [-1.4032255388300934, 6.1113898898974], [-0.7175431378773933, 3.3033577420364177], [-0.7862811582964232, 2.7081113848135385], [-0.5274526967944777, 2.4394401474107608], [-0.9437002178516671, 2.5724418339902657]], "mse": 0.55746323269697, "vol": 23016327.497493777, "inc": 1739}