{"beta": [-0.20717505345647727, -0.12435833879655782, -0.1797207001392288, 0.020104022843755107, -0.0001572983488932939, 0.3812278753885573, 0.1300117424188176, 0.2163431593234364, 0.10110239378746133, -0.07112014088073589, 0.022097575045269692, 0.5056935296673669, 0.08345285782755062, -0.047243682338816845, -0.2056939532001437, 0.273507384167157, 0.37906058524727715], "diff": 0.8366619815252777, "R": [[-0.10000000000000002, 1.1], [-0.10000000000000002, 1.0], [-0.10000000000000002, 1.0], [-0.1, 1.0], [-0.09999999999999998, 1.1], [-3.6351241692909233, 0.5202935676369094], [-1.0769183989499993, 1.0236269488575593], [0.21434181714064326, 1.8204107826385347], [-2.482619941225386, 0.5558837017101418], [-1.417848309229576, 2.708801024456387], [-1.0156236700578178, 2.172004748495182], [-1.4026371056557283, 0.23748217454667964], [-0.7169950228232279, 0.5584691088346517], [-0.7856874150981881, 2.7073885696402087], [-0.527513004764509, 2.439110129645856], [-0.9436399543409112, 0.3995631442041754]], "mse": 0.6748732189094994, "vol": 31270.31721569688, "inc": 111}