{"beta": [0.038789016318943784, -0.20211769366148838, -0.13869660535366937, 0.03630007498893312, -0.06630959525383417, 0.46634657076463987, -0.018345414720373585, 0.010020017837953041, -0.020440529753667742, -0.08167293132608006, -0.06214839291088948, -0.11892211991457005, 0.019899211391085025, 0.05202170896576291, 0.030933285999592452, -0.10825754798165929, 0.12441926140643896], "diff": 0.34209523235580935, "R": [[-0.09999999999999998, 1.0], [-0.1, 1.0], [-0.1, 1.0], [-0.1, 1.0], [-0.1, 1.0], [-0.3673858583011379, 7.308664912350221], [-1.076292805095683, 1.024282873724542], [-2.2510396912444732, 1.3789208408668667], [-1.4385078118803323, 0.7186450984678765], [-0.6126068972874237, 0.9982166143618096], [-1.0159391370594286, 1.3002340769356713], [-1.4028577002652836, 1.0081534532324081], [-0.7168216464527583, 3.304913477522386], [-0.7857143967286861, 2.707397775367787], [-0.5275743359844131, 2.3387746079232747], [-0.9437099428352796, 2.570881909663535]], "mse": 0.8855172676012403, "vol": 258863.3691082288, "inc": 304}