{"beta": [-0.11855489064469499, 0.015856038132263463, -0.145742852601239, -0.0728682964024486, -0.07882911291926885, 0.6098558448271288, 0.0052607170153281735, 0.030253198721265195, 0.18685567177784956, 0.05978714063789952, -0.043326405867662114, -0.02261659818424796, -0.09774351344068542, 0.018702362652523494, -0.04341503141151342, 0.05937141265985891, 0.030308617402268534], "diff": 0.2878302447507123, "R": [[-0.10000000000000002, 1.0], [-0.10000000000000002, 1.0], [-0.10000000000000002, 1.0], [-0.1, 1.0], [-0.09999999999999998, 1.0], [-3.6351241692909233, 3.8615700138388043], [-1.0769183989499993, 1.0236269488575593], [-0.4916225632979908, 1.8204107826385347], [-2.1224805980834964, 0.055059695792240015], [-0.6125184424923834, 2.708801024456387], [-1.0156236700578178, 1.300097643856932], [-1.4026371056557283, 0.23748217454667964], [-0.7169950228232279, 0.852335141749122], [-0.7856874150981881, 2.7073885696402087], [-0.527513004764509, 2.339110129645856], [-0.9436399543409112, 1.642766242749262]], "mse": 0.6809403845597691, "vol": 65461.75477306681, "inc": 175}