{"beta": [-0.024381529635712856, -0.021321751934965806, -0.03893986960135392, 0.004707942809831794, -0.022755454913511868, 0.5808813651869512, 0.06716796454889298, -0.012000747979215975, 0.0779175517885799, -0.033903492421288206, -0.005418021269975617, 0.029696280866700807, -0.015093641447755254, -0.00150860169556068, -0.013261639808823875, -0.08224802934462619, -0.006952085621441933], "diff": 0.05254255861071515, "R": [[-0.1, 1.1], [-0.09999999999999998, 1.1], [-0.1, 1.1], [-0.1, 1.1], [-0.1, 1.1], [-3.635124169290923, 9.745791327863362], [-1.0769183989499993, 1.1236269488575596], [-2.2506388573287786, 2.626375163077166], [-2.482619941225386, 2.3173220832340404], [-1.517848309229576, 2.708801024456387], [-1.8875307746960677, 2.172004748495182], [-1.402637105655728, 6.11292947530571], [-0.7169950228232279, 3.3032634050648815], [-0.7856874150981881, 2.7073885696402087], [-0.527513004764509, 2.439110129645856], [-0.9436399543409112, 1.2283652099008995]], "mse": 0.6261696590829556, "vol": 20013908.230869085, "inc": 1900}