{"beta": [-0.059415531370198435, 0.09701299351542894, -0.1600493328458358, -0.04929718444630336, 0.10097465166853689, 0.6102362702034112, -0.055491233290957745, -0.020983151162373103, -0.04214577918475762, 0.05516775297976556, -0.0519148734851097, -0.03988006634327124, 0.05789535775261956, -0.10262448552165063, -0.05513538199850376, 0.03512804205433455, -0.06170957555388888], "diff": 0.33024107336079217, "R": [[-0.1, 1.1], [-0.09999999999999998, 1.1], [-0.1, 1.0], [-0.09999999999999998, 1.1], [-0.1, 1.1], [-2.679562738466629, 1.8223323733347538], [-0.9762928050956828, 1.1242828737245418], [-0.7390554783999392, 1.5907184727935457], [-1.4386300733610715, 0.7674931160145559], [-1.5180186531120405, 2.709040126011043], [-1.8879968750577951, 0.5281763389373046], [-1.4028577002652836, 6.115344285810739], [0.2651172283107366, 3.304913477522386], [-0.6857143967286863, 2.7073977753677876], [-0.5275743359844131, 2.3387746079232747], [-0.9437099428352798, 2.570881909663535]], "mse": 0.8178401178323154, "vol": 884549.0293931892, "inc": 185}