{"beta": [0.07164346247802722, 0.003929128014242126, -0.014168147597565236, 0.04240411151254808, 0.06276484544660785, 0.5663603561977927, 0.10989260799530869, -0.001416232475590696, 0.054405061632574025, -0.022869378030340528, -0.036266677227293716, 0.0337890584856345, 0.027008966749707944, -0.05846691897893526, -0.05058319527377873, -0.07577356146713884, -0.0606623423120989], "diff": 0.15415943172963184, "R": [[-0.09999999999999998, 1.1], [-0.10000000000000003, 1.1], [-0.10000000000000003, 1.1], [-0.1, 1.1], [-0.09999999999999998, 1.1], [-0.9601288376846275, 6.457576198303895], [-0.9784111940537747, 1.1220651665449353], [-2.251719604905245, 2.1900648065819066], [-2.4828060419456293, 1.370239489673983], [-1.5169791737417384, 2.708998760482675], [-1.887219490427016, 2.172847884726703], [-1.4032255388300936, 6.1113898898974], [-0.7175431378773933, 3.3033577420364177], [-0.7862811582964232, 1.3410373297712455], [-0.5274526967944777, 2.3394401474107607], [-0.843700217851667, 2.5724418339902657]], "mse": 0.7624864581884968, "vol": 7166806.753434129, "inc": 756}