{"beta": [-0.17633013861085825, -0.10973005626642134, -0.17967312091375962, 0.0565939664801102, -0.07707852049936255, 0.5517930903962709, -0.1144903900739755, -0.055013085131318015, 0.09183998605606367, -0.09001149728182938, 0.04941172699205725, 0.1469194310382623, -0.1038191657072836, -0.05884069322464188, -0.12188066583400167, 0.13445556944452733, -0.007359477238544882], "diff": 0.43890788222328925, "R": [[-0.10000000000000002, 1.0], [-0.10000000000000002, 1.0], [-0.10000000000000002, 1.0], [-0.1, 1.0], [-0.09999999999999998, 1.1], [-3.6351241692909233, 0.6818639954029582], [-1.0769183989499993, 1.0236269488575593], [0.21434181714064326, 1.8204107826385347], [-2.482619941225386, 1.163075985990138], [-1.417848309229576, 2.708801024456387], [-1.0156236700578178, 1.300097643856932], [-1.4026371056557283, 0.23748217454667964], [-0.7169950228232279, 0.5584691088346517], [-0.7856874150981881, 2.3540750323526396], [-0.527513004764509, 2.439110129645856], [-0.9436399543409112, 0.8139641770525374]], "mse": 0.5499429134181688, "vol": 30529.333079209482, "inc": 133}