{"beta": [0.15714398490008236, -0.013941369971969837, 0.0914937507388431, 0.06647663551799599, 0.1874731496075961, 0.5952481663048528, 0.5543813411163137, -0.161216760131514, 0.005452563878232679, -0.039101889343984994, -0.15984738879822846, 0.05657709162644604, 0.229045530627579, 0.034935480135030256, -0.09604816370694824, -0.25974026590805555, -0.4479166403870697], "diff": 0.7768043302548536, "R": [[-0.1, 1.1], [-0.09999999999999998, 1.0], [-0.09999999999999998, 1.0], [-0.1, 1.1], [-0.1, 1.1], [-2.470205330007855, 1.2130783176773057], [-0.9784111940537746, 1.1220651665449353], [-0.3691170619775932, 1.3075883001820783], [-1.2772864229762722, 1.6100763430904574], [-0.6117835868968557, 1.8038031736377922], [-0.2431925403655284, 2.172847884726703], [-1.4032255388300934, 2.1615922958302987], [-0.7175431378773933, 0.5581186713268562], [-0.7862811582964232, 1.3410373297712455], [-0.5274526967944777, 2.3394401474107607], [-0.9437002178516671, 1.2288885645495404]], "mse": 0.44011151902172335, "vol": 27539.840298503594, "inc": 117}