{"beta": [0.09637164706994714, -0.06148923541471995, -0.14091435525409599, 0.002404078936426452, -0.029945124287644984, 0.5889563234897977, 0.13265658774449463, 0.008802954659088248, -0.01067521417714202, -0.06956375771016805, 2.896660951926193e-05, -0.0077459196101401055, 0.11618421825953723, -0.15238050207446943, -0.07206043708096257, -0.15252983084239247, -0.06057921769485414], "diff": 0.2901076264126275, "R": [[-0.1, 1.0], [-0.1, 1.0], [-0.1, 1.0], [-0.1, 1.0], [-0.10000000000000003, 1.0], [0.5546012031511527, 6.457576198303895], [-0.9784111940537749, 1.1220651665449353], [-2.251719604905245, 2.6254058790138397], [-2.4828060419456293, 2.317941267123266], [-1.5169791737417384, 0.9986075867929095], [-1.887219490427016, 2.172847884726703], [-1.4032255388300936, 6.111389889897399], [-0.7175431378773933, 3.2033577420364177], [-0.7862811582964232, 1.594452140779704], [-0.5274526967944777, 2.439440147410761], [-0.8437002178516672, 2.5724418339902657]], "mse": 0.973964281960163, "vol": 3394991.0816207374, "inc": 707}