{"beta": [0.11390966506145513, -0.0981408639477876, -0.006207575543915658, 0.2560125242118975, 0.02130507021584011, 0.47324199634553277, -0.028657658888446142, 0.017725453656375734, 0.013374219289105073, 0.009524699685337666, -0.009521001302623427, 0.012187452169747148, -0.04209366764826749, 0.01586400363547111, 0.02721803340658349, -0.12526050389737658, -0.04652077491842029], "diff": 0.3158350823342874, "R": [[-0.1, 1.0], [-0.1, 1.0], [-0.1, 1.0], [-0.09999999999999998, 1.1], [-0.09999999999999998, 1.0], [-0.367385858301138, 1.4817095373025042], [-1.076292805095683, 1.0242828737245417], [-2.2510396912444732, 0.3375824838940217], [-1.4385078118803323, 0.7186450984678765], [-0.6126068972874238, 0.9982166143618095], [-1.0159391370594286, 1.3002340769356713], [-1.3028577002652835, 6.115344285810739], [-0.7168216464527583, 0.8530764781530665], [-0.7857143967286861, 0.5808672079238036], [-0.5275743359844131, 2.3387746079232747], [-0.9437099428352796, 2.570881909663535]], "mse": 0.8143354422759965, "vol": 22794.385176195545, "inc": 305}