{"beta": [0.014844708568882063, 0.05979656700649438, -0.0247563341579149, 0.056962308768375346, -0.01402957540820744, 0.4477678829507209, 0.11772923544900514, 0.03296818581131254, 0.15030185652496877, -0.0330785363379586, 0.003417874141918278, 0.0968527784186674, 0.030113636584274232, -0.10468868499095112, -0.02171045454348639, -0.03526320118376084, -0.03230748343264562], "diff": 0.25314717040970824, "R": [[-0.1, 1.1], [-0.1, 1.0], [-0.1, 1.1], [-0.1, 1.1], [-0.09999999999999998, 1.0], [-3.6351241692909233, 1.4218565545714632], [-1.0769183989499993, 1.0236269488575598], [-1.3917271483572482, 0.973253526112174], [-2.482619941225386, 0.5203882815796097], [-1.517848309229576, 2.708801024456387], [-1.8875307746960677, 0.5281905392186821], [-1.4026371056557283, 1.3925716346984855], [-0.7169950228232279, 3.3032634050648815], [-0.7856874150981881, 2.7073885696402087], [-0.527513004764509, 2.439110129645856], [-0.9436399543409112, 0.8139641770525374]], "mse": 0.69094304483679, "vol": 329639.5620665106, "inc": 939}