{"beta": [-0.04221797996287009, -0.20857732702223955, -0.22929976921201348, 0.05826905205035066, 0.019958822711698347, 0.49508429771650037, -0.0005646504003673199, 0.04257399456154974, 0.08571888814975771, -0.15892632558783792, -0.007287656493305866, -0.11512371199074468, 0.10278855992015382, 0.019708421576943313, -0.06425825144916969, -0.2729840299586878, 0.0797971173834819], "diff": 0.44027036351772386, "R": [[-0.1, 1.1], [-0.09999999999999998, 1.0], [-0.09999999999999998, 1.0], [-0.1, 1.0], [-0.10000000000000003, 1.0], [-0.7379535590395195, 1.8223323733347538], [-1.076292805095683, 1.1242828737245418], [-2.2510396912444732, 0.4787809051784754], [-2.4821366099920725, 0.7186450984678765], [-0.6126068972874237, 0.9982166143618096], [-1.787996875057795, 1.3002340769356713], [-1.4028577002652836, 0.6229849276494595], [-0.7168216464527583, 1.1470561030742314], [-0.7857143967286861, 0.8341835288543016], [-0.5275743359844131, 2.438774607923275], [-0.9437099428352796, 0.39926200185177585]], "mse": 0.8156201125784162, "vol": 10483.942144547822, "inc": 210}