{"beta": [0.024576724335331323, -0.09132465435538406, -0.07025333444390901, -0.0013493746262135474, -0.05595351815431946, 0.5312314217626771, -0.03171164873246764, -0.012953610027455393, 0.10999313937869869, 0.02198070513513622, -0.010791259311609574, -0.01609121475254908, -0.1531077803966349, 0.058071436272018086, -0.028765148672741846, -0.05299267805491012, 0.038791295552773726], "diff": 0.2230415039565706, "R": [[-0.10000000000000002, 1.1], [-0.10000000000000002, 1.1], [-0.10000000000000002, 1.1], [-0.09999999999999998, 1.1], [-0.1, 1.1], [-1.0224297737477723, 1.642663185097963], [-1.076292805095683, 1.124282873724542], [-2.2510396912444732, 2.6261580138030496], [-1.7720515327127826, 1.2778604006469205], [-1.5180186531120405, 0.9982166143618094], [-1.8879968750577951, 2.172291814934038], [-0.9176891746823349, 6.115344285810739], [-0.7168216464527583, 0.8530764781530663], [-0.7857143967286861, 0.5808672079238036], [-0.5275743359844131, 2.438774607923275], [-0.9437099428352796, 0.8135859834141278]], "mse": 0.6988958439400067, "vol": 174436.58826588068, "inc": 887}