{"beta": [-0.5524048056587108, -0.31612013870180633, -0.20352877030890565, -0.4545565200366068, -0.10033945087029608, 0.642187480284265, -0.26777982650365306, -0.13769825815727302, -0.028680816303659675, -0.022270184290322896, -0.22922477808893962, 0.0419987495930076, 0.2519739036910798, -0.42582619514128767, 0.1303115291959147, 0.2001743519123943, -0.19338882179925276], "diff": 1.0914196925454356, "R": [[-0.10000000000000002, 1.1], [-0.10000000000000002, 1.1], [-0.10000000000000002, 1.1], [0.0, 1.1], [-0.1, 1.1], [-0.4310186958016682, 3.600308715261333], [-1.076292805095683, 1.0242828737245415], [-2.2510396912444732, 2.6261580138030496], [-2.4821366099920725, 0.5021968331975218], [-1.5180186531120405, 2.7090401260110424], [-1.787996875057795, -0.243881399061062], [-0.5325206490993862, 6.115344285810739], [-0.7168216464527583, 3.304913477522386], [-0.7857143967286861, 2.7073977753677876], [-0.5275743359844131, 2.3387746079232743], [-0.9437099428352796, 0.8135859834141278]], "mse": 0.7344775456172884, "vol": 863220.9819641707, "inc": 66}