{"beta": [0.14558155688594238, 0.061691139700893585, 0.0743375940933976, 0.08856919834254548, 0.16210463108613093, 0.45294707772479575, 0.01368988030660425, -0.10361128932104331, 0.09105807460848427, -0.03423367105534166, -0.026339077660661053, -0.004130929039006217, 0.03932174409002928, -0.04592497668482444, 0.000761964442357261, -0.012461288211031828, 0.0429474981001282], "diff": 0.3414589845479194, "R": [[-0.1, 1.0], [-0.09999999999999998, 1.0], [-0.09999999999999998, 1.0], [-0.1, 1.0], [-0.1, 1.0], [-1.6023185324168474, 1.8831893034848397], [-0.9784111940537746, 1.1220651665449353], [-0.3691170619775932, 2.6254058790138393], [-2.4828060419456293, 2.317941267123266], [-0.6117835868968557, 1.8038031736377922], [-0.2431925403655284, 2.172847884726703], [-1.4032255388300934, 1.7766125364235883], [-0.7175431378773933, 2.615526837434293], [-0.7862811582964232, 2.7081113848135385], [-0.5274526967944777, 2.3394401474107607], [-0.9437002178516671, 2.057924077510024]], "mse": 0.5363038672985271, "vol": 315282.2604467095, "inc": 381}