{"beta": [0.0034517683657961456, 0.02413385424749458, -0.014115076386890812, 0.029466677537097547, 0.02552196768810777, 0.6016166813178101, 0.027581372678963958, -0.048091834222111655, 0.06221487368797319, -0.02960050160486736, -0.02086653102964887, -0.027575504407301447, 0.005101124368272754, -0.00407261117066259, 0.015460890527276793, -0.0558854566503634, 0.08638233668827859], "diff": 0.15036749599668048, "R": [[-0.1, 1.1], [-0.09999999999999998, 1.1], [-0.09999999999999998, 1.1], [-0.1, 1.1], [-0.1, 1.1], [-3.9918644005925885, 6.457576198303895], [-0.9784111940537746, 1.0220651665449352], [-2.2517196049052455, 2.6254058790138393], [-2.4828060419456293, 2.317941267123266], [-1.5169791737417386, 2.708998760482675], [-1.8872194904270159, 2.172847884726703], [-1.4032255388300934, 6.1113898898974], [-0.7175431378773933, 3.3033577420364177], [-0.7862811582964232, 2.7081113848135385], [-0.5274526967944777, 2.4394401474107608], [-0.9437002178516671, 2.5724418339902657]], "mse": 0.55746323269697, "vol": 23016327.497493777, "inc": 1739}