{"beta": [-0.45915900727698317, -0.05681396453014201, -0.0014848119568670066, 0.8384108454846066, -0.21175103397632938, -0.22824120168002515, -0.2896852464453691, 0.2507559817337096, -0.2324567182990607, 0.008046218390389067, 0.9986242938913542, -0.5032223170227459], "diff": 1.416933508471133, "R": [[-2.7959321704778626, 6.122627160047834], [-2.746572466088649, -0.28223937138357974], [-2.877433136057892, 1.464112602853031], [-2.4563033545612583, 4.986747718998426], [-2.4742496470777513, 5.631750263799668], [-2.462565505455457, 0.10502973887308353], [-1.898207975706763, -0.4097197948445819], [-0.7641657225992309, 4.224581498035601], [-0.688649780344704, 1.6988029782571497], [-1.4448575338251728, 0.7921097593287006], [-0.9615978541703436, 1.139935764897052]], "mse": 0.8415309912268095, "vol": 1231942.1222286602, "inc": 22}