{"beta": [0.12455231418421508, -0.18496043881932864, 0.0710353875432288, -1.1698875358383098, 0.6088172708529348, 0.5225471596400807, -0.4497310452904362, 0.2996515945469967, 0.05573237452693549, -0.008961023208974862, 0.7971064970543179, -0.6669348313531228], "diff": 1.836895434693233, "R": [[-2.7959321704778626, 6.122627160047834], [-2.746572466088649, 0.7310462406328786], [-2.877433136057892, 1.464112602853031], [-2.4563033545612583, 4.986747718998426], [-2.4742496470777513, -0.06833300640517026], [-2.462565505455457, 0.10502973887308353], [-1.898207975706763, 0.2660930365485139], [-0.440645685939572, 4.224581498035601], [-0.688649780344704, 1.6988029782571497], [-1.4448575338251728, 0.7921097593287006], [-0.9615978541703436, 1.139935764897052]], "mse": 0.4095024334004846, "vol": 701617.496697062, "inc": 15}