{"beta": [-0.14118812435863023, -0.06818981620586013, 0.0763381021781151, 0.3078776262868703, -0.27963526689278295, -0.1232443081014101, -0.34187945772316514, 0.12718527815598837, -0.021136225051311793, 0.06910007261618606, 0.04876423964483988, 0.05762588207096877], "diff": 0.3987694075335114, "R": [[-2.7959321704778626, 6.122627160047834], [-2.746572466088649, 3.5331412060101], [-2.877433136057892, 5.334375481884964], [-2.4563033545612583, 4.986747718998426], [-2.4742496470777513, 0.26108365654805565], [-2.462565505455457, 0.10502973887308364], [-1.898207975706763, 3.6099946272353787], [-3.452326015876494, 0.8534344606990591], [-0.688649780344704, 1.7988029782571497], [-1.4448575338251728, 0.7921097593287006], [-1.0615978541703437, 1.139935764897052]], "mse": 0.5009937319413112, "vol": 6984909.006399599, "inc": 154}