{"beta": [0.0546441993597034, -0.3460494444646994, 0.06180278195553549, 0.22731275910365442, -0.2193411906858818, -0.04985267483339401, -0.36571736838779834, 0.11546731955184365, -0.03183416114321163, -0.0651403633025073, -0.6980263361579362, 0.9994979888378545], "diff": 1.2931959586063424, "R": [[-2.7959321704778626, 6.122627160047834], [-2.746572466088649, 1.7443318526493363], [-2.877433136057892, 1.464112602853031], [-2.4563033545612583, 4.986747718998426], [-2.4742496470777513, 1.578750308360959], [-2.462565505455457, 2.6726249832016244], [-1.898207975706763, 0.3521055787258174], [-0.7641657225992309, 4.224581498035601], [-0.688649780344704, 1.7988029782571497], [-1.5448575338251724, 0.7921097593287006], [-0.9615978541703436, 1.139935764897052]], "mse": 0.7998846120259203, "vol": 3694327.5427910625, "inc": 44}