{"beta": [-0.07846260333238764, 0.10232684910543029, 0.14616765200660756, -0.14042156838242978, 0.1800463055486687, -0.16075525975044433, -0.33202338751674493, 0.31290672844888523, -0.021807079278899792, 0.16216469746370069, 0.061212119023143684, -0.0016086993521659896], "diff": 0.4676796843725906, "R": [[-2.7959321704778626, 6.122627160047834], [-2.746572466088649, 3.5331412060101], [-0.4210188366629348, 1.464112602853031], [-2.4563033545612583, 4.986747718998426], [-2.4742496470777513, 5.631750263799668], [-2.462565505455457, -0.30623613518167314], [-1.898207975706763, 2.256669012651817], [-1.698779161838242, 0.38612774107955417], [-0.688649780344704, 1.6988029782571497], [-1.5448575338251729, 0.7921097593287006], [-0.9615978541703437, 1.139935764897052]], "mse": 0.6207608681816298, "vol": 1395138.9932642756, "inc": 50}