{"beta": [-0.0613875042358464, -0.12004336480625767, 0.1889120946121991, 0.13751862879949306, -0.18763854493396068, 0.04561261616546073, -0.4386292546452635, 0.2340948321942712, -0.040766879192624714, 0.08284590911330118, 0.14422772228454306, 0.030662165646632423], "diff": 0.32378601151407677, "R": [[-2.7959321704778626, 6.122627160047834], [-2.746572466088649, 3.5331412060101], [-0.4210188366629348, 1.464112602853031], [-2.4563033545612583, 4.986747718998426], [-2.4742496470777513, 0.9199169824545073], [-2.462565505455457, 0.9275614869825972], [-1.527882843149524, 1.236806012549508], [-3.452326015876494, 0.8534344606990591], [-0.688649780344704, 1.7988029782571497], [-1.4448575338251728, 0.7921097593287006], [-0.9615978541703437, 1.139935764897052]], "mse": 0.7636668118648609, "vol": 1258702.968506974, "inc": 77}