{"beta": [-2.169206461930523, 1.1606343831579327, 0.8173160129108648, -7.910447598825827, 4.410800400922943, 3.2319565890082336, -0.7217195371824356, 0.5573777668583557, -0.1727511815242348, -0.09946840739730568, -4.9304955810544495, 3.92048324200447], "diff": 11.909540125139893, "R": [[-2.7959321704778626, 6.122627160047834], [-2.746572466088649, -0.28223937138357974], [-1.3635845564209177, 0.521546883095048], [-2.4563033545612583, 4.986747718998426], [-1.7154163211712994, -0.06833300640517026], [-2.462565505455457, 0.10502973887308353], [-1.898207975706763, -0.4097197948445819], [-3.4523260158764946, 4.224581498035601], [-0.688649780344704, 1.6988029782571497], [-1.5448575338251724, 0.7921097593287006], [-0.9615978541703436, 1.139935764897052]], "mse": 1.404519713755318, "vol": 174736.7860080786, "inc": 9}