{"beta": [-0.13120769637905152, -0.07545683575885224, 0.09022770841149423, 0.22220889134839739, -0.06633004268302412, -0.16983077967204344, -0.36048363741472106, 0.16721701894938945, -0.018715462293278518, 0.061364462583487586, 0.10138554675474576, 0.0730469380138728], "diff": 0.23057104569988823, "R": [[-2.7959321704778626, 6.122627160047834], [-2.746572466088649, 3.5331412060101], [-2.877433136057892, 5.334375481884964], [-2.4563033545612583, 4.986747718998426], [-2.4742496470777513, 5.631750263799668], [-2.462565505455457, 2.6726249832016244], [-1.898207975706763, 3.6099946272353787], [-3.452326015876494, 0.8534344606990591], [-0.688649780344704, 1.7988029782571497], [-1.5448575338251729, 0.7921097593287006], [-1.0615978541703437, 1.139935764897052]], "mse": 0.8249739037227225, "vol": 43249400.30865825, "inc": 161}