{"beta": [-0.1481078472890727, -0.14266421134470264, 0.04845362418837599, 0.22532467418833255, -0.1122551882675108, -0.13133949090770566, -0.3585015799745487, 0.22331835544635834, -0.013619654979357224, -0.03042790272909795, 0.008238157131480935, 0.15625], "diff": 0.2850086513195232, "R": [[-2.7959321704778626, 6.122627160047834], [-2.746572466088649, 3.5331412060100997], [-2.877433136057892, 5.334375481884963], [-2.4563033545612583, 4.986747718998426], [-2.4742496470777513, 5.631750263799668], [-2.462565505455457, 2.6726249832016244], [-1.898207975706763, 3.6099946272353787], [-3.4523260158764946, 4.224581498035601], [-0.688649780344704, 1.7988029782571497], [-1.5448575338251724, 0.7921097593287006], [-0.9615978541703436, 1.139935764897052]], "mse": 0.726968268854748, "vol": 73608429.48423466, "inc": 90}