{"beta": [0.04374323675637265, -0.18779600941298186, -0.021041452849632474, 0.146523326439229, -0.07966414759844476, -0.06065285801611627, -0.40150661084657707, 0.12946965400160573, -0.010003935105370605, 0.009930102863250233, 0.14089928941555646, 0.06914064731803334], "diff": 0.15609228130072128, "R": [[-2.7959321704778626, 6.122627160047834], [-2.746572466088649, 3.5331412060101], [-1.834867416299909, 5.334375481884963], [-2.4563033545612583, 4.986747718998426], [-2.4742496470777513, 5.631750263799668], [-2.462565505455457, 2.6726249832016244], [-1.898207975706763, 1.2736685306254947], [-1.2314724422187358, 4.224581498035601], [-0.688649780344704, 1.7988029782571495], [-1.4448575338251728, 0.7921097593287006], [-1.0615978541703437, 1.0399357648970522]], "mse": 0.7697512503999682, "vol": 25174899.062043637, "inc": 168}