{"beta": [0.051771955651198444, -0.17977067863002932, 0.0446104866229991, 0.3973250746109306, -0.25760668578229645, -0.21037175312562406, -0.3909597028664995, 0.1577222474472489, -0.022884316348140164, 0.024673807636350575, 0.13234541832419683, 0.07693943322750371], "diff": 0.4392019716755093, "R": [[-2.7959321704778626, 6.122627160047834], [-2.746572466088649, 3.5331412060101], [-2.877433136057892, 1.9353954627320222], [-2.4563033545612583, 0.9203149882395518], [-2.4742496470777513, 5.631750263799668], [-2.462565505455457, 2.6726249832016244], [-1.898207975706763, 3.6099946272353787], [-1.339312454438622, 4.224581498035601], [-0.688649780344704, 1.79880297825715], [-1.4448575338251726, 0.7921097593287006], [-1.0615978541703437, 1.039935764897052]], "mse": 0.7991639207980178, "vol": 13577494.612291174, "inc": 148}