{"beta": [-0.15983116559438185, 0.22672584321266798, 0.29026237118827614, -0.28107648524440015, 0.2931879921217735, -0.002367371479938711, -0.3962272624753827, 0.3142259372734374, 0.09556481678356131, 0.20309428789469264, 0.014068705381249241, 0.07734507331690801], "diff": 0.7290372131407973, "R": [[-2.7959321704778626, 6.122627160047834], [-2.746572466088649, 3.5331412060101], [-0.4210188366629348, 1.464112602853031], [-2.4563033545612583, 4.986747718998426], [-2.4742496470777513, 5.631750263799668], [-2.362565505455457, -0.30623613518167314], [-1.1469701563643238, 0.9296183619162821], [-3.452326015876494, 0.38612774107955417], [-0.688649780344704, 1.6988029782571497], [-1.4448575338251728, 0.7921097593287006], [-0.9615978541703437, 1.139935764897052]], "mse": 0.7160189888801954, "vol": 1171828.2973278246, "inc": 27}