{"beta": [0.4705579839368637, 0.1905641019781922, -0.05758577993133905, 0.003522823481975799, 0.11579088225121999, 0.3245284274622063], "diff": 0.6709318294838443, "R": [[-1.3767654645611844, 0.1288722685353122], [-0.8371252108305605, 0.9121829326680108], [-1.310910811246963, 1.0850455297911856], [-0.5313915329587728, 2.4180798036097926], [-0.9217648016985407, 1.1848754456205048]], "mse": 0.6601787687156494, "vol": 39.21030904160457, "inc": 48}