{"beta": [-0.07055514808120956, -0.046682958771414075, -0.054732616968611966, -0.050474242804808785, 0.12782068238834185, 0.07840309279398965], "diff": 0.14199609252760226, "R": [[-1.3767654645611844, 3.615181352813236], [-0.012471139081274785, 0.8121829326680108], [-1.310910811246963, 2.3330237003102603], [-0.5313915329587728, 2.4180798036097926], [-1.0217648016985406, 1.1848754456205048]], "mse": 0.7829442250852914, "vol": 97.63106703820247, "inc": 71}