{"beta": [0.767223226353436, 0.30599930492730887, -0.3840744837525448, -0.03942486701361249, 0.2235375577426009, 0.13134518227242037], "diff": 0.9525315864524663, "R": [[-1.3767654645611844, 3.6151813528132366], [-1.761779282579846, 0.9121829326680108], [-1.2109108112469629, -0.06293264072788862], [-0.5313915329587728, 2.4180798036097926], [-1.0217648016985403, 1.1848754456205048]], "mse": 0.6490105033248945, "vol": 99.73200745704128, "inc": 31}