{"beta": [0.767223226353436, 0.30599930492730887, -0.3840744837525448, -0.03942486701361249, 0.2235375577426009, 0.13134518227242037], "diff": 0.9525315864524663, "R": [[-1.3767654645611844, 0.7677985108519016], [-1.7617792825798462, 0.9121829326680108], [-1.310910811246963, -0.06293264072788862], [-0.5313915329587728, 2.4180798036097926], [-0.9217648016985407, 1.1848754456205048]], "mse": 0.6490105033248945, "vol": 44.466793990431164, "inc": 31}