{"beta": [0.4128634744164671, 0.08476673462265817, -0.0794278123289964, -0.008227892277725158, 0.11159333199054919, 0.2979759571924999], "diff": 0.5928741705049062, "R": [[-1.3767654645611844, 0.1288722685353123], [-1.761779282579846, 0.8121829326680108], [-1.310910811246963, 1.0850455297911854], [-0.5313915329587728, 2.3180798036097925], [-1.0217648016985406, 1.0848754456205048]], "mse": 0.6828472330102568, "vol": 55.738621967567475, "inc": 97}