{"beta": [-0.30101651824695064, 0.015560864755599067, -0.019221858853880953, 0.01023240774255262, 0.06322237624129706, -0.0077562371665072455], "diff": 0.26434915166258954, "R": [[-1.3767654645611844, 3.6151813528132366], [-0.01247113908127473, 0.8121829326680108], [-1.310910811246963, 2.3330237003102603], [-0.5313915329587728, 2.4180798036097926], [-1.0217648016985403, 1.1848754456205048]], "mse": 0.7351600273708067, "vol": 97.63106703820247, "inc": 84}