{"beta": [0.11158794044557985, 0.15401172731239435, 0.031143471720381663, 0.016249089623212178, 0.13375356805203126, 0.11648781088916227], "diff": 0.2962229147341945, "R": [[-1.3767654645611844, 0.7677985108519016], [-1.761779282579846, 0.9121829326680108], [-1.310910811246963, -0.06293264072788851], [-0.5313915329587728, 2.4180798036097926], [-0.9217648016985407, 1.1848754456205048]], "mse": 0.7210003849241925, "vol": 44.46679399043117, "inc": 119}