{"beta": [0.0888377335630494, 0.16228150240318298, 0.032139977464661885, -0.056328295326116294, 0.17043270559153306, 0.07955875981588374], "diff": 0.2574484440883667, "R": [[-1.3767654645611844, 0.8316911350835607], [-1.7617792825798462, 0.9121829326680108], [-1.310910811246963, 2.3330237003102603], [-0.5313915329587728, 2.4180798036097926], [-0.9217648016985407, 1.1848754456205048]], "mse": 0.71741110440927, "vol": 133.70549478027007, "inc": 82}