{"beta": [0.17225346042819717, 0.2061683133950124, -0.08412769583185271, -0.034954058198219375, 0.1460483842370534, 0.04044137289334602], "diff": 0.31185126428473275, "R": [[-1.3767654645611844, 0.9594763835468785], [-0.8371252108305605, 0.9121829326680108], [-1.310910811246963, 2.3330237003102603], [-0.5313915329587728, 2.4180798036097926], [-1.0217648016985403, 1.1848754456205048]], "mse": 0.7115489030420743, "vol": 96.92379162518317, "inc": 69}