{"beta": [0.3856605608731885, 0.1144172065881405, -0.0183186247578441, -0.012046451179394131, 0.11749386660851659, 0.30674740498354686], "diff": 0.5805504182486056, "R": [[-1.3767654645611844, 0.1288722685353123], [-1.6617792825798459, 0.8121829326680108], [-1.310910811246963, 2.3330237003102603], [-0.5313915329587728, 2.3180798036097925], [-1.0217648016985406, 1.0848754456205048]], "mse": 0.7539686447063522, "vol": 81.47770461823478, "inc": 60}