{"beta": [-0.06105668075509704, -0.002575926649524475, 0.03767627120725808, -0.0043075100347384895, -0.015515083228797905, -0.0404358088600977, -0.5073760820274333], "R": [[-1.3024584243819892, 1.6968959665685883], [-1.0618306677398395, 1.5755795222543154], [-1.1934563591118503, 1.4201814656607086], [0.19303302020151492, 26.016148822943872], [-0.9565511514060261, 18.730810247203966], [0.35689426869410235, 4.357104412223306]], "mse": 0.03708350298160752, "vol": 42046.49830034895, "inc": 86, "msevvol": 8.819641225937657e-07, "msevinc": 0.0004312035230419479}