{"beta": [0.02368637804004693, 0.0006059550722059174, 0.08781693815220748, -0.011465568212367638, -0.017053902275440003, -0.052698374714069816, -0.18296761230550615], "R": [[-0.2314550249431379, 1.1572751247156892], [-1.13130082502003, 0.14508060757388086], [-1.2772928491263928, 1.3340984998439032], [-0.05228905841453879, 26.150966377476646], [-0.06793405042001321, 19.14347425562218], [0.5770033706567084, 4.1252797458964094]], "mse": 0.1735631499923148, "vol": 8268.032891756042, "inc": 97, "msevvol": 2.0992072995424655e-05, "msevinc": 0.0017893108246630394}