{"beta": [-0.014495326678731787, -0.03127369371261868, 0.056354817986755394, -0.014684248902390779, -0.027993387955488395, -0.11065360472528676, -0.0385647200064885], "R": [[-1.720185174601965, 1.720185174601965], [-1.13130082502003, 1.4962299892472233], [-1.2772928491263928, 1.3340984998439032], [-0.23821647948833935, 26.150966377476646], [-0.2674368737871602, 19.14347425562218], [0.48014167472300884, 4.1252797458964094]], "mse": 0.17844956729329775, "vol": 44076.87763746263, "inc": 748, "msevvol": 4.04859819611239e-06, "msevinc": 0.00023856894023168148}