{"beta": [0.06637608757836666, -0.5059764655945785, 0.24246105846454613, -0.014498001038862228, 0.003384935924915195, -0.02119291211123263, -0.5814778300940789], "R": [[0.0, 0.9258200997725514], [-1.13130082502003, 1.4962299892472233], [-1.2772928491263928, 0.42170075437581045], [0.3307312826603589, 26.150966377476646], [-0.9760197726155687, 1.1150541795725155], [-3.261858092384089, 4.1252797458964094]], "mse": 0.04107792871133267, "vol": 1648.4354820818292, "inc": 49, "msevvol": 2.491934270879371e-05, "msevinc": 0.0008383250757414831}