{"beta": [-0.07485229264725869, -0.01856761370868375, 0.04365455373597715, -0.02417981533536515, -0.044215332783521494, -0.09320635019553657, 0.001913079527025596], "R": [[-1.720185174601965, 1.720185174601965], [-1.13130082502003, 1.4962299892472233], [-1.2772928491263928, 1.3340984998439032], [-0.23821647948833935, 26.150966377476646], [-0.9760197726155687, 19.14347425562218], [-1.0502731210294414, 4.1252797458964094]], "mse": 0.40012072109885144, "vol": 64867.13568259447, "inc": 2450, "msevvol": 6.168311840632331e-06, "msevinc": 0.00016331458004034753}