{"beta": [0.05071590045502332, 0.004344918401546251, 0.06630269499904404, 0.007088423030566174, 0.07488097434196456, -0.20747519483630467, -0.2231613698588451], "R": [[-1.720185174601965, 1.720185174601965], [-1.13130082502003, 1.496229989247223], [-1.2772928491263928, 1.3340984998439032], [1.3692945802419634, 26.150966377476646], [-0.9760197726155687, 19.14347425562218], [-3.261858092384089, 4.1252797458964094]], "mse": 0.014699186305379237, "vol": 86945.84516092711, "inc": 25, "msevvol": 1.6906139998032883e-07, "msevinc": 0.0005879674522151695}