{"beta": [0.06249704597458993, -0.16003110550026853, 0.14797438954362124, -0.015227789806451595, -0.01878483231675249, -0.0590938746245979, -0.2560324191128108], "R": [[0.23145502494313785, 1.1572751247156892], [-1.13130082502003, -0.024361043261973525], [-1.1772928491263928, 0.7245715078064797], [-0.23821647948833943, 26.150966377476646], [-0.9760197726155687, 19.14347425562218], [0.441396996349529, 4.1252797458964094]], "mse": 0.14410566298133345, "vol": 3812.2286106239653, "inc": 213, "msevvol": 3.780089750644493e-05, "msevinc": 0.0006765524083630678}