{"beta": [0.7779630874893809, -3.665246104005566, 2.321453372392533, -1.203698976759447, -0.41636226219461975, 0.17348733347147624, -0.3586698323583567], "R": [[-0.23145502494313785, 1.720185174601965], [-1.13130082502003, 1.4962299892472228], [-1.0309213942438957, 1.3340984998439034], [0.7908970715424408, 26.150966377476646], [-0.9760197726155687, 1.2822624387883843], [0.7319820841506276, 1.8943224353550219]], "mse": 1.0084986901353836, "vol": 807.3174424749972, "inc": 3, "msevvol": 0.0012491972018387515, "msevinc": 0.33616623004512786}