{"beta": [0.009762777531340161, 0.08849444197112408, -0.005448566145058064, -0.011198185329373072, -0.018130363190763478, -0.1529567019019029, -0.2095038911808178], "R": [[0.43715421018835726, 1.5968959665685882], [-1.0618306677398395, 0.2193383103313281], [-1.1934563591118503, 1.420181465660709], [-0.23792987968180157, 26.016148822943872], [-0.956551151406026, 18.730810247203966], [0.750854889252608, 4.357104412223306]], "mse": 0.22425742604111715, "vol": 7238.576766849594, "inc": 191, "msevvol": 3.09808727964516e-05, "msevinc": 0.0011741226494299327}