{"beta": [-0.07796221573438912, -0.017985930532480703, 0.027132788243279693, -0.026605837459974465, -0.03900913416810612, -0.09016180110862367, 0.00022297884471841385], "R": [[-1.720185174601965, 1.720185174601965], [-1.13130082502003, 1.496229989247223], [-1.2772928491263928, 1.3340984998439032], [-0.23821647948833943, 26.150966377476646], [-0.9760197726155687, 19.14347425562218], [-3.261858092384089, 4.1252797458964094]], "mse": 0.4514052516252917, "vol": 92585.75552845064, "inc": 2902, "msevvol": 4.875536728612422e-06, "msevinc": 0.00015554970765861188}