{"beta": [0.28345782362480226, -1.04541367531542, 0.5869824028953065, -0.18844925496839318, -0.2267714063953171, 0.15072082774569373, -0.9109397155565848], "R": [[-1.720185174601965, 0.6943650748294136], [-1.03130082502003, 1.4962299892472233], [-0.8915429742734126, 1.3340984998439032], [0.13750727731918522, 1.4004822549746319], [0.2028794743090272, 1.0959008413253646], [0.7900991017108473, 2.068673488035681]], "mse": 0.028451592813707616, "vol": 19.587116620963855, "inc": 11, "msevvol": 0.0014525666724859452, "msevinc": 0.0025865084376097834}