{"beta": [-0.04181936529004885, -0.05793132619164521, 0.040821665346290115, -0.04987171674917852, -0.022425092805638376, 0.007749426048066851, -0.6281369892164698], "R": [[-1.6923938634770466, 1.6968959665685883], [-1.0618306677398395, 1.5755795222543156], [-1.1934563591118503, 1.4201814656607086], [0.3674102261205615, 2.193209982829834], [0.49253632743161546, 4.618975396860101], [0.35689426869410235, 4.357104412223306]], "mse": 0.015515546089209832, "vol": 704.1143303872641, "inc": 24, "msevvol": 2.2035549369768195e-05, "msevinc": 0.0006464810870504097}