{"beta": [-0.00496354852297109, -0.00902918453532214, 0.12486075976084293, -0.009742502495143256, 0.00901979555523723, -0.03203275946306256, -0.24635375683792235], "R": [[-1.720185174601965, 1.720185174601965], [-1.13130082502003, 1.496229989247223], [-1.2772928491263928, 1.3340984998439032], [0.1094612516993525, 26.150966377476646], [-0.9760197726155687, 19.14347425562218], [-3.261858092384089, 4.1252797458964094]], "mse": 0.0837770645373377, "vol": 91365.93733260475, "inc": 177, "msevvol": 9.169398025476296e-07, "msevinc": 0.0004733167487985181}