{"beta": [-0.20760160576813574, -0.02846740191111098, -0.029988378331943965, -0.028315180052685896, -0.04974113167037286, -0.19920344284548724, 0.05227550339913277], "R": [[-1.6923938634770468, 1.6968959665685883], [-1.0618306677398395, 1.5755795222543156], [-1.1934563591118503, 1.4201814656607086], [-0.23792987968180157, 26.016148822943872], [-0.9565511514060261, 18.730810247203966], [-0.9037797170931137, 4.357104412223306]], "mse": 0.8109961853626294, "vol": 63529.41086993187, "inc": 1281, "msevvol": 1.27656808753199e-05, "msevinc": 0.0006330961634368692}