{"beta": [-0.08319602629737041, 0.0010052157942571462, 0.13951906545599263, -0.006333336794466376, -0.018561436145034173, -0.03673330136506325, -0.41529788869370976], "R": [[-1.3024584243819892, 0.727089649283415], [-1.0618306677398395, 1.5755795222543156], [-1.1934563591118503, 0.5183709802712648], [0.1328491011316778, 26.016148822943872], [-0.5302875275080339, 18.730810247203966], [-0.037066351864401215, 4.357104412223306]], "mse": 0.047595080530382874, "vol": 20073.10647706089, "inc": 67, "msevvol": 2.371086935884762e-06, "msevinc": 0.0007103743362743712}