{"beta": [-0.33068978037446967, -0.13246026376556239, 0.0822562246752377, 0.21924579892624566, -0.24878609103156832, -0.15882676344770416, -0.41376799035152306], "R": [[-0.14271666800175814, 0.727089649283415], [-1.0618306677398395, 1.5755795222543156], [-1.1934563591118503, 1.4201814656607088], [0.3727205719208413, 1.4947373267570871], [-0.1733819245160898, 18.730810247203966], [0.27810214458240123, 1.656964316537171]], "mse": 0.00850002301536321, "vol": 175.3573472312314, "inc": 8, "msevvol": 4.847257984665352e-05, "msevinc": 0.0010625028769204012}