{"beta": [-0.0018996212815399806, -0.026874791137034688, 0.13321421584291604, -0.009260568408460658, 0.010478335907112713, -0.03226938683470942, -0.25864869228439785], "R": [[-1.720185174601965, 1.720185174601965], [-1.13130082502003, 1.4962299892472233], [-1.2772928491263928, 1.3340984998439032], [0.10996693593382956, 26.150966377476646], [-0.9760197726155687, 19.14347425562218], [-3.261858092384089, 4.1252797458964094]], "mse": 0.10178427337625783, "vol": 91364.16315273866, "inc": 295, "msevvol": 1.114050300073337e-06, "msevinc": 0.00034503143517375536}