{"beta": [-0.22029787712306614, -0.03182913997823442, -0.03465307407381729, -0.03898619230970001, -0.056095823337336356, -0.11514809515224067, 0.0018520657733560623], "R": [[-1.6923938634770468, 1.6968959665685883], [-1.0618306677398395, 1.5755795222543156], [-1.1934563591118503, 1.4201814656607088], [-0.23792987968180157, 26.016148822943872], [-0.9565511514060261, 18.730810247203966], [-3.1508650991369676, 4.357104412223306]], "mse": 0.6595008222385376, "vol": 90664.77576043956, "inc": 2318, "msevvol": 7.274057832350615e-06, "msevinc": 0.00028451286550411456}