{"beta": [-0.027648091107763385, -0.06320348457732754, 0.1028482179259141, -0.015512669508223902, -0.0300340707684667, -0.07034317878810105, -0.10145563855332733], "R": [[-0.4629100498862758, 1.3887301496588271], [-1.13130082502003, 1.3962299892472227], [-1.2772928491263928, 1.3340984998439032], [-0.23821647948833943, 26.150966377476646], [-0.11736872991774372, 19.14347425562218], [-0.10102850087918624, 4.1252797458964094]], "mse": 0.17995014533755715, "vol": 26253.51291538398, "inc": 366, "msevvol": 6.854326349298205e-06, "msevinc": 0.0004916670637638174}