{"beta": [0.032797536826021455, -0.15785385502872978, 0.1555735555408939, -0.0018890262983244151, 0.030429381461801075, -0.10173102798949002, -0.2968274920037687], "R": [[-1.720185174601965, 1.720185174601965], [-1.13130082502003, 1.496229989247223], [-1.2772928491263928, 1.3340984998439032], [0.6719811907018842, 26.150966377476646], [-0.9760197726155687, 19.14347425562218], [-3.261858092384089, 4.1252797458964094]], "mse": 0.03546018950579891, "vol": 89392.3508886948, "inc": 70, "msevvol": 3.9668035523477286e-07, "msevinc": 0.0005065741357971273}