{"beta": [-0.5653044531144843, -0.0453546210438937, 0.35948277736275985, -0.0022095768132719845, -0.44359240877895595, 0.2552594396028905, 0.15626254935781939], "R": [[0.43715421018835726, 1.3069605274735303], [-1.0618306677398395, -0.15602285892777168], [-0.9428453588460426, -0.22889129027831961], [-0.23792987968180157, 0.507976840301614], [0.2302570125952259, 1.1690703133930538], [0.8493450443922345, 1.440285975229993]], "mse": 0.3128307695706356, "vol": 0.23277520423102377, "inc": 14, "msevvol": 1.3439179254683786, "msevinc": 0.022345054969331115}