{"beta": [-0.08741660363548936, -0.05339900166147187, 0.22798928713290628, -0.00788497560842684, -0.02024257969048926, -0.058795328291176965, -0.32100190583173493], "R": [[-1.6923938634770468, 1.6968959665685883], [-1.0618306677398395, 0.3512022016100118], [-1.1934563591118503, 1.4201814656607086], [0.1190125456695178, 26.016148822943872], [-0.2793438230944097, 18.730810247203966], [0.3174982066382517, 4.357104412223306]], "mse": 0.06348856940791281, "vol": 24893.318110765547, "inc": 135, "msevvol": 2.5504261475072735e-06, "msevinc": 0.0004702856993178727}