{"beta": [-0.07267782134820754, 0.029819729501161175, 0.09587939421562822, -0.016540024024801966, -0.003901743446300349, -0.05801590503034409, -0.09936199307683442], "R": [[-1.7201851746019652, 1.720185174601965], [-1.13130082502003, 1.4962299892472228], [-1.2772928491263928, 1.3340984998439034], [0.007752363814751195, 26.150966377476646], [-0.9760197726155687, 19.14347425562218], [-3.261858092384089, 4.1252797458964094]], "mse": 0.21841583180789298, "vol": 91722.78029662512, "inc": 317, "msevvol": 2.381260479692736e-06, "msevinc": 0.0006890089331479274}