{"beta": [0.17223846230853818, 0.17405211178200147, -0.3483702184211169, 0.019397409768192563, -0.1009009695738766, -0.11620225054462334, -0.4065286819874463], "R": [[0.0, 1.3887301496588271], [-1.13130082502003, -0.24526634736029335], [-0.9665372452263888, 0.1600647930125333], [-0.23821647948833943, 26.150966377476646], [0.16737920598533462, 19.14347425562218], [0.6157480490301882, 1.3712692773130444]], "mse": 0.07310056917176676, "vol": 524.4673771424749, "inc": 44, "msevvol": 0.00013938058372677109, "msevinc": 0.001661376572085608}