{"beta": [-0.08032248012386911, -0.07206015235253635, 0.17062696978568742, -0.007186029359553104, -0.01322693581590967, -0.01751842677325681, -0.48154557287773847], "R": [[-1.6923938634770468, 1.6968959665685883], [-1.0618306677398395, 1.5755795222543154], [-1.1934563591118503, 1.4201814656607086], [0.12738583961463612, 26.016148822943872], [-0.9565511514060261, 18.730810247203966], [-3.1508650991369676, 4.357104412223306]], "mse": 0.053644607929038114, "vol": 89403.2091997945, "inc": 210, "msevvol": 6.000300034997113e-07, "msevinc": 0.00025545051394780055}