{"beta": [-0.07849274063396422, -0.0345493821483838, 0.13192534072323606, -0.0066033828293685344, -0.00821322221261275, -0.02215596000092296, -0.48719851995681723], "R": [[-1.6923938634770468, 1.6968959665685883], [-1.0618306677398395, 1.5755795222543156], [-1.1934563591118503, 1.4201814656607088], [0.1328491011316778, 26.016148822943872], [-0.9565511514060261, 18.730810247203966], [-3.1508650991369676, 4.357104412223306]], "mse": 0.05451183283229537, "vol": 89384.34259297227, "inc": 205, "msevvol": 6.09858855040472e-07, "msevinc": 0.0002659113796697335}