{"beta": [-0.0017251011893851741, -0.022678506266527735, 0.1297842461559773, -0.009465876419047177, 0.009395068658584131, -0.031959599946626054, -0.2555670020591893], "R": [[-1.7201851746019652, 1.720185174601965], [-1.13130082502003, 1.4962299892472228], [-1.2772928491263928, 1.3340984998439034], [0.10946125169935272, 26.150966377476646], [-0.9760197726155687, 19.14347425562218], [-3.261858092384089, 4.1252797458964094]], "mse": 0.08388094306808874, "vol": 91365.93733260478, "inc": 177, "msevvol": 9.180767528573808e-07, "msevinc": 0.00047390363315304374}