{"beta": [0.030959460897388453, -0.4488567078462497, 0.2722118983815178, 0.03017794699119267, -0.11536057708922165, -0.2024679118002148, -0.47658308224675766], "R": [[-0.1427166680017582, 1.6968959665685883], [-1.0618306677398395, 1.5755795222543156], [-1.1934563591118503, 1.4201814656607086], [0.48996290548609267, 1.7228505056891739], [0.6485022922581162, 18.730810247203966], [0.35689426869410235, 2.208509185319079]], "mse": 0.04467899295356147, "vol": 523.452751444963, "inc": 8, "msevvol": 8.535439508193914e-05, "msevinc": 0.005584874119195183}