{"beta": [-0.4218159384670655, -0.34508658264110453, 0.13061722739988155, -0.02840138372393774, -0.09828578683457775, -0.06353049305535166, -0.4546425487601791], "R": [[-0.14271666800175814, 0.727089649283415], [-1.0618306677398395, 1.5755795222543156], [-1.1934563591118503, 1.4201814656607088], [0.3727205719208413, 2.5489707147813854], [-0.1733819245160898, 18.730810247203966], [0.27810214458240123, 1.656964316537171]], "mse": 0.03600218727679908, "vol": 340.12099223893455, "inc": 10, "msevvol": 0.0001058511179795324, "msevinc": 0.003600218727679908}