{"beta": [0.23390333875427252, -1.0817374930839472, 0.6056466621685943, -0.09994146962352164, -0.641542631316468, 0.15095667383367944, -0.7051546680428676], "R": [[-0.14271666800175814, 0.727089649283415], [-1.0618306677398395, -0.23938228742557183], [-1.027081318930605, 0.614916493262167], [0.1190125456695178, 26.016148822943872], [-0.07732809863990947, 18.730810247203966], [0.3174982066382517, 1.656964316537171]], "mse": 0.14389599435494524, "vol": 766.3604152388182, "inc": 15, "msevvol": 0.00018776543189551805, "msevinc": 0.009593066290329683}