{"beta": [-0.21985254961180575, 0.027183492760827575, -0.015160689947998154, -0.02238759946505956, -0.04104121156022168, -0.2376805137987439, 0.11486719217340421], "R": [[-1.6923938634770468, 1.6968959665685883], [-1.0618306677398395, 1.5755795222543154], [-1.1934563591118503, 1.4201814656607086], [-0.1268620254549533, 26.016148822943872], [-0.9565511514060261, 18.730810247203966], [-0.35223484831120566, 4.357104412223306]], "mse": 0.5561627525852163, "vol": 56628.47807256727, "inc": 1238, "msevvol": 9.821255515158197e-06, "msevinc": 0.00044924293423684677}