{"beta": [-0.15361053730681415, 0.06986796391990995, -0.013217109754441835, -0.01693053292902282, -0.015139463669226787, -0.2011578348448606, 0.036750238317517656], "R": [[-1.592393863477047, 1.6968959665685883], [-1.0618306677398395, 0.8506275495398143], [-1.1934563591118503, 1.4201814656607086], [-0.23792987968180168, 26.016148822943872], [-0.3345218612428096, 18.730810247203966], [0.396290330749953, 4.357104412223306]], "mse": 0.3266056723217611, "vol": 32596.06082552331, "inc": 524, "msevvol": 1.0019789632556548e-05, "msevinc": 0.0006232932677896204}