{"beta": [-0.11712574965166388, 0.07318830672547137, 0.0005810385255378049, -0.007704478292713732, 0.009635683481145067, -0.06324293106671623, -0.3933866620665371], "R": [[-1.6923938634770466, 1.6968959665685883], [-1.0618306677398395, 1.5755795222543156], [-1.1934563591118503, 1.4201814656607086], [0.011095753921947948, 26.016148822943872], [0.27870941809408445, 18.730810247203966], [-3.1508650991369676, 4.357104412223306]], "mse": 0.08231979625454489, "vol": 84170.10302627402, "inc": 117, "msevvol": 9.780170546880339e-07, "msevinc": 0.0007035880021755973}