{"beta": [-0.11384862420470956, 0.0705951130166482, 0.1409883041579712, -0.013906847456736851, -0.05260585444321351, -0.02714866315705465, -0.2735678734794919], "R": [[-1.6923938634770468, 1.6968959665685883], [-1.0618306677398395, 1.5755795222543154], [-1.1934563591118503, 1.4201814656607086], [0.0810431098165576, 26.016148822943872], [-0.9565511514060261, 18.730810247203966], [-3.1508650991369676, 4.357104412223306]], "mse": 0.22883729616888243, "vol": 89563.24731245732, "inc": 253, "msevvol": 2.555035720964235e-06, "msevinc": 0.0009044952417742388}