{"beta": [-0.13730655969930303, 0.8288317656512579, -0.2312184811720341, 0.6124285050978493, 0.23397824287713873, 0.24700176641300048, -1.587036043724652], "R": [[-0.1427166680017582, 1.3069605274735303], [-1.0618306677398395, 1.5755795222543156], [-1.1934563591118503, 1.4201814656607086], [0.48996290548609267, 1.4947373267570871], [0.85125139352409, 18.730810247203966], [-3.1508650991369676, 2.208509185319079]], "mse": 0.014722659247662776, "vol": 962.1302104010538, "inc": 7, "msevvol": 1.530214838750962e-05, "msevinc": 0.0021032370353803965}