{"beta": [-0.16962851658544748, -0.0552376281598196, 0.027380552408019225, -0.029490385773373397, -0.05492582322933541, -0.11706991372866653, -0.03626334877922766], "R": [[-1.6923938634770466, 1.6968959665685883], [-1.0618306677398395, 1.5755795222543156], [-1.1934563591118503, 1.4201814656607086], [-0.23792987968180168, 26.016148822943872], [-0.4010273664156827, 18.730810247203966], [-3.1508650991369676, 4.357104412223306]], "mse": 0.49760176521215854, "vol": 88106.46241534616, "inc": 1505, "msevvol": 5.647732885544699e-06, "msevinc": 0.0003306324021343246}