{"beta": [0.12103290247505516, 0.2813111855653745, -0.3551818284893041, -0.10910695497944686, 0.5679230757150615, -0.19305027926220153, -0.5010171520631417], "R": [[0.23145502494313785, 1.1572751247156892], [-1.03130082502003, -0.24526634736029335], [-0.9665372452263888, 0.1600647930125333], [-0.23821647948833943, 26.150966377476646], [0.23635565649579493, 0.8744927221209998], [0.18955658692191024, 1.3712692773130444]], "mse": 0.0891386594980249, "vol": 16.315130295671594, "inc": 30, "msevvol": 0.005463557929517326, "msevinc": 0.0029712886499341632}