{"beta": [-0.11505532921754198, -0.18493248424660705, 0.40989900250913375, -0.00782794682106698, -0.032147766812015484, -0.040922705874953495, -0.30813930112633864], "R": [[-0.7225875461918736, 1.0170250883784726], [-1.0618306677398395, 0.19179557518439416], [-1.1934563591118503, 0.5183709802712647], [0.1190125456695178, 26.016148822943872], [-0.2793438230944097, 18.730810247203966], [0.3174982066382517, 4.357104412223306]], "mse": 0.07206044640881397, "vol": 7424.325357950012, "inc": 80, "msevvol": 9.70599252249246e-06, "msevinc": 0.0009007555801101746}