{"beta": [-0.0786954380665433, -0.051451393583437574, 0.15222518131686694, -0.006908016825811124, -0.010990624281433619, -0.01995836549400841, -0.4821313844104939], "R": [[-1.6923938634770468, 1.6968959665685883], [-1.0618306677398395, 1.5755795222543154], [-1.1934563591118503, 1.4201814656607086], [0.1328491011316777, 26.016148822943872], [-0.9565511514060261, 18.730810247203966], [-3.1508650991369676, 4.357104412223306]], "mse": 0.043750581804650274, "vol": 89384.34259297221, "inc": 126, "msevvol": 4.894658341212674e-07, "msevinc": 0.0003472268397194466}