{"beta": [-0.09428845267626881, 0.13564261909633885, -0.05994049817588367, -0.011712677437340785, -0.014805006127708596, -0.19883956085323132, -0.0032701128352815583], "R": [[-0.1427166680017582, 1.6968959665685883], [-1.0618306677398395, 0.1798522652534229], [-1.1934563591118503, 1.420181465660709], [-0.23792987968180157, 26.016148822943872], [-0.03270716203753876, 18.730810247203966], [0.3174982066382517, 4.357104412223306]], "mse": 0.23087563006142348, "vol": 11880.441224875583, "inc": 265, "msevvol": 1.9433253840607363e-05, "msevinc": 0.0008712287926846169}