{"beta": [0.2582481966346161, -1.0340262239117068, 0.5391402252698527, -0.06529564184139121, -0.1508265260441446, -0.07469132975018339, -0.6805062206236104], "R": [[-0.6943650748294137, 0.6943650748294136], [-1.03130082502003, 1.4962299892472233], [-0.8915429742734126, 1.3340984998439032], [0.13750727731918522, 1.4004822549746319], [0.2028794743090272, 1.0959008413253646], [0.7900991017108473, 4.1252797458964094]], "mse": 0.07654038674411973, "vol": 29.38633918898165, "inc": 8, "msevvol": 0.0026046247629517047, "msevinc": 0.009567548343014966}