{"beta": [-0.19483306468673484, 0.2258029558131251, 0.0059851647442045516, -0.24508947335834247, 0.06829441079018543, -0.09567552837931713, 0.00884429954310523], "R": [[-0.7225875461918736, 1.6968959665685883], [-1.0618306677398395, 1.5755795222543154], [-1.1934563591118503, 1.4201814656607086], [1.085291593698083, 2.4845213739758085], [-0.9565511514060261, 18.730810247203966], [-3.1508650991369676, 2.0903209991515275]], "mse": 0.00788849071800692, "vol": 2407.974521412519, "inc": 9, "msevvol": 3.27598595743427e-06, "msevinc": 0.0008764989686674355}