{"beta": [-0.16926226864888294, -0.055231740729053236, 0.023732951940219547, -0.029957722797484015, -0.056632135945184896, -0.11701754591096193, -0.032798469673083856], "R": [[-1.6923938634770468, 1.6968959665685883], [-1.0618306677398395, 1.5755795222543156], [-1.1934563591118503, 1.4201814656607086], [-0.23792987968180157, 26.016148822943872], [-0.40102736641568276, 18.730810247203966], [-3.1508650991369676, 4.357104412223306]], "mse": 0.48140946839396503, "vol": 88106.46241534616, "inc": 1018, "msevvol": 5.4639518509383975e-06, "msevinc": 0.0004728973166934824}