{"beta": [-0.07454155371213585, -0.01637544524379575, 0.04520340557807593, -0.022176656702128945, -0.04278330258902482, -0.10530106177562447, 0.01124514874056], "R": [[-1.7201851746019652, 1.720185174601965], [-1.13130082502003, 1.4962299892472228], [-1.2772928491263928, 1.3340984998439034], [-0.23821647948833946, 26.150966377476646], [-0.9760197726155687, 19.14347425562218], [-0.9340390859090022, 4.1252797458964094]], "mse": 0.39780132667616813, "vol": 63410.33113997728, "inc": 1608, "msevvol": 6.273446606011695e-06, "msevinc": 0.0002473888847488608}