{"beta": [-0.011827008954874704, -0.036830922867239435, 0.21132387355971857, -0.26018102911646235, -0.05607248043275165, -0.20360622294592595, 0.045888781475751386], "R": [[0.43715421018835726, 1.5968959665685882], [-1.0618306677398395, 0.07431240402667583], [-1.0934563591118502, 0.0595384297820013], [-0.23792987968180157, 26.016148822943872], [0.06255276262509102, 18.730810247203966], [0.750854889252608, 1.7160584096209468]], "mse": 0.13708805295657747, "vol": 718.6892113449044, "inc": 56, "msevvol": 0.00019074733666871185, "msevinc": 0.002448000945653169}