{"beta": [-0.07396172193305654, -0.018266170656086787, 0.05147236688456619, -0.02281275589731067, -0.042533061305100754, -0.097031068000758, 0.005291943975657455], "R": [[-1.7201851746019652, 1.720185174601965], [-1.13130082502003, 1.4962299892472228], [-1.2772928491263928, 1.3340984998439032], [-0.23821647948833943, 26.150966377476646], [-0.9760197726155687, 19.14347425562218], [-0.934039085909002, 4.1252797458964094]], "mse": 0.38698290837582355, "vol": 63410.33113997727, "inc": 2386, "msevvol": 6.1028368945363985e-06, "msevinc": 0.0001621889808783837}