{"beta": [-0.07154509228129849, -0.012907999248816707, 0.04266791302616269, -0.01926995175778343, -0.03229273646226965, -0.06733364179013895, -0.035991814062526446], "R": [[-0.23145502494313785, 1.720185174601965], [-1.13130082502003, 1.4962299892472228], [-1.2772928491263928, 1.3340984998439032], [-0.23821647948833943, 26.150966377476646], [-0.9760197726155687, 19.14347425562218], [-3.2618580923840894, 4.1252797458964094]], "mse": 0.2852946426096835, "vol": 52521.69506587873, "inc": 1140, "msevvol": 5.431938977823055e-06, "msevinc": 0.00025025845842954693}