{"beta": [0.32512906188561547, -2.2282848036267975, 1.4407586138831632, -0.9065180374900845, -0.21300258542242873, -0.02644878612568575, 0.09530560999923515], "R": [[0.0, 1.720185174601965], [-1.13130082502003, 1.4962299892472228], [-1.0309213942438957, 1.3340984998439034], [0.7809412701659301, 26.150966377476646], [-0.9760197726155687, 1.2822624387883843], [0.7319820841506276, 1.8943224353550219]], "mse": 0.6286263756186393, "vol": 711.8528727047832, "inc": 3, "msevvol": 0.0008830846930912657, "msevinc": 0.2095421252062131}