{"beta": [0.3040246100304627, 0.9478313305092738, -0.5524982910541756, -9.271135823824327e-05, -0.3849273591119758, -0.005977706245991646, -0.0010140715788725778], "R": [[-1.720185174601965, 1.720185174601965], [-1.13130082502003, 1.496229989247223], [-1.2772928491263928, 1.3340984998439032], [2.7963057438042536, 26.150966377476646], [-0.9760197726155687, 19.14347425562218], [-3.261858092384089, 4.1252797458964094]], "mse": 0.010599945515827547, "vol": 81939.21394229215, "inc": 6, "msevvol": 1.2936352456703865e-07, "msevinc": 0.0017666575859712579}