{"beta": [0.31072541089859756, -1.158285990660381, 0.5572007350837036, -0.08952957512725031, -0.682362084993687, 0.1869265216113037, -0.8074825789773524], "R": [[-0.14271666800175814, 0.727089649283415], [-1.0618306677398395, -0.23938228742557183], [-0.8284389259518233, 0.614916493262167], [0.1190125456695178, 2.5489707147813854], [-0.07732809863990947, 18.730810247203966], [0.27810214458240123, 1.6175682544813206]], "mse": 0.20247093536196914, "vol": 63.20927839087822, "inc": 10, "msevvol": 0.0032031837811834266, "msevinc": 0.020247093536196914}