{"beta": [0.31072541089859773, -1.1582859906603862, 0.5572007350837048, -0.08952957512725047, -0.6823620849936869, 0.1869265216113056, -0.8074825789773565], "R": [[-0.14271666800175814, 0.727089649283415], [-1.0618306677398395, -0.23938228742557183], [-0.8284389259518233, 0.614916493262167], [0.1190125456695178, 2.5489707147813854], [-0.07732809863990947, 18.730810247203966], [0.27810214458240123, 1.6175682544813206]], "mse": 0.05087931489087523, "vol": 63.20927839087822, "inc": 11, "msevvol": 0.0008049342784178606, "msevinc": 0.004625392262806839}