{"beta": [0.053538201855864255, 0.47600505060851583, -0.8086833211143561, -0.022887832521821513, 0.024508392005193686, 0.0007557945357304294, -0.5377557976130135], "R": [[0.4629100498862757, 1.1572751247156892], [-1.03130082502003, -0.24526634736029335], [-0.9665372452263888, -0.29182994578450017], [-0.23821647948833943, 26.150966377476646], [0.29326520283190666, 0.8744927221209998], [0.015205534241253149, 1.3712692773130444]], "mse": 0.12604099107704636, "vol": 7.659441235947158, "inc": 22, "msevvol": 0.0164556378454231, "msevinc": 0.005729135958047562}