{"beta": [0.02849263750708578, -0.2588378939582993, 0.09228159878024583, -0.002828594019729742, 0.011362779368034816, -0.056497758495013706, -0.469061447594993], "R": [[-1.7201851746019652, 1.720185174601965], [-1.13130082502003, 1.4962299892472228], [-1.2772928491263928, 0.42170075437581045], [0.2956171185776346, 26.150966377476646], [-0.40103980181202414, 19.14347425562218], [-3.261858092384089, 4.1252797458964094]], "mse": 0.07274053461233257, "vol": 57331.88829303532, "inc": 140, "msevvol": 1.2687622329922297e-06, "msevinc": 0.000519575247230947}