{"beta": [-0.18567040006296945, 0.11181425862071985, -0.06486081349073272, -0.02136919767429724, -0.03791353934505609, -0.1338207347591229, -0.016877666426921956], "R": [[-1.0125229852869313, 1.6968959665685883], [-1.0618306677398395, 1.5755795222543156], [-1.1934563591118503, 1.4201814656607088], [-0.12691994807493878, 26.016148822943872], [-0.9565511514060261, 18.730810247203966], [0.179611989442777, 4.357104412223306]], "mse": 0.44143894490047814, "vol": 40156.7910281723, "inc": 506, "msevvol": 1.0992883982955294e-05, "msevinc": 0.0008724089820167552}