{"beta": [-0.23959533966834434, -0.04413709719705917, -0.0212659247715164, -0.03738985122592987, -0.05412128124851499, -0.10780738359723926, 0.012780357650930614], "R": [[-1.3024584243819892, 1.6968959665685883], [-1.0618306677398395, 1.5755795222543156], [-1.1934563591118503, 1.420181465660709], [-0.23792987968180157, 26.016148822943872], [-0.956551151406026, 18.730810247203966], [-3.1508650991369676, 4.357104412223306]], "mse": 0.6817494837887222, "vol": 80233.85632911848, "inc": 1404, "msevvol": 8.497029994323003e-06, "msevinc": 0.00048557655540507283}