{"beta": [0.35192702052898867, -1.087852890448166, 0.5442038134462935, -0.1484540680194061, -0.2722209468074277, 0.09162333038513662, -0.9058071773985207], "R": [[-1.720185174601965, 0.6943650748294136], [-1.03130082502003, 1.4962299892472233], [-0.8915429742734126, 1.3340984998439032], [0.13750727731918522, 1.4004822549746319], [0.2028794743090272, 1.0959008413253646], [0.7900991017108473, 2.0105564704754615]], "mse": 0.03208427368603244, "vol": 18.69679313819277, "inc": 11, "msevvol": 0.0017160308427701684, "msevinc": 0.0029167521532756768}