{"beta": [-0.4383838396520987, 0.12251005407420014, 0.2826285249264244, -0.2645667116073365, -0.6249760009165177, 0.018884389047320205, 0.4506956513210371], "R": [[0.43715421018835726, 1.3069605274735303], [-1.0618306677398395, 0.1449972995365063], [-0.9428453588460426, 0.12229301322608765], [-0.23792987968180157, 0.507976840301614], [0.2302570125952259, 1.1344844865061814], [0.8493450443922345, 1.5584741613975446]], "mse": 0.27006870261735366, "vol": 0.5347631716821006, "inc": 16, "msevvol": 0.5050248725390925, "msevinc": 0.016879293913584604}