{"beta": [-0.08223937273691236, -0.01668913266582961, 0.03159481796434487, -0.022494576143170474, -0.0405356275348413, -0.11803183913741218, 0.0195118625496487], "R": [[-1.7201851746019652, 1.720185174601965], [-1.13130082502003, 1.4962299892472228], [-1.2772928491263928, 1.3340984998439034], [-0.23821647948833946, 26.150966377476646], [-0.9760197726155687, 19.14347425562218], [-1.0502731210294416, 4.1252797458964094]], "mse": 2.8858282885092046, "vol": 64867.13568259447, "inc": 1659, "msevvol": 4.4488295315366404e-05, "msevinc": 0.0017394986669736013}