{"beta": [-0.022975165651967017, -0.6372895931696675, 0.4225491180772649, -0.0318967376007973, -0.07393536613840286, 0.10548587245673093, -0.6564415716534407], "R": [[0.0, 0.6943650748294136], [-1.03130082502003, 0.11764950937266083], [-1.2772928491263928, 1.3340984998439032], [0.07887078775943729, 26.150966377476646], [0.2028794743090272, 1.0959008413253646], [0.2670459436688699, 4.1252797458964094]], "mse": 0.10028919049670638, "vol": 187.14895957074768, "inc": 23, "msevvol": 0.0005358789636166489, "msevinc": 0.004360399586813321}