{"beta": [0.10369544791113387, -0.4943566286820296, 1.1031317923726942, 0.4040920507544358, -0.540415713008926, 0.5160066822095981, -0.788303001032263], "R": [[0.0, 1.1572751247156892], [-1.13130082502003, -0.2520634336402417], [-1.0309213942438957, 1.3340984998439032], [0.3608549611530648, 26.150966377476646], [-0.9760197726155687, 1.1150541795725155], [0.7900991017108473, 1.8168330786080622]], "mse": 0.0532332315564761, "vol": 133.24720564786017, "inc": 14, "msevvol": 0.00039950730146760854, "msevinc": 0.0038023736826054357}