{"beta": [0.4968109041391874, -1.7839952908786314, 1.1936203136018315, -0.13087845659042824, -0.2985250199313084, 0.36227360171473905, -1.2577184166577677], "R": [[0.0, 0.9258200997725514], [-1.13130082502003, -0.2520634336402417], [-1.0309213942438957, 1.3340984998439032], [0.3307312826603589, 26.150966377476646], [0.02588694222222865, 1.1150541795725155], [0.7900991017108473, 1.8168330786080622]], "mse": 0.07206381275905087, "vol": 55.58789748084279, "inc": 9, "msevvol": 0.0012963939279028525, "msevinc": 0.008007090306561208}