{"beta": [0.008225388154319412, -0.16066249201864774, -0.10487066369368785, 0.365216799632124, 0.3809058593197431, 0.27143422716164456, 0.5390464732157711, -3.1296186134128576, 0.39955320997668514, 0.5885322020341337, 0.2931034021117177, 0.4173818355054106], "R": [[-0.8659965487806494, 0.45271544362885086], [-2.1678075959963774, 0.858569535664093], [-3.0137220955718016, -0.19519389154459144], [-2.4014857337967093, 0.6649342189804358], [-0.9899278071196776, 0.5422170047288033], [-1.7018364129456458, 0.9531001492602617], [-1.2883164539645324, 2.11915581812511], [-0.21340330868756002, 8.918084865187856], [-0.25036706077527937, 6.650392678051216], [-2.149490022511813, -0.494171282967793], [-0.6526068970884681, 0.832852281432561]], "mse": 0.7454801721405896, "vol": 74078.83341426207, "inc": 7, "msevvol": 1.0063335743581857e-05, "msevinc": 0.10649716744865566}