{"beta": [0.19357176629180542, -0.032054346346353575, -0.2993617857847286, -0.31392177912175545, 0.14857921089620857, 0.3695331650319143, 0.062402364655378226, 0.170324220381415, -0.05166067790942429, 0.02399443719840455, 0.2542177669004764, -0.2194629340674951], "R": [[-1.811888519021148, 0.25931833253612246], [-1.2258040940343302, -0.058251606822829594], [-0.8578985456106929, 0.38189020081030195], [-2.306328501214799, -0.022285159184732506], [-4.241444488552639, 1.3444533905959801], [-0.8592196038470402, 1.4635991089389775], [-0.9395076438021857, 15.110644293668837], [-0.6117999790190289, 1.9538883176914312], [-0.9041149963561597, 1.206053990952793], [-0.14900832543515186, 3.3012268919967234], [-0.8115028274402771, 0.6780250093482676]], "mse": 1.193217226882818, "vol": 39678.73617714382, "inc": 29, "msevvol": 3.0071956464433663e-05, "msevinc": 0.0411454216166489}