{"beta": [0.19949467774515042, -0.3634329151358113, -0.014092122769087157, -0.08347219445444175, -0.10431271794609887, 0.23529849534390207, 0.5056599324548199, 1.1303343696291885, -0.27586206896551724, -0.15980903777548477, -0.2692193219603509, -0.13264595234777704], "R": [[-1.6572237442263515, -0.07476935333494972], [-2.1678075959963774, -0.34199544142738203], [-3.013722095571801, 0.37521157983611714], [-0.7939608397624224, 0.47041487781472135], [-0.9899278071196775, 5.41890377107995], [-1.4300712530348045, 0.14825717567815644], [-1.2883164539645324, 22.438229432520206], [-0.21340330868756002, 8.918084865187856], [-0.25036706077527937, 6.750392678051216], [-0.06819852045557961, 1.4295259566057883], [-1.493196128177226, -0.012755392826875989]], "mse": 2.85076424309344, "vol": 421159.8434965766, "inc": 22, "msevvol": 6.7688415387033745e-06, "msevinc": 0.12958019286788364}