{"beta": [-0.042843077659169844, -0.12580405829121571, -0.0045333161455407885, 0.051288524403657526, -0.0182788550283718, 0.04008065319942396, -0.032752663265819625, 0.18038232038260255, 0.014931165807911094, 0.03566689457591983, 0.259207613905677, -0.09609504886268593], "R": [[-1.8118885190211484, 0.822520290123912], [-2.0125996747469777, 0.1477870673909647], [-2.521978111015047, 0.381890200810302], [-2.306328501214799, 5.670996570404462], [-4.241444488552639, 5.041763475283599], [-1.463788857859839, 9.29572167341846], [-0.9395076438021857, 15.110644293668837], [-0.6117999790190289, 1.9538883176914308], [-0.9041149963561596, 1.206053990952793], [-0.8874936330185255, 3.3012268919967234], [-1.8909183913560328, 3.296846054511241]], "mse": 0.7392608054615225, "vol": 24865739.85070973, "inc": 224, "msevvol": 2.973009489763572e-08, "msevinc": 0.0033002714529532253}