{"beta": [-0.13985630251874095, -0.15684297458682478, -0.4132194147944092, 0.5744051168270446, -0.4249179601947239, 0.10362736869844534, -0.036649572906242725, -3.246688866295622, 3.142857142857143, 0.17241708910539638, 0.7340044789266221, -0.08284023668639162], "R": [[-1.7572237442263516, -0.0747693533349496], [-2.1678075959963774, -0.04185419715451322], [-0.9306528610269529, 0.10578601675842059], [-1.0371100162195654, 0.13000603077472112], [-0.9899278071196775, 5.4189037710799495], [-2.297629263519412, 0.21097221258065768], [-1.2883164539645324, 22.438229432520206], [-0.21340330868756002, 8.918084865187856], [-0.25036706077527937, 6.750392678051216], [-0.1251906357610374, 1.2737987825841997], [-0.9286212714758213, -0.012755392826875989]], "mse": 4.54532880157219, "vol": 135186.35847230433, "inc": 18, "msevvol": 3.362268836099608e-05, "msevinc": 0.25251826675401057}