{"beta": [-0.048153626143251374, -0.04877758444990507, -0.015788348625209406, 0.023496476299078344, -0.0783703533242159, -0.18674243168792573, 0.4535856363152542, 1.0837075092363366, 0.13647489491595102, 0.4275639077262719, 0.15869104181255136, -0.26395409048128415], "R": [[-1.8118885190211482, -0.30388362505166944], [-2.0125996747469777, -0.3329698391078886], [-2.0228509491893747, 0.19729388846592888], [-2.306328501214799, 0.45713898906577], [-1.4434619250369245, 0.5350586215412658], [-3.1759735352273033, -0.05312726516330846], [-0.9395076438021857, 0.8715578276202361], [-0.6117999790190289, 1.9538883176914308], [-1.0041149963561595, 1.1060539909527929], [-0.3170089432522325, 1.5999163962802658], [-1.5392630034054566, 0.5669338921448601]], "mse": 1.1973388974996524, "vol": 3801.0415400736215, "inc": 18, "msevvol": 0.00031500284458255655, "msevinc": 0.06651882763886957}