{"beta": [-0.20830791463006718, -0.1857307344170948, -0.17100137523771747, 0.12075473114761129, -0.3039835956474371, 0.3193351864462856, 0.542659267192245, 0.40052154596480555, 0.20986488721528665, 0.11910814231741841, -0.025179274373223218, -0.4572456983981756], "R": [[-1.7118885190211481, -0.30388362505166944], [-1.6378814424619186, -0.3329698391078886], [-2.0228509491893747, 0.7161591988393027], [-2.306328501214799, 0.45713898906577], [-1.353529172919734, 0.8048568778928373], [-3.1759735352273033, -0.318289218677694], [-0.9395076438021857, 15.110644293668837], [-0.6117999790190289, 1.9538883176914308], [-1.0041149963561595, 1.1060539909527929], [-0.6605050104693622, 1.7101506556648245], [-1.5392630034054566, 0.24046203750627515]], "mse": 1.0424704299323824, "vol": 31448.38166732301, "inc": 40, "msevvol": 3.314861925043283e-05, "msevinc": 0.02606176074830956}