{"beta": [-0.04593304522559427, 0.35563210604149387, -2.1037228789167544, -0.015339295852842199, -0.14533399050637383, -0.024209869828906747, 0.12563851978058535, -0.07336890049192558, 0.18896471640616844, -0.027240861586986884, 0.42562486488780393, 0.2296334944824299, 0.21627910038374248, -0.13340644482619654, -0.0020136018889337793, -0.35777362715141897, -0.022790848047884733, -0.14309862901538695, -0.010532263886879653, 0.21630436792612256, 0.020287163648366205, -0.19772972011474954, -0.18123697030641192, 0.1394575843502702, 0.13027851338232213, 0.012371212360492002, -0.06155434371026544, -0.4069671149748914], "R": [[-0.1, 1.1], [-0.1, 1.0], [-0.1, 1.1], [-0.1, 1.1], [-0.1, 1.1], [-0.09999999999999998, 1.0], [-0.09999999999999998, 1.1], [-0.1, 1.1], [-0.1, 1.0], [-0.1, 1.1], [0.0, 1.1], [-0.10000000000000003, 1.1], [-0.09999999999999998, 1.1], [-0.09999999999999999, 1.1], [-0.09999999999999999, 1.1], [-0.1, 1.1], [-0.10000000000000003, 1.1], [-0.1, 1.1], [-0.1, 1.0], [-0.1, 1.1], [-2.059620087037095, 0.6490137739569877], [-0.28124258154033355, 1.7832677464021796], [-1.4575985227957606, 2.221574435698607], [-2.5468817033043174, 0.6213000478726798], [-1.191390444660493, 0.727391263531848], [-1.335654730362813, 0.6799186880935381], [-1.153532785430768, 0.9048554954993902]], "mse": 0.5034672280290321, "vol": 12875.415851561302, "inc": 86, "msevvol": 3.9102987727420124e-05, "msevinc": 0.005854270093360838}