{"beta": [0.07141385174807115, -0.03987841484825738, 0.049834594860265535, 0.02274853836162937, 0.028074896696306147, 0.029573181153065006, 0.03995168026568554, 0.04533603347390009, -0.011805190071250228, -0.004113827817104072, 0.2009591558946111, -0.004074780587211754], "R": [[-1.8118885190211482, 2.048924205299496], [-2.0125996747469777, 2.308173809528907], [-2.521978111015047, 24.050349106616267], [-2.306328501214799, 5.670996570404462], [-4.241444488552639, 5.041763475283599], [-3.1759735352273033, 9.29572167341846], [-0.9395076438021857, 15.110644293668837], [-0.6117999790190289, 2.053888317691431], [-1.0041149963561595, 1.206053990952793], [-4.1498813091984434, 3.3012268919967234], [-1.8909183913560328, 3.296846054511241]], "mse": 0.967046660489632, "vol": 1496462358.7829792, "inc": 1308, "msevvol": 6.46221841006477e-10, "msevinc": 0.0007393323092428379}