{"beta": [-0.23885931730733873, -0.1819564993150388, 0.23126873886847332, 0.23917269538626937, -0.3245254550843717, -0.09024097693545809, 0.06384196516524772, 0.5784535275473348, 1.3015090449274926, 0.21148356733902546, 0.7746090361684564, -0.0694358576309194], "R": [[-1.7572237442263516, -0.0747693533349496], [-2.1678075959963774, -0.04185419715451322], [-3.013722095571801, 0.10578601675842059], [-2.4014857337967093, 0.6649342189804359], [-0.9899278071196775, 5.4189037710799495], [-1.2105686238760485, 0.21097221258065768], [-1.2883164539645324, 1.4111342308276331], [-0.21340330868756002, 8.918084865187856], [-0.25036706077527937, 6.750392678051216], [-0.32501992698629956, 1.2737987825841997], [-0.9286212714758213, -0.012755392826875989]], "mse": 0.6739476559182805, "vol": 78767.34806941544, "inc": 42, "msevvol": 8.556180605754931e-06, "msevinc": 0.01604637275995906}