{"beta": [0.10986453326421852, 0.4941303490136554, 1.386354047547703, 0.6422193176136758, -0.4418707027344945, 0.06448533397997178, 0.3114086389408823, -0.0027134286890949937, 0.3301532198294064, -0.11544328105730113, 0.20847286127751968, 0.1957803458326041, 0.0322432099140369, -0.29395781777168817, -0.3188780124168547, -0.16437187907546377, 0.18379523465521316, -0.21008416097597507, -0.4110817341910671, 0.2611934483292542, -0.02822405192927466, -0.03482696270257695, -0.21312769608790175, 0.11484779129746356, -0.05568881790022467, 0.1021637697214065, 0.10175287528660586, -0.48738105475275106], "R": [[-0.09999999999999998, 1.1], [-0.1, 1.1], [-0.1, 1.1], [-0.1, 1.1], [-0.1, 1.1], [-0.1, 1.1], [-0.09999999999999998, 1.1], [-0.1, 1.1], [-0.1, 1.1], [-0.09999999999999998, 1.1], [-0.09999999999999998, 1.1], [-0.1, 1.1], [-0.09999999999999998, 1.1], [-0.10000000000000002, 1.1], [-0.1, 1.1], [-0.09999999999999999, 1.1], [-0.09999999999999998, 1.1], [-0.10000000000000003, 1.1], [-0.1, 1.1], [-0.10000000000000002, 1.0], [-1.043882389164314, 3.7962268675753306], [-0.28124258154033344, 3.70956534419748], [-1.8155157617557751, 2.221574435698607], [-2.0711859710536613, 3.9147135853931743], [-1.7919422551589224, 1.1445178186908664], [-1.335654730362813, 0.9052802667354617], [-1.8396622124074873, 0.7676297409728489]], "mse": 0.9356069819175411, "vol": 281444.815345843, "inc": 109, "msevvol": 3.3242999369800267e-06, "msevinc": 0.008583550292821478}