{"beta": [-0.40895934047933474, -0.1944855176682814, 0.002296279466976852, 0.34566812712682227, -0.11062484066934568, -0.3868392088891729, 0.48775806213266987, 0.038162712613764, -0.09299885915508745, -0.0748509453078394, 0.4203358653138145, -0.45163905126739456], "R": [[-1.7572237442263516, -0.3385117518168511], [-1.0173132410413366, 2.534311068096654], [-3.013722095571801, 0.44074752761177377], [-2.4014857337967093, 1.102602736603293], [-2.982577280579566, 0.45209083932595145], [-1.2105686238760485, 0.3573072986864958], [-1.2883164539645324, 2.635000117441844], [-0.21340330868756002, 8.918084865187856], [-0.25036706077527937, 6.750392678051216], [-0.3250199269862995, 0.8819114771615468], [-1.6312033153709027, -0.17334557428860897]], "mse": 0.7030067011008815, "vol": 144947.9214943144, "inc": 49, "msevvol": 4.8500640357816865e-06, "msevinc": 0.01434707553267105}