{"beta": [-0.2427266332227384, 0.06387757914613294, 0.014616840566823119, 0.3316196894496473, 0.20549444397260927, 0.33549677040628806, 0.2237936248340197, 3.512731086805873, -2.9545454545454546, -0.02481269195455616, -0.1584777633522978, 0.1084623225260996], "R": [[-1.7572237442263516, -0.6022541502987503], [-1.3924897963824225, -0.04185419715451322], [-0.9306528610269529, 0.41890221168655506], [-1.085739851510994, 0.13000603077472112], [-0.9899278071196775, 5.4189037710799495], [-3.014327126394013, 0.21097221258065768], [-1.2883164539645324, 0.1468099677964244], [-0.21340330868756002, 8.918084865187856], [-0.25036706077527937, 6.750392678051216], [-0.32501992698629956, 1.2737987825841997], [-0.9286212714758213, -0.012755392826875989]], "mse": 0.6168237944215537, "vol": 7107.208305771878, "inc": 13, "msevvol": 8.678847838477186e-05, "msevinc": 0.047447984186273356}