{"beta": [-0.14082365585441287, -0.054354406692591416, 0.1041789246568478, -0.31036139304334154, 0.12053138567634818, 0.0007889613521642035, -0.05288826710538725, 0.02367368646733146, 0.012170606079504005, -0.00885008004431368, 0.290996643575937, -0.2610906984823433], "R": [[-1.8118885190211482, 0.25931833253612246], [-2.0125996747469777, 0.559864415818553], [-2.521978111015047, 0.38189020081030206], [-1.7269043529642971, 0.4571389890657699], [-0.9038654123337817, 5.041763475283599], [-0.6576965191761068, 1.4635991089389775], [-0.9395076438021857, 15.110644293668837], [-0.6117999790190289, 1.953888317691431], [-0.9041149963561596, 1.206053990952793], [-0.425204803232887, 3.3012268919967234], [-1.8909183913560328, 0.4218352900832666]], "mse": 0.8240476888114219, "vol": 319177.8783393251, "inc": 99, "msevvol": 2.5817819615160126e-06, "msevinc": 0.008323714028398202}