{"beta": [0.028756062888556148, -0.017857544524414865, 0.0457559485048862, -0.04536931373659909, 0.0002550144161335857, -0.06388275704621599, -0.0553724946713062, 0.016276185716981806, 0.03536411861393052, 0.1090730500580027, 0.25026728391310366, -0.23793526976613294], "R": [[-1.8118885190211482, 0.25931833253612235], [-2.0125996747469777, 0.35382574160475877], [-2.521978111015047, 0.6488064902812206], [-2.306328501214799, 0.5104083388713814], [-4.241444488552639, 5.041763475283599], [-3.1759735352273033, 0.4241642511625857], [-0.9395076438021857, 8.000103318279793], [-0.6117999790190289, 2.053888317691431], [-1.0041149963561595, 1.1060539909527929], [-0.5113093078536035, 2.0556348887490254], [-1.8909183913560328, 3.2968460545112404]], "mse": 0.7473519534633608, "vol": 979689.3987913812, "inc": 136, "msevvol": 7.628458105041767e-07, "msevinc": 0.005495234951936477}