{"beta": [0.0622617701990279, 0.04983255761412034, -0.00745827447387941, 0.09207688381863202, -0.06241819759756211, 0.08914666511454042, 0.07117884754082347, -0.026508054751980557, 0.017569193651763227, 0.008963911704475197, 0.34544539862646295, -0.03017915723011932], "R": [[-1.7572237442263516, 0.18897304514694957], [-2.1678075959963774, 2.5343110680966534], [-3.013722095571801, 1.1397976372187701], [-2.401485733796709, 1.102602736603293], [-2.982577280579566, 5.4189037710799495], [-3.0143271263940132, 1.1830552845694344], [-1.2883164539645324, 22.438229432520206], [-0.21340330868756002, 8.918084865187856], [-0.25036706077527937, 6.750392678051216], [-4.7899245497589265, 8.738392508636064], [-2.3133427231696846, 3.1865021284810835]], "mse": 0.8393258934835647, "vol": 530055727.7079163, "inc": 415, "msevvol": 1.5834672650609856e-09, "msevinc": 0.002022472032490517}