{"beta": [0.07324989212016544, -0.02853340865524352, 0.03949551486241089, 0.0027168265915905147, 0.03008912236063965, 0.072942147330739, 0.016919614067343606, 0.05839796500579052, -0.014934266321464282, 0.01756412358745849, 0.26862415221267527, 0.02096316113246398], "R": [[-1.8118885190211482, 1.1041212689178093], [-2.0125996747469777, 2.308173809528907], [-2.521978111015047, 24.050349106616267], [-2.306328501214799, 5.670996570404462], [-4.241444488552639, 1.3444533905959801], [-3.1759735352273033, 9.29572167341846], [-0.9395076438021857, 15.110644293668837], [-0.6117999790190289, 2.053888317691431], [-1.0041149963561595, 1.1060539909527929], [-4.1498813091984434, 3.3012268919967234], [-1.8909183913560328, 1.3627090378264113]], "mse": 0.7846774463546214, "vol": 407239859.0121454, "inc": 654, "msevvol": 1.9268188734227496e-09, "msevinc": 0.0011998126091049258}