{"beta": [-0.09005079265451268, -0.3639595719685555, 0.0997547477119749, -0.04804344337147828, -0.0623305147987344, 0.03695665983630622, 0.2616516286685966, 0.08159328331416824, -0.06298346037596105, -0.14322583957289903, 0.5911458337071719, -0.06254903457150689], "R": [[-1.811888519021148, 0.25931833253612246], [-1.2258040940343302, -0.058251606822829594], [-2.521978111015047, 0.38189020081030195], [-1.886712402381131, -0.022285159184732506], [-1.353529172919734, 0.44512586942407534], [-0.8592196038470402, 1.4635991089389775], [-0.9395076438021857, 15.110644293668837], [-0.6117999790190289, 1.9538883176914312], [-0.9041149963561597, 1.206053990952793], [-0.14900832543515186, 3.3012268919967234], [-1.3148136033414293, 2.775153242269734]], "mse": 0.7810739417120027, "vol": 67074.00043430907, "inc": 51, "msevvol": 1.1644958354272768e-05, "msevinc": 0.015315175327686328}