{"beta": [0.01540677186861303, -0.07310306239895654, -0.021460235996904293, -0.046972454887885505, -0.021837742057031803, 0.10075258281379117, -0.0016196788655404425, 0.10603712320961577, 0.015424459745201555, -0.01798978786597125, 0.2375826245894645, -0.1460655868510504], "R": [[-1.8118885190211482, 0.8225202901239119], [-2.0125996747469777, 1.0406213223174063], [-2.521978111015047, 0.38189020081030206], [-2.306328501214799, 0.4571389890657699], [-4.241444488552639, 5.041763475283599], [-3.1759735352273033, 9.29572167341846], [-0.9395076438021857, 15.110644293668837], [-0.6117999790190289, 1.953888317691431], [-0.9041149963561596, 1.206053990952793], [-4.1498813091984434, 3.3012268919967234], [-1.8909183913560328, 3.2968460545112404]], "mse": 0.8384891071420159, "vol": 25101383.087217398, "inc": 417, "msevvol": 3.3404099854920235e-08, "msevinc": 0.002010765244944882}