{"beta": [-0.037784140522959, 0.015555896239657299, -0.011586301332554562, 0.10006491239773019, -0.0929315566962015, 0.018862725455096055, 0.19360654111597905, 0.07623284937948324, 0.05657898067930322, 0.05173095705567672, 0.303558107924538, -0.21366623255429196], "R": [[-1.7572237442263516, -0.07476935333494972], [-2.1678075959963774, 0.7835342245958756], [-3.013722095571801, 0.2077308244094414], [-2.4014857337967093, 0.9080833954375788], [-2.982577280579566, 5.4189037710799495], [-3.0143271263940123, 0.6290724585973364], [-1.2883164539645324, 2.635000117441844], [-0.21340330868756002, 8.918084865187856], [-0.25036706077527937, 6.750392678051216], [-4.7899245497589265, 8.738392508636064], [-2.3133427231696846, 3.6729222526233776]], "mse": 0.5988239219538832, "vol": 32914594.62196506, "inc": 221, "msevvol": 1.819326438109212e-08, "msevinc": 0.002709610506578657}