{"beta": [-0.1532814825559995, -0.07572751739331302, 0.2581215157370099, -0.1842472254353015, -0.4620141216263989, -0.2101870328979767, 0.5608816084298397, 0.012057128904087186, -0.07100009671807249, -0.2538675032504918, 0.9232304896524294, -0.20119060201623437], "R": [[-1.6572237442263515, -0.3385117518168511], [-1.3174544853142054, 0.4833929803230071], [-1.1369697336540174, 0.8048361263654178], [-1.2802591926767084, 0.17863586606614967], [-1.1701801379253811, -0.08866615309115944], [-1.2105686238760485, 0.3573072986864958], [-1.2883164539645324, 0.14680996779642436], [-0.21340330868756002, 8.918084865187856], [-0.25036706077527937, 6.650392678051216], [-0.3250199269862995, 0.8819114771615468], [-1.6312033153709027, -0.12567036416715716]], "mse": 0.13801738203792582, "vol": 1874.5717029759796, "inc": 6, "msevvol": 7.362608846533642e-05, "msevinc": 0.02300289700632097}