{"beta": [-0.0063474722591330005, -0.5255791313046823, -0.04058881615426774, 0.16961715018222334, -0.062375617495222385, 0.12949416107244813, 0.3025466862237917, 0.09803763247990943, -0.09629982435546083, -0.17660348899485825, 0.4226061765288353, -0.06557479235054758], "R": [[-1.811888519021148, 0.25931833253612246], [-1.2258040940343302, -0.058251606822829594], [-1.7110328540130684, 0.38189020081030195], [-2.306328501214799, -0.022285159184732506], [-4.241444488552639, 0.44512586942407534], [-0.8592196038470402, 1.4635991089389775], [-0.9395076438021857, 2.2125182284215077], [-0.6117999790190289, 1.9538883176914312], [-0.9041149963561597, 1.206053990952793], [-0.14900832543515186, 3.3012268919967234], [-1.3148136033414293, 2.7864890705557963]], "mse": 0.7565083131942603, "vol": 30388.507833313917, "inc": 54, "msevvol": 2.4894552813972827e-05, "msevinc": 0.014009413207301116}