{"beta": [-0.0347808500474632, 0.122634276855812, 0.4864665960947697, 0.03529759651496551, 0.45475384049018264, -0.01837958691349467, 0.0541924526900133, 0.04006788935754647, -0.5924247408487658, 0.3229416201077718, 0.5884222967710175, 0.17893308785420026], "R": [[-1.39348134574445, -0.3385117518168512], [-1.092348552109554, 0.5584282913912242], [-1.0520157272781676, 0.6422098855887897], [-0.7939608397624224, 0.8594535601461502], [-2.982577280579566, 0.8125955009373587], [-1.4300712530348045, 0.3573072986864958], [-1.2883164539645324, 0.6019667024876597], [-0.21340330868756002, 8.918084865187856], [-0.25036706077527937, 6.750392678051216], [-0.5795241098929044, 0.6406411094052692], [-2.3133427231696846, -0.007736949656196979]], "mse": 0.36227826818568803, "vol": 11249.848019340574, "inc": 13, "msevvol": 3.220294776986005e-05, "msevinc": 0.02786755909120677}