{"beta": [0.09146549707439011, -0.006237305615511924, 0.030627492762611966, 0.09380223113715279, -0.03909595092953775, 0.08938390294629739, 0.04456857584483216, -0.027644367516217558, 0.026487656054351185, 0.02150339937436708, 0.26527330642322894, -0.05500244239064966], "R": [[-1.7572237442263519, 2.1351698345202506], [-2.1678075959963774, 0.6334636024594414], [-3.013722095571801, 10.965817738591115], [-2.4014857337967093, 1.102602736603293], [-2.982577280579566, 5.41890377107995], [-3.014327126394013, 1.1830552845694342], [-1.2883164539645324, 22.438229432520206], [-0.21340330868756002, 8.918084865187856], [-0.25036706077527937, 6.750392678051216], [-4.7899245497589265, 8.738392508636064], [-2.3133427231696846, 3.6729222526233785]], "mse": 0.6957718373049143, "vol": 2313636859.4145017, "inc": 798, "msevvol": 3.0072646641746065e-10, "msevinc": 0.0008718945329635518}