{"beta": [0.08137444519641156, -0.04273449424448585, 0.037950931319550706, -0.004038698079593334, 0.052770957873374824, 0.07320163508586756, 0.0373159010035244, 0.04901211360493927, -0.026208382165391866, 0.023840283593729743, 0.2070139101856218, -0.010271703733232438], "R": [[-1.8118885190211482, 1.1041212689178093], [-2.0125996747469777, 1.7960964611013188], [-2.521978111015047, 24.050349106616267], [-2.306328501214799, 5.670996570404462], [-4.241444488552639, 1.3444533905959801], [-3.1759735352273033, 9.29572167341846], [-0.9395076438021857, 15.110644293668837], [-0.6117999790190289, 2.053888317691431], [-1.0041149963561598, 1.206053990952793], [-1.1650615805377242, 3.3012268919967234], [-1.8909183913560328, 3.2968460545112404]], "mse": 0.8640615808228849, "vol": 359345058.6148643, "inc": 607, "msevvol": 2.4045456034751303e-09, "msevinc": 0.0014234951908120015}