{"beta": [0.1340517046198929, 0.3798885874829489, 0.7253953755566961, 0.35320698957373686, -0.35959052146055104, 0.0033887092317130144, 0.13016542241926246, -0.013845507291217847, 0.28988286660658935, 0.04414098125061407, 0.10345124827961563, -0.042192943284315984, 0.11915446027920916, -0.10917236213219526, -0.007334131325521473, -0.3096824190410693, 0.09432349115342639, -0.1987236679396926, -0.2604972644768235, 0.060766378990742186, -0.061136209172397205, -0.16414743107504645, -0.24057071960986623, 0.10734894127177577, -0.05419398534383713, 0.10619603929857256, 0.10573462330216714, -0.16818099959033572], "R": [[-0.10000000000000002, 1.1], [-0.1, 1.1], [-0.1, 1.1], [-0.1, 1.1], [-0.1, 1.1], [-0.10000000000000003, 1.1], [-0.09999999999999998, 1.1], [-0.1, 1.1], [-0.1, 1.1], [-0.10000000000000003, 1.1], [-0.09999999999999998, 1.1], [-0.10000000000000003, 1.1], [-0.10000000000000003, 1.1], [-0.10000000000000002, 1.1], [-0.1, 1.1], [-0.10000000000000002, 1.1], [-0.1, 1.1], [-0.1, 1.0], [-0.1, 1.1], [-0.10000000000000002, 1.1], [-2.4981993196613552, 3.79622686757533], [-0.28124258154033344, 3.70956534419748], [-2.7506561756272165, 2.221574435698607], [-2.5468817033043174, 0.8091477273879263], [-1.7919422551589226, 3.079874271543797], [-1.335654730362813, 0.7925994774144999], [-3.311921066360926, 0.9048554954993902]], "mse": 0.7207456140347644, "vol": 644058.5785306544, "inc": 196, "msevvol": 1.119068417160226e-06, "msevinc": 0.003677273540993696}