{"beta": [0.09007956736133539, 0.11456349473999113, 0.26366342045094604, 0.5198461945742442, 0.05717774714624077, -0.3100947929945602, -0.4848747438035153, 1.6859653447961045, -1.391304347826087, 0.6011345732905108, -0.25632365118359896, 0.4909193940383157], "R": [[-1.129738947262551, 0.9802002405926491], [-1.0173132410413366, 0.858569535664093], [-3.0137220955718016, -0.19519389154459144], [-2.4014857337967093, 0.6649342189804358], [-0.9899278071196776, 5.4189037710799495], [-0.9806134885668752, 0.9531001492602617], [-1.2883164539645324, 0.5615083260706608], [-0.21340330868756002, 8.918084865187856], [-0.25036706077527937, 6.750392678051216], [-2.008257436265953, -0.37891946980182345], [-1.001388697450669, 3.672922252623378]], "mse": 3.7489697538250004, "vol": 381809.5390799764, "inc": 18, "msevvol": 9.818952566922945e-06, "msevinc": 0.20827609743472225}