{"beta": [0.07845824771319194, -0.02216177971359499, 0.036941905235486266, -0.0010634190563295787, 0.04451042707111109, 0.07406677674573466, 0.019226215138386, 0.04390820189913538, -0.01966045232531394, 0.03806147927538855, 0.2607070098452079, 0.013614873329841435], "R": [[-1.8118885190211482, 1.1041212689178093], [-2.0125996747469777, 2.308173809528907], [-2.521978111015047, 24.050349106616267], [-2.306328501214799, 5.670996570404462], [-4.241444488552639, 1.3444533905959801], [-3.1759735352273033, 9.29572167341846], [-0.9395076438021857, 15.110644293668837], [-0.6117999790190289, 2.053888317691431], [-1.0041149963561595, 1.206053990952793], [-1.1650615805377242, 3.3012268919967234], [-1.8909183913560328, 1.3627090378264113]], "mse": 0.8945666105117253, "vol": 255672738.55213034, "inc": 879, "msevvol": 3.498873660045409e-09, "msevinc": 0.0010177094545070822}