{"beta": [-0.02252762190722145, 0.21898280040383955, 0.16318760068869698, 0.15429490051615113, 0.37341517974853905, 0.014917488261990927, 0.010603893696496329, -0.05520174903124962, 0.18814880901621062, -0.48004560900925053, 0.17953233586212783, -0.024985196024297784, 0.09998716689296791, 0.023432617451852867, 0.0658408079655339, -0.14798159036902447, -0.030090283707654437, -0.09030194847992459, 0.004964929735259346, 0.23882227392646788, -0.0063785973524399025, -0.05548464234795535, -0.18464863710039914, 0.21227136748242978, -0.12128625066432039, 0.13288671491539358, -0.0287116409773144, -0.1932796651717621], "R": [[-0.1, 1.1], [-0.1, 1.1], [-0.1, 1.1], [-0.1, 1.1], [-0.1, 1.1], [-0.1, 1.1], [-0.1, 1.1], [-0.1, 1.1], [-0.1, 1.1], [-0.1, 1.1], [-0.1, 1.1], [-0.1, 1.1], [-0.1, 1.1], [-0.1, 1.1], [-0.1, 1.1], [-0.1, 1.1], [-0.1, 1.1], [-0.1, 1.1], [-0.1, 1.1], [-0.1, 1.1], [-2.4981993196613552, 3.7962268675753306], [-2.048731692570825, 3.70956534419748], [-2.7506561756272165, 2.221574435698607], [-2.5468817033043174, 3.9147135853931747], [-1.7919422551589224, 3.079874271543797], [-1.335654730362813, 5.625192628894896], [-3.311921066360926, 2.377114349452829]], "mse": 0.8894799050072975, "vol": 8613066.854051575, "inc": 482, "msevvol": 1.0327098582648146e-07, "msevinc": 0.0018453939937910736}