{"beta": [-0.013550505342508679, -0.1645841897348705, 0.00789039132820211, 0.10029930007097387, -0.13715434944077512, 0.1720293304151081, 0.11697064722196394, 0.0640501855646263, -0.033929589755670155, -0.04498140158255532, 0.39184003003823537, -0.16516619393817092], "R": [[-1.7572237442263519, 0.18897304514694946], [-2.1678075959963774, 2.534311068096654], [-3.013722095571801, 10.965817738591115], [-2.4014857337967093, 0.85945356014615], [-0.9899278071196775, 5.41890377107995], [-3.014327126394013, 0.6290724585973365], [-1.2883164539645324, 22.438229432520206], [-0.21340330868756002, 8.918084865187856], [-0.25036706077527937, 6.750392678051216], [0.1883962792042294, 8.738392508636064], [-2.3133427231696846, 1.294549053135043]], "mse": 0.5933463127520392, "vol": 455766360.3273999, "inc": 227, "msevvol": 1.3018650879055853e-09, "msevinc": 0.0026138604085992915}