{"beta": [-0.023889355662597977, 0.09713004237946711, -0.07188532489355122, 0.5064871693141247, -0.20071861823456041, -0.06344226106801304, -0.7910365466749348, 0.1328414393246522, 1.325609489438302, 0.35532826762270825, -0.1291167361354904, 0.12851681897846112], "R": [[-1.129738947262551, 0.9802002405926491], [-2.1678075959963774, 0.9336048467323101], [-3.0137220955718016, 0.006268466432424513], [-1.2802591926767084, 0.6649342189804358], [-0.9899278071196776, 5.4189037710799495], [-0.802920884009787, 1.0785302230652654], [-1.2883164539645324, 0.5615083260706608], [-0.21340330868756002, 8.918084865187856], [-0.25036706077527937, 6.750392678051216], [-3.0443890924310364, -0.37891946980182345], [-1.001388697450669, 0.8905643778953712]], "mse": 4.363031487180839, "vol": 276421.0164984867, "inc": 23, "msevvol": 1.578400782418339e-05, "msevinc": 0.18969702118177562}