{"beta": [-0.3182275649750575, 0.19525654265515957, -0.1887664871015771, 0.0840095744688818, 0.16372132858360672, -0.33639618648006014, 0.2536436448865926, -5.407443272773022, 5.0625, 0.11725227227708733, 0.16989913998937378, -0.46171837065284826], "R": [[-1.7572237442263516, -0.3385117518168512], [-1.542560418518857, 0.48339298032300704], [-1.0010433234526572, 0.4189022116865551], [-0.7939608397624224, 0.6649342189804358], [-0.8998016417168258, 0.8125955009373587], [-1.1374010808231299, 0.31549727408482786], [-1.2883164539645324, 0.6019667024876597], [-0.21340330868756002, 8.918084865187856], [-0.25036706077527937, 6.750392678051216], [-1.448367736855852, 0.992170930768723], [-1.493196128177226, -0.17334557428860897]], "mse": 10.826879462599384, "vol": 5766.113786544932, "inc": 24, "msevvol": 0.001877673570692207, "msevinc": 0.4511199776083077}