{"beta": [-0.1600131106945035, -0.2908945848968728, 0.07828573484260781, -0.14070213842860255, 0.21186193666049552, 0.05096901849483571, -0.1314799117276848, -0.0063544971922351754, 0.001203109171460788, -0.09936587918927958, 0.46570092800666363, -0.17809402530460536], "R": [[-1.7118885190211481, -0.022282646257774763], [-1.2258040940343302, 0.2851461835334942], [-2.521978111015047, 0.38189020081030206], [-1.7269043529642971, 0.5104083388713813], [-0.9038654123337817, 5.041763475283599], [-0.6576965191761068, 1.4635991089389775], [-0.9395076438021857, 15.110644293668837], [-0.6117999790190289, 1.953888317691431], [-0.9041149963561596, 1.206053990952793], [-0.6362367172139992, 3.3012268919967234], [-1.3148136033414293, 2.265040969396945]], "mse": 1.0046876929121913, "vol": 256224.3478755574, "inc": 67, "msevvol": 3.921124987700803e-06, "msevinc": 0.01499533870018196}