{"beta": [0.09957860572674847, 0.05886612637303647, 0.028112384180115968, 0.061306437160113476, -0.004505663966662156, 0.08947087712754459, 0.03887585672559182, 0.0032432799702283646, 0.010155751062762432, 0.020244605363465146, 0.28044934416541956, -0.006907600141078118], "R": [[-1.7572237442263516, 2.1351698345202506], [-2.1678075959963774, 2.534311068096654], [-3.013722095571801, 10.965817738591115], [-2.4014857337967093, 5.238879065791867], [-2.982577280579566, 5.4189037710799495], [-3.014327126394013, 9.279222489638407], [-1.2883164539645324, 22.438229432520206], [-0.21340330868756002, 8.918084865187856], [-0.25036706077527937, 6.750392678051216], [-4.7899245497589265, 8.738392508636064], [-2.3133427231696846, 3.672922252623378]], "mse": 0.7290102382742484, "vol": 24801126982.633736, "inc": 1370, "msevvol": 2.939423836605153e-11, "msevinc": 0.0005321242615140499}