{"beta": [0.2828603211162124, -0.31667199089947184, -0.006381244016254247, 0.017100650897073733, -0.1724989382872713, 0.04923295982485314, 0.4925383365134296, 3.779449159122855, 17.124031007751938, -0.07120472619710554, 0.3575057910606987, 3.0961538461537965], "R": [[-1.6572237442263515, -0.07476935333494972], [-2.1678075959963774, -0.11688950822273048], [-3.013722095571801, 0.37521157983611714], [-0.7939608397624224, 0.47041487781472135], [-0.9899278071196775, 5.41890377107995], [-1.4300712530348045, 0.14825717567815644], [-1.2883164539645324, 22.438229432520206], [-0.21340330868756002, 8.918084865187856], [-0.25036706077527937, 6.750392678051216], [-0.32501992698629956, 2.054572309917962], [-2.3133427231696846, 0.09012269217204671]], "mse": 636.3965421466851, "vol": 1220271.993146766, "inc": 36, "msevvol": 0.0005215202395210128, "msevinc": 17.677681726296807}