{"beta": [-0.07070826670416776, -0.5215396758656455, -0.12812447362769439, -0.1588053002589146, 0.011336249894138936, 0.11294949690837468, 0.11387867261778895, 0.12567514622074183, -0.06504601356572824, -0.14971060254538843, 0.43073324564084603, -0.4205772155900097], "R": [[-1.711888519021148, 0.8225202901239118], [-1.2258040940343302, -0.058251606822829594], [-1.22459662553803, 0.38189020081030195], [-2.306328501214799, 0.5104083388713812], [-4.241444488552639, 0.44512586942407534], [-3.1759735352273033, 1.4635991089389775], [-0.9395076438021857, 0.6838233715080582], [-0.6117999790190289, 1.9538883176914312], [-0.9041149963561597, 1.206053990952793], [-0.2604577417470496, 3.3012268919967234], [-1.3148136033414293, 2.7864890705557963]], "mse": 0.83465611415212, "vol": 37377.921278714006, "inc": 71, "msevvol": 2.2330190807786852e-05, "msevinc": 0.011755719917635493}