{"beta": [-0.054518483901546066, -0.3063615764141228, -0.19788680739259673, -0.11837525597735306, 0.052195837506068356, -0.4951137151199775, 0.47126915903033434, 1.7918565082802211, -1.5815775422416407, -0.7192947958549095, -0.0955694633756708, -0.019587364048289212], "R": [[-1.39348134574445, -0.07476935333494972], [-2.1678075959963774, -0.34199544142738203], [-0.9306528610269529, 0.23928516963475693], [-0.7939608397624224, 5.238879065791867], [-0.9899278071196775, 0.3619646739230997], [-1.262831154628133, 9.279222489638407], [-1.2883164539645324, -0.02513813197582021], [-0.21340330868756002, 8.918084865187856], [-0.25036706077527937, 6.750392678051216], [0.27537212309839887, 1.4295259566057883], [-1.1243405551323082, -0.017773835997555443]], "mse": 1.527533529042252, "vol": 24977.604466486475, "inc": 17, "msevvol": 6.115612612457729e-05, "msevinc": 0.08985491347307364}