{"beta": [-0.022358373105717564, -0.0847107308889014, -0.03668298218284181, -0.049618671997759205, -0.014687416877373629, 0.07095174860201268, 0.024571368964083348, 0.04633868013538817, -0.0024596385617415024, 0.02550178930843927, 0.27070708140554645, -0.19666546437880603], "R": [[-1.811888519021148, 0.8225202901239118], [-2.0125996747469777, 0.628543973889818], [-2.521978111015047, 0.38189020081030195], [-2.306328501214799, 0.4571389890657698], [-4.241444488552639, 5.041763475283599], [-3.1759735352273033, 9.29572167341846], [-0.9395076438021857, 15.110644293668837], [-0.6117999790190289, 1.9538883176914312], [-0.9041149963561597, 1.206053990952793], [-0.8874936330185254, 3.3012268919967234], [-1.8909183913560326, 3.296846054511241]], "mse": 0.8383197271172157, "vol": 12206522.298076518, "inc": 216, "msevvol": 6.86780154613994e-08, "msevinc": 0.0038811098477648876}