{"beta": [-0.20905928356187997, -0.04586831513263552, 0.13517627669422383, -0.25698084112922776, 0.21970774450744515, 0.04181557242494889, 0.12061907251733689, -0.09788696099890316, 0.05247045133883243, 0.004965034278874107, 0.3203260417195976, -0.2274034464329686], "R": [[-1.7118885190211481, -0.022282646257774763], [-1.2258040940343302, 0.2164666254622294], [-2.521978111015047, 0.38189020081030206], [-1.7269043529642971, 0.5104083388713813], [-0.9038654123337817, 1.3444533905959801], [-0.6576965191761068, 1.0817658958782619], [-0.9395076438021857, 15.110644293668837], [-0.6117999790190289, 1.953888317691431], [-0.9041149963561596, 1.206053990952793], [-0.42819779743102104, 3.3012268919967234], [-1.3148136033414293, 2.265040969396945]], "mse": 0.6678692443936232, "vol": 71831.71672357219, "inc": 57, "msevvol": 9.297692925309917e-06, "msevinc": 0.011717004287607424}