{"beta": [-0.16383264099778153, -0.015191903804404005, 0.04336902170171866, -0.04461704151315711, 0.14742624989628964, 0.060720554541302, 0.06483525388382119, 0.15159082862630233, -0.01806116041232546, 0.07149888559006995, 0.3576232220821225, -0.058194705921261525], "R": [[-1.8118885190211484, 0.25931833253612246], [-2.0125996747469777, 0.1477870673909647], [-2.521978111015047, 0.381890200810302], [-1.7269043529642967, 0.5104083388713813], [-0.9038654123337817, 5.041763475283599], [-0.9546779071122189, 1.4635991089389775], [-0.9395076438021857, 1.7565916921490747], [-0.6117999790190289, 1.9538883176914308], [-0.9041149963561596, 1.206053990952793], [-0.425204803232887, 3.3012268919967234], [-1.2037224861380218, 0.42183529008326665]], "mse": 0.9448271295609137, "vol": 36958.558276177515, "inc": 82, "msevvol": 2.556450179957165e-05, "msevinc": 0.011522282067816022}