{"beta": [0.019240131956103485, -0.18915304932633412, 0.033788662084408144, -0.06617948203545534, -0.1131468271070114, -0.1538161773817294, 0.4580737287582761, 1.008786811746778, 0.09352588737630631, 0.46742363180890506, 0.10553981720117513, -0.5049211788842082], "R": [[-1.8118885190211482, -0.30388362505166944], [-2.0125996747469777, -0.3329698391078886], [-2.0228509491893747, 0.19729388846592888], [-2.306328501214799, 5.670996570404462], [-1.4434619250369245, 0.5350586215412658], [-3.1759735352273033, -0.05312726516330846], [-0.9395076438021857, 0.8715578276202361], [-0.6117999790190289, 1.9538883176914308], [-1.0041149963561595, 1.1060539909527929], [-0.3170089432522325, 1.7709597592809012], [-1.8909183913560328, 0.7052309972348161]], "mse": 0.6898900127497488, "vol": 14731.773833313737, "inc": 41, "msevvol": 4.68300708764388e-05, "msevinc": 0.01682658567682314}