{"beta": [0.11375597340875776, 0.1625664320868162, 0.15777233626718515, 0.1525132620690559, 0.20955849754266967, 0.582334194249693, -0.02718610903686063, -0.05961480163062024, 0.10898787677313429, -0.03428412736644091, 0.037738017683412096, -0.04185588708123012, 0.017458870318037337, -0.051454393862219804, -0.003398809053201957, 0.012796345458574753, -0.12508114800693462], "R": [[-0.09999999999999998, 1.1], [-0.1, 1.1], [-0.1, 1.1], [-0.1, 1.1], [-0.10000000000000003, 1.1], [-2.679562738466629, 7.308664912350221], [-1.076292805095683, 1.1242828737245418], [-2.2510396912444732, 2.6261580138030496], [-2.4821366099920725, 2.31791943291289], [-1.5180186531120405, 2.709040126011043], [-1.8879968750577951, 2.172291814934038], [-1.4028577002652836, 6.115344285810739], [0.2651172283107366, 3.304913477522386], [-0.6857143967286863, 2.7073977753677876], [-0.4275743359844131, 2.438774607923275], [-0.9437099428352795, 2.570881909663535]], "mse": 0.7368964374660537, "vol": 17167358.599237137, "inc": 843, "msevvol": 4.292427592785293e-08, "msevinc": 0.0008741357502562915}