{"beta": [0.11985530913380836, 0.12919076891282394, 0.14012788207710913, 0.1322350593457992, 0.11632866169204228, 0.5327786923054926, -0.01958409790934456, -0.04391487808786596, 0.036550248384344425, -0.0038489272732504147, -0.003583618277309671, -0.017623247656910843, 0.007368426600239687, 0.011425306908837776, -0.0003548911919285833, -0.04610698064413682, -0.10699022342463918], "R": [[-0.1, 1.1], [-0.1, 1.1], [-0.1, 1.1], [-0.10000000000000003, 1.1], [-0.10000000000000003, 1.1], [-2.679562738466629, 7.308664912350221], [-1.076292805095683, 1.1242828737245418], [-2.2510396912444732, 2.6261580138030496], [-1.6374343175366515, 2.31791943291289], [-1.5180186531120405, 2.709040126011043], [-1.8879968750577951, 2.172291814934038], [-1.4028577002652836, 6.115344285810739], [-0.7168216464527583, 3.304913477522386], [-0.7857143967286861, 2.7073977753677876], [-0.5275743359844131, 2.438774607923275], [-0.9437099428352796, 2.570881909663535]], "mse": 0.7219145273737897, "vol": 19939716.73385027, "inc": 2287, "msevvol": 3.620485371029598e-08, "msevinc": 0.0003156600469496238}