{"beta": [0.2314364736278219, 0.3711349672006558, 0.2126887126657865, 0.2121899878420917, 0.2135608391857073, 0.5261390151152335, -0.0172157090306803, -0.07348977525065853, 0.08674262773592155, -0.05203918677016205, 0.046771739743005504, -0.019642380207353205, 0.044637043282463054, -0.13933134077711276, -0.008686477693721252, -0.01628229583914212, -0.1056880798294067], "R": [[-0.09999999999999998, 1.1], [-0.1, 1.1], [-0.1, 1.1], [-0.1, 1.1], [-0.10000000000000003, 1.1], [-2.679562738466629, 1.8672496703939514], [-0.9762928050956828, 1.1242828737245418], [-2.2510396912444732, 2.6261580138030496], [-0.411736092836963, 2.31791943291289], [-1.5180186531120405, 2.709040126011043], [-1.8879968750577951, 2.172291814934038], [-1.4028577002652836, 6.115344285810739], [-0.7168216464527584, 3.304913477522386], [0.3275508869933057, 2.7073977753677876], [-0.4275743359844131, 2.438774607923275], [-0.9437099428352795, 2.570881909663535]], "mse": 0.6100546748853111, "vol": 3936456.2791585997, "inc": 365, "msevvol": 1.5497560029187154e-07, "msevinc": 0.0016713826709186604}