{"beta": [-0.04034636907678717, -0.02532790591727272, -0.004420721361961022, -0.02678471327636413, -0.008010569084024267, 0.5966454021036823, 0.11849170611314626, -0.01965905659643543, 0.0635962984189229, 0.007847607167400922, -0.0025916789539756967, -0.016178280569835717, -0.02056315471083289, 0.020903200841723465, 0.017152209171309038, -0.07840325164785594, 0.024321479452189227], "R": [[-0.1, 1.1], [-0.09999999999999998, 1.1], [-0.10000000000000003, 1.1], [-0.1, 1.1], [-0.1, 1.1], [-3.9918644005925885, 1.0059954088687277], [-0.9784111940537749, 1.1220651665449353], [-2.251719604905245, 2.6254058790138397], [-1.8129428283246791, 2.317941267123266], [-1.5169791737417384, 2.708998760482675], [-1.887219490427016, 2.172847884726703], [-1.4032255388300936, 6.1113898898974], [-0.7175431378773933, 3.3033577420364177], [-0.7862811582964232, 2.708111384813538], [-0.5274526967944777, 2.4394401474107608], [-0.9437002178516671, 2.5724418339902657]], "mse": 0.5360248040023169, "vol": 9945934.479536606, "inc": 1997, "msevvol": 5.389386036125295e-08, "msevinc": 0.0002684150245379654}