{"beta": [-0.04034636907679035, -0.025327905917276013, -0.004420721361964571, -0.026784713276367365, -0.008010569084027638, 0.5966454021036828, 0.11849170611314327, -0.0196590565964356, 0.06359629841892242, 0.007847607167400735, -0.0025916789539755384, -0.01617828056983455, -0.020563154710833274, 0.020903200841725027, 0.017152209171305867, -0.07840325164785679, 0.024321479452192672], "R": [[-0.1, 1.1], [-0.1, 1.1], [-0.1, 1.1], [-0.09999999999999998, 1.1], [-0.10000000000000003, 1.1], [-3.9918644005925885, 1.0059954088687275], [-0.9784111940537747, 1.1220651665449353], [-2.251719604905245, 2.62540587901384], [-1.8129428283246793, 2.317941267123266], [-1.5169791737417384, 2.708998760482675], [-1.8872194904270159, 2.172847884726703], [-1.4032255388300936, 6.1113898898974], [-0.7175431378773933, 3.3033577420364177], [-0.7862811582964232, 2.7081113848135385], [-0.5274526967944777, 2.4394401474107608], [-0.9437002178516671, 2.5724418339902657]], "mse": 0.5420354978848413, "vol": 9945934.479536608, "inc": 2977, "msevvol": 5.449819712768662e-08, "msevinc": 0.00018207440305167662}