{"beta": [-0.05046807796833774, -0.04841873040422388, -0.026932229111945673, -0.04643222996357419, -0.01905078310958823, 0.5887100059412954, 0.11440061103214338, -0.03163133454143267, 0.06158308986482799, 0.007586732021489082, -0.006874271691663065, -0.009099448676632807, -0.0018833021749067413, 0.02483663615244064, 0.004544497276274757, -0.0964429805499771, 0.03208086640543631], "R": [[-0.09999999999999999, 1.1], [-0.09999999999999999, 1.1], [-0.1, 1.1], [-0.1, 1.1], [-0.09999999999999998, 1.1], [-3.9918644005925885, 6.457576198303895], [-1.0784111940537748, 1.1220651665449353], [-2.251719604905245, 2.6254058790138397], [-2.4828060419456293, 2.317941267123266], [-1.5169791737417384, 2.708998760482675], [-1.887219490427016, 2.172847884726703], [-1.4032255388300936, 6.1113898898974], [-0.7175431378773933, 3.3033577420364177], [-0.7862811582964232, 2.7081113848135385], [-0.5274526967944777, 2.4394401474107608], [-0.9437002178516671, 2.4724418339902656]], "mse": 0.6009886831933859, "vol": 24597378.347331937, "inc": 3629, "msevvol": 2.4433038135487916e-08, "msevinc": 0.0001656072425443334}