{"beta": [-0.02230857584873001, -0.006134518120516507, -0.014454092825873708, -0.038726349212316456, 0.02380195494995926, 0.5821668634686238, 0.13268611483916484, 0.0006391999389867122, 0.05463986437569564, -0.01410084717180586, 0.012909429787337086, -0.0011843119791755256, -0.060371251808307595, 7.001468308211058e-05, -0.009326213372460614, -0.07286771263770377, -0.003714235147132132], "R": [[-0.1, 1.1], [-0.09999999999999998, 1.1], [-0.10000000000000003, 1.1], [-0.1, 1.1], [-0.1, 1.1], [-2.470205330007855, 0.51969958930701], [-0.9784111940537749, 1.1220651665449353], [-2.251719604905245, 2.6254058790138397], [-0.6513894258084575, 2.317941267123266], [-1.5169791737417384, 0.9986075867929095], [-1.887219490427016, 2.172847884726703], [-1.4032255388300936, 6.1113898898974], [-0.7175431378773933, 0.8520341236279185], [-0.7862811582964232, 2.708111384813538], [-0.5274526967944777, 2.4394401474107608], [-0.9437002178516671, 2.5724418339902657]], "mse": 0.4577802602415749, "vol": 993815.7287440532, "inc": 1038, "msevvol": 4.606289143965354e-07, "msevinc": 0.0004410214453194363}