{"beta": [-0.024002865751391905, 0.016161329490432093, -0.0009747077969100892, 0.026417908730117835, 0.08295829978033377, 0.6213031995140245, 0.13696841254990427, 0.01699939695654038, 0.11725146944655199, -0.001299094152046802, -0.02185374373920333, -0.015450854091414534, 9.952649228027191e-05, 0.03671567720050062, 0.026978722065736305, -0.17879822302714724, -0.10951608334930432], "R": [[0.0, 1.1], [-0.10000000000000002, 1.1], [-0.10000000000000002, 1.1], [-0.10000000000000002, 1.1], [-0.1, 1.1], [-3.9918644005925885, 1.6923938144701944], [-0.9784111940537747, 1.1220651665449353], [-1.075098267097456, 2.101817155941925], [-0.17139980967601676, 2.317941267123266], [-0.6117835868968557, 0.9986075867929095], [-1.0152060153962723, 1.3008344096959592], [-1.4032255388300936, 0.6216732582034576], [-0.7175431378773933, 1.1459495759289808], [-0.7862811582964232, 2.7081113848135385], [-0.5274526967944777, 2.3394401474107607], [-0.9437002178516671, 2.5724418339902657]], "mse": 0.5554862485305851, "vol": 106772.0117142234, "inc": 546, "msevvol": 5.202545494950034e-06, "msevinc": 0.0010173740815578483}