{"beta": [0.16099573224317568, 0.3063518593316493, 0.1078794704825448, 0.19736675436515025, 0.04523344247844188, 0.39264661635164855, -4.42732546735071, -0.0924193657510854, 0.10766638262078541, -0.027579676707116366, 0.0033989039618088214, -0.06794388711664213, 0.16969224407625919, -0.4482149206808665, 0.009675494510170867, -0.10132667065436515, 4.82539654053015], "R": [[-0.09999999999999998, 1.1], [-0.1, 1.0], [-0.1, 1.0], [-0.1, 1.0], [-0.10000000000000003, 1.0], [-1.5352355818402803, 1.4704802130377046], [-0.9762928050956828, 1.1242828737245418], [-1.3920981768405356, 2.6261580138030496], [-0.5852071807110565, 2.31791943291289], [-1.5180186531120405, 2.709040126011043], [-1.8879968750577951, 1.3002340769356713], [-0.9176891746823349, 1.3933219788153568], [0.8530764781530666, 3.304913477522386], [0.5808672079238035, 2.7073977753677876], [-0.4275743359844131, 2.438774607923275], [-0.9437099428352795, 2.570881909663535]], "mse": 0.6737299480256609, "vol": 211689.40208284577, "inc": 64, "msevvol": 3.182634281153069e-06, "msevinc": 0.010527030437900951}