{"beta": [0.16388089418957189, 0.11701085031425829, 0.14512046793388247, 0.17751226517639856, 0.10677986955222737, 0.46778262481454147, 0.006023329590249258, -0.0022574197654049518, 0.040868020651042704, 0.10686043121890589, 0.012971774940749652, 0.00602434664131784, -0.06214118357403583, -0.020815049510876378, -0.1615954506325151, 0.07730768828597027, -0.07742843097503425], "R": [[-0.1, 1.0], [-0.1, 1.1], [-0.09999999999999998, 1.1], [-0.1, 1.1], [-0.1, 1.0], [-2.679562738466629, 0.7630327843553398], [-0.9762928050956831, 1.1242828737245418], [-2.2510396912444732, 0.4434812998573596], [-1.1982271621887328, 1.5466168883991827], [-1.4180186531120405, 0.9982166143618094], [-1.0159391370594286, 1.3002340769356713], [-0.5325206490993863, 1.7784905043983052], [-0.7168216464527583, 1.7350153529165615], [-0.7857143967286861, 0.5808672079238036], [-0.5275743359844131, 2.438774607923275], [-0.9437099428352796, 0.39926200185177585]], "mse": 0.6060664758396664, "vol": 19305.512038052842, "inc": 417, "msevvol": 3.1393442175740104e-05, "msevinc": 0.001453396824555555}