{"beta": [0.12112714719291175, 0.2646534778169338, 0.20764469326283347, 0.2132087828712369, 0.18890923438123067, 0.5653228228862673, -0.04607430877817661, 0.06638000697171115, 0.04255121257592322, -0.00864472366137165, -0.04134805278472318, 0.1041275999005987, -0.14139764158691134, -0.0743104430554546, 0.1120207217951834, -0.04157735709795639, -0.0925275137733704], "R": [[-0.1, 1.0], [-0.09999999999999998, 1.0], [-0.1, 1.1], [-0.09999999999999998, 1.1], [-0.09999999999999998, 1.1], [-2.679562738466629, 0.5609049475889497], [-1.076292805095683, 1.024282873724542], [-0.38605942518880326, 1.2553722222429693], [0.05560344962250141, 2.31791943291289], [-0.6126068972874238, 1.8036283701864262], [-0.243881399061062, 2.172291814934038], [-1.3028577002652835, 0.6229849276494595], [-0.7168216464527583, 3.304913477522386], [-0.7857143967286861, 0.5808672079238035], [-0.5275743359844131, 2.438774607923275], [-0.9437099428352796, 0.8135859834141278]], "mse": 0.554559668276157, "vol": 17023.758776271297, "inc": 146, "msevvol": 3.257563006879153e-05, "msevinc": 0.003798353892302445}