{"beta": [0.04256795667852973, 0.06314688981006307, 0.057925950493782366, 0.08235459264569066, 0.07419731633510394, 0.5831699868918567, 0.05158369117612232, -0.013711629040641602, 0.043133065869182134, 0.008104102820542221, -0.0030075907028621323, -0.02837822333566787, 0.014934624762527509, -0.011572709094931695, 0.05864372141973691, -0.08608506854009715, 0.0208802126953374], "R": [[-0.1, 1.0], [-0.10000000000000003, 1.0], [-0.1, 1.0], [-0.1, 1.0], [-0.09999999999999998, 1.0], [-3.6351241692909233, 0.42335131097727985], [-0.9769183989499992, 1.1236269488575596], [-1.903551324175259, 1.0438499641560357], [-0.24242421575306772, 2.3173220832340404], [-0.6125184424923835, 0.9981412909820018], [-1.8875307746960677, 1.300097643856932], [-0.9176072856051263, 4.0877803750526995], [-0.7169950228232279, 3.3032634050648815], [-0.7856874150981881, 2.7073885696402087], [-0.527513004764509, 2.439110129645856], [-0.9436399543409112, 2.057167275597624]], "mse": 0.5632729020006579, "vol": 332786.9577598281, "inc": 899, "msevvol": 1.6925930805472589e-06, "msevinc": 0.0006265549521698086}