{"beta": [0.16709725115070798, 0.31653841663420657, 0.08563415430304269, 0.20144842659742984, 0.11934768778543163, 0.420904452336734, 6.831640016172862, -0.11994930196308312, 0.18704437007259692, -0.03648529175648838, -0.006590437883806804, 0.016884409663747817, 0.24894357343015208, -0.3483330047429547, -0.03808544354645831, -0.09605355527662887, -7.175305897369015], "R": [[-0.09999999999999998, 1.1], [-0.1, 1.0], [-0.1, 1.1], [-0.1, 1.0], [-0.10000000000000003, 1.0], [-2.679562738466629, 1.4704802130377046], [-0.9762928050956828, 1.1242828737245418], [-0.6684562677577106, 2.6261580138030496], [-0.7037195967384119, 2.31791943291289], [-1.5180186531120405, 2.709040126011043], [-1.8879968750577951, 1.3002340769356713], [-0.9176891746823349, 2.5488275555642024], [0.8530764781530666, 3.304913477522386], [0.5808672079238035, 2.7073977753677876], [-0.4275743359844131, 2.438774607923275], [-0.9437099428352795, 2.570881909663535]], "mse": 0.687964221242026, "vol": 408156.9283002858, "inc": 57, "msevvol": 1.685538511148052e-06, "msevinc": 0.012069547741088177}