{"beta": [-0.006331177440690092, 0.01686991629005764, 0.0006328510765584561, 0.012811794975690818, 0.014658759616804065, 0.540157923179416, 0.08122352481787286, -0.0012784630895439984, 0.09739879656813277, 0.013345689060589635, 0.014712166413483161, 0.008085318813574159, 0.003454890785532952, -0.008775712593600986, 0.02641414431518074, -0.07333012097549124, -0.012144592776886048], "R": [[-0.1, 1.1], [-0.1, 1.1], [-0.1, 1.1], [-0.09999999999999998, 1.1], [-0.1, 1.1], [-3.6351241692909233, 1.5608071224502655], [-0.9769183989499992, 1.1236269488575596], [-2.2506388573287786, 2.626375163077166], [-0.8765863961732069, 2.3173220832340404], [-1.517848309229576, 0.9981412909820019], [-1.8875307746960677, 2.172004748495182], [-1.4026371056557283, 6.11292947530571], [-0.7169950228232279, 3.3032634050648815], [-0.7856874150981881, 2.7073885696402087], [-0.527513004764509, 2.439110129645856], [-0.9436399543409112, 2.571568308445986]], "mse": 0.623277076187224, "vol": 4755547.467020945, "inc": 1657, "msevvol": 1.310631595015218e-07, "msevinc": 0.00037614790355294147}