{"beta": [0.013563947780662116, 0.07116639092597771, 0.02711359684013386, -0.04206500479240263, 0.05680222844180664, 0.6701885811125893, 0.08441590040854806, 0.05255529582712552, 0.055286297373158405, -0.04875671702134942, -0.004106799815844315, 0.053391586210730924, 0.05382465818441325, 0.0648379020892504, 0.12023652603829275, -0.2991700293968439, -0.06525751917474958], "R": [[-0.10000000000000003, 1.1], [-0.10000000000000002, 1.0], [-0.10000000000000002, 1.1], [-0.10000000000000002, 1.0], [-0.1, 1.1], [-3.9918644005925885, 0.615097333814333], [-0.9784111940537747, 1.1220651665449353], [-0.6515095440255383, 2.6254058790138397], [0.20713870059199624, 2.317941267123266], [-1.4169791737417383, 1.8038031736377922], [-1.0152060153962723, 2.172847884726703], [-1.4032255388300936, 0.6216732582034576], [-0.7175431378773933, 0.5581186713268562], [-0.7862811582964232, 0.8342077077543283], [-0.5274526967944777, 2.4394401474107608], [-0.9437002178516671, 0.3998530515890576]], "mse": 0.4979434071945419, "vol": 23977.454144857566, "inc": 254, "msevvol": 2.076715084872076e-05, "msevinc": 0.0019604071149391415}