{"beta": [0.1473623742051179, 0.06662274962846802, 0.14092685856130918, 0.12099598026527549, 0.06175185179840367, 0.5084059908820644, -0.011455592003373356, -0.0326538408547326, 0.054211220271754096, 0.05044528553140421, -0.009599069932872307, -0.002717902780614751, 0.011017680612392982, 0.012359400896715358, -0.021257020851553617, -0.03650904743574254, -0.07109982730194253], "R": [[-0.1, 1.1], [-0.1, 1.1], [-0.09999999999999998, 1.1], [-0.1, 1.1], [-0.1, 1.1], [-2.679562738466629, 0.8191794056793366], [-0.9762928050956831, 1.1242828737245418], [-2.2510396912444732, 0.28463307591234954], [-0.8363292932972848, 2.0275316890166706], [-1.5180186531120405, 0.9982166143618094], [-1.0159391370594286, 1.3002340769356713], [-0.917689174682335, 6.115344285810739], [-0.7168216464527583, 3.304913477522386], [-0.7857143967286861, 2.7073977753677876], [-0.5275743359844131, 2.3387746079232747], [-0.9437099428352796, 2.570881909663535]], "mse": 0.622051634699233, "vol": 770365.0215744686, "inc": 796, "msevvol": 8.074764783944715e-07, "msevinc": 0.0007814719028884836}