{"beta": [0.10295984842621254, 0.18737268142401273, 0.08603964394430062, 0.18263708525259226, 0.16550748616031988, 0.5601275287981335, 0.09696039840403489, 0.026525130451678657, 0.14149586854200505, -0.055401846130957784, 0.01580254667632922, -0.0046452927569012635, -0.01627562492527091, -0.03373090057140313, 0.07889573445799089, -0.12508386326113372, -0.16752638364050434], "R": [[-0.10000000000000003, 1.0], [-0.1, 1.0], [-0.1, 1.0], [-0.1, 1.0], [-0.1, 1.0], [-3.6351241692909233, 0.42335131097727985], [-0.9769183989499992, 1.1236269488575596], [-1.0387449581379327, 1.3615339353534233], [0.32188685833074804, 2.3173220832340404], [-0.6125184424923835, 2.7088010244563865], [-1.0156236700578178, 1.300097643856932], [-1.4026371056557283, 6.11292947530571], [-0.7169950228232279, 2.6155313392359414], [-0.7856874150981881, 0.8341938086272257], [-0.527513004764509, 2.439110129645856], [-0.9436399543409112, 2.571568308445986]], "mse": 0.5973954826933735, "vol": 213986.62537276358, "inc": 469, "msevvol": 2.7917421551590605e-06, "msevinc": 0.0012737643554229711}