{"beta": [0.004088493895608018, -0.006886927659654581, 0.03548253241250671, 0.02023986185846785, -0.0026632856352310757, 0.6147004803389602, 0.04080582269431042, -0.06004773958040917, 0.10064719115825997, 0.004932735881904447, -0.018787420563937333, -0.025270551881082928, 7.296653664481213e-05, 0.023745261124794255, 0.024246297612364978, -0.07890748082164517, 0.06987565528889816], "R": [[-0.09999999999999998, 1.1], [-0.10000000000000003, 1.1], [-0.10000000000000003, 1.1], [-0.09999999999999998, 1.1], [-0.09999999999999998, 1.1], [-3.9918644005925885, 6.457576198303895], [-0.9784111940537746, 1.1220651665449353], [-2.251719604905245, 2.190064806581906], [-2.4828060419456293, 2.317941267123266], [-1.5169791737417384, 2.708998760482675], [-1.887219490427016, 2.172847884726703], [-1.4032255388300936, 6.1113898898974], [-0.7175431378773933, 3.3033577420364177], [-0.7862811582964232, 2.7081113848135385], [-0.5274526967944777, 2.4394401474107608], [-0.9437002178516671, 2.5724418339902657]], "mse": 0.5334344996466343, "vol": 22009691.172649354, "inc": 1186, "msevvol": 2.4236346410417335e-08, "msevinc": 0.00044977613798198503}