{"beta": [0.09098771143392388, 0.17409969035088677, 0.16042793148608647, 0.13727954164831324, 0.10767860185205115, 0.4637599425534646, 0.1726433420232322, -0.007049798083145434, 0.07937440054206527, 0.00922054561065786, 0.007305728279592399, -0.09206951723186443, -0.12778604897579945, -0.28699403860205114, 0.03205015851900816, -0.07387276890054725, -0.3694055159765161], "R": [[-0.10000000000000003, 1.1], [-0.1, 1.0], [-0.1, 1.0], [-0.1, 1.1], [-0.1, 1.0], [-3.6351241692909233, 0.35872313987086013], [-0.9769183989499992, 1.1236269488575596], [-0.7210609869405482, 2.1027965348139883], [0.24904849697288123, 2.3173220832340404], [-0.6125184424923835, 2.7088010244563865], [-1.0156236700578178, 2.072004748495182], [-1.4026371056557283, 0.6225119945972816], [-0.7169950228232279, 0.26460307592018195], [-0.7856874150981881, 0.3275667340520877], [-0.527513004764509, 2.439110129645856], [-0.9436399543409112, 0.8139641770525373]], "mse": 0.5008022312343756, "vol": 11112.684676897532, "inc": 302, "msevvol": 4.506581854837538e-05, "msevinc": 0.001658285533888661}