{"beta": [0.006950014245625913, -0.004625099308067423, 0.036605444969226734, 0.020986105614797926, -0.0013930028173497221, 0.6141506246702881, 0.043336902429400706, -0.059175208134619045, 0.09989015465021901, 0.004646645618626737, -0.018654700381391998, -0.02479717767863537, 0.00021556733411515243, 0.023688844050601596, 0.023855660404436662, -0.07910428947175321, 0.06601552852343334], "R": [[-0.09999999999999998, 1.1], [-0.10000000000000003, 1.1], [-0.10000000000000003, 1.1], [-0.09999999999999998, 1.1], [-0.09999999999999998, 1.1], [-3.9918644005925885, 6.457576198303895], [-0.9784111940537746, 1.0220651665449352], [-2.251719604905245, 2.6254058790138397], [-2.4828060419456293, 2.317941267123266], [-1.5169791737417384, 2.708998760482675], [-1.887219490427016, 2.172847884726703], [-1.4032255388300936, 6.1113898898974], [-0.7175431378773933, 3.3033577420364177], [-0.7862811582964232, 2.7081113848135385], [-0.5274526967944777, 2.4394401474107608], [-0.9437002178516671, 2.5724418339902657]], "mse": 0.5341050607540855, "vol": 23016327.497493777, "inc": 1192, "msevvol": 2.3205485793171982e-08, "msevinc": 0.00044807471539772274}