{"beta": [-0.015839663269859135, 0.023728839747425182, 0.009172656511895567, -0.007488267279594996, 0.03304630666435192, 0.5739855595264716, 0.0562116542198256, -0.010644580921052648, 0.0806794717828876, -0.0034020740234982087, 0.015545164579530448, 0.02496286245688845, -0.013845816383300338, 0.022917442796885377, 0.01722763633403197, -0.07448014426810926, -0.005109750324345842], "R": [[-0.1, 1.1], [-0.1, 1.1], [-0.1, 1.1], [-0.09999999999999998, 1.1], [-0.1, 1.1], [-3.6351241692909233, 9.745791327863362], [-0.9769183989499992, 1.0236269488575596], [-2.2506388573287786, 2.626375163077166], [-2.482619941225386, 2.3173220832340404], [-1.517848309229576, 2.708801024456387], [-1.8875307746960677, 2.172004748495182], [-1.4026371056557283, 6.11292947530571], [-0.7169950228232279, 3.3032634050648815], [-0.7856874150981881, 2.7073885696402087], [-0.527513004764509, 2.439110129645856], [-0.9436399543409112, 2.571568308445986]], "mse": 0.7058528681954154, "vol": 29446941.16134309, "inc": 2425, "msevvol": 2.3970329017468008e-08, "msevinc": 0.00029107334770944965}