{"beta": [0.04990150096769649, 0.07221098772197601, 0.05457421473032305, 0.10047224881302255, 0.089344304662339, 0.5448749522196366, 0.08028626438087962, -0.003945446378700959, 0.08508747143878181, 0.003639427274951779, 0.001257838118753054, 0.0004352094053176439, -0.09893481799224552, -0.012661084626575373, 0.029379148120658827, -0.0787927791689186, -0.12264163125333816], "R": [[-0.1, 1.1], [-0.1, 1.1], [-0.1, 1.1], [-0.09999999999999998, 1.1], [-0.1, 1.1], [-3.6351241692909233, 1.5608071224502655], [-0.9769183989499992, 1.1236269488575596], [-2.2506388573287786, 1.0438499641560357], [-0.5177300678875002, 2.3173220832340404], [-1.517848309229576, 2.708801024456387], [-1.0156236700578178, 2.072004748495182], [-1.4026371056557283, 6.11292947530571], [-0.7169950228232279, 0.26460307592018195], [-0.7856874150981881, 2.100761495065071], [-0.527513004764509, 2.439110129645856], [-0.9436399543409112, 2.571568308445986]], "mse": 0.6277023217153257, "vol": 735097.2178326802, "inc": 903, "msevvol": 8.539038190975723e-07, "msevinc": 0.0006951299243802057}