{"beta": [-0.015839663269861505, 0.02372883974742285, 0.009172656511893671, -0.007488267279597403, 0.03304630666434973, 0.5739855595264729, 0.05621165421982424, -0.01064458092105257, 0.08067947178288884, -0.003402074023498303, 0.015545164579530157, 0.0249628624568899, -0.013845816383299868, 0.022917442796882147, 0.01722763633402412, -0.07448014426809924, -0.00510975032434375], "R": [[-0.1, 1.1], [-0.1, 1.1], [-0.1, 1.1], [-0.09999999999999998, 1.1], [-0.1, 1.1], [-3.6351241692909233, 9.745791327863362], [-0.9769183989499992, 1.0236269488575596], [-2.2506388573287786, 2.626375163077166], [-2.482619941225386, 2.3173220832340404], [-1.517848309229576, 2.708801024456387], [-1.8875307746960677, 2.172004748495182], [-1.4026371056557283, 6.11292947530571], [-0.7169950228232279, 3.3032634050648815], [-0.7856874150981881, 2.7073885696402087], [-0.527513004764509, 2.439110129645856], [-0.9436399543409112, 2.571568308445986]], "mse": 0.7058528681954148, "vol": 29446941.16134309, "inc": 2425, "msevvol": 2.397032901746799e-08, "msevinc": 0.00029107334770944943}