{"beta": [-0.07891785632138419, -0.01039994453948425, -0.0766710932278328, -0.11984970061914493, 0.018427240451954652, 0.5831119829144988, 0.0744597082966104, 0.01181578394904099, 0.12278645025145873, 0.06096018557151851, -0.010990652569417725, 0.03313187552502628, -0.04191921394946974, -0.06744082134815296, 0.038655352557212065, 0.01657266941855903, 0.09699384509119022], "R": [[-0.09999999999999999, 1.1], [-0.09999999999999999, 1.1], [-0.1, 1.0], [-0.1, 1.0], [-0.09999999999999998, 1.1], [-1.5883578868791906, 1.5202125195057583], [-0.9784111940537747, 1.1220651665449353], [-0.6515095440255383, 1.7135274931259998], [0.40608452081560253, 2.317941267123266], [-1.5169791737417384, 0.19341199994802694], [-1.0152060153962723, 1.3008344096959592], [-1.3032255388300935, 0.6216732582034575], [-0.7175431378773933, 3.3033577420364177], [-0.7862811582964232, 0.8342077077543282], [-0.5274526967944777, 2.4394401474107608], [-0.9437002178516671, 0.3998530515890577]], "mse": 0.4579896718427636, "vol": 12225.779602028217, "inc": 149, "msevvol": 3.7460978911053214e-05, "msevinc": 0.0030737561868641856}