{"beta": [-0.0065102064564200165, -0.0103603163869672, -0.027525743037048918, -0.03677190990128311, 0.014952612077241344, 0.6117324133464309, 0.1237313698352152, 0.002510398333964591, 0.053243839036069184, -0.004801739142488004, 0.002346333137088552, -0.011159954725856963, -0.042135169194351875, 0.02436052718944916, -0.01470000000205295, -0.2655455316272565, -0.1142377050693152], "R": [[-0.09999999999999999, 1.1], [-0.09999999999999999, 1.1], [-0.1, 1.1], [-0.1, 1.0], [-0.09999999999999998, 1.1], [-3.9918644005925885, 0.6150973338143328], [-0.9784111940537747, 1.1220651665449353], [-2.251719604905245, 2.6254058790138397], [-0.24983291089267423, 2.317941267123266], [-1.5169791737417384, 0.9986075867929095], [-1.887219490427016, 2.172847884726703], [-1.4032255388300936, 6.1113898898974], [-0.7175431378773933, 0.8520341236279185], [-0.7862811582964232, 2.7081113848135385], [-0.5274526967944777, 2.4394401474107608], [-0.9437002178516671, 0.3998530515890577]], "mse": 0.4644814155165929, "vol": 463832.60060409945, "inc": 1056, "msevvol": 1.0013988126570845e-06, "msevinc": 0.0004398498252998039}