{"beta": [0.022033250540638278, 0.06983707483716724, 0.03900773755191455, 0.0933306675222533, 0.06103041999006128, 0.5528205781982468, 0.07503945898834052, -0.02459789707076669, 0.08045674863892847, 0.005944160727681061, -0.0010112419481024496, 0.005545986578763532, -0.07371386994087041, 0.009100753311261991, 0.058156691329175544, -0.08688201017280943, -0.07715042483667103], "R": [[-0.1, 1.1], [-0.10000000000000003, 1.1], [-0.1, 1.1], [-0.1, 1.0], [-0.09999999999999998, 1.1], [-3.6351241692909233, 1.5608071224502655], [-0.9769183989499992, 1.1236269488575596], [-2.2506388573287786, 1.0438499641560357], [-0.5177300678875002, 2.3173220832340404], [-1.517848309229576, 1.8034711577191944], [-1.0156236700578178, 2.172004748495182], [-1.3026371056557282, 6.11292947530571], [-0.7169950228232279, 0.8523351417491218], [-0.7856874150981881, 1.5941344204899326], [-0.527513004764509, 2.439110129645856], [-0.9436399543409112, 1.642766242749262]], "mse": 0.6207009064501506, "vol": 523121.7528889779, "inc": 1376, "msevvol": 1.186532395225939e-06, "msevinc": 0.00045109077503644666}