{"beta": [0.04489931092737239, 0.08448104438746294, -0.029469051014886147, 0.036795377206928825, 0.02319515477483351, 0.5137164347674866, 0.05122478955490893, 0.10862455662729896, 0.11198799075507035, -0.006625415795170066, 0.008830496342840527, 0.11471901053264903, 0.10160827621639167, -0.25751863836749095, 0.0720682085267834, -0.11314361533749569, -0.012328154574692633], "R": [[-0.1, 1.0], [-0.1, 1.0], [-0.1, 1.0], [-0.09999999999999998, 1.1], [-0.1, 1.0], [-1.2763695891215567, 0.8402030146136864], [-0.9769183989499992, 1.1236269488575596], [-2.2506388573287786, 0.4437802407831975], [-0.2609245741916467, 2.3173220832340404], [-1.417848309229576, 2.708801024456387], [-1.0156236700578178, 2.172004748495182], [-1.4026371056557283, 0.6225119945972817], [-0.7169950228232279, 0.26460307592018195], [-0.7856874150981881, 0.5808802713396567], [-0.527513004764509, 2.439110129645856], [-0.9436399543409112, 0.8139641770525374]], "mse": 0.5625901351996981, "vol": 10110.610717081217, "inc": 419, "msevvol": 5.564353637404304e-05, "msevinc": 0.0013426972200470122}