{"beta": [0.003657916278574817, 0.03321066390375103, 0.013639951607499916, 0.03337521407524875, 0.04880448571734341, 0.5450850252854724, 0.07570240047708865, -0.007824179311026283, 0.08753438133432649, 0.0022976293805116103, 0.005726729680107429, 0.009122142002645923, -0.0025646234302593115, -0.0035798255610311673, 0.018760005299253698, -0.05957051171245351, -0.024256012148699838], "R": [[-0.1, 1.1], [-0.10000000000000003, 1.1], [-0.1, 1.1], [-0.1, 1.1], [-0.09999999999999998, 1.1], [-3.6351241692909233, 1.5608071224502655], [-0.9769183989499992, 1.1236269488575596], [-2.2506388573287786, 2.626375163077166], [-0.8765863961732069, 2.3173220832340404], [-1.517848309229576, 2.7088010244563874], [-1.0156236700578178, 2.172004748495182], [-1.4026371056557283, 6.11292947530571], [-0.7169950228232279, 3.3032634050648815], [-0.7856874150981881, 2.7073885696402087], [-0.527513004764509, 2.439110129645856], [-0.9436399543409112, 2.571568308445986]], "mse": 0.6493601458895963, "vol": 6273057.105316236, "inc": 1644, "msevvol": 1.0351573961271328e-07, "msevinc": 0.00039498792329050874}