{"beta": [0.03674540486590214, 0.16703384715223518, 0.15235598944126147, 0.22376176465868813, 0.1788107628619143, 0.47275673892489267, -0.049153934662067834, 0.008958931246202053, -0.024983082585554654, -0.021693662033526646, -0.027120741119031257, 0.05627333894189313, 0.03066471643426035, 0.0015325263347997868, 0.0016923487334090082, -0.07385316080990335, -9.125211329118138e-05], "R": [[-0.1, 1.0], [-0.09999999999999998, 1.0], [-0.1, 1.0], [-0.09999999999999998, 1.0], [-0.09999999999999998, 1.0], [-1.261988691396827, 7.308664912350221], [-1.076292805095683, 1.024282873724542], [-0.9861527156477308, 1.2553722222429693], [0.05560344962250141, 2.31791943291289], [-0.6126068972874238, 1.8036283701864262], [-0.243881399061062, 2.172291814934038], [-1.4028577002652836, 1.0081534532324083], [-0.7168216464527583, 3.304913477522386], [-0.7857143967286861, 0.5808672079238035], [-0.5275743359844131, 2.438774607923275], [-0.9437099428352796, 0.8135859834141278]], "mse": 0.6705179532362582, "vol": 59291.87963081209, "inc": 442, "msevvol": 1.1308765338716155e-05, "msevinc": 0.0015170089439734348}