{"beta": [-0.1989232033085449, -0.08370973035952815, -0.04286358281896692, -0.15469891088018436, -0.061346231105637125, 0.6096090866692498, 0.15267863054810382, -0.012720320759928398, 0.14667542716209678, -0.009669856039601516, -0.005085099727376491, -0.003194174930382987, -0.09018200269981323, 0.04083024919191026, 0.020328648171611424, -0.10697466762906377, -0.02141550518608014], "R": [[-0.1, 1.0], [-0.1, 1.1], [-0.1, 1.0], [-0.09999999999999998, 1.1], [-0.10000000000000003, 1.1], [-3.9918644005925885, 1.1246608959388116], [-0.9784111940537747, 1.1220651665449353], [-2.251719604905245, 0.9016491072381567], [-0.017851574136274806, 2.317941267123266], [-1.4169791737417383, 0.19341199994802688], [-1.8872194904270159, 0.5288209346652153], [-1.4032255388300936, 1.776612536423588], [-0.7175431378773933, 1.733780480531106], [-0.7862811582964232, 2.7081113848135385], [-0.5274526967944777, 2.4394401474107608], [-0.9437002178516671, 0.8143708080692992]], "mse": 0.4850141283352637, "vol": 91491.82915218043, "inc": 427, "msevvol": 5.301174245063225e-06, "msevinc": 0.001135864469169236}