{"beta": [0.19452603987968345, 0.2251217311313777, 0.19247921694713205, 0.19999088616019506, 0.24481615432172396, 0.6038616206724906, 0.08063623873221766, 0.048025864599287545, 0.10585831319714707, -0.0363842967034534, 0.011906765164722501, -0.008525839830446786, -0.014889614753131402, -0.0013469689650153075, 0.04298444158123512, -0.36002249015936066, -0.36628482409682367], "R": [[-0.10000000000000003, 1.0], [-0.1, 1.0], [-0.1, 1.0], [-0.1, 1.0], [-0.1, 1.0], [-3.6351241692909233, 0.42335131097727985], [-0.9769183989499992, 1.1236269488575596], [-1.9035513241752593, 1.3615339353534233], [0.32188685833074804, 2.3173220832340404], [-0.6125184424923835, 2.7088010244563865], [-1.0156236700578178, 1.300097643856932], [-1.4026371056557283, 6.11292947530571], [-0.7169950228232279, 3.3032634050648815], [-0.7856874150981881, 0.8341938086272257], [-0.527513004764509, 2.439110129645856], [-0.9436399543409112, 0.8139641770525373]], "mse": 0.5137811648030273, "vol": 175577.89245024713, "inc": 333, "msevvol": 2.926229251490848e-06, "msevinc": 0.0015428863807898717}