{"beta": [0.011889934966009761, 0.09758419427237798, 0.058285587087993126, 0.11071339004803282, 0.06268347060754667, 0.5518688449237891, 0.06405565449319094, -0.021578640242744637, 0.09597713036978152, -0.01171899971469517, -0.0208420677701976, 0.009689614858898209, -0.014770631115705122, -0.006107577728266292, 0.06792002220064054, -0.07265743255045758, -0.04361862353470234], "R": [[-0.10000000000000002, 1.0], [-0.09999999999999998, 1.0], [-0.1, 1.0], [-0.1, 1.0], [-0.09999999999999998, 1.0], [-3.6351241692909233, 1.5608071224502655], [-0.9769183989499992, 1.1236269488575596], [-1.091692286670829, 1.0438499641560357], [-0.2609245741916466, 2.3173220832340404], [-0.6125184424923835, 2.708801024456387], [-1.0156236700578178, 2.172004748495182], [-1.402637105655728, 1.392571634698486], [-0.7169950228232279, 2.6155313392359414], [-0.7856874150981881, 2.7073885696402087], [-0.527513004764509, 2.439110129645856], [-0.9436399543409112, 2.057167275597624]], "mse": 0.5806463002500138, "vol": 296801.5799713098, "inc": 978, "msevvol": 1.956345044747207e-06, "msevinc": 0.0005937078734662718}