{"beta": [0.12311943924157599, 0.1289981874246763, 0.13478212413949697, 0.12963007775482932, 0.11223717475297433, 0.5255378882804473, -0.020588270546501627, -0.050440959571338186, 0.05110184259009009, -0.002509403074635685, 0.004261303777359809, -0.014877156066966974, -0.00269364414245177, 0.010462580691281488, 7.620303612578756e-05, -0.034868605493741794, -0.11303022282101208], "R": [[-0.1, 1.1], [-0.09999999999999998, 1.1], [-0.09999999999999998, 1.1], [-0.09999999999999998, 1.1], [-0.09999999999999998, 1.1], [-2.679562738466629, 7.308664912350221], [-0.976292805095683, 1.0242828737245417], [-2.2510396912444732, 2.6261580138030496], [-2.4821366099920725, 2.31791943291289], [-1.5180186531120405, 2.709040126011043], [-1.8879968750577953, 2.172291814934038], [-1.4028577002652836, 6.115344285810739], [-0.7168216464527583, 3.304913477522386], [-0.7857143967286861, 2.7073977753677876], [-0.5275743359844131, 2.438774607923275], [-0.9437099428352796, 2.570881909663535]], "mse": 0.7367813726589727, "vol": 21998782.064252328, "inc": 2427, "msevvol": 3.34919165300624e-08, "msevinc": 0.0003035769973872982}