{"beta": [0.017187981513993946, 0.12239591050199844, 0.09163256761730763, 0.13620845428396136, 0.04680975407438316, 0.6593512659585686, 0.08545770054715703, 0.09923863102582739, 0.07287235601249627, -0.016241880849926817, -0.012458216568157232, -0.07820298874104795, 0.0030688154898126196, 0.023543192524662873, 0.07058776470648236, -0.11677966306617464, -0.0330149865460052], "R": [[-0.10000000000000002, 1.0], [-0.09999999999999998, 1.0], [-0.1, 1.0], [-0.1, 1.0], [-0.09999999999999998, 1.0], [-3.6351241692909233, 0.9953106252690934], [-0.9769183989499992, 1.1236269488575596], [-0.721060986940548, 1.0438499641560357], [0.1547121783677281, 1.8565891115311715], [-0.6125184424923835, 2.708801024456387], [-1.8875307746960677, 2.172004748495182], [-0.9176072856051262, 6.11292947530571], [-0.7169950228232279, 3.3032634050648815], [-0.7856874150981881, 2.7073885696402087], [-0.527513004764509, 2.439110129645856], [-0.9436399543409112, 2.571568308445986]], "mse": 0.46510571755979074, "vol": 653159.3291477525, "inc": 389, "msevvol": 7.120861584671299e-07, "msevinc": 0.0011956445181485623}