{"beta": [-0.23570716269550965, -0.10728387746385033, -0.12541023579661573, -0.16322272033547439, -0.14729485481839613, 0.4595980909719963, 0.12842864727993855, -0.023294555659270133, 0.09361827291143354, -0.01804522173342599, -0.01912781787183149, -0.025337583580159365, -0.004253832223080995, -0.048483396025285674, -0.08155544667563448, -0.02820217151585824, 0.02111562977665316], "R": [[-0.1, 1.0], [-0.1, 1.0], [-0.1, 1.0], [-0.09999999999999998, 1.0], [-0.10000000000000003, 1.0], [-1.0927549702923685, 0.622077656583161], [-0.9784111940537747, 1.1220651665449353], [-2.251719604905245, 2.62540587901384], [-0.20452034801761765, 2.317941267123266], [-1.4169791737417383, 0.19341199994802688], [-1.8872194904270159, 0.5288209346652153], [-1.4032255388300936, 1.776612536423588], [-0.7175431378773933, 3.3033577420364177], [-0.7862811582964232, 0.5807928967458698], [-0.5274526967944777, 2.4394401474107608], [-0.9437002178516671, 1.2288885645495409]], "mse": 0.46509655110797166, "vol": 31284.32894853695, "inc": 469, "msevvol": 1.4866758109884996e-05, "msevinc": 0.000991677081253671}