{"beta": [-0.07377416820184293, 0.07035745753195091, -0.11540414293261703, 0.032898922336646624, 0.05647810698712583, 0.7319191225976549, 0.054475100758555946, -0.01337618858680037, 0.0889086004697312, -0.09059107697918196, -0.015597168947541946, 0.06338969160079576, -0.03346349512844233, 0.0044780686102393885, 0.20274205929388708, -0.1913839462516073, 0.035351393569999515], "R": [[-0.10000000000000003, 1.1], [-0.10000000000000002, 1.0], [-0.10000000000000002, 1.1], [-0.10000000000000002, 1.0], [-0.1, 1.1], [-2.470205330007855, 1.2130783176773057], [-0.9784111940537747, 1.1220651665449353], [-0.1220236401856436, 1.6782284328700074], [0.3221742195998747, 2.317941267123266], [-1.4169791737417383, 2.708998760482675], [-1.0152060153962723, 1.3008344096959592], [-1.4032255388300936, 0.6216732582034576], [-0.7175431378773933, 0.5581186713268562], [-0.7862811582964232, 0.8342077077543283], [-0.5274526967944777, 2.4394401474107608], [-0.9437002178516671, 0.8143708080692992]], "mse": 0.572906833079296, "vol": 12126.109362929252, "inc": 149, "msevvol": 4.7245725395709394e-05, "msevinc": 0.003845012302545611}