{"beta": [-0.24645106567534025, -0.04589818430684977, -0.0676656310423812, -0.21764937205518384, -0.06475564866254718, 0.5741969937620525, 0.16861869674274121, 0.014322482940992491, 0.11513007494600122, -0.029393048225733985, -0.010622564617187103, -0.016993160056732938, -0.037184173201728406, 0.040818501833796005, -0.277210475968458, -0.02696500967054738, -0.032745926923681355], "R": [[-0.1, 1.1], [-0.1, 1.1], [-0.1, 1.0], [-0.09999999999999998, 1.1], [-0.10000000000000003, 1.1], [-1.1183494871114064, 0.7104950783216553], [-0.9784111940537747, 1.1220651665449353], [-1.233944038249425, 0.9016491072381567], [-0.017851574136274806, 2.317941267123266], [-1.4169791737417383, 0.19341199994802688], [-1.0152060153962723, 0.5288209346652153], [-1.4032255388300936, 1.3916327770168782], [-0.7175431378773933, 1.4398650282300434], [-0.7862811582964232, 0.8342077077543283], [-0.5274526967944777, 2.4394401474107608], [-0.9437002178516671, 0.8143708080692992]], "mse": 0.524312988705809, "vol": 5538.954616901118, "inc": 231, "msevvol": 9.465919563701835e-05, "msevinc": 0.002269753197860645}