{"beta": [0.07701794489986999, 0.03996482612461114, 0.02725451448001058, -0.034225906683694136, -0.1896812923344552, 0.14103723791443457, -0.28913222088919216, 0.3169195295791233, 0.14763051764292132, 0.010540436042539259, 0.9908430086026159, -0.8802264530818626], "R": [[-2.7959321704778626, 6.122627160047834], [-2.746572466088649, 3.5331412060101], [-0.8923016965419261, 5.334375481884964], [-2.4563033545612583, 4.986747718998426], [-2.4742496470777513, 5.631750263799668], [-2.462565505455457, 0.10502973887308364], [-1.898207975706763, 3.6099946272353787], [-3.452326015876494, 1.212901168098679], [-0.688649780344704, 1.7988029782571497], [-1.5448575338251724, 0.7921097593287006], [-0.9615978541703436, 1.139935764897052]], "mse": 0.9181253159634922, "vol": 16959052.167157363, "inc": 42, "msevvol": 5.4137772967142555e-08, "msevinc": 0.02186012657055934}