{"beta": [-0.08213218193587815, -0.10110152942069235, -0.03167182301899048, 0.24445342033115616, -0.13362077722108964, -0.2089184298827843, -0.3392832578683145, 0.15229090123418734, 0.02396110701230599, 0.010607021967704383, 0.10874181761227278, -0.044823887523426614], "R": [[-2.7959321704778626, 6.122627160047834], [-2.746572466088649, 3.5331412060101], [-2.877433136057892, 5.334375481884963], [-2.4563033545612583, 4.986747718998426], [-2.4742496470777513, 5.631750263799668], [-2.462565505455457, 2.6726249832016244], [-1.898207975706763, 3.6099946272353787], [-3.452326015876494, 4.224581498035601], [-0.688649780344704, 1.7988029782571497], [-1.5448575338251727, 0.7921097593287006], [-1.0615978541703437, 1.139935764897052]], "mse": 0.715729310616517, "vol": 77111034.85853748, "inc": 306, "msevvol": 9.281801391066065e-09, "msevinc": 0.002338984675217376}