{"beta": [-0.2473364871099141, 0.011036408622961152, 0.06406615567617865, 0.356568578145924, -0.31600851902931953, -0.12857371135699955, -0.3258478533925358, 0.13985572226174922, 0.00461301824787058, 0.13279239267651138, 0.0969507230602376, -0.10175694765552612], "R": [[-2.7959321704778626, 6.122627160047834], [-2.746572466088649, 3.5331412060101], [-2.877433136057892, 5.334375481884963], [-2.4563033545612583, 4.986747718998426], [-2.4742496470777513, 5.631750263799668], [-2.462565505455457, 0.927561486982597], [-1.898207975706763, 3.6099946272353787], [-3.452326015876494, 1.212901168098679], [-0.688649780344704, 1.7988029782571497], [-1.4448575338251723, 0.7921097593287006], [-0.9615978541703437, 1.139935764897052]], "mse": 0.6626343469153685, "vol": 28267047.543842584, "inc": 87, "msevvol": 2.344193697228596e-08, "msevinc": 0.007616486746153661}