{"beta": [0.1998676259058679, -0.17511920580275037, -0.1296250801913097, 0.05565033122392329, -0.14087218831642784, -0.12863845301531385, -0.31207698102459797, 0.12029288272229259, 0.037131254249911726, 0.06139126010196099, 0.029883360716841632, -0.046462134116401946], "R": [[-2.7959321704778626, 6.122627160047834], [-0.2822393713835798, 3.5331412060101], [-2.877433136057892, 5.334375481884963], [-2.4563033545612583, 4.986747718998426], [-2.4742496470777513, 5.631750263799668], [-1.5400337573459435, 0.10502973887308364], [-1.380432770845575, 3.6099946272353787], [-3.452326015876494, 0.8534344606990591], [-0.688649780344704, 1.6988029782571497], [-1.4448575338251728, 0.7921097593287006], [-0.9615978541703438, 1.139935764897052]], "mse": 0.42046015800334624, "vol": 6688519.855546005, "inc": 77, "msevvol": 6.286296027882879e-08, "msevinc": 0.0054605215325109905}