{"beta": [-5.524767042817804, 6.524778445136878, 7.6245360702927485, -15.449774787763493, 5.253124947694249, 9.487036301615413, 6.6624890676894974, 0.9178944242074313, 5.223648333072188, 5.420109533416908, 3.4901580458263712, -11.80737208185587], "R": [[-0.0269854366434657, 2.286101732679678], [-0.6200012420557325, 3.5331412060101], [-2.877433136057892, 5.334375481884964], [-2.4563033545612583, 4.986747718998426], [-1.7154163211712992, 0.26108365654805554], [-2.462565505455457, 0.10502973887308364], [0.1555054823205536, 3.6099946272353787], [-3.452326015876494, 0.6018077655193252], [-0.688649780344704, 1.7988029782571497], [-1.4448575338251728, 0.7921097593287006], [-0.9615978541703436, 1.139935764897052]], "mse": 142.48727931944543, "vol": 487994.29782256024, "inc": 5, "msevvol": 0.0002919855415426499, "msevinc": 28.497455863889087}