{"beta": [-0.08213218193588204, -0.10110152942068977, -0.031671823018988146, 0.24445342033113818, -0.13362077722107824, -0.20891842988277584, -0.33928325786831426, 0.15229090123418682, 0.023961107012305867, 0.010607021967704924, 0.10874181761227293, -0.044823887523426566], "R": [[-2.7959321704778626, 6.122627160047834], [-2.746572466088649, 3.5331412060101], [-2.877433136057892, 5.334375481884963], [-2.4563033545612583, 4.986747718998426], [-2.4742496470777513, 5.631750263799668], [-2.462565505455457, 2.6726249832016244], [-1.898207975706763, 3.6099946272353787], [-3.452326015876494, 4.224581498035601], [-0.688649780344704, 1.7988029782571497], [-1.5448575338251727, 0.7921097593287006], [-1.0615978541703437, 1.139935764897052]], "mse": 0.7157293106165169, "vol": 77111034.85853748, "inc": 306, "msevvol": 9.281801391066063e-09, "msevinc": 0.0023389846752173756}