{"beta": [-0.43792199691867695, 0.1169585535296227, 0.3391874734400765, -0.0331208603311516, 0.05553547412631736, -0.19776896667449537, -0.34873327530663956, 0.10130897029626572, 0.3532879646468268, 0.026027470515652698, 0.8918964248068235, -0.7708333333333334], "R": [[-0.0269854366434657, 6.122627160047834], [-0.9577631127278853, 3.5331412060101], [-0.8923016965419261, 5.334375481884964], [-2.4563033545612583, 4.986747718998426], [-2.4742496470777513, 0.26108365654805554], [-2.362565505455457, 0.5162956129278403], [-0.24998221651530494, 3.6099946272353787], [-3.452326015876494, 4.224581498035601], [-0.688649780344704, 1.7988029782571497], [-1.4448575338251728, 0.7921097593287006], [-0.9615978541703436, 1.139935764897052]], "mse": 1.0509655405714458, "vol": 3492542.52165686, "inc": 10, "msevvol": 3.0091703509822074e-07, "msevinc": 0.10509655405714458}