{"beta": [0.34352475851827147, -0.25885036060244926, -0.23941028342626977, 0.8413630922695436, -0.7177640599552852, -0.42492066571249665, -0.5101146196037759, 0.1806695405126418, -0.014831243420263108, -0.16299639112085354, -1.3823023020767982, 1.593465749412655], "R": [[-2.7959321704778626, 6.122627160047834], [-0.6200012420557325, 3.5331412060101], [-0.4210188366629348, 5.334375481884964], [-2.4563033545612583, 4.986747718998426], [-2.4742496470777513, 0.9199169824545071], [-2.462565505455457, 0.5162956129278403], [-0.6186073972751758, 3.6099946272353787], [-3.452326015876494, 0.7096477777392116], [-0.688649780344704, 1.6988029782571497], [-1.4448575338251728, 0.7921097593287006], [-0.9615978541703436, 1.139935764897052]], "mse": 0.8036541816744166, "vol": 3168895.7254134677, "inc": 30, "msevvol": 2.5360701370808224e-07, "msevinc": 0.026788472722480552}