{"beta": [-0.7583586696461483, 0.4173303959692187, 0.47135565154398396, 0.6019421719853053, -0.7102413743926765, -0.5209783444183285, -0.2774987911196674, 0.1545532722404573, 0.5397752739713801, 0.01579087155651196, -0.9106497961968354, 0.9935198129902639], "R": [[-0.0269854366434657, 2.286101732679678], [-0.9577631127278853, 3.5331412060101], [-0.8923016965419261, 5.334375481884964], [-2.4563033545612583, 4.986747718998426], [-1.7154163211712992, 0.26108365654805554], [-2.362565505455457, 0.5162956129278403], [-0.24998221651530494, 3.6099946272353787], [-3.452326015876494, 1.3207411803185654], [-0.688649780344704, 1.7988029782571497], [-1.4448575338251728, 0.7921097593287006], [-0.9615978541703436, 1.139935764897052]], "mse": 0.805826261354547, "vol": 590178.9899592225, "inc": 9, "msevvol": 1.365392999520746e-06, "msevinc": 0.08953625126161634}