{"beta": [-0.002423902559930669, -0.12414402940422346, -0.007900680678344166, 1.4494048687132202, -0.872448599713767, -0.7981999173094246, -0.3747872011732363, 0.2949479059431257, -0.049771194971152885, 0.020483236362824335, 0.08839344581747936, 0.04543913827218355], "R": [[-2.7959321704778626, 6.122627160047834], [-0.6200012420557326, 3.5331412060101], [-2.877433136057892, 5.334375481884963], [-2.4563033545612583, 0.0580470032919701], [-2.4742496470777513, 5.631750263799668], [-1.5400337573459435, 2.6726249832016244], [-1.380432770845575, 3.6099946272353787], [-0.8001123933391919, 0.8534344606990591], [-0.688649780344704, 1.6988029782571497], [-1.4448575338251726, 0.7921097593287006], [-0.9615978541703438, 1.139935764897052]], "mse": 0.3929763183570282, "vol": 2418711.2790453695, "inc": 67, "msevvol": 1.6247343027735427e-07, "msevinc": 0.0058653181844332564}