{"beta": [-0.11713195734222107, -0.06961592029588093, 0.07555100738330328, -0.02662088424278016, 0.3297462053587216, -0.1364327455594812, -0.47340383706262895, -0.14773903413723086, -0.08627587978727067, 0.11384872299417366, 0.19018564370708088, 0.2064262139767268], "R": [[-2.7959321704778626, 6.122627160047834], [0.055522499288573, 1.7443318526493365], [-1.3635845564209177, 5.334375481884963], [-2.4563033545612583, 4.986747718998426], [-2.4742496470777513, 0.26108365654805565], [-1.5400337573459435, 2.672624983201624], [-0.8766450238070856, 1.4948436390814168], [-0.9438990762990407, 0.8534344606990591], [-0.688649780344704, 1.7988029782571497], [-1.4448575338251728, 0.7921097593287006], [-0.9615978541703438, 1.139935764897052]], "mse": 0.44868911967629305, "vol": 431256.80743299803, "inc": 24, "msevvol": 1.0404221149506223e-06, "msevinc": 0.01869537998651221}