{"beta": [0.6481619592259863, -0.5242897239266252, -0.3659196735675025, 0.5319041644289628, -0.5831669471628866, -0.11358192442011096, -0.4078338164387093, 0.19796625459879189, 0.022090260498935217, -0.060002611745857505, -1.1264038445489124, 1.402592929497536], "R": [[-2.7959321704778626, 6.122627160047834], [-2.746572466088649, 3.5331412060101], [-0.8923016965419261, 5.334375481884964], [-2.4563033545612583, 4.986747718998426], [-2.4742496470777513, 5.631750263799668], [-2.362565505455457, 0.10502973887308364], [-0.4097197948445819, 3.6099946272353787], [-3.452326015876494, 0.9253278021789841], [-0.688649780344704, 1.6988029782571497], [-1.4448575338251728, 0.7921097593287006], [-0.9615978541703436, 1.139935764897052]], "mse": 0.9347598743516378, "vol": 10253916.926752763, "inc": 25, "msevvol": 9.116124901624885e-08, "msevinc": 0.03739039497406551}