{"beta": [-0.24319803277092594, 0.2284904335229684, 0.23364027328514228, -0.06101302418827779, 0.004693616348362973, -0.07929585643584047], "R": [[-1.3767654645611844, 0.25665751699863015], [-0.8371252108305604, 0.8121829326680108], [-1.310910811246963, 1.0850455297911856], [-0.5313915329587728, 2.3180798036097925], [-1.0217648016985406, 1.0848754456205048]], "mse": 0.785391272939396, "vol": 38.74663885529525, "inc": 103, "msevvol": 0.02026992007932739, "msevinc": 0.007625157989702874}