{"beta": [-0.11354988791004783, 0.2312242316707123, 0.1665618008423947, -0.058163183707034875, 0.030780260140996576, -0.03599372969883919], "R": [[-1.3767654645611844, 0.25665751699863015], [-1.761779282579846, 0.8121829326680108], [-1.310910811246963, 1.0850455297911856], [-0.5313915329587728, 2.4180798036097926], [-1.0217648016985406, 1.0848754456205048]], "mse": 0.8024382732921806, "vol": 62.59134530924831, "inc": 67, "msevvol": 0.012820275220600103, "msevinc": 0.01197669064615195}