{"beta": [0.8795865255412433, 0.27280969417445644, -0.17896612255449024, 0.09137915286820207, 0.08006638385396286, 0.46333028511097585], "R": [[-1.3767654645611844, 3.615181352813236], [-1.761779282579846, 0.9121829326680108], [-1.310910811246963, -0.06293264072788862], [-0.5313915329587728, 2.4180798036097926], [-1.0217648016985406, 1.0848754456205048]], "mse": 1.0648169042156221, "vol": 103.50629465209579, "inc": 31, "msevvol": 0.0102874603693879, "msevinc": 0.034348932394052324}