{"beta": [0.8795865255412461, 0.2728096941744577, 0.03312311218466279, 0.09137915286820215, 0.08006638385396317, 0.7201514324057129], "R": [[-1.3767654645611844, 3.615181352813236], [-1.761779282579846, 0.9121829326680108], [-1.310910811246963, -0.06293264072788862], [-0.5313915329587728, 2.4180798036097926], [-1.0217648016985406, 1.0848754456205048]], "mse": 0.7148204998043085, "vol": 103.50629465209579, "inc": 49, "msevvol": 0.006906058247055942, "msevinc": 0.01458817346539405}