{"beta": [0.05759551156929122, 0.20723016877342634, 0.09891184907977521, -0.11896702994766274, 0.0998920422083338, 0.04840678379005169], "R": [[-1.3767654645611844, 3.615181352813236], [-1.761779282579846, 0.9121829326680108], [-1.310910811246963, 1.0850455297911856], [-0.43139153295877297, 2.4180798036097926], [-1.0217648016985406, 1.0848754456205048]], "mse": 0.7990356526486266, "vol": 191.98123709624488, "inc": 151, "msevvol": 0.004162050754199748, "msevinc": 0.0052916268387326265}