{"beta": [-0.2179890121235773, 0.22639925414835435, 0.19077917200205002, -0.05591781938532172, -0.0013587848246579435, -0.08839248399666748], "R": [[-1.3767654645611844, 0.25665751699863015], [-1.6617792825798456, 0.9121829326680108], [-1.310910811246963, 2.3330237003102603], [-0.5313915329587728, 2.4180798036097926], [-1.0217648016985406, 1.1848754456205048]], "mse": 0.8345824901744063, "vol": 99.7119265300016, "inc": 59, "msevvol": 0.008369936468164566, "msevinc": 0.01414546593515943}