{"beta": [-0.11354988791004805, 0.23122423167071207, 0.16656180084239444, -0.0581631837070347, 0.03078026014099656, -0.03599372969883934], "R": [[-1.3767654645611844, 0.25665751699863015], [-1.761779282579846, 0.8121829326680108], [-1.310910811246963, 1.0850455297911856], [-0.5313915329587728, 2.4180798036097926], [-1.0217648016985406, 1.0848754456205048]], "mse": 0.7836107377511429, "vol": 62.59134530924831, "inc": 116, "msevvol": 0.012519474280022527, "msevinc": 0.006755264980613301}