{"beta": [0.8795865255412474, 0.2728096941744578, 0.07270194976977155, 0.09137915286820228, 0.08006638385396317, 0.76807787473411], "R": [[-1.2767654645611843, 3.615181352813236], [-0.8371252108305604, 0.8121829326680108], [-1.310910811246963, -0.06293264072788862], [-0.5313915329587728, 2.3180798036097925], [-1.0217648016985406, 1.0848754456205048]], "mse": 1.064816904215624, "vol": 60.44288547217504, "inc": 31, "msevvol": 0.01761691050811619, "msevinc": 0.03434893239405239}