{"beta": [-0.06849967094655807, 0.159878877367484, -0.02560016056327061, -0.09933133439640422, 0.1290137035281007, -0.026813218695275136], "R": [[-1.3767654645611844, 3.615181352813236], [-1.761779282579846, 0.9121829326680108], [-1.310910811246963, 2.3330237003102603], [-0.43139153295877297, 2.3180798036097925], [-1.0217648016985406, 1.1848754456205048]], "mse": 0.8920795298691516, "vol": 295.1049612472742, "inc": 106, "msevvol": 0.0030229228478529735, "msevinc": 0.008415844621407091}