{"beta": [-0.07703289937755704, -0.012273082979275188, 0.08217290877266002, -0.06784584154023378, 0.052640599470678, 0.11292473694638235], "R": [[-1.3767654645611844, 3.615181352813236], [-0.012471139081274785, 0.8121829326680108], [-1.310910811246963, 2.3330237003102603], [-0.5313915329587728, 2.4180798036097926], [-1.0217648016985406, 1.1848754456205048]], "mse": 0.8023004401326609, "vol": 97.63106703820247, "inc": 76, "msevvol": 0.00821767562797122, "msevinc": 0.010556584738587643}