{"0": {"beta": [-0.04619347650890851, -0.03797375714687766, 0.11888103982009049, -0.00862305358496817, -0.010794530634487966, -0.0014303505217229996, -0.26675598388370747], "R": [[-0.9258200997725514, 1.720185174601965], [-1.13130082502003, 1.4962299892472228], [-1.2772928491263928, 1.3340984998439032], [0.10996693593382956, 26.150966377476646], [-0.9760197726155687, 19.14347425562218], [-3.261858092384089, 4.1252797458964094]], "mse": 0.0585689603481445, "vol": 70268.61443765758, "inc": 247, "msevvol": 8.335009992278554e-07, "msevinc": 0.00023712129695605062}, "1": {"beta": [0.45738050877963865, -3.0570587025176623, 1.387915756601527, -0.29356005081535197, -1.0751435324374659, -0.8363727758801196, 0.3449540818456832], "R": [[-0.2314550249431379, 1.3887301496588271], [-1.13130082502003, 1.4962299892472228], [-1.0309213942438957, 1.3340984998439032], [0.810762911016324, 2.6198539802672225], [-0.9760197726155687, 1.1092630160261188], [-3.261858092384089, 1.8943224353550219]], "mse": 0.04416873689842223, "vol": 195.83971700059092, "inc": 6, "msevvol": 0.00022553513441958743, "msevinc": 0.0073614561497370385}, "2": {"beta": [0.45738050877963865, -3.0570587025176623, 1.387915756601527, -0.29356005081535197, -1.0751435324374659, -0.8363727758801196, 0.3449540818456832], "R": [[-0.2314550249431379, 1.3887301496588271], [-1.13130082502003, 1.4962299892472228], [-1.0309213942438957, 1.3340984998439032], [0.810762911016324, 2.6198539802672225], [-0.9760197726155687, 1.1092630160261188], [-3.261858092384089, 1.8943224353550219]], "mse": 0.04416873689842223, "vol": 195.83971700059092, "inc": 6, "msevvol": 0.00022553513441958743, "msevinc": 0.0073614561497370385}}