{"0": {"beta": [-0.026238599779320172, -0.06077806054383241, 0.07411093878123357, -0.01029955098736683, -0.03343778427783267, -0.12063127425382889, -0.030022360979454807], "R": [[-1.7201851746019652, 1.7201851746019647], [-1.13130082502003, 1.4962299892472228], [-1.2772928491263928, 1.3340984998439032], [-0.23821647948833946, 26.150966377476646], [-0.2674368737871602, 19.14347425562218], [0.48014167472300884, 4.1252797458964094]], "mse": 0.20029762427578865, "vol": 44076.877637462625, "inc": 482, "msevvol": 4.544278882983944e-06, "msevinc": 0.00041555523708669843}, "1": {"beta": [-0.11500756541517425, -1.1958772957541826, 0.6125316254306582, -0.12170173766926899, -0.450221441643401, 0.07663108874160733, -0.6231620140204762], "R": [[0.23145502494313785, 0.9258200997725514], [-1.13130082502003, 1.4962299892472228], [-1.0309213942438957, 0.852134110167008], [0.36058266964219265, 26.150966377476646], [-0.9760197726155687, 1.1150541795725155], [0.8288437800843271, 1.7587160610478425]], "mse": 0.07261133268864958, "vol": 172.28572921129498, "inc": 4, "msevvol": 0.0004214587767719139, "msevinc": 0.018152833172162396}, "2": {"beta": [0.10533388491063143, -0.061021764784515806, -0.33840038350528096, 0.2591310806795414, -0.48281636327587213, -0.05763864189946397, -0.7891463867329886], "R": [[0.23145502494313785, 0.9258200997725514], [-1.13130082502003, 1.4962299892472228], [-1.0309213942438957, 0.7043158204751291], [0.36058266964219265, 26.150966377476646], [-0.9760197726155687, 1.1150541795725155], [0.8288437800843271, 1.7587160610478425]], "mse": 0.04825130618213421, "vol": 158.76144287418091, "inc": 4, "msevvol": 0.00030392332866597567, "msevinc": 0.012062826545533553}}