{"0": {"beta": [-0.22313718206245942, 0.015285134474493103, 0.045043733925944136, -0.029456145527619614, -0.024585079484428268, -0.12140185959912714, -0.02817494416569029], "R": [[-1.6923938634770468, 1.6968959665685883], [-1.0618306677398395, 1.5755795222543156], [-1.1934563591118503, 1.420181465660709], [-0.08647837480099341, 26.016148822943872], [-0.9565511514060261, 18.73081024720397], [-3.150865099136967, 4.357104412223306]], "mse": 0.397007690980633, "vol": 90141.75924616263, "inc": 790, "msevvol": 4.404259405415739e-06, "msevinc": 0.0005025413809881431}, "1": {"beta": [-0.463563850944411, -3.1735155695273423, 1.7333333333333336, -0.008333333333333331, 0.20000000000000018, -0.43333333333333346, -1.0666666666666667], "R": [[-1.6923938634770468, 1.6968959665685883], [-1.0618306677398395, 1.5755795222543156], [-1.1934563591118503, 1.420181465660709], [2.833451870578658, 22.956307575489344], [-0.9565511514060261, 18.73081024720397], [-3.150865099136967, 4.357104412223306]], "mse": 0.10307471981738678, "vol": 69491.45772016549, "inc": 1, "msevvol": 1.4832718034561515e-06, "msevinc": 0.10307471981738678}, "2": {"beta": [-0.463563850944411, -3.1735155695273423, 1.7333333333333336, -0.008333333333333331, 0.20000000000000018, -0.43333333333333346, -1.0666666666666667], "R": [[-1.6923938634770468, 1.6968959665685883], [-1.0618306677398395, 1.5755795222543156], [-1.1934563591118503, 1.420181465660709], [2.833451870578658, 22.956307575489344], [-0.9565511514060261, 18.73081024720397], [-3.150865099136967, 4.357104412223306]], "mse": 0.10307471981738678, "vol": 69491.45772016549, "inc": 1, "msevvol": 1.4832718034561515e-06, "msevinc": 0.10307471981738678}}