{"0": {"beta": [0.061014278415596056, -0.17880498292024885, 0.2744774920334212, -0.05329694480110939, -0.23150240549850223, -0.06087834944605176, -0.17350648423514123], "R": [[-1.7201851746019652, 0.9258200997725514], [-1.03130082502003, 1.4962299892472228], [-0.886479052440575, 1.3340984998439032], [0.19049429006932506, 26.150966377476646], [0.09559036306354746, 1.0959008413253646], [0.15081190854843052, 4.1252797458964094]], "mse": 0.12267307431437964, "vol": 1532.7788546522108, "inc": 15, "msevvol": 8.003312019998755e-05, "msevinc": 0.008178204954291977}, "1": {"beta": [0.05441697250666753, -0.4927618595146183, -0.08896524565735421, 0.1542885961418996, -0.637801358753988, 0.033752273878329304, -0.7798040741757156], "R": [[0.23145502494313785, 0.9258200997725514], [-1.13130082502003, 1.4962299892472228], [-1.2772928491263928, 0.7043158204751291], [0.36058266964219265, 26.150966377476646], [-0.9760197726155687, 1.1150541795725155], [0.7900991017108473, 1.8168330786080622]], "mse": 0.07728371874043459, "vol": 200.18830846841223, "inc": 4, "msevvol": 0.00038605510647305965, "msevinc": 0.019320929685108647}, "2": {"beta": [0.10533388491063143, -0.061021764784515806, -0.33840038350528096, 0.2591310806795414, -0.48281636327587213, -0.05763864189946397, -0.7891463867329886], "R": [[0.23145502494313785, 0.9258200997725514], [-1.13130082502003, 1.4962299892472228], [-1.0309213942438957, 0.7043158204751291], [0.36058266964219265, 26.150966377476646], [-0.9760197726155687, 1.1150541795725155], [0.8288437800843271, 1.7587160610478425]], "mse": 0.04825130618213421, "vol": 158.76144287418091, "inc": 4, "msevvol": 0.00030392332866597567, "msevinc": 0.012062826545533553}}