{"0": {"beta": [-0.05991856416399498, 0.0667121815305878, 0.02606892483479489, -0.009338898679095875, -0.03552140449841992, 0.019793616402476254, -0.5371282905530744], "R": [[-1.6923938634770468, 1.6968959665685883], [-1.0618306677398395, 1.5755795222543156], [-1.1934563591118503, 1.420181465660709], [0.18213661692982397, 26.016148822943872], [-0.956551151406026, 18.730810247203966], [-3.1508650991369676, 4.357104412223306]], "mse": 0.04570528406653692, "vol": 89214.13507519024, "inc": 128, "msevvol": 5.123098938079288e-07, "msevinc": 0.0003570725317698197}, "1": {"beta": [0.004264941772027047, -1.1461921381211104, 0.5405604398535099, -0.26543460850774536, -0.3639306259597633, -0.31938305455949034, 0.0], "R": [[-0.4326521070968158, 1.6968959665685883], [-1.0618306677398395, 1.5755795222543156], [-1.1934563591118503, 1.420181465660709], [1.1697450905418862, 2.5489707147813854], [-0.956551151406026, 1.0729472686313895], [-3.1508650991369676, 2.0312269060677512]], "mse": 0.004474087341760567, "vol": 212.9313899922791, "inc": 1, "msevvol": 2.101187308232383e-05, "msevinc": 0.004474087341760567}, "2": {"beta": [0.004264941772027047, -1.1461921381211104, 0.5405604398535099, -0.26543460850774536, -0.3639306259597633, -0.31938305455949034, 0.0], "R": [[-0.4326521070968158, 1.6968959665685883], [-1.0618306677398395, 1.5755795222543156], [-1.1934563591118503, 1.420181465660709], [1.1697450905418862, 2.5489707147813854], [-0.956551151406026, 1.0729472686313895], [-3.1508650991369676, 2.0312269060677512]], "mse": 0.004474087341760567, "vol": 212.9313899922791, "inc": 1, "msevvol": 2.101187308232383e-05, "msevinc": 0.004474087341760567}}