{"0": {"beta": [-0.21339667898009038, -0.07994038980377492, 0.0434656002569146, -0.026869133892987805, -0.05238661868909128, -0.19351978145230744, 0.04988438180245154], "R": [[-1.6923938634770468, 1.6968959665685883], [-1.0618306677398395, 1.5755795222543156], [-1.1934563591118503, 1.420181465660709], [-0.23792987968180168, 26.016148822943872], [-0.956551151406026, 18.730810247203966], [-0.7855915309255617, 4.357104412223306]], "mse": 0.6692330761546859, "vol": 62102.19338054268, "inc": 1809, "msevvol": 1.0776319478022884e-05, "msevinc": 0.0003699464213127064}, "1": {"beta": [0.004264941772027047, -1.1461921381211104, 0.5405604398535099, -0.26543460850774536, -0.3639306259597633, -0.31938305455949034, 0.0], "R": [[-0.4326521070968158, 1.6968959665685883], [-1.0618306677398395, 1.5755795222543156], [-1.1934563591118503, 1.420181465660709], [1.1697450905418862, 2.5489707147813854], [-0.956551151406026, 1.0729472686313895], [-3.1508650991369676, 2.0312269060677512]], "mse": 0.008942949732412714, "vol": 212.9313899922791, "inc": 6, "msevvol": 4.199920797369043e-05, "msevinc": 0.0014904916220687856}, "2": {"beta": [0.004264941772027047, -1.1461921381211104, 0.5405604398535099, -0.26543460850774536, -0.3639306259597633, -0.31938305455949034, 0.0], "R": [[-0.4326521070968158, 1.6968959665685883], [-1.0618306677398395, 1.5755795222543156], [-1.1934563591118503, 1.420181465660709], [1.1697450905418862, 2.5489707147813854], [-0.956551151406026, 1.0729472686313895], [-3.1508650991369676, 2.0312269060677512]], "mse": 0.008942949732412714, "vol": 212.9313899922791, "inc": 6, "msevvol": 4.199920797369043e-05, "msevinc": 0.0014904916220687856}}