{"0": {"beta": [-0.22313718206246078, 0.01528513447449249, 0.04504373392594543, -0.029456145527619552, -0.024585079484427487, -0.12140185959912768, -0.028174944165689744], "R": [[-1.6923938634770468, 1.6968959665685883], [-1.0618306677398395, 1.5755795222543156], [-1.1934563591118503, 1.420181465660709], [-0.08647837480099341, 26.016148822943872], [-0.956551151406026, 18.730810247203966], [-3.1508650991369676, 4.357104412223306]], "mse": 0.3970076909806331, "vol": 90141.75924616263, "inc": 790, "msevvol": 4.404259405415741e-06, "msevinc": 0.0005025413809881432}, "1": {"beta": [0.004264941772027047, -1.1461921381211104, 0.5405604398535099, -0.26543460850774536, -0.3639306259597633, -0.31938305455949034, 0.0], "R": [[-0.4326521070968158, 1.6968959665685883], [-1.0618306677398395, 1.5755795222543156], [-1.1934563591118503, 1.420181465660709], [1.1697450905418862, 2.5489707147813854], [-0.956551151406026, 1.0729472686313895], [-3.1508650991369676, 2.0312269060677512]], "mse": 0.008942949732412714, "vol": 212.9313899922791, "inc": 6, "msevvol": 4.199920797369043e-05, "msevinc": 0.0014904916220687856}, "2": {"beta": [0.004264941772027047, -1.1461921381211104, 0.5405604398535099, -0.26543460850774536, -0.3639306259597633, -0.31938305455949034, 0.0], "R": [[-0.4326521070968158, 1.6968959665685883], [-1.0618306677398395, 1.5755795222543156], [-1.1934563591118503, 1.420181465660709], [1.1697450905418862, 2.5489707147813854], [-0.956551151406026, 1.0729472686313895], [-3.1508650991369676, 2.0312269060677512]], "mse": 0.008942949732412714, "vol": 212.9313899922791, "inc": 6, "msevvol": 4.199920797369043e-05, "msevinc": 0.0014904916220687856}}