{"0": {"beta": [0.13958481367281755, 4.4122632236055124e-05, 0.010123913040951765, -0.008548875324470656, -0.023322898007173163, -0.09863318894570404, -0.5061172238487007], "R": [[0.14721877109329962, 1.6968959665685883], [-0.9618306677398394, 1.4755795222543155], [-1.1934563591118503, 1.4201814656607088], [-0.23792987968180157, 26.016148822943872], [0.28804745291576905, 18.730810247203966], [0.19931002047070223, 4.357104412223306]], "mse": 0.13065834910971125, "vol": 19874.721133045612, "inc": 141, "msevvol": 6.574097228084684e-06, "msevinc": 0.0009266549582249025}, "1": {"beta": [-0.10714932973855221, -0.3124195680144131, -0.5579170018847867, -0.21427015380643186, -0.34191637796386826, -0.6477665250037605, 0.5241784845540216], "R": [[-1.6923938634770468, 1.3069605274735303], [-0.6998090723154677, 1.4755795222543155], [-1.1934563591118503, 0.3421754190628678], [-0.23792987968180157, 2.833451870578658], [0.7079568998149331, 1.8944850476035209], [0.6917607961688321, 1.4599840062579181]], "mse": 0.0869008435415648, "vol": 28.051170647359047, "inc": 10, "msevvol": 0.0030979399980851177, "msevinc": 0.00869008435415648}, "2": {"beta": [0.4109565933277204, -0.35873100778120964, -0.6458735807376486, -0.2299274647726977, -0.31764759562769584, -0.6573783748655015, -0.02809579488059678], "R": [[0.14721877109329962, 1.3069605274735303], [-0.6998090723154677, 1.4755795222543155], [-1.1934563591118503, 0.3421754190628678], [-0.23792987968180157, 2.833451870578658], [0.7079568998149331, 1.8944850476035209], [0.6917607961688321, 1.4599840062579181]], "mse": 0.12499243959939241, "vol": 10.846372143699712, "inc": 10, "msevvol": 0.011523893698594535, "msevinc": 0.012499243959939241}}