{"0": {"beta": [-0.09123596116462403, -0.04568848498472533, 0.06680497336641479, -0.011190370778511344, -0.04149843438258077, -0.10544139491224085, 0.015691169112414513], "R": [[-0.6943650748294137, 1.720185174601965], [-1.13130082502003, 1.4962299892472233], [-1.2772928491263928, 1.3340984998439032], [-0.23821647948833946, 26.150966377476646], [-0.9760197726155688, 19.14347425562218], [-0.120400840065926, 4.1252797458964094]], "mse": 0.23975053347066388, "vol": 37346.1934114288, "inc": 816, "msevvol": 6.419677926192463e-06, "msevinc": 0.0002938119282728724}, "1": {"beta": [0.10742577170096912, 0.1122696529312382, 0.015562979345165606, -0.2229102046451899, -0.19484072302926833, 0.03924749350131181, -0.26731108649482316], "R": [[0.4629100498862757, 1.1572751247156892], [-0.8674424950569903, -0.32998717277822054], [-0.9378416881736423, 0.1600647930125333], [-0.23821647948833946, 0.41854186267069554], [0.29326520283190666, 1.2753245071744201], [0.5188863530964887, 1.4100139556865243]], "mse": 0.0926563774502732, "vol": 0.23549342929373598, "inc": 10, "msevvol": 0.3934563173510074, "msevinc": 0.009265637745027321}, "2": {"beta": [0.10742577170096912, 0.1122696529312382, 0.015562979345165606, -0.2229102046451899, -0.19484072302926833, 0.03924749350131181, -0.26731108649482316], "R": [[0.4629100498862757, 1.1572751247156892], [-0.8674424950569903, -0.32998717277822054], [-0.9378416881736423, 0.1600647930125333], [-0.23821647948833946, 0.41854186267069554], [0.29326520283190666, 1.2753245071744201], [0.5188863530964887, 1.4100139556865243]], "mse": 0.0926563774502732, "vol": 0.23549342929373598, "inc": 10, "msevvol": 0.3934563173510074, "msevinc": 0.009265637745027321}}