{"0": {"beta": [0.0037704593668977885, -0.015908989937840495, 0.11897141193725803, -0.010886339342817313, -0.01574339539870411, -0.004010486074824089, -0.2677677131943417], "R": [[-1.720185174601965, 1.720185174601965], [-1.13130082502003, 1.4962299892472228], [-1.2772928491263928, 1.3340984998439032], [0.10686876193617478, 26.150966377476646], [-0.9760197726155687, 19.14347425562218], [-3.261858092384089, 4.1252797458964094]], "mse": 0.09320637616123041, "vol": 91375.03301490477, "inc": 321, "msevvol": 1.020042051815477e-06, "msevinc": 0.0002903625425583502}, "1": {"beta": [0.4573805087795214, -3.057058702517252, 1.387915756601308, -0.2935600508153233, -1.0751435324373886, -0.8363727758801053, 0.34495408184576476], "R": [[-0.2314550249431379, 1.3887301496588271], [-1.13130082502003, 1.4962299892472228], [-1.0309213942438957, 1.3340984998439032], [0.810762911016324, 2.6198539802672225], [-0.9760197726155687, 1.1092630160261188], [-3.261858092384089, 1.8943224353550219]], "mse": 0.044168736898411914, "vol": 195.83971700059092, "inc": 6, "msevvol": 0.00022553513441953474, "msevinc": 0.007361456149735319}, "2": {"beta": [0.4573805087795214, -3.057058702517252, 1.387915756601308, -0.2935600508153233, -1.0751435324373886, -0.8363727758801053, 0.34495408184576476], "R": [[-0.2314550249431379, 1.3887301496588271], [-1.13130082502003, 1.4962299892472228], [-1.0309213942438957, 1.3340984998439032], [0.810762911016324, 2.6198539802672225], [-0.9760197726155687, 1.1092630160261188], [-3.261858092384089, 1.8943224353550219]], "mse": 0.044168736898411914, "vol": 195.83971700059092, "inc": 6, "msevvol": 0.00022553513441953474, "msevinc": 0.007361456149735319}}