{"0": {"beta": [-0.08831103740958608, -0.01905504495870856, 0.1395821596888453, -0.009994808615336064, -0.024574936111177777, 0.006189863658780661, -0.48221266546357006], "R": [[-1.6923938634770468, 1.6968959665685883], [-1.0618306677398395, 1.5755795222543156], [-1.1934563591118503, 1.420181465660709], [0.12429277170740516, 26.016148822943872], [-0.9565511514060261, 18.73081024720397], [-3.150865099136967, 4.357104412223306]], "mse": 0.05592464755826731, "vol": 89413.89067566718, "inc": 185, "msevvol": 6.254581601993355e-07, "msevinc": 0.00030229539220685034}, "1": {"beta": [-0.463563850944411, -3.1735155695273423, 1.7333333333333336, -0.008333333333333331, 0.20000000000000018, -0.43333333333333346, -1.0666666666666667], "R": [[-1.6923938634770468, 1.6968959665685883], [-1.0618306677398395, 1.5755795222543156], [-1.1934563591118503, 1.420181465660709], [2.833451870578658, 22.956307575489344], [-0.9565511514060261, 18.73081024720397], [-3.150865099136967, 4.357104412223306]], "mse": 0.10307471981738678, "vol": 69491.45772016549, "inc": 1, "msevvol": 1.4832718034561515e-06, "msevinc": 0.10307471981738678}, "2": {"beta": [-0.463563850944411, -3.1735155695273423, 1.7333333333333336, -0.008333333333333331, 0.20000000000000018, -0.43333333333333346, -1.0666666666666667], "R": [[-1.6923938634770468, 1.6968959665685883], [-1.0618306677398395, 1.5755795222543156], [-1.1934563591118503, 1.420181465660709], [2.833451870578658, 22.956307575489344], [-0.9565511514060261, 18.73081024720397], [-3.150865099136967, 4.357104412223306]], "mse": 0.10307471981738678, "vol": 69491.45772016549, "inc": 1, "msevvol": 1.4832718034561515e-06, "msevinc": 0.10307471981738678}}