{"0": {"beta": [0.05214212552856771, 0.015876726696639566, 0.17213940628911706, -0.20539780294102836, -0.1104628858499901, -0.1661722665017302, 0.1323005594750762], "R": [[-0.4326521070968158, 1.6968959665685883], [-1.0618306677398395, 1.5755795222543156], [-1.1934563591118503, 1.420181465660709], [1.085291593698083, 26.016148822943872], [-0.956551151406026, 18.730810247203966], [-3.1508650991369676, 2.0903209991515275]], "mse": 0.02037329424439733, "vol": 37762.85671713429, "inc": 7, "msevvol": 5.395061712890295e-07, "msevinc": 0.0029104706063424754}, "1": {"beta": [0.25683122272089876, -2.069950787125584, 0.7808642294920426, -0.05678446992825108, -0.6504555684370319, -0.24171030337852775, -0.8763627871099748], "R": [[-1.0125229852869313, 1.6968959665685883], [-1.0618306677398395, 1.5755795222543156], [-1.1934563591118503, 1.420181465660709], [1.1697450905418862, 2.5489707147813854], [-0.956551151406026, 1.0729472686313895], [-3.1508650991369676, 2.0312269060677512]], "mse": 0.14769009880044529, "vol": 270.9121013159461, "inc": 3, "msevvol": 0.000545158736295078, "msevinc": 0.049230032933481764}, "2": {"beta": [-0.0921634359571567, 0.2491540774183801, 0.07686663457039962, -0.3031410702211086, 0.025211662933863357, -0.22551234590040178, 0.43781256205316255], "R": [[-0.4326521070968158, 1.6968959665685883], [-1.0618306677398395, 1.5755795222543156], [-1.1934563591118503, 1.420181465660709], [1.1697450905418862, 2.5489707147813854], [-0.956551151406026, 1.0729472686313895], [-3.1508650991369676, 2.0312269060677512]], "mse": 0.027097588703458065, "vol": 212.9313899922791, "inc": 1, "msevvol": 0.00012725971828033726, "msevinc": 0.027097588703458065}}