{"0": {"beta": [-0.046581528591678883, -0.954040250423947, 0.7107857592743357, -0.04208412036375837, -0.08870061885577994, -0.05096173354568333, -0.564441119082248], "R": [[-1.6923938634770468, 0.727089649283415], [-1.0618306677398395, 1.5755795222543156], [-1.1934563591118503, 1.420181465660709], [0.3727205719208413, 26.016148822943872], [0.06043621328900328, 18.730810247203966], [0.27810214458240123, 1.656964316537171]], "mse": 0.030914725642501847, "vol": 11010.212839366028, "inc": 9, "msevvol": 2.807822709109584e-06, "msevinc": 0.0034349695158335386}, "1": {"beta": [0.03220313620562268, -0.36644293542810263, 0.3516450542630886, 0.00585620132122662, 0.003160498411966531, -0.05686443576709318, -0.6080985446282997], "R": [[-1.0125229852869313, 0.727089649283415], [-1.0618306677398395, 1.5755795222543156], [-0.9510517274502693, 0.46092640004167795], [0.3727205719208413, 2.5489707147813854], [-0.9565511514060262, 18.730810247203966], [0.35689426869410235, 1.656964316537171]], "mse": 0.03476198228352897, "vol": 360.8454897147372, "inc": 8, "msevvol": 9.633481164198478e-05, "msevinc": 0.004345247785441121}, "2": {"beta": [0.09174329359453011, -0.5394347200637412, 0.4862731548104674, 0.049174715619989845, -0.10756013424235263, 0.13597533772325687, -0.9017440840618474], "R": [[-1.6923938634770468, 0.727089649283415], [-1.0618306677398395, 1.5755795222543156], [-0.9510517274502693, 0.46092640004167795], [0.3727205719208413, 2.5489707147813854], [-0.5459334386468693, 18.730810247203966], [0.4553844238337288, 1.656964316537171]], "mse": 0.01992182142395433, "vol": 454.1752393268143, "inc": 4, "msevvol": 4.386373297998977e-05, "msevinc": 0.004980455355988582}}