{"0": {"beta": [0.04890768742272748, -1.012089379745742, 0.5376144827276479, -0.0887353523931371, -0.4742938076442265, 0.2687239700881465, -0.9113301159713951], "R": [[0.23145502494313785, 0.9258200997725514], [-1.13130082502003, 1.4962299892472228], [-1.0309213942438957, 0.7043158204751291], [0.3308777251536011, 26.150966377476646], [-0.9760197726155687, 1.1150541795725155], [0.8288437800843271, 1.7587160610478425]], "mse": 0.12433945992498337, "vol": 158.94430172191775, "inc": 5, "msevvol": 0.0007822832185737772, "msevinc": 0.024867891984996674}, "1": {"beta": [0.10533388491063143, -0.061021764784515806, -0.33840038350528096, 0.2591310806795414, -0.48281636327587213, -0.05763864189946397, -0.7891463867329886], "R": [[0.23145502494313785, 0.9258200997725514], [-1.13130082502003, 1.4962299892472228], [-1.0309213942438957, 0.7043158204751291], [0.36058266964219265, 26.150966377476646], [-0.9760197726155687, 1.1150541795725155], [0.8288437800843271, 1.7587160610478425]], "mse": 0.04825130618213421, "vol": 158.76144287418091, "inc": 4, "msevvol": 0.00030392332866597567, "msevinc": 0.012062826545533553}, "2": {"beta": [0.10533388491063143, -0.061021764784515806, -0.33840038350528096, 0.2591310806795414, -0.48281636327587213, -0.05763864189946397, -0.7891463867329886], "R": [[0.23145502494313785, 0.9258200997725514], [-1.13130082502003, 1.4962299892472228], [-1.0309213942438957, 0.7043158204751291], [0.36058266964219265, 26.150966377476646], [-0.9760197726155687, 1.1150541795725155], [0.8288437800843271, 1.7587160610478425]], "mse": 0.04825130618213421, "vol": 158.76144287418091, "inc": 4, "msevvol": 0.00030392332866597567, "msevinc": 0.012062826545533553}}