{"0": {"beta": [-0.15156030399448536, -0.011007982951607084, 0.019037207084763877, -0.006612901521480725, -0.010484241244079913, -0.0800519239646278, -0.33009148215755413], "R": [[0.14721877109329962, 1.3069605274735303], [-1.0618306677398395, 1.5755795222543156], [-1.0934563591118502, 1.3201814656607087], [-0.23792987968180157, 26.016148822943872], [0.5772472138265673, 18.730810247203966], [-0.09616044494817699, 4.357104412223306]], "mse": 0.15985009484529888, "vol": 15669.251921758188, "inc": 101, "msevvol": 1.0201514127380415e-05, "msevinc": 0.001582674206389098}, "1": {"beta": [-0.10714932973855221, -0.3124195680144131, -0.5579170018847867, -0.21427015380643186, -0.34191637796386826, -0.6477665250037605, 0.5241784845540216], "R": [[-1.6923938634770468, 1.3069605274735303], [-0.6998090723154677, 1.4755795222543155], [-1.1934563591118503, 0.3421754190628678], [-0.23792987968180157, 2.833451870578658], [0.7079568998149331, 1.8944850476035209], [0.6917607961688321, 1.4599840062579181]], "mse": 0.1235236005449081, "vol": 28.051170647359047, "inc": 14, "msevvol": 0.004403509646629937, "msevinc": 0.008823114324636293}, "2": {"beta": [0.4109565933277204, -0.35873100778120964, -0.6458735807376486, -0.2299274647726977, -0.31764759562769584, -0.6573783748655015, -0.02809579488059678], "R": [[0.14721877109329962, 1.3069605274735303], [-0.6998090723154677, 1.4755795222543155], [-1.1934563591118503, 0.3421754190628678], [-0.23792987968180157, 2.833451870578658], [0.7079568998149331, 1.8944850476035209], [0.6917607961688321, 1.4599840062579181]], "mse": 0.20121610216275443, "vol": 10.846372143699712, "inc": 13, "msevvol": 0.018551465826260997, "msevinc": 0.015478161704827263}}