{"0": {"beta": [-0.08819789258383447, -0.07452127801806244, 0.0762791265692775, -0.01662879601915236, -0.03790394924185006, -0.15290827717927954, -0.11110875056009607], "R": [[-1.6923938634770468, 1.6968959665685883], [-1.0618306677398395, 1.5755795222543156], [-1.1934563591118503, 1.4201814656607088], [-0.23792987968180157, 26.016148822943872], [-0.13709819908529042, 18.730810247203966], [-0.05676438289232655, 4.357104412223306]], "mse": 0.3317438740565509, "vol": 51082.45455712946, "inc": 416, "msevvol": 6.494282174431068e-06, "msevinc": 0.0007974612357128628}, "1": {"beta": [0.41095659332772044, -0.35873100778121136, -0.6458735807376494, -0.2299274647726989, -0.31764759562769807, -0.6573783748655087, -0.028095794880586715], "R": [[0.14721877109329962, 1.3069605274735303], [-0.6998090723154677, 1.4755795222543155], [-1.1934563591118503, 0.3421754190628678], [-0.23792987968180157, 2.833451870578658], [0.7079568998149331, 1.8944850476035209], [0.6917607961688321, 1.4599840062579181]], "mse": 0.12499243959939292, "vol": 10.846372143699712, "inc": 10, "msevvol": 0.011523893698594582, "msevinc": 0.012499243959939291}, "2": {"beta": [0.41095659332772044, -0.35873100778121136, -0.6458735807376494, -0.2299274647726989, -0.31764759562769807, -0.6573783748655087, -0.028095794880586715], "R": [[0.14721877109329962, 1.3069605274735303], [-0.6998090723154677, 1.4755795222543155], [-1.1934563591118503, 0.3421754190628678], [-0.23792987968180157, 2.833451870578658], [0.7079568998149331, 1.8944850476035209], [0.6917607961688321, 1.4599840062579181]], "mse": 0.12499243959939292, "vol": 10.846372143699712, "inc": 10, "msevvol": 0.011523893698594582, "msevinc": 0.012499243959939291}}