{"0": {"beta": [-0.11245500894526717, -0.04333026531966545, 0.050053421990421884, -0.014763631766318201, -0.03469789261695019, -0.15796192000725343, 0.048082741230738864], "R": [[-1.7201851746019652, 1.7201851746019647], [-1.13130082502003, 1.4962299892472228], [-1.2772928491263928, 1.3340984998439032], [-0.23821647948833946, 26.150966377476646], [-0.9760197726155687, 19.14347425562218], [-1.0502731210294418, 4.1252797458964094]], "mse": 0.6259472254474031, "vol": 64867.135682594475, "inc": 2485, "msevvol": 9.64968190533748e-06, "msevinc": 0.00025189023156837147}, "1": {"beta": [0.10533388491063143, -0.061021764784515806, -0.33840038350528096, 0.2591310806795414, -0.48281636327587213, -0.05763864189946397, -0.7891463867329886], "R": [[0.23145502494313785, 0.9258200997725514], [-1.13130082502003, 1.4962299892472228], [-1.0309213942438957, 0.7043158204751291], [0.36058266964219265, 26.150966377476646], [-0.9760197726155687, 1.1150541795725155], [0.8288437800843271, 1.7587160610478425]], "mse": 0.03013141078286614, "vol": 158.76144287418091, "inc": 10, "msevvol": 0.00018979048210556644, "msevinc": 0.003013141078286614}, "2": {"beta": [0.10533388491063143, -0.061021764784515806, -0.33840038350528096, 0.2591310806795414, -0.48281636327587213, -0.05763864189946397, -0.7891463867329886], "R": [[0.23145502494313785, 0.9258200997725514], [-1.13130082502003, 1.4962299892472228], [-1.0309213942438957, 0.7043158204751291], [0.36058266964219265, 26.150966377476646], [-0.9760197726155687, 1.1150541795725155], [0.8288437800843271, 1.7587160610478425]], "mse": 0.03013141078286614, "vol": 158.76144287418091, "inc": 10, "msevvol": 0.00018979048210556644, "msevinc": 0.003013141078286614}}