{"0": {"beta": [-0.7559665113642999, 1.9667142138190514, -3.4829642987782328, 1.4505620689394418, 0.024678391050283435, 2.1923822415300345, -7.24875472256571], "R": [[-0.4326521070968158, 1.6968959665685883], [-1.0618306677398395, 1.5755795222543156], [-1.1934563591118503, 1.420181465660709], [1.085291593698083, 2.5489707147813854], [-0.956551151406026, 1.2469659897572498], [-3.1508650991369676, 2.0312269060677512]], "mse": 0.07056382573412634, "vol": 245.34542579087486, "inc": 7, "msevvol": 0.0002876101134009845, "msevinc": 0.01008054653344662}, "1": {"beta": [0.25683122272089876, -2.069950787125584, 0.7808642294920426, -0.05678446992825108, -0.6504555684370319, -0.24171030337852775, -0.8763627871099748], "R": [[-1.0125229852869313, 1.6968959665685883], [-1.0618306677398395, 1.5755795222543156], [-1.1934563591118503, 1.420181465660709], [1.1697450905418862, 2.5489707147813854], [-0.956551151406026, 1.0729472686313895], [-3.1508650991369676, 2.0312269060677512]], "mse": 0.010322248773195689, "vol": 270.9121013159461, "inc": 8, "msevvol": 3.8101837175437074e-05, "msevinc": 0.0012902810966494611}, "2": {"beta": [-0.0921634359571567, 0.2491540774183801, 0.07686663457039962, -0.3031410702211086, 0.025211662933863357, -0.22551234590040178, 0.43781256205316255], "R": [[-0.4326521070968158, 1.6968959665685883], [-1.0618306677398395, 1.5755795222543156], [-1.1934563591118503, 1.420181465660709], [1.1697450905418862, 2.5489707147813854], [-0.956551151406026, 1.0729472686313895], [-3.1508650991369676, 2.0312269060677512]], "mse": 0.015209427641359435, "vol": 212.9313899922791, "inc": 6, "msevvol": 7.142877168984306e-05, "msevinc": 0.0025349046068932394}}