{"0": {"beta": [-0.15737977580510393, -0.048463043467101646, 0.07351179746451497, -0.02292265406108887, -0.04018570424608206, -0.07242976856794048, 0.03750201633896444], "R": [[-1.1572751247156892, 1.720185174601965], [-1.13130082502003, 1.4962299892472233], [-1.2772928491263928, 1.3340984998439032], [-0.23821647948833946, 26.150966377476646], [-0.9760197726155688, 19.14347425562218], [-3.261858092384089, 4.1252797458964094]], "mse": 0.38791795228763476, "vol": 77436.96427249236, "inc": 1662, "msevvol": 5.009467454361888e-06, "msevinc": 0.0002334043034221629}, "1": {"beta": [0.10742577170097029, 0.11226965293123724, 0.015562979345165486, -0.22291020464518999, -0.19484072302926858, 0.03924749350131257, -0.26731108649482543], "R": [[0.4629100498862757, 1.1572751247156892], [-0.8674424950569903, -0.32998717277822054], [-0.9378416881736423, 0.1600647930125333], [-0.23821647948833946, 0.41854186267069554], [0.29326520283190666, 1.2753245071744201], [0.5188863530964887, 1.4100139556865243]], "mse": 0.09265637745027325, "vol": 0.23549342929373598, "inc": 10, "msevvol": 0.39345631735100756, "msevinc": 0.009265637745027325}, "2": {"beta": [0.10742577170097029, 0.11226965293123724, 0.015562979345165486, -0.22291020464518999, -0.19484072302926858, 0.03924749350131257, -0.26731108649482543], "R": [[0.4629100498862757, 1.1572751247156892], [-0.8674424950569903, -0.32998717277822054], [-0.9378416881736423, 0.1600647930125333], [-0.23821647948833946, 0.41854186267069554], [0.29326520283190666, 1.2753245071744201], [0.5188863530964887, 1.4100139556865243]], "mse": 0.09265637745027325, "vol": 0.23549342929373598, "inc": 10, "msevvol": 0.39345631735100756, "msevinc": 0.009265637745027325}}