{"0": {"beta": [-0.09434047088529912, -0.04139354108019777, 0.07373896692513705, -0.017196139146275182, -0.040822938316151976, -0.11552684095480475, 0.018931709917432937], "R": [[-1.720185174601965, 1.720185174601965], [-1.13130082502003, 1.496229989247223], [-1.2772928491263928, 1.3340984998439032], [-0.2382164794883394, 26.150966377476646], [-0.9760197726155686, 19.14347425562218], [-0.9340390859090022, 4.1252797458964094]], "mse": 0.39186010031583013, "vol": 63410.33113997727, "inc": 2417, "msevvol": 6.1797516788046e-06, "msevinc": 0.00016212664473141502}, "1": {"beta": [-0.03161228715500493, 0.9103466383637951, -0.6817360563713959, 0.33079012961200616, -0.3859396494514087, -0.26846238719828175, -0.13589451255203305], "R": [[-0.2314550249431378, 0.9258200997725514], [-1.13130082502003, 1.496229989247223], [-0.9192739747865711, 1.3340984998439032], [0.15690404318190215, 26.150966377476646], [0.15759265114861537, 1.0959008413253646], [0.7900991017108473, 1.468130973246744]], "mse": 0.11787584683747959, "vol": 113.31494520091063, "inc": 11, "msevvol": 0.0010402497801899153, "msevinc": 0.010715986076134509}, "2": {"beta": [-0.03161228715500493, 0.9103466383637951, -0.6817360563713959, 0.33079012961200616, -0.3859396494514087, -0.26846238719828175, -0.13589451255203305], "R": [[-0.2314550249431378, 0.9258200997725514], [-1.13130082502003, 1.496229989247223], [-0.9192739747865711, 1.3340984998439032], [0.15690404318190215, 26.150966377476646], [0.15759265114861537, 1.0959008413253646], [0.7900991017108473, 1.468130973246744]], "mse": 0.11787584683747959, "vol": 113.31494520091063, "inc": 11, "msevvol": 0.0010402497801899153, "msevinc": 0.010715986076134509}}