{"0": {"beta": [0.03307226287720913, -0.03928805120832855, -0.04420218943872071, -0.0011160701191024467, -0.06699426374470531, -0.0614080250294108, -0.5793057663544725], "R": [[-1.6923938634770468, 1.6968959665685883], [-1.0618306677398395, 1.5755795222543156], [-1.1934563591118503, 1.420181465660709], [1.0852915936980834, 26.016148822943872], [-0.9565511514060261, 18.73081024720397], [-3.150865099136967, 4.357104412223306]], "mse": 0.0408019355678581, "vol": 86095.21613032435, "inc": 28, "msevvol": 4.739164079232376e-07, "msevinc": 0.0014572119845663607}, "1": {"beta": [-0.463563850944411, -3.1735155695273423, 1.7333333333333336, -0.008333333333333331, 0.20000000000000018, -0.43333333333333346, -1.0666666666666667], "R": [[-1.6923938634770468, 1.6968959665685883], [-1.0618306677398395, 1.5755795222543156], [-1.1934563591118503, 1.420181465660709], [2.833451870578658, 22.956307575489344], [-0.9565511514060261, 18.73081024720397], [-3.150865099136967, 4.357104412223306]], "mse": 0.10307471981738678, "vol": 69491.45772016549, "inc": 1, "msevvol": 1.4832718034561515e-06, "msevinc": 0.10307471981738678}, "2": {"beta": [-0.463563850944411, -3.1735155695273423, 1.7333333333333336, -0.008333333333333331, 0.20000000000000018, -0.43333333333333346, -1.0666666666666667], "R": [[-1.6923938634770468, 1.6968959665685883], [-1.0618306677398395, 1.5755795222543156], [-1.1934563591118503, 1.420181465660709], [2.833451870578658, 22.956307575489344], [-0.9565511514060261, 18.73081024720397], [-3.150865099136967, 4.357104412223306]], "mse": 0.10307471981738678, "vol": 69491.45772016549, "inc": 1, "msevvol": 1.4832718034561515e-06, "msevinc": 0.10307471981738678}}