{"0": {"beta": [-0.10714932973855221, -0.3124195680144131, -0.5579170018847867, -0.21427015380643186, -0.34191637796386826, -0.6477665250037605, 0.5241784845540216], "R": [[-1.5923938634770467, 1.3069605274735303], [-0.6998090723154677, 1.4755795222543155], [-1.1934563591118503, 0.3421754190628678], [-0.23792987968180157, 2.833451870578658], [0.7079568998149331, 1.8944850476035209], [0.6917607961688321, 1.4599840062579181]], "mse": 0.1235236005449081, "vol": 27.115930359249287, "inc": 14, "msevvol": 0.0045553886187340055, "msevinc": 0.008823114324636293}, "1": {"beta": [0.4109565933277204, -0.35873100778120964, -0.6458735807376486, -0.2299274647726977, -0.31764759562769584, -0.6573783748655015, -0.02809579488059678], "R": [[0.14721877109329962, 1.3069605274735303], [-0.6998090723154677, 1.4755795222543155], [-1.1934563591118503, 0.3421754190628678], [-0.23792987968180157, 2.833451870578658], [0.7079568998149331, 1.8944850476035209], [0.6917607961688321, 1.4599840062579181]], "mse": 0.20121610216275443, "vol": 10.846372143699712, "inc": 13, "msevvol": 0.018551465826260997, "msevinc": 0.015478161704827263}, "2": {"beta": [0.4109565933277204, -0.35873100778120964, -0.6458735807376486, -0.2299274647726977, -0.31764759562769584, -0.6573783748655015, -0.02809579488059678], "R": [[0.14721877109329962, 1.3069605274735303], [-0.6998090723154677, 1.4755795222543155], [-1.1934563591118503, 0.3421754190628678], [-0.23792987968180157, 2.833451870578658], [0.7079568998149331, 1.8944850476035209], [0.6917607961688321, 1.4599840062579181]], "mse": 0.20121610216275443, "vol": 10.846372143699712, "inc": 13, "msevvol": 0.018551465826260997, "msevinc": 0.015478161704827263}}