{"0": {"beta": [-0.11245500894526717, -0.04333026531966545, 0.050053421990421884, -0.014763631766318201, -0.03469789261695019, -0.15796192000725343, 0.048082741230738864], "R": [[-1.720185174601965, 1.720185174601965], [-1.13130082502003, 1.496229989247223], [-1.2772928491263928, 1.3340984998439032], [-0.2382164794883394, 26.150966377476646], [-0.9760197726155686, 19.14347425562218], [-1.0502731210294416, 4.1252797458964094]], "mse": 0.39039506145722197, "vol": 64867.13568259446, "inc": 1643, "msevvol": 6.018379836709441e-06, "msevinc": 0.00023761111470311746}, "1": {"beta": [-0.03161228715500493, 0.9103466383637951, -0.6817360563713959, 0.33079012961200616, -0.3859396494514087, -0.26846238719828175, -0.13589451255203305], "R": [[-0.2314550249431378, 0.9258200997725514], [-1.13130082502003, 1.496229989247223], [-0.9192739747865711, 1.3340984998439032], [0.15690404318190215, 26.150966377476646], [0.15759265114861537, 1.0959008413253646], [0.7900991017108473, 1.468130973246744]], "mse": 0.14543324171477706, "vol": 113.31494520091063, "inc": 7, "msevvol": 0.0012834427220250583, "msevinc": 0.020776177387825296}, "2": {"beta": [-0.03161228715500493, 0.9103466383637951, -0.6817360563713959, 0.33079012961200616, -0.3859396494514087, -0.26846238719828175, -0.13589451255203305], "R": [[-0.2314550249431378, 0.9258200997725514], [-1.13130082502003, 1.496229989247223], [-0.9192739747865711, 1.3340984998439032], [0.15690404318190215, 26.150966377476646], [0.15759265114861537, 1.0959008413253646], [0.7900991017108473, 1.468130973246744]], "mse": 0.14543324171477706, "vol": 113.31494520091063, "inc": 7, "msevvol": 0.0012834427220250583, "msevinc": 0.020776177387825296}}