{"0": {"beta": [0.013399221499134013, 0.08882053755457527, 0.01144877404269186, -0.18493907660304773, -0.0215495479959383, 0.0036304047370409953, -0.17502399129897572], "R": [[-0.46291004988627577, 1.3887301496588271], [-1.13130082502003, 0.27641002462573927], [-1.1772928491263928, 0.3397134485108203], [-0.05228905841453885, 26.150966377476646], [-0.03059509778874192, 19.14347425562218], [0.5770033706567084, 1.9524394529152416]], "mse": 0.14772043962134646, "vol": 2732.545485868554, "inc": 97, "msevvol": 5.4059645259443044e-05, "msevinc": 0.0015228911301169738}, "1": {"beta": [-0.03161228715500655, 0.9103466383637844, -0.6817360563713859, 0.3307901296120071, -0.3859396494514077, -0.26846238719828186, -0.1358945125520322], "R": [[-0.2314550249431378, 0.9258200997725514], [-1.13130082502003, 1.496229989247223], [-0.9192739747865711, 1.3340984998439032], [0.15690404318190215, 26.150966377476646], [0.15759265114861537, 1.0959008413253646], [0.7900991017108473, 1.468130973246744]], "mse": 0.14543324171477703, "vol": 113.31494520091063, "inc": 7, "msevvol": 0.001283442722025058, "msevinc": 0.02077617738782529}, "2": {"beta": [-0.03161228715500655, 0.9103466383637844, -0.6817360563713859, 0.3307901296120071, -0.3859396494514077, -0.26846238719828186, -0.1358945125520322], "R": [[-0.2314550249431378, 0.9258200997725514], [-1.13130082502003, 1.496229989247223], [-0.9192739747865711, 1.3340984998439032], [0.15690404318190215, 26.150966377476646], [0.15759265114861537, 1.0959008413253646], [0.7900991017108473, 1.468130973246744]], "mse": 0.14543324171477703, "vol": 113.31494520091063, "inc": 7, "msevvol": 0.001283442722025058, "msevinc": 0.02077617738782529}}