{"0": {"beta": [0.18203781330655858, -0.0713536140237952, -0.006226395642596035, -0.004668327048961912, -0.01983704184259225, -0.1405148298628353, -0.2641007025401609], "R": [[-0.23145502494313774, 1.3887301496588271], [-1.13130082502003, -0.024361043261973525], [-1.0309213942438957, 0.6006259924694063], [-0.23821647948833946, 26.150966377476646], [-0.022698792056915384, 19.14347425562218], [0.5770033706567084, 4.1252797458964094]], "mse": 0.15165555350293553, "vol": 5251.303614316897, "inc": 103, "msevvol": 2.8879601074573035e-05, "msevinc": 0.001472384014591607}, "1": {"beta": [0.1169793009906045, 0.1743149358254604, -0.009343625425498615, -0.1317078330458244, -0.2592436701905946, 0.019280743856160035, -0.1918642529081519], "R": [[0.4629100498862757, 1.1572751247156892], [-0.8674424950569903, -0.32998717277822054], [-0.9378416881736423, 0.1600647930125333], [-0.23821647948833946, 0.41854186267069554], [0.29326520283190666, 1.2753245071744201], [-3.261858092384089, 1.4100139556865243]], "mse": 0.07756081875695381, "vol": 1.2346101350962693, "inc": 17, "msevvol": 0.06282211408454538, "msevinc": 0.004562401103350224}, "2": {"beta": [0.10742577170097029, 0.11226965293123724, 0.015562979345165486, -0.22291020464518999, -0.19484072302926858, 0.03924749350131257, -0.26731108649482543], "R": [[0.4629100498862757, 1.1572751247156892], [-0.8674424950569903, -0.32998717277822054], [-0.9378416881736423, 0.1600647930125333], [-0.23821647948833946, 0.41854186267069554], [0.29326520283190666, 1.2753245071744201], [0.5188863530964887, 1.4100139556865243]], "mse": 0.09265637745027325, "vol": 0.23549342929373598, "inc": 10, "msevvol": 0.39345631735100756, "msevinc": 0.009265637745027325}}