{"0": {"beta": [-0.05527146847952039, -0.038871837203181714, -0.019050133919752174, -0.0071688693551347354, -0.04295197062943547, 0.008322167307568715, -0.6045782730131369], "R": [[-1.0125229852869313, 1.6968959665685883], [-1.0618306677398395, 1.5755795222543156], [-1.1934563591118503, 0.46092640004167795], [0.3330088236587143, 26.016148822943872], [-0.9565511514060262, 18.730810247203966], [0.27810214458240123, 4.357104412223306]], "mse": 0.02907333809251371, "vol": 24382.566600180777, "inc": 69, "msevvol": 1.192382187209863e-06, "msevinc": 0.00042135272597845953}, "1": {"beta": [0.0917432935945296, -0.5394347200637, 0.486273154810431, 0.04917471561998902, -0.1075601342423571, 0.13597533772324763, -0.9017440840618338], "R": [[-1.6923938634770468, 0.727089649283415], [-1.0618306677398395, 1.5755795222543156], [-0.9510517274502693, 0.46092640004167795], [0.3727205719208413, 2.5489707147813854], [-0.5459334386468693, 18.730810247203966], [0.4553844238337288, 1.656964316537171]], "mse": 0.01992182142395406, "vol": 454.1752393268143, "inc": 4, "msevvol": 4.3863732979989174e-05, "msevinc": 0.004980455355988515}, "2": {"beta": [0.0917432935945296, -0.5394347200637, 0.486273154810431, 0.04917471561998902, -0.1075601342423571, 0.13597533772324763, -0.9017440840618338], "R": [[-1.6923938634770468, 0.727089649283415], [-1.0618306677398395, 1.5755795222543156], [-0.9510517274502693, 0.46092640004167795], [0.3727205719208413, 2.5489707147813854], [-0.5459334386468693, 18.730810247203966], [0.4553844238337288, 1.656964316537171]], "mse": 0.01992182142395406, "vol": 454.1752393268143, "inc": 4, "msevvol": 4.3863732979989174e-05, "msevinc": 0.004980455355988515}}