{"0": {"beta": [0.00668612578543675, -0.17190122945181058, 0.059361881680957754, -0.0013420937675272231, 0.010974758751284971, -0.06276691470593339, -0.42966924544913027], "R": [[-1.7201851746019652, 1.720185174601965], [-1.13130082502003, 1.4962299892472228], [-1.2772928491263928, 1.3340984998439032], [0.4022730169370732, 26.150966377476646], [-0.9760197726155688, 19.14347425562218], [-3.261858092384089, 4.1252797458964094]], "mse": 0.057319772327334755, "vol": 90338.61493845953, "inc": 76, "msevvol": 6.3449912716043e-07, "msevinc": 0.0007542075306228257}, "1": {"beta": [0.900534508746947, -2.931983070714173, 2.1685009047468315, 0.08867059529490276, -1.0071052887701168, -0.715531452045849, 0.0], "R": [[-1.7201851746019652, 1.720185174601965], [-1.13130082502003, 1.4962299892472228], [-1.2772928491263928, 1.3340984998439032], [2.745021125038054, 22.669540563596215], [-0.9760197726155688, 19.14347425562218], [-3.261858092384089, 4.1252797458964094]], "mse": 0.1546026305632233, "vol": 69904.65357563445, "inc": 2, "msevvol": 2.2116214394217475e-06, "msevinc": 0.07730131528161165}, "2": {"beta": [0.900534508746947, -2.931983070714173, 2.1685009047468315, 0.08867059529490276, -1.0071052887701168, -0.715531452045849, 0.0], "R": [[-1.7201851746019652, 1.720185174601965], [-1.13130082502003, 1.4962299892472228], [-1.2772928491263928, 1.3340984998439032], [2.745021125038054, 22.669540563596215], [-0.9760197726155688, 19.14347425562218], [-3.261858092384089, 4.1252797458964094]], "mse": 0.1546026305632233, "vol": 69904.65357563445, "inc": 2, "msevvol": 2.2116214394217475e-06, "msevinc": 0.07730131528161165}}