{"0": {"beta": [-0.17240281365941892, -0.04858242319600015, 0.05068348344492836, -0.025269233562448097, -0.0397027783409845, -0.08797128780846306, 0.05550744542061898], "R": [[-1.3887301496588274, 1.720185174601965], [-1.13130082502003, 1.4962299892472233], [-1.2772928491263928, 1.3340984998439032], [-0.23821647948833946, 26.150966377476646], [-0.9760197726155688, 19.14347425562218], [-3.261858092384089, 4.1252797458964094]], "mse": 0.39653143522804524, "vol": 83665.78157414576, "inc": 1807, "msevvol": 4.739469682436823e-06, "msevinc": 0.00021944185679471237}, "1": {"beta": [0.10742577170097029, 0.11226965293123724, 0.015562979345165486, -0.22291020464518999, -0.19484072302926858, 0.03924749350131257, -0.26731108649482543], "R": [[0.4629100498862757, 1.1572751247156892], [-0.8674424950569903, -0.32998717277822054], [-0.9378416881736423, 0.1600647930125333], [-0.23821647948833946, 0.41854186267069554], [0.29326520283190666, 1.2753245071744201], [0.5188863530964887, 1.4100139556865243]], "mse": 0.09265637745027325, "vol": 0.23549342929373598, "inc": 10, "msevvol": 0.39345631735100756, "msevinc": 0.009265637745027325}, "2": {"beta": [0.10742577170097029, 0.11226965293123724, 0.015562979345165486, -0.22291020464518999, -0.19484072302926858, 0.03924749350131257, -0.26731108649482543], "R": [[0.4629100498862757, 1.1572751247156892], [-0.8674424950569903, -0.32998717277822054], [-0.9378416881736423, 0.1600647930125333], [-0.23821647948833946, 0.41854186267069554], [0.29326520283190666, 1.2753245071744201], [0.5188863530964887, 1.4100139556865243]], "mse": 0.09265637745027325, "vol": 0.23549342929373598, "inc": 10, "msevvol": 0.39345631735100756, "msevinc": 0.009265637745027325}}