{"0": {"beta": [-0.0013112855069416236, -0.03849203633056417, 0.12568185755410038, -0.007518709440023555, -0.022750473782837836, -0.09435182031661248, -0.06413165482650439], "R": [[-0.2314550249431378, 1.6201851746019649], [-1.13130082502003, 1.496229989247223], [-1.2772928491263928, 0.982108103876507], [-0.11432575961425345, 26.150966377476646], [-0.2674368737871602, 19.14347425562218], [0.5770033706567084, 4.1252797458964094]], "mse": 0.16545114137291342, "vol": 19885.81170684965, "inc": 236, "msevvol": 8.32005973967479e-06, "msevinc": 0.0007010641583598026}, "1": {"beta": [-0.11005688615086365, 1.0314472102339107, -0.7548948276361982, 0.2620375192370959, -0.38081138755176136, -0.3214060139262076, 0.009055020857284749], "R": [[-1.720185174601965, 0.9258200997725514], [-1.13130082502003, 1.496229989247223], [-0.9192739747865711, 1.3340984998439032], [0.15690404318190215, 26.150966377476646], [0.15759265114861537, 1.0959008413253646], [0.7900991017108473, 1.468130973246744]], "mse": 0.16463428157584287, "vol": 259.0844098033554, "inc": 7, "msevvol": 0.0006354465006242559, "msevinc": 0.023519183082263268}, "2": {"beta": [-0.03161228715500493, 0.9103466383637951, -0.6817360563713959, 0.33079012961200616, -0.3859396494514087, -0.26846238719828175, -0.13589451255203305], "R": [[-0.2314550249431378, 0.9258200997725514], [-1.13130082502003, 1.496229989247223], [-0.9192739747865711, 1.3340984998439032], [0.15690404318190215, 26.150966377476646], [0.15759265114861537, 1.0959008413253646], [0.7900991017108473, 1.468130973246744]], "mse": 0.14543324171477706, "vol": 113.31494520091063, "inc": 7, "msevvol": 0.0012834427220250583, "msevinc": 0.020776177387825296}}