{"0": {"beta": [-0.11005688615086365, 1.0314472102339107, -0.7548948276361982, 0.2620375192370959, -0.38081138755176136, -0.3214060139262076, 0.009055020857284749], "R": [[-1.720185174601965, 0.9258200997725514], [-1.13130082502003, 1.496229989247223], [-0.9192739747865711, 1.3340984998439032], [0.15690404318190215, 26.150966377476646], [0.15759265114861537, 1.0959008413253646], [0.7900991017108473, 1.468130973246744]], "mse": 0.16463428157584287, "vol": 259.0844098033554, "inc": 7, "msevvol": 0.0006354465006242559, "msevinc": 0.023519183082263268}, "1": {"beta": [-0.03161228715500493, 0.9103466383637951, -0.6817360563713959, 0.33079012961200616, -0.3859396494514087, -0.26846238719828175, -0.13589451255203305], "R": [[-0.2314550249431378, 0.9258200997725514], [-1.13130082502003, 1.496229989247223], [-0.9192739747865711, 1.3340984998439032], [0.15690404318190215, 26.150966377476646], [0.15759265114861537, 1.0959008413253646], [0.7900991017108473, 1.468130973246744]], "mse": 0.14543324171477706, "vol": 113.31494520091063, "inc": 7, "msevvol": 0.0012834427220250583, "msevinc": 0.020776177387825296}, "2": {"beta": [-0.03161228715500493, 0.9103466383637951, -0.6817360563713959, 0.33079012961200616, -0.3859396494514087, -0.26846238719828175, -0.13589451255203305], "R": [[-0.2314550249431378, 0.9258200997725514], [-1.13130082502003, 1.496229989247223], [-0.9192739747865711, 1.3340984998439032], [0.15690404318190215, 26.150966377476646], [0.15759265114861537, 1.0959008413253646], [0.7900991017108473, 1.468130973246744]], "mse": 0.14543324171477706, "vol": 113.31494520091063, "inc": 7, "msevvol": 0.0012834427220250583, "msevinc": 0.020776177387825296}}