{"0": {"beta": [-0.08891700941715257, -0.10375814525634837, 0.2178615761105699, -0.011439127698350341, -0.03349344512328133, 0.0034689579586090653, -0.44823827948450196], "R": [[-1.6923938634770468, 1.6968959665685883], [-1.0618306677398395, 1.5755795222543156], [-1.1934563591118503, 1.420181465660709], [0.11285884652224798, 26.016148822943872], [-0.9565511514060261, 18.73081024720397], [-3.150865099136967, 4.357104412223306]], "mse": 0.14321432894383956, "vol": 89453.37613142119, "inc": 206, "msevvol": 1.600994117130191e-06, "msevinc": 0.0006952151890477649}, "1": {"beta": [-0.463563850944411, -3.1735155695273423, 1.7333333333333336, -0.008333333333333331, 0.20000000000000018, -0.43333333333333346, -1.0666666666666667], "R": [[-1.6923938634770468, 1.6968959665685883], [-1.0618306677398395, 1.5755795222543156], [-1.1934563591118503, 1.420181465660709], [2.833451870578658, 22.956307575489344], [-0.9565511514060261, 18.73081024720397], [-3.150865099136967, 4.357104412223306]], "mse": 0.10307471981738678, "vol": 69491.45772016549, "inc": 1, "msevvol": 1.4832718034561515e-06, "msevinc": 0.10307471981738678}, "2": {"beta": [-0.463563850944411, -3.1735155695273423, 1.7333333333333336, -0.008333333333333331, 0.20000000000000018, -0.43333333333333346, -1.0666666666666667], "R": [[-1.6923938634770468, 1.6968959665685883], [-1.0618306677398395, 1.5755795222543156], [-1.1934563591118503, 1.420181465660709], [2.833451870578658, 22.956307575489344], [-0.9565511514060261, 18.73081024720397], [-3.150865099136967, 4.357104412223306]], "mse": 0.10307471981738678, "vol": 69491.45772016549, "inc": 1, "msevvol": 1.4832718034561515e-06, "msevinc": 0.10307471981738678}}