{"0": {"beta": [-0.050003250646732604, -0.04350489868774262, 0.08750203159011385, -0.006938941937986216, -0.029553488555330208, -0.04352909058856381, -0.16812026972935015], "R": [[-0.4629100498862757, 1.7201851746019647], [-1.13130082502003, 1.4962299892472228], [-1.2772928491263928, 1.3340984998439032], [0.011701734804375974, 26.150966377476646], [-0.9760197726155687, 19.14347425562218], [0.48014167472300884, 4.1252797458964094]], "mse": 0.10937962999239373, "vol": 28715.531709321072, "inc": 137, "msevvol": 3.8090755588164527e-06, "msevinc": 0.0007983914597984944}, "1": {"beta": [0.10533388491063143, -0.061021764784515806, -0.33840038350528096, 0.2591310806795414, -0.48281636327587213, -0.05763864189946397, -0.7891463867329886], "R": [[0.23145502494313785, 0.9258200997725514], [-1.13130082502003, 1.4962299892472228], [-1.0309213942438957, 0.7043158204751291], [0.36058266964219265, 26.150966377476646], [-0.9760197726155687, 1.1150541795725155], [0.8288437800843271, 1.7587160610478425]], "mse": 0.04825130618213421, "vol": 158.76144287418091, "inc": 4, "msevvol": 0.00030392332866597567, "msevinc": 0.012062826545533553}, "2": {"beta": [0.10533388491063143, -0.061021764784515806, -0.33840038350528096, 0.2591310806795414, -0.48281636327587213, -0.05763864189946397, -0.7891463867329886], "R": [[0.23145502494313785, 0.9258200997725514], [-1.13130082502003, 1.4962299892472228], [-1.0309213942438957, 0.7043158204751291], [0.36058266964219265, 26.150966377476646], [-0.9760197726155687, 1.1150541795725155], [0.8288437800843271, 1.7587160610478425]], "mse": 0.04825130618213421, "vol": 158.76144287418091, "inc": 4, "msevvol": 0.00030392332866597567, "msevinc": 0.012062826545533553}}