{"0": {"beta": [-0.051385331855512154, 0.07587276016067261, -0.06424727241511262, -0.010241235175953718, -0.04048537524025654, 0.04575513775937, -0.6276263325782123], "R": [[-1.5923938634770467, 1.6968959665685883], [-1.0618306677398395, 1.5755795222543156], [-1.1934563591118503, 1.420181465660709], [0.3330088236587143, 26.016148822943872], [-0.956551151406026, 18.730810247203966], [-3.1508650991369676, 4.357104412223306]], "mse": 0.046960045996399725, "vol": 86076.25468251044, "inc": 103, "msevvol": 5.455633051137086e-07, "msevinc": 0.000455922776664075}, "1": {"beta": [0.004264941772027047, -1.1461921381211104, 0.5405604398535099, -0.26543460850774536, -0.3639306259597633, -0.31938305455949034, 0.0], "R": [[-0.4326521070968158, 1.6968959665685883], [-1.0618306677398395, 1.5755795222543156], [-1.1934563591118503, 1.420181465660709], [1.1697450905418862, 2.5489707147813854], [-0.956551151406026, 1.0729472686313895], [-3.1508650991369676, 2.0312269060677512]], "mse": 0.008942949732412714, "vol": 212.9313899922791, "inc": 6, "msevvol": 4.199920797369043e-05, "msevinc": 0.0014904916220687856}, "2": {"beta": [0.004264941772027047, -1.1461921381211104, 0.5405604398535099, -0.26543460850774536, -0.3639306259597633, -0.31938305455949034, 0.0], "R": [[-0.4326521070968158, 1.6968959665685883], [-1.0618306677398395, 1.5755795222543156], [-1.1934563591118503, 1.420181465660709], [1.1697450905418862, 2.5489707147813854], [-0.956551151406026, 1.0729472686313895], [-3.1508650991369676, 2.0312269060677512]], "mse": 0.008942949732412714, "vol": 212.9313899922791, "inc": 6, "msevvol": 4.199920797369043e-05, "msevinc": 0.0014904916220687856}}