{"0": {"beta": [0.05436053481816676, -0.19388691836823788, 0.2900696247008514, -0.07296460859964014, -0.1616969278864565, -0.03677031176233628, -0.21336171920938235], "R": [[-1.720185174601965, 1.1572751247156892], [-1.03130082502003, 1.496229989247223], [-0.886479052440575, 1.3340984998439032], [0.13750727731918527, 26.150966377476646], [0.15759265114861537, 1.0959008413253646], [0.15081190854843052, 4.1252797458964094]], "mse": 0.1660316548214081, "vol": 1566.7306667306357, "inc": 19, "msevvol": 0.00010597332288636024, "msevinc": 0.008738508148495163}, "1": {"beta": [-0.02678963693042207, -0.04464635017331952, -0.3433016871752862, 0.0369474041337638, -0.5130045440963319, -0.034955443217999434, -0.5126688695558859], "R": [[-0.2314550249431378, 0.9258200997725514], [-1.13130082502003, 1.496229989247223], [-1.2772928491263928, 1.3340984998439032], [0.15690404318190215, 26.150966377476646], [0.15759265114861537, 1.0959008413253646], [0.7900991017108473, 1.468130973246744]], "mse": 0.10928481457176124, "vol": 131.3185773493691, "inc": 9, "msevvol": 0.0008322113807326157, "msevinc": 0.012142757174640138}, "2": {"beta": [-0.03161228715500493, 0.9103466383637951, -0.6817360563713959, 0.33079012961200616, -0.3859396494514087, -0.26846238719828175, -0.13589451255203305], "R": [[-0.2314550249431378, 0.9258200997725514], [-1.13130082502003, 1.496229989247223], [-0.9192739747865711, 1.3340984998439032], [0.15690404318190215, 26.150966377476646], [0.15759265114861537, 1.0959008413253646], [0.7900991017108473, 1.468130973246744]], "mse": 0.14543324171477706, "vol": 113.31494520091063, "inc": 7, "msevvol": 0.0012834427220250583, "msevinc": 0.020776177387825296}}