{"0": {"beta": [0.13700116078531896, 0.20646094519227656, -0.1798916431429494, -0.2907538990900045, -0.24151772080470968, 0.05097284973963033, -0.3076141327655653], "R": [[0.4629100498862757, 1.1572751247156892], [-0.8674424950569903, -0.32998717277822054], [-0.9665372452263888, 0.1600647930125333], [-0.23821647948833946, 0.41854186267069554], [0.29326520283190666, 1.2753245071744201], [0.5188863530964887, 1.4100139556865243]], "mse": 0.08753056639012644, "vol": 0.24164842997152086, "inc": 10, "msevvol": 0.3622227812547436, "msevinc": 0.008753056639012644}, "1": {"beta": [0.10742577170097029, 0.11226965293123724, 0.015562979345165486, -0.22291020464518999, -0.19484072302926858, 0.03924749350131257, -0.26731108649482543], "R": [[0.4629100498862757, 1.1572751247156892], [-0.8674424950569903, -0.32998717277822054], [-0.9378416881736423, 0.1600647930125333], [-0.23821647948833946, 0.41854186267069554], [0.29326520283190666, 1.2753245071744201], [0.5188863530964887, 1.4100139556865243]], "mse": 0.09265637745027325, "vol": 0.23549342929373598, "inc": 10, "msevvol": 0.39345631735100756, "msevinc": 0.009265637745027325}, "2": {"beta": [0.10742577170097029, 0.11226965293123724, 0.015562979345165486, -0.22291020464518999, -0.19484072302926858, 0.03924749350131257, -0.26731108649482543], "R": [[0.4629100498862757, 1.1572751247156892], [-0.8674424950569903, -0.32998717277822054], [-0.9378416881736423, 0.1600647930125333], [-0.23821647948833946, 0.41854186267069554], [0.29326520283190666, 1.2753245071744201], [0.5188863530964887, 1.4100139556865243]], "mse": 0.09265637745027325, "vol": 0.23549342929373598, "inc": 10, "msevvol": 0.39345631735100756, "msevinc": 0.009265637745027325}}