{"0": {"beta": [0.19591360985259898, -0.43403843257103664, 0.3883032741759804, -0.03718306589091968, -0.245991604275317, 0.6115753888649927, -1.2051399964168656], "R": [[-1.6923938634770468, 1.6968959665685883], [-1.0618306677398395, 1.5755795222543156], [-1.1934563591118503, 1.420181465660709], [2.833451870578658, 26.016148822943872], [-0.9565511514060261, 18.73081024720397], [-3.150865099136967, 4.357104412223306]], "mse": 0.002573320502764682, "vol": 80058.1899869985, "inc": 4, "msevvol": 3.214312618337475e-08, "msevinc": 0.0006433301256911705}, "1": {"beta": [-0.37050374395230107, 1.7291736923752465, -0.40483727030258393, -0.02166167768241692, 1.9529676354655718, 0.8069211592898367, -2.3442535973563], "R": [[-1.6923938634770468, 1.6968959665685883], [-1.0618306677398395, 1.5755795222543156], [-1.1934563591118503, 1.420181465660709], [2.833451870578658, 22.956307575489344], [-0.9565511514060261, 18.73081024720397], [-3.150865099136967, 4.357104412223306]], "mse": 0.0397114038574368, "vol": 69491.45772016549, "inc": 1, "msevvol": 5.71457343970971e-07, "msevinc": 0.0397114038574368}, "2": {"beta": [-0.37050374395230107, 1.7291736923752465, -0.40483727030258393, -0.02166167768241692, 1.9529676354655718, 0.8069211592898367, -2.3442535973563], "R": [[-1.6923938634770468, 1.6968959665685883], [-1.0618306677398395, 1.5755795222543156], [-1.1934563591118503, 1.420181465660709], [2.833451870578658, 22.956307575489344], [-0.9565511514060261, 18.73081024720397], [-3.150865099136967, 4.357104412223306]], "mse": 0.0397114038574368, "vol": 69491.45772016549, "inc": 1, "msevvol": 5.71457343970971e-07, "msevinc": 0.0397114038574368}}