{"0": {"beta": [-0.13283214815018854, -1.2256091230679935, 0.7735435592260945, -0.06861878428487853, -0.3824355957552809, 0.35015809558719424, -0.9488084215011218], "R": [[0.23145502494313785, 0.9258200997725514], [-1.13130082502003, 1.4962299892472228], [-1.0309213942438957, 0.7043158204751291], [0.19049429006932506, 26.150966377476646], [-0.9760197726155687, 1.0959008413253646], [0.8288437800843271, 1.7587160610478425]], "mse": 0.12603472795729628, "vol": 158.34470255339232, "inc": 7, "msevvol": 0.0007959516543649358, "msevinc": 0.018004961136756613}, "1": {"beta": [0.10533388491063275, -0.06102176478451163, -0.33840038350528395, 0.25913108067954427, -0.4828163632758746, -0.05763864189945903, -0.7891463867329963], "R": [[0.23145502494313785, 0.9258200997725514], [-1.13130082502003, 1.4962299892472228], [-1.0309213942438957, 0.7043158204751291], [0.36058266964219265, 26.150966377476646], [-0.9760197726155687, 1.1150541795725155], [0.8288437800843271, 1.7587160610478425]], "mse": 0.048251306182133975, "vol": 158.76144287418091, "inc": 4, "msevvol": 0.0003039233286659742, "msevinc": 0.012062826545533494}, "2": {"beta": [0.10533388491063275, -0.06102176478451163, -0.33840038350528395, 0.25913108067954427, -0.4828163632758746, -0.05763864189945903, -0.7891463867329963], "R": [[0.23145502494313785, 0.9258200997725514], [-1.13130082502003, 1.4962299892472228], [-1.0309213942438957, 0.7043158204751291], [0.36058266964219265, 26.150966377476646], [-0.9760197726155687, 1.1150541795725155], [0.8288437800843271, 1.7587160610478425]], "mse": 0.048251306182133975, "vol": 158.76144287418091, "inc": 4, "msevvol": 0.0003039233286659742, "msevinc": 0.012062826545533494}}