{"0": {"beta": [-0.21819041597329875, -0.07553953495939474, 0.03878569117689589, -0.02521152593553947, -0.049194660700002175, -0.19904524354593156, 0.05658479164861316], "R": [[-1.302458424381989, 1.6968959665685883], [-1.0618306677398395, 1.5755795222543154], [-1.1934563591118503, 1.4201814656607088], [-0.23792987968180157, 26.016148822943872], [-0.9565511514060261, 18.730810247203966], [-0.7855915309255619, 4.357104412223306]], "mse": 0.6153346552616278, "vol": 54957.379198545714, "inc": 1685, "msevvol": 1.1196579317194055e-05, "msevinc": 0.00036518377166862184}, "1": {"beta": [0.14468020952855265, -0.17832890134919208, -0.033087220540690056, -0.6868204882642533, -0.7595700569867782, 0.10132451940750521, -0.3692015472847723], "R": [[0.14721877109329956, 0.727089649283415], [-0.9618306677398394, 0.2841734213851726], [-0.9409144485862245, 0.32479722672450545], [-0.23792987968180157, 0.6961280452532362], [0.08757653111730218, 1.0592329715674678], [0.9675332305597861, 1.8342465957884986]], "mse": 0.4895467478497274, "vol": 0.7193621598360003, "inc": 17, "msevvol": 0.6805289118367499, "msevinc": 0.0287968675205722}, "2": {"beta": [0.14468020952855265, -0.17832890134919208, -0.033087220540690056, -0.6868204882642533, -0.7595700569867782, 0.10132451940750521, -0.3692015472847723], "R": [[0.14721877109329956, 0.727089649283415], [-0.9618306677398394, 0.2841734213851726], [-0.9409144485862245, 0.32479722672450545], [-0.23792987968180157, 0.6961280452532362], [0.08757653111730218, 1.0592329715674678], [0.9675332305597861, 1.8342465957884986]], "mse": 0.4895467478497274, "vol": 0.7193621598360003, "inc": 17, "msevvol": 0.6805289118367499, "msevinc": 0.0287968675205722}}