{"0": {"beta": [0.14468020952855265, -0.17832890134919208, -0.033087220540690056, -0.6868204882642533, -0.7595700569867782, 0.10132451940750521, -0.3692015472847723], "R": [[0.14721877109329956, 0.727089649283415], [-0.9618306677398394, 0.2841734213851726], [-0.9409144485862245, 0.32479722672450545], [-0.23792987968180157, 0.6961280452532362], [0.08757653111730218, 1.0592329715674678], [0.9675332305597861, 1.8342465957884986]], "mse": 0.07644215908056234, "vol": 0.7193621598360003, "inc": 12, "msevvol": 0.10626380333654133, "msevinc": 0.006370179923380195}, "1": {"beta": [0.14468020952855265, -0.17832890134919208, -0.033087220540690056, -0.6868204882642533, -0.7595700569867782, 0.10132451940750521, -0.3692015472847723], "R": [[0.14721877109329956, 0.727089649283415], [-0.9618306677398394, 0.2841734213851726], [-0.9409144485862245, 0.32479722672450545], [-0.23792987968180157, 0.6961280452532362], [0.08757653111730218, 1.0592329715674678], [0.9675332305597861, 1.8342465957884986]], "mse": 0.07644215908056234, "vol": 0.7193621598360003, "inc": 12, "msevvol": 0.10626380333654133, "msevinc": 0.006370179923380195}, "2": {"beta": [0.14468020952855265, -0.17832890134919208, -0.033087220540690056, -0.6868204882642533, -0.7595700569867782, 0.10132451940750521, -0.3692015472847723], "R": [[0.14721877109329956, 0.727089649283415], [-0.9618306677398394, 0.2841734213851726], [-0.9409144485862245, 0.32479722672450545], [-0.23792987968180157, 0.6961280452532362], [0.08757653111730218, 1.0592329715674678], [0.9675332305597861, 1.8342465957884986]], "mse": 0.07644215908056234, "vol": 0.7193621598360003, "inc": 12, "msevvol": 0.10626380333654133, "msevinc": 0.006370179923380195}}