{"0": {"beta": [-0.09137405787539143, -0.047293543274545775, 0.07962689025027463, -0.01849181472470766, -0.040639843627732215, -0.10362555987637331, 0.008986677011424948], "R": [[-1.7201851746019652, 1.7201851746019647], [-1.13130082502003, 1.4962299892472228], [-1.2772928491263928, 1.3340984998439032], [-0.23821647948833946, 26.150966377476646], [-0.9760197726155687, 19.14347425562218], [-0.934039085909002, 4.1252797458964094]], "mse": 0.38877293420149484, "vol": 63410.33113997727, "inc": 2405, "msevvol": 6.1310661403626e-06, "msevinc": 0.00016165194769292925}, "1": {"beta": [0.10533388491063275, -0.06102176478451163, -0.33840038350528395, 0.25913108067954427, -0.4828163632758746, -0.05763864189945903, -0.7891463867329963], "R": [[0.23145502494313785, 0.9258200997725514], [-1.13130082502003, 1.4962299892472228], [-1.0309213942438957, 0.7043158204751291], [0.36058266964219265, 26.150966377476646], [-0.9760197726155687, 1.1150541795725155], [0.8288437800843271, 1.7587160610478425]], "mse": 0.030131410782866068, "vol": 158.76144287418091, "inc": 10, "msevvol": 0.00018979048210556598, "msevinc": 0.003013141078286607}, "2": {"beta": [0.10533388491063275, -0.06102176478451163, -0.33840038350528395, 0.25913108067954427, -0.4828163632758746, -0.05763864189945903, -0.7891463867329963], "R": [[0.23145502494313785, 0.9258200997725514], [-1.13130082502003, 1.4962299892472228], [-1.0309213942438957, 0.7043158204751291], [0.36058266964219265, 26.150966377476646], [-0.9760197726155687, 1.1150541795725155], [0.8288437800843271, 1.7587160610478425]], "mse": 0.030131410782866068, "vol": 158.76144287418091, "inc": 10, "msevvol": 0.00018979048210556598, "msevinc": 0.003013141078286607}}