{"0": {"beta": [-0.266621223412057, 0.3579931378947327, -0.13610273200948014, -0.01163265002565141, 0.03267867669495817, -0.2023100052555556, 0.11360818062188825], "R": [[-0.14271666800175814, 1.3069605274735303], [-1.0618306677398395, 0.18765197786140403], [-1.1934563591118503, 0.4785459561625173], [-0.23792987968180157, 26.016148822943872], [-0.201967695541257, 18.730810247203966], [0.7705529202805332, 4.357104412223306]], "mse": 0.16051065726507202, "vol": 5399.165058097734, "inc": 145, "msevvol": 2.9728792422142414e-05, "msevinc": 0.001106970050103945}, "1": {"beta": [0.12345040138471006, 0.09397974395614672, -0.08997600184524096, -0.7787449490046201, -0.7383754369085646, 0.26327898435198904, -0.44866657471545013], "R": [[0.14721877109329956, 0.727089649283415], [-0.9618306677398394, 1.5755795222543154], [-0.9409144485862245, 0.32479722672450545], [-0.23792987968180157, 0.6961280452532362], [0.08757653111730218, 1.0592329715674678], [0.9675332305597861, 1.8342465957884986]], "mse": 0.48534790003366696, "vol": 1.4649365042982105, "inc": 19, "msevvol": 0.33130985446101413, "msevinc": 0.02554462631756142}, "2": {"beta": [0.14468020952855476, -0.17832890134919283, -0.03308722054069038, -0.6868204882642531, -0.7595700569867803, 0.10132451940750559, -0.3692015472847735], "R": [[0.14721877109329956, 0.727089649283415], [-0.9618306677398394, 0.2841734213851726], [-0.9409144485862245, 0.32479722672450545], [-0.23792987968180157, 0.6961280452532362], [0.08757653111730218, 1.0592329715674678], [0.9675332305597861, 1.8342465957884986]], "mse": 0.4895467478497275, "vol": 0.7193621598360003, "inc": 17, "msevvol": 0.68052891183675, "msevinc": 0.028796867520572207}}