{"0": {"beta": [-0.07238716340280756, -0.8869537258440516, 1.0149757452000743, 0.015343044106268022, 0.19775468904426172, -0.3596988133424877, -0.01986607336072216], "R": [[-1.7201851746019652, 1.720185174601965], [-1.13130082502003, 1.4962299892472228], [-1.2772928491263928, 1.3340984998439032], [2.745021125038054, 26.150966377476646], [-0.9760197726155688, 19.14347425562218], [-3.261858092384089, 4.1252797458964094]], "mse": 0.06316864820428755, "vol": 82119.14468138298, "inc": 3, "msevvol": 7.692316870734328e-07, "msevinc": 0.02105621606809585}, "1": {"beta": [0.900534508746947, -2.931983070714173, 2.1685009047468315, 0.08867059529490276, -1.0071052887701168, -0.715531452045849, 0.0], "R": [[-1.7201851746019652, 1.720185174601965], [-1.13130082502003, 1.4962299892472228], [-1.2772928491263928, 1.3340984998439032], [2.745021125038054, 22.669540563596215], [-0.9760197726155688, 19.14347425562218], [-3.261858092384089, 4.1252797458964094]], "mse": 0.1546026305632233, "vol": 69904.65357563445, "inc": 2, "msevvol": 2.2116214394217475e-06, "msevinc": 0.07730131528161165}, "2": {"beta": [0.900534508746947, -2.931983070714173, 2.1685009047468315, 0.08867059529490276, -1.0071052887701168, -0.715531452045849, 0.0], "R": [[-1.7201851746019652, 1.720185174601965], [-1.13130082502003, 1.4962299892472228], [-1.2772928491263928, 1.3340984998439032], [2.745021125038054, 22.669540563596215], [-0.9760197726155688, 19.14347425562218], [-3.261858092384089, 4.1252797458964094]], "mse": 0.1546026305632233, "vol": 69904.65357563445, "inc": 2, "msevvol": 2.2116214394217475e-06, "msevinc": 0.07730131528161165}}