{"0": {"beta": [-0.2178621139366562, -0.07509879056585013, 0.03560955604996856, -0.02578069529075825, -0.05248534058708538, -0.20629582688667006, 0.06033718460234612], "R": [[-1.6923938634770468, 1.6968959665685883], [-1.0618306677398395, 1.5755795222543154], [-1.1934563591118503, 1.4201814656607088], [-0.23792987968180157, 26.016148822943872], [-0.9565511514060261, 18.730810247203966], [-0.7855915309255619, 4.357104412223306]], "mse": 0.7363070279212064, "vol": 62102.193380542674, "inc": 1203, "msevvol": 1.1856377171887455e-05, "msevinc": 0.0006120590423285174}, "1": {"beta": [0.14468020952855265, -0.17832890134919208, -0.033087220540690056, -0.6868204882642533, -0.7595700569867782, 0.10132451940750521, -0.3692015472847723], "R": [[0.14721877109329956, 0.727089649283415], [-0.9618306677398394, 0.2841734213851726], [-0.9409144485862245, 0.32479722672450545], [-0.23792987968180157, 0.6961280452532362], [0.08757653111730218, 1.0592329715674678], [0.9675332305597861, 1.8342465957884986]], "mse": 0.07644215908056234, "vol": 0.7193621598360003, "inc": 12, "msevvol": 0.10626380333654133, "msevinc": 0.006370179923380195}, "2": {"beta": [0.14468020952855265, -0.17832890134919208, -0.033087220540690056, -0.6868204882642533, -0.7595700569867782, 0.10132451940750521, -0.3692015472847723], "R": [[0.14721877109329956, 0.727089649283415], [-0.9618306677398394, 0.2841734213851726], [-0.9409144485862245, 0.32479722672450545], [-0.23792987968180157, 0.6961280452532362], [0.08757653111730218, 1.0592329715674678], [0.9675332305597861, 1.8342465957884986]], "mse": 0.07644215908056234, "vol": 0.7193621598360003, "inc": 12, "msevvol": 0.10626380333654133, "msevinc": 0.006370179923380195}}