{"0": {"beta": [0.06534997336936166, -0.2004654152999189, 0.20992505143408374, -0.0006061106566091264, 0.0028929362030963904, -0.06857345772155425, -0.3762033475398683], "R": [[-1.7201851746019652, 1.720185174601965], [-1.13130082502003, 1.4962299892472228], [-1.2772928491263928, 1.3340984998439032], [0.8107629110163241, 26.150966377476646], [-0.9760197726155688, 19.14347425562218], [-3.261858092384089, 4.1252797458964094]], "mse": 0.015369359097935818, "vol": 88905.43886498811, "inc": 60, "msevvol": 1.7287310308737965e-07, "msevinc": 0.000256155984965597}, "1": {"beta": [-0.6158398005119964, -0.8415086816489108, -0.7272727272727274, -0.14204545454545456, 0.8181818181818181, 0.6363636363636364, -1.4545454545454546], "R": [[-1.7201851746019652, 1.720185174601965], [-1.13130082502003, 1.4962299892472228], [-1.2772928491263928, 1.3340984998439032], [2.745021125038054, 22.669540563596215], [-0.9760197726155688, 19.14347425562218], [-3.261858092384089, 4.1252797458964094]], "mse": 1.331083842255979e-06, "vol": 69904.65357563445, "inc": 1, "msevvol": 1.9041419621882422e-11, "msevinc": 1.331083842255979e-06}, "2": {"beta": [-0.6158398005119964, -0.8415086816489108, -0.7272727272727274, -0.14204545454545456, 0.8181818181818181, 0.6363636363636364, -1.4545454545454546], "R": [[-1.7201851746019652, 1.720185174601965], [-1.13130082502003, 1.4962299892472228], [-1.2772928491263928, 1.3340984998439032], [2.745021125038054, 22.669540563596215], [-0.9760197726155688, 19.14347425562218], [-3.261858092384089, 4.1252797458964094]], "mse": 1.331083842255979e-06, "vol": 69904.65357563445, "inc": 1, "msevvol": 1.9041419621882422e-11, "msevinc": 1.331083842255979e-06}}