{"0": {"beta": [-0.07238716340213919, -0.8869537258425298, 1.0149757451987196, 0.015343044106200953, 0.1977546890430325, -0.3596988133413214, -0.01986607336103952], "R": [[-1.7201851746019652, 1.720185174601965], [-1.13130082502003, 1.4962299892472228], [-1.2772928491263928, 1.3340984998439032], [2.745021125038054, 26.150966377476646], [-0.9760197726155688, 19.14347425562218], [-3.261858092384089, 4.1252797458964094]], "mse": 0.06316864820411346, "vol": 82119.14468138298, "inc": 3, "msevvol": 7.692316870713128e-07, "msevinc": 0.021056216068037818}, "1": {"beta": [-0.6158398005119964, -0.8415086816489108, -0.7272727272727274, -0.14204545454545456, 0.8181818181818181, 0.6363636363636364, -1.4545454545454546], "R": [[-1.7201851746019652, 1.720185174601965], [-1.13130082502003, 1.4962299892472228], [-1.2772928491263928, 1.3340984998439032], [2.745021125038054, 22.669540563596215], [-0.9760197726155688, 19.14347425562218], [-3.261858092384089, 4.1252797458964094]], "mse": 0.12239167306675625, "vol": 69904.65357563445, "inc": 2, "msevvol": 1.7508372734346309e-06, "msevinc": 0.06119583653337812}, "2": {"beta": [-0.6158398005119964, -0.8415086816489108, -0.7272727272727274, -0.14204545454545456, 0.8181818181818181, 0.6363636363636364, -1.4545454545454546], "R": [[-1.7201851746019652, 1.720185174601965], [-1.13130082502003, 1.4962299892472228], [-1.2772928491263928, 1.3340984998439032], [2.745021125038054, 22.669540563596215], [-0.9760197726155688, 19.14347425562218], [-3.261858092384089, 4.1252797458964094]], "mse": 0.12239167306675625, "vol": 69904.65357563445, "inc": 2, "msevvol": 1.7508372734346309e-06, "msevinc": 0.06119583653337812}}