{"0": {"beta": [-0.05564382413769384, -1.0140053975789212, 0.7179527620465864, -0.03430830977248116, 0.09931548024241388, -0.035797909470031725, -0.6787651007162111], "R": [[-1.6923938634770468, 0.727089649283415], [-1.0618306677398395, 1.5755795222543156], [-0.9988417563807659, 1.420181465660709], [0.3727205719208413, 2.5489707147813854], [0.06043621328900328, 18.730810247203966], [0.27810214458240123, 1.656964316537171]], "mse": 0.0726512217338996, "vol": 864.814719109766, "inc": 7, "msevvol": 8.400784599120404e-05, "msevinc": 0.010378745961985656}, "1": {"beta": [0.07964239220422115, -0.5513508551089522, 0.4947206917802073, 0.04449872855031914, -0.10270099688045589, 0.12987671425315453, -0.8884267643727122], "R": [[-1.0125229852869313, 0.727089649283415], [-1.0618306677398395, 1.5755795222543156], [-0.9510517274502693, 0.46092640004167795], [0.3727205719208413, 2.5489707147813854], [-0.9565511514060262, 18.730810247203966], [0.4553844238337288, 1.656964316537171]], "mse": 0.03729570987815019, "vol": 333.50871019089345, "inc": 6, "msevvol": 0.00011182829335042823, "msevinc": 0.006215951646358364}, "2": {"beta": [0.09174329359453011, -0.5394347200637412, 0.4862731548104674, 0.049174715619989845, -0.10756013424235263, 0.13597533772325687, -0.9017440840618474], "R": [[-1.6923938634770468, 0.727089649283415], [-1.0618306677398395, 1.5755795222543156], [-0.9510517274502693, 0.46092640004167795], [0.3727205719208413, 2.5489707147813854], [-0.5459334386468693, 18.730810247203966], [0.4553844238337288, 1.656964316537171]], "mse": 0.045595956465753144, "vol": 454.1752393268143, "inc": 5, "msevvol": 0.00010039287155622176, "msevinc": 0.00911919129315063}}