{"0": {"beta": [-0.09421057502373502, -0.04461881945205618, 0.15843294666614638, -0.010727953158185213, -0.030730824400201934, 0.010221469808923016, -0.47777935730952276], "R": [[-1.6923938634770468, 1.6968959665685883], [-1.0618306677398395, 1.5755795222543156], [-1.1934563591118503, 1.420181465660709], [0.12429277170740494, 26.016148822943872], [-0.956551151406026, 18.730810247203966], [-3.1508650991369676, 4.357104412223306]], "mse": 0.06239998692695253, "vol": 89413.89067566718, "inc": 143, "msevvol": 6.978779969803269e-07, "msevinc": 0.000436363544943724}, "1": {"beta": [-0.0921634359571567, 0.2491540774183801, 0.07686663457039962, -0.3031410702211086, 0.025211662933863357, -0.22551234590040178, 0.43781256205316255], "R": [[-0.4326521070968158, 1.6968959665685883], [-1.0618306677398395, 1.5755795222543156], [-1.1934563591118503, 1.420181465660709], [1.1697450905418862, 2.5489707147813854], [-0.956551151406026, 1.0729472686313895], [-3.1508650991369676, 2.0312269060677512]], "mse": 0.027097588703458065, "vol": 212.9313899922791, "inc": 1, "msevvol": 0.00012725971828033726, "msevinc": 0.027097588703458065}, "2": {"beta": [-0.0921634359571567, 0.2491540774183801, 0.07686663457039962, -0.3031410702211086, 0.025211662933863357, -0.22551234590040178, 0.43781256205316255], "R": [[-0.4326521070968158, 1.6968959665685883], [-1.0618306677398395, 1.5755795222543156], [-1.1934563591118503, 1.420181465660709], [1.1697450905418862, 2.5489707147813854], [-0.956551151406026, 1.0729472686313895], [-3.1508650991369676, 2.0312269060677512]], "mse": 0.027097588703458065, "vol": 212.9313899922791, "inc": 1, "msevvol": 0.00012725971828033726, "msevinc": 0.027097588703458065}}