{"0": {"beta": [-0.11654039095119118, -0.03580745762337557, 0.07344228904968328, -0.024716470384338322, -0.03169025604137368, -0.08399321714467702, 0.01825047145897669], "R": [[-1.7201851746019652, 1.720185174601965], [-1.13130082502003, 1.4962299892472228], [-1.2772928491263928, 1.3340984998439032], [-0.12036880062444943, 26.150966377476646], [-0.9760197726155688, 19.14347425562218], [-3.261858092384089, 4.1252797458964094]], "mse": 0.3479041092602536, "vol": 92172.29003980603, "inc": 1713, "msevvol": 3.7744978356294047e-06, "msevinc": 0.00020309638602466644}, "1": {"beta": [-0.6158398005119964, -0.8415086816489108, -0.7272727272727274, -0.14204545454545456, 0.8181818181818181, 0.6363636363636364, -1.4545454545454546], "R": [[-1.7201851746019652, 1.720185174601965], [-1.13130082502003, 1.4962299892472228], [-1.2772928491263928, 1.3340984998439032], [2.745021125038054, 22.669540563596215], [-0.9760197726155688, 19.14347425562218], [-3.261858092384089, 4.1252797458964094]], "mse": 1.331083842255979e-06, "vol": 69904.65357563445, "inc": 1, "msevvol": 1.9041419621882422e-11, "msevinc": 1.331083842255979e-06}, "2": {"beta": [-0.6158398005119964, -0.8415086816489108, -0.7272727272727274, -0.14204545454545456, 0.8181818181818181, 0.6363636363636364, -1.4545454545454546], "R": [[-1.7201851746019652, 1.720185174601965], [-1.13130082502003, 1.4962299892472228], [-1.2772928491263928, 1.3340984998439032], [2.745021125038054, 22.669540563596215], [-0.9760197726155688, 19.14347425562218], [-3.261858092384089, 4.1252797458964094]], "mse": 1.331083842255979e-06, "vol": 69904.65357563445, "inc": 1, "msevvol": 1.9041419621882422e-11, "msevinc": 1.331083842255979e-06}}