{"0": {"beta": [-0.11634636239639362, -0.05200094347415471, 0.06490265310814729, -0.014745508119804664, -0.043861922817307164, -0.11758740638942657, 0.05176854725941178], "R": [[-1.1572751247156892, 1.720185174601965], [-1.13130082502003, 1.4962299892472228], [-1.2772928491263928, 1.3340984998439032], [-0.23821647948833946, 26.150966377476646], [-0.9760197726155687, 19.14347425562218], [-0.10102850087918624, 4.1252797458964094]], "mse": 0.261318136079033, "vol": 44303.0153050834, "inc": 1435, "msevvol": 5.898427776970046e-06, "msevinc": 0.00018210323071709615}, "1": {"beta": [0.4573805087795214, -3.057058702517252, 1.387915756601308, -0.2935600508153233, -1.0751435324373886, -0.8363727758801053, 0.34495408184576476], "R": [[-0.2314550249431379, 1.3887301496588271], [-1.13130082502003, 1.4962299892472228], [-1.0309213942438957, 1.3340984998439032], [0.810762911016324, 2.6198539802672225], [-0.9760197726155687, 1.1092630160261188], [-3.261858092384089, 1.8943224353550219]], "mse": 0.044168736898411914, "vol": 195.83971700059092, "inc": 6, "msevvol": 0.00022553513441953474, "msevinc": 0.007361456149735319}, "2": {"beta": [0.4573805087795214, -3.057058702517252, 1.387915756601308, -0.2935600508153233, -1.0751435324373886, -0.8363727758801053, 0.34495408184576476], "R": [[-0.2314550249431379, 1.3887301496588271], [-1.13130082502003, 1.4962299892472228], [-1.0309213942438957, 1.3340984998439032], [0.810762911016324, 2.6198539802672225], [-0.9760197726155687, 1.1092630160261188], [-3.261858092384089, 1.8943224353550219]], "mse": 0.044168736898411914, "vol": 195.83971700059092, "inc": 6, "msevvol": 0.00022553513441953474, "msevinc": 0.007361456149735319}}