{"0": {"beta": [0.2762798288698096, -1.3438260826805646, 0.6817839882691573, -0.13682194189303704, -0.37877885290213936, -0.362569438048104, -0.11946733160331076], "R": [[-1.6201851746019649, 1.720185174601965], [-1.13130082502003, 1.4962299892472228], [-1.2772928491263928, 1.3340984998439032], [0.810762911016324, 26.150966377476646], [-0.9760197726155687, 1.3749961124314516], [-3.261858092384089, 1.8943224353550219]], "mse": 0.028965716052612445, "vol": 7040.57573609565, "inc": 25, "msevvol": 4.114111848000001e-06, "msevinc": 0.0011586286421044977}, "1": {"beta": [0.4573805087795214, -3.057058702517252, 1.387915756601308, -0.2935600508153233, -1.0751435324373886, -0.8363727758801053, 0.34495408184576476], "R": [[-0.2314550249431379, 1.3887301496588271], [-1.13130082502003, 1.4962299892472228], [-1.0309213942438957, 1.3340984998439032], [0.810762911016324, 2.6198539802672225], [-0.9760197726155687, 1.1092630160261188], [-3.261858092384089, 1.8943224353550219]], "mse": 0.044168736898411914, "vol": 195.83971700059092, "inc": 6, "msevvol": 0.00022553513441953474, "msevinc": 0.007361456149735319}, "2": {"beta": [0.4573805087795214, -3.057058702517252, 1.387915756601308, -0.2935600508153233, -1.0751435324373886, -0.8363727758801053, 0.34495408184576476], "R": [[-0.2314550249431379, 1.3887301496588271], [-1.13130082502003, 1.4962299892472228], [-1.0309213942438957, 1.3340984998439032], [0.810762911016324, 2.6198539802672225], [-0.9760197726155687, 1.1092630160261188], [-3.261858092384089, 1.8943224353550219]], "mse": 0.044168736898411914, "vol": 195.83971700059092, "inc": 6, "msevvol": 0.00022553513441953474, "msevinc": 0.007361456149735319}}