{"0": {"beta": [0.052062657499213655, -0.09876138331824347, 0.013911199266579966, -0.0014259099361060563, -0.10807406962349847, -0.05487778134916438, -0.5462668864635638], "R": [[-1.6923938634770468, 1.6968959665685883], [-1.0618306677398395, 1.5755795222543156], [-1.1934563591118503, 1.420181465660709], [1.0829839565178565, 26.016148822943872], [-0.9565511514060261, 18.73081024720397], [-3.150865099136967, 4.357104412223306]], "mse": 0.06927904198865772, "vol": 86103.18523142485, "inc": 18, "msevvol": 8.046048680133279e-07, "msevinc": 0.0038488356660365403}, "1": {"beta": [-0.463563850944411, -3.1735155695273423, 1.7333333333333336, -0.008333333333333331, 0.20000000000000018, -0.43333333333333346, -1.0666666666666667], "R": [[-1.6923938634770468, 1.6968959665685883], [-1.0618306677398395, 1.5755795222543156], [-1.1934563591118503, 1.420181465660709], [2.833451870578658, 22.956307575489344], [-0.9565511514060261, 18.73081024720397], [-3.150865099136967, 4.357104412223306]], "mse": 0.052062931561801605, "vol": 69491.45772016549, "inc": 1, "msevvol": 7.491990133730299e-07, "msevinc": 0.052062931561801605}, "2": {"beta": [-0.463563850944411, -3.1735155695273423, 1.7333333333333336, -0.008333333333333331, 0.20000000000000018, -0.43333333333333346, -1.0666666666666667], "R": [[-1.6923938634770468, 1.6968959665685883], [-1.0618306677398395, 1.5755795222543156], [-1.1934563591118503, 1.420181465660709], [2.833451870578658, 22.956307575489344], [-0.9565511514060261, 18.73081024720397], [-3.150865099136967, 4.357104412223306]], "mse": 0.052062931561801605, "vol": 69491.45772016549, "inc": 1, "msevvol": 7.491990133730299e-07, "msevinc": 0.052062931561801605}}