{"0": {"beta": [-0.0039515639615700995, -0.0027424608202785018, 0.11181960378006546, -0.011219722098488136, -0.016720859157398245, -0.00299573178303626, -0.25907490671868755], "R": [[-1.7201851746019652, 1.720185174601965], [-1.13130082502003, 1.4962299892472228], [-1.2772928491263928, 1.3340984998439032], [0.10658731776947494, 26.150966377476646], [-0.9760197726155688, 19.14347425562218], [-3.261858092384089, 4.1252797458964094]], "mse": 0.1019327358725537, "vol": 91376.02045437775, "inc": 157, "msevvol": 1.1155304790653114e-06, "msevinc": 0.0006492530947296415}, "1": {"beta": [-0.6158398005119964, -0.8415086816489108, -0.7272727272727274, -0.14204545454545456, 0.8181818181818181, 0.6363636363636364, -1.4545454545454546], "R": [[-1.7201851746019652, 1.720185174601965], [-1.13130082502003, 1.4962299892472228], [-1.2772928491263928, 1.3340984998439032], [2.745021125038054, 22.669540563596215], [-0.9760197726155688, 19.14347425562218], [-3.261858092384089, 4.1252797458964094]], "mse": 0.12239167306675625, "vol": 69904.65357563445, "inc": 2, "msevvol": 1.7508372734346309e-06, "msevinc": 0.06119583653337812}, "2": {"beta": [-0.6158398005119964, -0.8415086816489108, -0.7272727272727274, -0.14204545454545456, 0.8181818181818181, 0.6363636363636364, -1.4545454545454546], "R": [[-1.7201851746019652, 1.720185174601965], [-1.13130082502003, 1.4962299892472228], [-1.2772928491263928, 1.3340984998439032], [2.745021125038054, 22.669540563596215], [-0.9760197726155688, 19.14347425562218], [-3.261858092384089, 4.1252797458964094]], "mse": 0.12239167306675625, "vol": 69904.65357563445, "inc": 2, "msevvol": 1.7508372734346309e-06, "msevinc": 0.06119583653337812}}