{"0": {"beta": [-0.11549082186936112, -0.00622004896932983, 0.0880650595840304, -0.02088773066208521, -0.028985696326361284, -0.06228489126289391, -0.022917890540527983], "R": [[-1.7201851746019652, 1.720185174601965], [-1.13130082502003, 1.4962299892472228], [-1.2772928491263928, 1.3340984998439032], [-0.09569324051314432, 26.150966377476646], [-0.9760197726155688, 19.14347425562218], [-3.261858092384089, 4.1252797458964094]], "mse": 0.2693960327181047, "vol": 92085.7164847105, "inc": 725, "msevvol": 2.9254920632868616e-06, "msevinc": 0.0003715807347835927}, "1": {"beta": [-0.6158398005119964, -0.8415086816489108, -0.7272727272727274, -0.14204545454545456, 0.8181818181818181, 0.6363636363636364, -1.4545454545454546], "R": [[-1.7201851746019652, 1.720185174601965], [-1.13130082502003, 1.4962299892472228], [-1.2772928491263928, 1.3340984998439032], [2.745021125038054, 22.669540563596215], [-0.9760197726155688, 19.14347425562218], [-3.261858092384089, 4.1252797458964094]], "mse": 0.12239167306675625, "vol": 69904.65357563445, "inc": 2, "msevvol": 1.7508372734346309e-06, "msevinc": 0.06119583653337812}, "2": {"beta": [-0.6158398005119964, -0.8415086816489108, -0.7272727272727274, -0.14204545454545456, 0.8181818181818181, 0.6363636363636364, -1.4545454545454546], "R": [[-1.7201851746019652, 1.720185174601965], [-1.13130082502003, 1.4962299892472228], [-1.2772928491263928, 1.3340984998439032], [2.745021125038054, 22.669540563596215], [-0.9760197726155688, 19.14347425562218], [-3.261858092384089, 4.1252797458964094]], "mse": 0.12239167306675625, "vol": 69904.65357563445, "inc": 2, "msevvol": 1.7508372734346309e-06, "msevinc": 0.06119583653337812}}