{"0": {"beta": [-0.2424186005111163, 0.304395726287705, -0.24054235493949364, -0.2137296584243387, 0.1268391546246586, -0.28287107740915635, 0.02457424619512892], "R": [[-0.14271666800175814, 1.3069605274735303], [-0.9618306677398394, 0.17985226525342285], [-1.1934563591118503, 0.25359491089371505], [-0.23792987968180157, 26.016148822943872], [-0.006612456549960621, 18.730810247203966], [0.7902509513084586, 1.8342465957884986]], "mse": 0.0992399982904401, "vol": 1230.0026827111305, "inc": 57, "msevvol": 8.068274946498379e-05, "msevinc": 0.0017410526015866684}, "1": {"beta": [0.15356713200501854, -0.14668505208498075, -0.08866081791786205, -0.6795209809718314, -0.7783803842495338, 0.09474226490137916, -0.37455631583237187], "R": [[0.14721877109329956, 0.727089649283415], [-0.9618306677398394, 0.2841734213851726], [-0.9409144485862245, 1.4201814656607088], [-0.23792987968180157, 0.6961280452532362], [0.08757653111730218, 1.0592329715674678], [0.9675332305597861, 1.8342465957884986]], "mse": 0.07284348573609341, "vol": 1.3419194035921767, "inc": 12, "msevvol": 0.05428305570446264, "msevinc": 0.006070290478007784}, "2": {"beta": [0.14468020952855476, -0.17832890134919283, -0.03308722054069038, -0.6868204882642531, -0.7595700569867803, 0.10132451940750559, -0.3692015472847735], "R": [[0.14721877109329956, 0.727089649283415], [-0.9618306677398394, 0.2841734213851726], [-0.9409144485862245, 0.32479722672450545], [-0.23792987968180157, 0.6961280452532362], [0.08757653111730218, 1.0592329715674678], [0.9675332305597861, 1.8342465957884986]], "mse": 0.07644215908056255, "vol": 0.7193621598360003, "inc": 12, "msevvol": 0.10626380333654162, "msevinc": 0.006370179923380213}}