{"0": {"beta": [-0.0534022632958568, -0.011330421918991506, -0.022091157304159115, -0.013249270619388371, -0.006634170870196765, -0.12689057191608658, -0.24137699211336322], "R": [[-0.4326521070968158, 1.6968959665685883], [-0.9618306677398394, 1.4755795222543155], [-1.1934563591118503, 1.4201814656607088], [-0.23792987968180157, 26.016148822943872], [0.10776401548370662, 18.730810247203966], [-3.150865099136967, 4.357104412223306]], "mse": 0.31467708707882003, "vol": 49800.24532741745, "inc": 323, "msevvol": 6.318785881674664e-06, "msevinc": 0.0009742324677362849}, "1": {"beta": [0.4109565933277204, -0.35873100778120964, -0.6458735807376486, -0.2299274647726977, -0.31764759562769584, -0.6573783748655015, -0.02809579488059678], "R": [[0.14721877109329962, 1.3069605274735303], [-0.6998090723154677, 1.4755795222543155], [-1.1934563591118503, 0.3421754190628678], [-0.23792987968180157, 2.833451870578658], [0.7079568998149331, 1.8944850476035209], [0.6917607961688321, 1.4599840062579181]], "mse": 0.12499243959939241, "vol": 10.846372143699712, "inc": 10, "msevvol": 0.011523893698594535, "msevinc": 0.012499243959939241}, "2": {"beta": [0.4109565933277204, -0.35873100778120964, -0.6458735807376486, -0.2299274647726977, -0.31764759562769584, -0.6573783748655015, -0.02809579488059678], "R": [[0.14721877109329962, 1.3069605274735303], [-0.6998090723154677, 1.4755795222543155], [-1.1934563591118503, 0.3421754190628678], [-0.23792987968180157, 2.833451870578658], [0.7079568998149331, 1.8944850476035209], [0.6917607961688321, 1.4599840062579181]], "mse": 0.12499243959939241, "vol": 10.846372143699712, "inc": 10, "msevvol": 0.011523893698594535, "msevinc": 0.012499243959939241}}