{"0": {"beta": [0.1959136098611285, -0.43403843257551206, 0.3883032741703015, -0.03718306589214702, -0.2459916042835194, 0.6115753888837122, -1.205139996433439], "R": [[-1.6923938634770468, 1.6968959665685883], [-1.0618306677398395, 1.5755795222543156], [-1.1934563591118503, 1.420181465660709], [2.833451870578658, 26.016148822943872], [-0.9565511514060261, 18.73081024720397], [-3.150865099136967, 4.357104412223306]], "mse": 0.0025733205027255747, "vol": 80058.1899869985, "inc": 4, "msevvol": 3.2143126182886264e-08, "msevinc": 0.0006433301256813937}, "1": {"beta": [-0.463563850944411, -3.1735155695273423, 1.7333333333333336, -0.008333333333333331, 0.20000000000000018, -0.43333333333333346, -1.0666666666666667], "R": [[-1.6923938634770468, 1.6968959665685883], [-1.0618306677398395, 1.5755795222543156], [-1.1934563591118503, 1.420181465660709], [2.833451870578658, 22.956307575489344], [-0.9565511514060261, 18.73081024720397], [-3.150865099136967, 4.357104412223306]], "mse": 0.10307471981738678, "vol": 69491.45772016549, "inc": 1, "msevvol": 1.4832718034561515e-06, "msevinc": 0.10307471981738678}, "2": {"beta": [-0.463563850944411, -3.1735155695273423, 1.7333333333333336, -0.008333333333333331, 0.20000000000000018, -0.43333333333333346, -1.0666666666666667], "R": [[-1.6923938634770468, 1.6968959665685883], [-1.0618306677398395, 1.5755795222543156], [-1.1934563591118503, 1.420181465660709], [2.833451870578658, 22.956307575489344], [-0.9565511514060261, 18.73081024720397], [-3.150865099136967, 4.357104412223306]], "mse": 0.10307471981738678, "vol": 69491.45772016549, "inc": 1, "msevvol": 1.4832718034561515e-06, "msevinc": 0.10307471981738678}}