{"0": {"beta": [0.26091887700250727, 0.8362012076398225, -1.0850813368497991, -0.009275332091064065, -0.35579914840879334, 0.07279060571069053, -0.6590747627589972], "R": [[-1.6923938634770468, 1.6968959665685883], [-1.0618306677398395, 1.5755795222543156], [-1.1934563591118503, 1.420181465660709], [2.422921826073523, 26.016148822943872], [-0.9565511514060261, 18.73081024720397], [-3.150865099136967, 4.357104412223306]], "mse": 0.05467357846373129, "vol": 81475.89787344052, "inc": 4, "msevvol": 6.710399012559241e-07, "msevinc": 0.013668394615932822}, "1": {"beta": [-0.463563850944411, -3.1735155695273423, 1.7333333333333336, -0.008333333333333331, 0.20000000000000018, -0.43333333333333346, -1.0666666666666667], "R": [[-1.6923938634770468, 1.6968959665685883], [-1.0618306677398395, 1.5755795222543156], [-1.1934563591118503, 1.420181465660709], [2.833451870578658, 22.956307575489344], [-0.9565511514060261, 18.73081024720397], [-3.150865099136967, 4.357104412223306]], "mse": 0.052062931561801605, "vol": 69491.45772016549, "inc": 1, "msevvol": 7.491990133730299e-07, "msevinc": 0.052062931561801605}, "2": {"beta": [-0.463563850944411, -3.1735155695273423, 1.7333333333333336, -0.008333333333333331, 0.20000000000000018, -0.43333333333333346, -1.0666666666666667], "R": [[-1.6923938634770468, 1.6968959665685883], [-1.0618306677398395, 1.5755795222543156], [-1.1934563591118503, 1.420181465660709], [2.833451870578658, 22.956307575489344], [-0.9565511514060261, 18.73081024720397], [-3.150865099136967, 4.357104412223306]], "mse": 0.052062931561801605, "vol": 69491.45772016549, "inc": 1, "msevvol": 7.491990133730299e-07, "msevinc": 0.052062931561801605}}