{"0": {"beta": [-0.019262415953787092, 0.16652408026514895, -0.2550319702985093, -0.09112957317138011, -0.051926954913021635, -0.08629114172260759, -0.3719226187104561], "R": [[-1.3024584243819892, 1.6968959665685883], [-1.0618306677398395, 1.5755795222543156], [-1.1934563591118503, 1.420181465660709], [0.7285253250635817, 26.016148822943872], [-0.956551151406026, 18.730810247203966], [0.35689426869410235, 2.0903209991515275]], "mse": 0.017880381319387677, "vol": 17842.343224330532, "inc": 14, "msevvol": 1.0021319001982472e-06, "msevinc": 0.0012771700942419769}, "1": {"beta": [-0.0921634359571567, 0.2491540774183801, 0.07686663457039962, -0.3031410702211086, 0.025211662933863357, -0.22551234590040178, 0.43781256205316255], "R": [[-0.4326521070968158, 1.6968959665685883], [-1.0618306677398395, 1.5755795222543156], [-1.1934563591118503, 1.420181465660709], [1.1697450905418862, 2.5489707147813854], [-0.956551151406026, 1.0729472686313895], [-3.1508650991369676, 2.0312269060677512]], "mse": 0.027097588703458065, "vol": 212.9313899922791, "inc": 1, "msevvol": 0.00012725971828033726, "msevinc": 0.027097588703458065}, "2": {"beta": [-0.0921634359571567, 0.2491540774183801, 0.07686663457039962, -0.3031410702211086, 0.025211662933863357, -0.22551234590040178, 0.43781256205316255], "R": [[-0.4326521070968158, 1.6968959665685883], [-1.0618306677398395, 1.5755795222543156], [-1.1934563591118503, 1.420181465660709], [1.1697450905418862, 2.5489707147813854], [-0.956551151406026, 1.0729472686313895], [-3.1508650991369676, 2.0312269060677512]], "mse": 0.027097588703458065, "vol": 212.9313899922791, "inc": 1, "msevvol": 0.00012725971828033726, "msevinc": 0.027097588703458065}}