{"0": {"beta": [-0.09137405787539143, -0.047293543274545775, 0.07962689025027463, -0.01849181472470766, -0.040639843627732215, -0.10362555987637331, 0.008986677011424948], "R": [[-1.720185174601965, 1.720185174601965], [-1.13130082502003, 1.4962299892472228], [-1.2772928491263928, 1.3340984998439032], [-0.23821647948833946, 26.150966377476646], [-0.9760197726155687, 19.14347425562218], [-0.934039085909002, 4.1252797458964094]], "mse": 0.37945676910949827, "vol": 63410.33113997727, "inc": 1582, "msevvol": 5.984147413957729e-06, "msevinc": 0.00023985889324241357}, "1": {"beta": [0.45738050877963865, -3.0570587025176623, 1.387915756601527, -0.29356005081535197, -1.0751435324374659, -0.8363727758801196, 0.3449540818456832], "R": [[-0.2314550249431379, 1.3887301496588271], [-1.13130082502003, 1.4962299892472228], [-1.0309213942438957, 1.3340984998439032], [0.810762911016324, 2.6198539802672225], [-0.9760197726155687, 1.1092630160261188], [-3.261858092384089, 1.8943224353550219]], "mse": 0.02141721649681097, "vol": 195.83971700059092, "inc": 4, "msevvol": 0.00010936094488303589, "msevinc": 0.0053543041242027425}, "2": {"beta": [0.45738050877963865, -3.0570587025176623, 1.387915756601527, -0.29356005081535197, -1.0751435324374659, -0.8363727758801196, 0.3449540818456832], "R": [[-0.2314550249431379, 1.3887301496588271], [-1.13130082502003, 1.4962299892472228], [-1.0309213942438957, 1.3340984998439032], [0.810762911016324, 2.6198539802672225], [-0.9760197726155687, 1.1092630160261188], [-3.261858092384089, 1.8943224353550219]], "mse": 0.02141721649681097, "vol": 195.83971700059092, "inc": 4, "msevvol": 0.00010936094488303589, "msevinc": 0.0053543041242027425}}