{"0": {"beta": [-0.08165370482964236, -0.14647484861367174, 0.21915328201366166, -0.008128121826685913, -0.04435040512798138, -0.019367385339629815, -0.4264652968880666], "R": [[-0.7225875461918737, 1.6968959665685883], [-1.0618306677398395, 1.5755795222543156], [-1.1934563591118503, 1.420181465660709], [0.11285884652224776, 26.016148822943872], [-0.9565511514060262, 18.730810247203966], [0.3174982066382517, 4.357104412223306]], "mse": 0.06232497201759257, "vol": 34357.948560993675, "inc": 85, "msevvol": 1.813989909989843e-06, "msevinc": 0.0007332349649128538}, "1": {"beta": [0.09174329359453011, -0.5394347200637412, 0.4862731548104674, 0.049174715619989845, -0.10756013424235263, 0.13597533772325687, -0.9017440840618474], "R": [[-1.6923938634770468, 0.727089649283415], [-1.0618306677398395, 1.5755795222543156], [-0.9510517274502693, 0.46092640004167795], [0.3727205719208413, 2.5489707147813854], [-0.5459334386468693, 18.730810247203966], [0.4553844238337288, 1.656964316537171]], "mse": 0.045595956465753144, "vol": 454.1752393268143, "inc": 5, "msevvol": 0.00010039287155622176, "msevinc": 0.00911919129315063}, "2": {"beta": [0.09174329359453011, -0.5394347200637412, 0.4862731548104674, 0.049174715619989845, -0.10756013424235263, 0.13597533772325687, -0.9017440840618474], "R": [[-1.6923938634770468, 0.727089649283415], [-1.0618306677398395, 1.5755795222543156], [-0.9510517274502693, 0.46092640004167795], [0.3727205719208413, 2.5489707147813854], [-0.5459334386468693, 18.730810247203966], [0.4553844238337288, 1.656964316537171]], "mse": 0.045595956465753144, "vol": 454.1752393268143, "inc": 5, "msevvol": 0.00010039287155622176, "msevinc": 0.00911919129315063}}