{"0": {"beta": [-0.055643824137695724, -1.0140053975789132, 0.7179527620465768, -0.034308309772482316, 0.0993154802424153, -0.03579790947003467, -0.6787651007162081], "R": [[-1.6923938634770468, 0.727089649283415], [-1.0618306677398395, 1.5755795222543156], [-0.9988417563807659, 1.420181465660709], [0.3727205719208413, 2.5489707147813854], [0.06043621328900328, 18.730810247203966], [0.35689426869410235, 1.656964316537171]], "mse": 0.03617026800340143, "vol": 815.3967351606365, "inc": 6, "msevvol": 4.4359103297458925e-05, "msevinc": 0.006028378000566905}, "1": {"beta": [0.0917432935945296, -0.5394347200637, 0.486273154810431, 0.04917471561998902, -0.1075601342423571, 0.13597533772324763, -0.9017440840618338], "R": [[-1.6923938634770468, 0.727089649283415], [-1.0618306677398395, 1.5755795222543156], [-0.9510517274502693, 0.46092640004167795], [0.3727205719208413, 2.5489707147813854], [-0.5459334386468693, 18.730810247203966], [0.4553844238337288, 1.656964316537171]], "mse": 0.04559595646575221, "vol": 454.1752393268143, "inc": 5, "msevvol": 0.0001003928715562197, "msevinc": 0.009119191293150442}, "2": {"beta": [0.0917432935945296, -0.5394347200637, 0.486273154810431, 0.04917471561998902, -0.1075601342423571, 0.13597533772324763, -0.9017440840618338], "R": [[-1.6923938634770468, 0.727089649283415], [-1.0618306677398395, 1.5755795222543156], [-0.9510517274502693, 0.46092640004167795], [0.3727205719208413, 2.5489707147813854], [-0.5459334386468693, 18.730810247203966], [0.4553844238337288, 1.656964316537171]], "mse": 0.04559595646575221, "vol": 454.1752393268143, "inc": 5, "msevvol": 0.0001003928715562197, "msevinc": 0.009119191293150442}}