{"0": {"beta": [-0.2170725972295001, -0.05752162336899476, 0.02160837058296871, -0.028383583513006353, -0.05663385218168869, -0.18700105360738045, 0.04621289606994415], "R": [[-1.6923938634770468, 1.6968959665685883], [-1.0618306677398395, 1.5755795222543156], [-1.1934563591118503, 1.420181465660709], [-0.23792987968180157, 26.016148822943872], [-0.9565511514060262, 18.730810247203966], [-0.9037797170931134, 4.357104412223306]], "mse": 0.6685419915739244, "vol": 63529.410869931875, "inc": 1873, "msevvol": 1.0523346311878702e-05, "msevinc": 0.0003569364610645619}, "1": {"beta": [0.0917432935945296, -0.5394347200637, 0.486273154810431, 0.04917471561998902, -0.1075601342423571, 0.13597533772324763, -0.9017440840618338], "R": [[-1.6923938634770468, 0.727089649283415], [-1.0618306677398395, 1.5755795222543156], [-0.9510517274502693, 0.46092640004167795], [0.3727205719208413, 2.5489707147813854], [-0.5459334386468693, 18.730810247203966], [0.4553844238337288, 1.656964316537171]], "mse": 0.01992182142395406, "vol": 454.1752393268143, "inc": 4, "msevvol": 4.3863732979989174e-05, "msevinc": 0.004980455355988515}, "2": {"beta": [0.0917432935945296, -0.5394347200637, 0.486273154810431, 0.04917471561998902, -0.1075601342423571, 0.13597533772324763, -0.9017440840618338], "R": [[-1.6923938634770468, 0.727089649283415], [-1.0618306677398395, 1.5755795222543156], [-0.9510517274502693, 0.46092640004167795], [0.3727205719208413, 2.5489707147813854], [-0.5459334386468693, 18.730810247203966], [0.4553844238337288, 1.656964316537171]], "mse": 0.01992182142395406, "vol": 454.1752393268143, "inc": 4, "msevvol": 4.3863732979989174e-05, "msevinc": 0.004980455355988515}}