{"0": {"beta": [0.012291184244026993, -0.08279544850854828, 0.11976244583107175, -0.009081951815470193, -0.02708557992160019, -0.08512307255116824, -0.11414877720763375], "R": [[-0.4629100498862757, 1.720185174601965], [-1.13130082502003, 1.4962299892472233], [-1.1772928491263928, 0.982108103876507], [-0.23821647948833946, 26.150966377476646], [-0.056526958919697945, 19.14347425562218], [0.20892892610865021, 4.1252797458964094]], "mse": 0.18005618545751545, "vol": 24578.9073820306, "inc": 322, "msevvol": 7.325638306817201e-06, "msevinc": 0.0005591807001786195}, "1": {"beta": [0.10742577170097029, 0.11226965293123724, 0.015562979345165486, -0.22291020464518999, -0.19484072302926858, 0.03924749350131257, -0.26731108649482543], "R": [[0.4629100498862757, 1.1572751247156892], [-0.8674424950569903, -0.32998717277822054], [-0.9378416881736423, 0.1600647930125333], [-0.23821647948833946, 0.41854186267069554], [0.29326520283190666, 1.2753245071744201], [0.5188863530964887, 1.4100139556865243]], "mse": 0.09265637745027325, "vol": 0.23549342929373598, "inc": 10, "msevvol": 0.39345631735100756, "msevinc": 0.009265637745027325}, "2": {"beta": [0.10742577170097029, 0.11226965293123724, 0.015562979345165486, -0.22291020464518999, -0.19484072302926858, 0.03924749350131257, -0.26731108649482543], "R": [[0.4629100498862757, 1.1572751247156892], [-0.8674424950569903, -0.32998717277822054], [-0.9378416881736423, 0.1600647930125333], [-0.23821647948833946, 0.41854186267069554], [0.29326520283190666, 1.2753245071744201], [0.5188863530964887, 1.4100139556865243]], "mse": 0.09265637745027325, "vol": 0.23549342929373598, "inc": 10, "msevvol": 0.39345631735100756, "msevinc": 0.009265637745027325}}