{"0": {"beta": [-0.05138533185551221, 0.07587276016067614, -0.06424727241511598, -0.01024123517595373, -0.04048537524025624, 0.045755137759369784, -0.627626332578212], "R": [[-1.6923938634770468, 1.6968959665685883], [-1.0618306677398395, 1.5755795222543156], [-1.1934563591118503, 1.420181465660709], [0.3330088236587143, 26.016148822943872], [-0.9565511514060262, 18.730810247203966], [-3.150865099136967, 4.357104412223306]], "mse": 0.044602571675410874, "vol": 88693.11908577029, "inc": 85, "msevvol": 5.028864937344029e-07, "msevinc": 0.0005247361373577749}, "1": {"beta": [0.0917432935945296, -0.5394347200637, 0.486273154810431, 0.04917471561998902, -0.1075601342423571, 0.13597533772324763, -0.9017440840618338], "R": [[-1.6923938634770468, 0.727089649283415], [-1.0618306677398395, 1.5755795222543156], [-0.9510517274502693, 0.46092640004167795], [0.3727205719208413, 2.5489707147813854], [-0.5459334386468693, 18.730810247203966], [0.4553844238337288, 1.656964316537171]], "mse": 0.04559595646575221, "vol": 454.1752393268143, "inc": 5, "msevvol": 0.0001003928715562197, "msevinc": 0.009119191293150442}, "2": {"beta": [0.0917432935945296, -0.5394347200637, 0.486273154810431, 0.04917471561998902, -0.1075601342423571, 0.13597533772324763, -0.9017440840618338], "R": [[-1.6923938634770468, 0.727089649283415], [-1.0618306677398395, 1.5755795222543156], [-0.9510517274502693, 0.46092640004167795], [0.3727205719208413, 2.5489707147813854], [-0.5459334386468693, 18.730810247203966], [0.4553844238337288, 1.656964316537171]], "mse": 0.04559595646575221, "vol": 454.1752393268143, "inc": 5, "msevvol": 0.0001003928715562197, "msevinc": 0.009119191293150442}}