{"0": {"beta": [0.12693552148450504, 0.033830931952253715, -0.2660790385052078, -0.005223991723936164, 0.13672564328755382, 0.005983256875234914, -0.005463640396035304, -0.2860474013864695, -0.1316475800257072, 0.11238704177298398, 0.7371783622577123, 0.08108799702024452], "R": [[-1.1486865614333561, 2.048924205299496], [-0.9510858617492711, 1.7274169030300537], [-1.137287558888664, 1.1676718006545943], [-1.886712402381131, 0.9898324871218838], [-0.9038654123337816, 1.3444533905959801], [-0.6576965191761068, 1.4635991089389775], [-0.9395076438021857, 0.6838233715080582], [-0.6117999790190289, 1.9538883176914308], [-0.9041149963561597, 1.206053990952793], [-0.7519355821956641, 1.5242880150805072], [-1.8909183913560328, -0.20163526565014234]], "mse": 0.9912700099999219, "vol": 9152.859480910613, "inc": 79, "msevvol": 0.00010830167469164522, "msevinc": 0.012547721645568631}, "1": {"beta": [0.2779420945273914, 0.15741037980567602, -0.10768246987831367, 0.06859586481271511, -0.09625367205806595, 0.11002394040272435, 0.12117704390796795, 1.5685356437519413, -0.17740124725667913, 0.33694675405939367, 0.7829367578966026, 1.2192828112756562], "R": [[-1.1486865614333561, 0.5409193113300172], [-2.0125996747469777, 2.308173809528907], [-0.6957531361190138, 1.247497233019729], [-2.306328501214799, 0.5104083388713813], [-0.45420165174782934, 1.3444533905959801], [-0.07434022144445884, 1.3045019368303457], [-0.9395076438021857, 0.608729589063187], [-0.6117999790190289, 1.9538883176914308], [-0.9041149963561597, 1.206053990952793], [-0.8766738020979417, 1.191193742086525], [-1.8909183913560328, -0.20163526565014234]], "mse": 1.022982050048671, "vol": 2901.804653168889, "inc": 22, "msevvol": 0.00035253305177918606, "msevinc": 0.04649918409312141}, "2": {"beta": [0.2779420945273914, 0.15741037980567602, -0.10768246987831367, 0.06859586481271511, -0.09625367205806595, 0.11002394040272435, 0.12117704390796795, 1.5685356437519413, -0.17740124725667913, 0.33694675405939367, 0.7829367578966026, 1.2192828112756562], "R": [[-1.1486865614333561, 0.5409193113300172], [-2.0125996747469777, 2.308173809528907], [-0.6957531361190138, 1.247497233019729], [-2.306328501214799, 0.5104083388713813], [-0.45420165174782934, 1.3444533905959801], [-0.07434022144445884, 1.3045019368303457], [-0.9395076438021857, 0.608729589063187], [-0.6117999790190289, 1.9538883176914308], [-0.9041149963561597, 1.206053990952793], [-0.8766738020979417, 1.191193742086525], [-1.8909183913560328, -0.20163526565014234]], "mse": 1.022982050048671, "vol": 2901.804653168889, "inc": 22, "msevvol": 0.00035253305177918606, "msevinc": 0.04649918409312141}}