{"0": {"beta": [0.08945925241890641, -0.08705947662448417, -0.06290698342902967, 0.19730895202595103, 0.1387272263609377, 0.08896714172960879, 0.04735930853332493, 0.2534315066213115, -0.13933369063148707, 0.15344892720810543, 0.6450895031408683, 0.3435599873144354], "R": [[-0.8670855826394614, 1.948924205299496], [-0.6763676294642122, 1.7274169030300537], [-1.4890183702475377, 1.1676718006545943], [-1.354018904325017, 0.9898324871218838], [-1.2635964208025436, 1.3444533905959801], [-0.6576965191761068, 1.3045019368303457], [-0.9395076438021857, 0.6838233715080582], [-0.6117999790190289, 1.9538883176914308], [-0.9041149963561597, 1.206053990952793], [-0.531974717931093, 3.3012268919967234], [-1.8909183913560328, -0.20390243130735486]], "mse": 0.9878770313200311, "vol": 12259.38143544193, "inc": 69, "msevvol": 8.058131126127407e-05, "msevinc": 0.014317058424927987}, "1": {"beta": [0.26233705860738005, -0.028853392163648316, -0.03920689497504739, -0.05312195720885825, -0.22517969436940855, 0.22874693495163345, 0.0511784946944462, 0.040657647930198014, -0.15187452736352478, 0.3398740398117828, 0.6687707227431009, 0.33355223855452965], "R": [[-1.7118885190211481, 0.5409193113300172], [-1.3631632101768596, 2.308173809528907], [-0.6957531361190138, 1.247497233019729], [-2.306328501214799, 0.5104083388713813], [-0.45420165174782934, 1.3444533905959801], [-0.07434022144445884, 1.3045019368303457], [-0.9395076438021857, 0.608729589063187], [-0.6117999790190289, 1.9538883176914308], [-0.9041149963561597, 1.206053990952793], [-0.8766738020979417, 1.191193742086525], [-1.8909183913560328, -0.20163526565014234]], "mse": 1.076912380502163, "vol": 3287.5295394535324, "inc": 28, "msevvol": 0.00032757496703167936, "msevinc": 0.03846115644650582}, "2": {"beta": [0.2779420945273914, 0.15741037980567602, -0.10768246987831367, 0.06859586481271511, -0.09625367205806595, 0.11002394040272435, 0.12117704390796795, 1.5685356437519413, -0.17740124725667913, 0.33694675405939367, 0.7829367578966026, 1.2192828112756562], "R": [[-1.1486865614333561, 0.5409193113300172], [-2.0125996747469777, 2.308173809528907], [-0.6957531361190138, 1.247497233019729], [-2.306328501214799, 0.5104083388713813], [-0.45420165174782934, 1.3444533905959801], [-0.07434022144445884, 1.3045019368303457], [-0.9395076438021857, 0.608729589063187], [-0.6117999790190289, 1.9538883176914308], [-0.9041149963561597, 1.206053990952793], [-0.8766738020979417, 1.191193742086525], [-1.8909183913560328, -0.20163526565014234]], "mse": 1.022982050048671, "vol": 2901.804653168889, "inc": 22, "msevvol": 0.00035253305177918606, "msevinc": 0.04649918409312141}}