{"0": {"beta": [0.05804910531814417, 0.07571100206947383, -0.18118197086146628, 0.13017562078857708, -0.123913843196295, 0.11627627858099415, 0.08002094005434911, 0.07637020409444242, -0.20270049216428462, 0.03981043055153466, 0.24837313447244647, -0.15338078539558478], "R": [[-1.1486865614333561, 0.822520290123912], [-0.33296983910788847, 1.38401911267373], [-0.9102839856003127, 0.6937082959866087], [-0.5549786572408464, 1.0431018369274951], [-0.4542016517478294, 1.2545206384787897], [-3.1759735352273033, 0.20142821021050183], [-0.9395076438021857, 15.110644293668837], [-0.6117999790190289, 1.9538883176914312], [-0.9041149963561597, 1.206053990952793], [-4.1498813091984434, 0.3162824671019818], [-1.428171886202049, 0.4785144315135765]], "mse": 0.7386891776238633, "vol": 37048.36151374907, "inc": 27, "msevvol": 1.9938511379234068e-05, "msevinc": 0.027358858430513458}, "1": {"beta": [-0.011821994685739358, 0.13671486402859434, -0.17351721390155891, 0.09887257616445, -0.09442273299720856, 0.14083424972007752, 0.10202940072970897, 0.040002033816530266, -0.19777265907465336, 0.13980715349608025, 0.3227051337757762, -0.14372808694925254], "R": [[-1.1486865614333561, 0.822520290123912], [-0.33296983910788847, 1.38401911267373], [-0.9102839856003127, 0.6937082959866087], [-0.5549786572408464, 1.0431018369274951], [-0.4542016517478294, 1.2545206384787897], [-3.1759735352273033, 0.20142821021050183], [-0.9395076438021857, 15.110644293668837], [-0.6117999790190289, 1.9538883176914312], [-0.9041149963561597, 1.206053990952793], [-1.4493174581384611, 0.3162824671019818], [-1.428171886202049, 0.4785144315135765]], "mse": 0.8022944057837216, "vol": 14646.257413592026, "inc": 25, "msevvol": 5.477811724373873e-05, "msevinc": 0.032091776231348866}, "2": {"beta": [-0.011821994685739358, 0.13671486402859434, -0.17351721390155891, 0.09887257616445, -0.09442273299720856, 0.14083424972007752, 0.10202940072970897, 0.040002033816530266, -0.19777265907465336, 0.13980715349608025, 0.3227051337757762, -0.14372808694925254], "R": [[-1.1486865614333561, 0.822520290123912], [-0.33296983910788847, 1.38401911267373], [-0.9102839856003127, 0.6937082959866087], [-0.5549786572408464, 1.0431018369274951], [-0.4542016517478294, 1.2545206384787897], [-3.1759735352273033, 0.20142821021050183], [-0.9395076438021857, 15.110644293668837], [-0.6117999790190289, 1.9538883176914312], [-0.9041149963561597, 1.206053990952793], [-1.4493174581384611, 0.3162824671019818], [-1.428171886202049, 0.4785144315135765]], "mse": 0.8022944057837216, "vol": 14646.257413592026, "inc": 25, "msevvol": 5.477811724373873e-05, "msevinc": 0.032091776231348866}}