{"0": {"beta": [0.0015603046274290312, 0.002311825628812481, 0.0230177078232026, 0.04247377621260667, -0.03581058220871085, 0.004320487480137656, 0.06228102799949033, -0.006831496092363732, 0.05463676877501987, 0.013039736358562867, 0.3356249293121556, -0.13047523115814913], "R": [[-1.7572237442263516, -0.07476935333494972], [-2.1678075959963774, 2.534311068096654], [-3.0137220955718016, 10.965817738591115], [-2.4014857337967093, 5.238879065791867], [-2.982577280579566, 1.263226327951618], [-3.014327126394013, 9.279222489638407], [-1.2883164539645324, 22.438229432520206], [-0.21340330868756002, 8.918084865187856], [-0.25036706077527937, 6.750392678051216], [-4.7899245497589265, 8.738392508636064], [-2.3133427231696846, 3.672922252623378]], "mse": 0.7443449565936562, "vol": 5417538645.623227, "inc": 545, "msevvol": 1.3739541243420657e-10, "msevinc": 0.0013657705625571674}, "1": {"beta": [0.5932400513887476, 0.697167245209803, -0.5589880965926779, -0.14401256124883566, 0.8731388658305602, 0.8482554496205186, -0.44691637252875566, 3.667574128949786, -19.101517453680326, 0.08057247927073119, 0.6556185320043475, -1.262318584919057], "R": [[-1.6572237442263515, -0.3385117518168512], [-2.1678075959963774, -0.34199544142738203], [-1.4088225540567385, 0.10578601675842059], [-1.57203820442528, -0.5508116633052793], [-1.4405586341339367, -0.08866615309115944], [-0.5311557240989463, 0.6604299770485866], [-1.2883164539645324, 0.6828834553216572], [-0.21340330868756002, 8.918084865187856], [-0.25036706077527937, 6.750392678051216], [-1.2292675480616706, 1.0119703330784022], [-1.0766653450108563, 0.43388604936356845]], "mse": 2.4045049304527497, "vol": 2559.3922691039174, "inc": 6, "msevvol": 0.0009394827668580103, "msevinc": 0.40075082174212495}, "2": {"beta": [0.5932400513887476, 0.697167245209803, -0.5589880965926779, -0.14401256124883566, 0.8731388658305602, 0.8482554496205186, -0.44691637252875566, 3.667574128949786, -19.101517453680326, 0.08057247927073119, 0.6556185320043475, -1.262318584919057], "R": [[-1.6572237442263515, -0.3385117518168512], [-2.1678075959963774, -0.34199544142738203], [-1.4088225540567385, 0.10578601675842059], [-1.57203820442528, -0.5508116633052793], [-1.4405586341339367, -0.08866615309115944], [-0.5311557240989463, 0.6604299770485866], [-1.2883164539645324, 0.6828834553216572], [-0.21340330868756002, 8.918084865187856], [-0.25036706077527937, 6.750392678051216], [-1.2292675480616706, 1.0119703330784022], [-1.0766653450108563, 0.43388604936356845]], "mse": 2.4045049304527497, "vol": 2559.3922691039174, "inc": 6, "msevvol": 0.0009394827668580103, "msevinc": 0.40075082174212495}}