{"0": {"beta": [0.05242229552436482, 0.02016931605090119, 0.002547767323197663, 0.04044302403118804, -0.01011051882514885, 0.10107364110117481, 0.09584042493552075, 0.03878141507950916, -0.012644599899955705, 0.0462532465105266, 0.378932850680132, 0.07436643114661275], "R": [[-1.8118885190211482, 2.048924205299496], [-2.0125996747469777, 1.7960964611013188], [-2.521978111015047, 0.7860064521587956], [-2.306328501214799, 5.670996570404462], [-4.241444488552639, 5.041763475283599], [-3.1759735352273033, 9.29572167341846], [-0.9395076438021857, 1.0110177093035682], [-0.6117999790190289, 1.953888317691431], [-0.9041149963561596, 1.206053990952793], [-4.1498813091984434, 3.3012268919967234], [-1.8909183913560328, 0.36515614865295665]], "mse": 0.8455098226298762, "vol": 7975289.136948495, "inc": 711, "msevvol": 1.0601619679376102e-07, "msevinc": 0.0011891839980729623}, "1": {"beta": [0.045186817047280434, -0.025360152305562267, 0.0771403877895852, 0.04856172116382229, -0.006961752409219774, 0.07449380669133383, 0.023875036004737227, 0.028917600918057056, -0.012716199730013445, 0.02627263040397182, 0.24946349072731835, -0.002159621019710191], "R": [[-1.8118885190211482, 2.048924205299496], [-2.0125996747469777, 2.308173809528907], [-2.521978111015047, 24.050349106616267], [-2.306328501214799, 5.670996570404462], [-4.241444488552639, 5.041763475283599], [-3.1759735352273033, 9.29572167341846], [-0.9395076438021857, 15.110644293668837], [-0.6117999790190289, 2.053888317691431], [-0.9041149963561596, 1.1060539909527929], [-4.1498813091984434, 3.3012268919967234], [-1.8909183913560328, 3.2968460545112412]], "mse": 0.9297501634858688, "vol": 1361046255.546002, "inc": 1308, "msevvol": 6.831143024693802e-10, "msevinc": 0.000710818167802652}, "2": {"beta": null, "R": null, "mse": -1, "vol": -1, "inc": -1, "msevvol": -1, "msevinc": -1}}