{"0": {"beta": [0.05280063199831834, 0.011888107319591239, 0.04647155278534258, 0.01987409100330095, 0.021226214403656823, 0.08095326537582408, 0.006134334298477388, 0.03757566254702856, -0.011778377051968016, 0.05449311216184477, 0.317273041726202, 0.034597798849107485], "R": [[-1.8118885190211482, 2.048924205299496], [-2.0125996747469777, 1.7960964611013186], [-2.521978111015047, 24.050349106616267], [-2.306328501214799, 5.670996570404462], [-4.241444488552639, 5.041763475283599], [-3.1759735352273033, 9.29572167341846], [-0.9395076438021857, 15.110644293668837], [-0.6117999790190289, 2.053888317691431], [-0.9041149963561597, 1.206053990952793], [-4.1498813091984434, 3.3012268919967234], [-1.8909183913560328, 0.62361303357517]], "mse": 0.8739394038375969, "vol": 610448734.7722334, "inc": 643, "msevvol": 1.4316343929579533e-09, "msevinc": 0.0013591592594674913}, "1": {"beta": [0.2779420945273917, 0.1574103798056763, -0.10768246987831367, 0.06859586481271492, -0.09625367205806554, 0.11002394040272433, 0.12117704390796806, 2.2509827478059923, -0.17740124725667916, 0.33694675405939406, 0.7829367578966039, 1.5685592248121174], "R": [[-1.1486865614333561, 0.5409193113300172], [-2.0125996747469777, 2.308173809528907], [-0.6957531361190138, 1.247497233019729], [-2.306328501214799, 0.5104083388713813], [-0.45420165174782934, 1.3444533905959801], [-0.07434022144445884, 1.3045019368303457], [-0.9395076438021857, 0.608729589063187], [-0.6117999790190289, 1.9538883176914308], [-0.9041149963561597, 1.206053990952793], [-0.8766738020979417, 1.191193742086525], [-1.8909183913560328, -0.20163526565014234]], "mse": 0.7066524541552803, "vol": 2901.804653168889, "inc": 13, "msevvol": 0.0002435217179018536, "msevinc": 0.054357881088867716}, "2": {"beta": [0.2779420945273917, 0.1574103798056763, -0.10768246987831367, 0.06859586481271492, -0.09625367205806554, 0.11002394040272433, 0.12117704390796806, 2.2509827478059923, -0.17740124725667916, 0.33694675405939406, 0.7829367578966039, 1.5685592248121174], "R": [[-1.1486865614333561, 0.5409193113300172], [-2.0125996747469777, 2.308173809528907], [-0.6957531361190138, 1.247497233019729], [-2.306328501214799, 0.5104083388713813], [-0.45420165174782934, 1.3444533905959801], [-0.07434022144445884, 1.3045019368303457], [-0.9395076438021857, 0.608729589063187], [-0.6117999790190289, 1.9538883176914308], [-0.9041149963561597, 1.206053990952793], [-0.8766738020979417, 1.191193742086525], [-1.8909183913560328, -0.20163526565014234]], "mse": 0.7066524541552803, "vol": 2901.804653168889, "inc": 13, "msevvol": 0.0002435217179018536, "msevinc": 0.054357881088867716}}