{"0": {"beta": [-0.16149107644625604, 0.12516583136428258, -0.10479066342178718, 0.4801427527495584, -0.1411831607621023, 0.762995234180852, -0.6117476583943058, 0.6464060999219645, 0.12235783538131405, 0.5189240669268796, 0.26756752888312135, -0.22963039051322434], "R": [[-1.8118885190211482, -0.022282646257774763], [-1.569201884390654, 0.2164666254622294], [-1.4790401912018962, 0.1074902770551518], [-1.0876721552969602, 0.5104083388713814], [-1.4434619250369245, 0.8048568778928373], [-0.6364835628949566, 0.912062245629055], [-0.9395076438021857, 15.110644293668837], [-0.6117999790190289, 1.9538883176914308], [-0.9041149963561597, 1.206053990952793], [-0.42819779743102093, 1.4218146671692624], [-1.371492744771739, 0.5873383830597716]], "mse": 0.8158991701732807, "vol": 8882.990174127828, "inc": 19, "msevvol": 9.184960854168561e-05, "msevinc": 0.042942061588067404}, "1": {"beta": [-0.1570341246350991, 0.07481601903615472, -0.31207363359577756, 0.6425624415088199, -0.25307448717261255, 0.9234861676191157, -0.633264576935694, 1.1776562165208417, 0.13717001678993854, 0.6229122146620869, 0.006372096660079777, -0.2403067262407005], "R": [[-1.8118885190211482, -0.022282646257774763], [-1.569201884390654, 0.2164666254622294], [-1.137287558888664, 0.1074902770551518], [-1.0876721552969602, 0.5104083388713814], [-4.241444488552639, 0.8048568778928373], [-0.6364835628949566, 0.7741780298015746], [-0.9395076438021857, 15.110644293668837], [-0.6117999790190289, 1.9538883176914308], [-0.9041149963561597, 1.206053990952793], [-0.42819779743102093, 1.4218146671692624], [-1.371492744771739, 0.13390525161729228]], "mse": 1.0519164031956976, "vol": 10951.434861740105, "inc": 16, "msevvol": 9.605283841578322e-05, "msevinc": 0.0657447751997311}, "2": {"beta": [-0.1570341246350991, 0.07481601903615472, -0.31207363359577756, 0.6425624415088199, -0.25307448717261255, 0.9234861676191157, -0.633264576935694, 1.1776562165208417, 0.13717001678993854, 0.6229122146620869, 0.006372096660079777, -0.2403067262407005], "R": [[-1.8118885190211482, -0.022282646257774763], [-1.569201884390654, 0.2164666254622294], [-1.137287558888664, 0.1074902770551518], [-1.0876721552969602, 0.5104083388713814], [-4.241444488552639, 0.8048568778928373], [-0.6364835628949566, 0.7741780298015746], [-0.9395076438021857, 15.110644293668837], [-0.6117999790190289, 1.9538883176914308], [-0.9041149963561597, 1.206053990952793], [-0.42819779743102093, 1.4218146671692624], [-1.371492744771739, 0.13390525161729228]], "mse": 1.0519164031956976, "vol": 10951.434861740105, "inc": 16, "msevvol": 9.605283841578322e-05, "msevinc": 0.0657447751997311}}