{"0": {"beta": [-0.058634847203767264, 0.2097345929634166, 0.6104544853236887, 0.15070197651271358, -0.16482056842653028, -0.03628561117017354, 0.05304386654388032, -0.027287894165420937, 0.13215762628902367, -0.18855222395025362, 0.20973472204036112, 0.022535680165042097, 0.1731188821773591, 0.08642703730537625, -0.07119122340944806, 0.057880436381616815, 0.11980406382885685, -0.0657426434802763, -0.055044130604187086, 0.2752059257584222, -5.905369560500169e-05, -0.04847865180477285, -0.15190973399160626, 0.20055474484877553, -0.10867834071732009, 0.09568909760413286, -0.06342948356743269, -0.3475018796075742], "R": [[-0.1, 1.1], [-0.1, 1.1], [-0.1, 1.1], [-0.09999999999999998, 1.1], [-0.1, 1.1], [-0.10000000000000002, 1.1], [-0.10000000000000003, 1.1], [-0.1, 1.1], [-0.1, 1.1], [-0.1, 1.0], [-0.10000000000000009, 1.1], [-0.1, 1.1], [-0.10000000000000003, 1.1], [-0.1, 1.1], [-0.1, 1.1], [-0.10000000000000003, 1.1], [-0.09999999999999998, 1.1], [-0.09999999999999998, 1.1], [-0.10000000000000003, 1.1], [-0.1, 1.1], [-2.4981993196613552, 0.6490137739569877], [-2.048731692570825, 3.70956534419748], [-1.338292871291459, 2.221574435698607], [-2.5468817033043174, 3.9147135853931743], [-1.7919422551589224, 1.2696558409309648], [-1.335654730362813, 5.625192628894896], [-3.311921066360926, 2.377114349452829]], "mse": 0.7880830471752728, "vol": 1776147.6418399927, "inc": 339, "msevvol": 4.437035686734136e-07, "msevinc": 0.002324728752729418}, "1": {"beta": [-0.12227592846294567, -0.013289330042240855, 0.745856524967974, 0.24308205407292477, 1.4512504929063097, -0.22004783152177887, -0.023459784395956085, 0.10143099941309486, 0.08329843647336364, -0.47444141957519, 0.048008900380864375, 0.0301858407411029, 0.3344185720685557, 0.05372208255425875, -0.29214016952882227, 0.0047720796038544944, 0.16563512952280107, 0.10524201821314179, -0.2382059692293962, 0.06903214887242505, -0.06275011071953013, -0.14773900143524044, -0.28719559594611027, 0.20506102436879511, -0.1945113974333701, 0.11107564517564456, -0.1226833122469704, -0.24253977502809704], "R": [[-0.1, 1.1], [-0.1, 1.1], [-0.1, 1.1], [-0.09999999999999998, 1.0], [-0.1, 1.1], [-0.10000000000000002, 1.0], [-0.10000000000000003, 1.0], [-0.1, 1.0], [-0.1, 1.1], [-0.1, 1.1], [-0.10000000000000009, 1.1], [-0.1, 1.1], [-0.10000000000000003, 1.1], [-0.1, 1.0], [-0.1, 1.1], [-0.10000000000000003, 1.1], [-0.09999999999999998, 1.1], [-0.09999999999999998, 1.0], [-0.10000000000000003, 1.1], [-0.1, 1.1], [-1.3824616217885743, 0.6490137739569877], [-2.048731692570825, 0.9892253125781361], [-1.338292871291459, 1.4057399577785774], [-1.0693307472552724, 3.9147135853931743], [-1.3165284669005914, 3.079874271543797], [-1.335654730362813, 0.5672378987725764], [-3.311921066360926, 0.7676297409728486]], "mse": 0.535081533235286, "vol": 65521.23049998382, "inc": 126, "msevvol": 8.166536695848807e-06, "msevinc": 0.004246678835200682}, "2": {"beta": [-0.12227592846294567, -0.013289330042240855, 0.745856524967974, 0.24308205407292477, 1.4512504929063097, -0.22004783152177887, -0.023459784395956085, 0.10143099941309486, 0.08329843647336364, -0.47444141957519, 0.048008900380864375, 0.0301858407411029, 0.3344185720685557, 0.05372208255425875, -0.29214016952882227, 0.0047720796038544944, 0.16563512952280107, 0.10524201821314179, -0.2382059692293962, 0.06903214887242505, -0.06275011071953013, -0.14773900143524044, -0.28719559594611027, 0.20506102436879511, -0.1945113974333701, 0.11107564517564456, -0.1226833122469704, -0.24253977502809704], "R": [[-0.1, 1.1], [-0.1, 1.1], [-0.1, 1.1], [-0.09999999999999998, 1.0], [-0.1, 1.1], [-0.10000000000000002, 1.0], [-0.10000000000000003, 1.0], [-0.1, 1.0], [-0.1, 1.1], [-0.1, 1.1], [-0.10000000000000009, 1.1], [-0.1, 1.1], [-0.10000000000000003, 1.1], [-0.1, 1.0], [-0.1, 1.1], [-0.10000000000000003, 1.1], [-0.09999999999999998, 1.1], [-0.09999999999999998, 1.0], [-0.10000000000000003, 1.1], [-0.1, 1.1], [-1.3824616217885743, 0.6490137739569877], [-2.048731692570825, 0.9892253125781361], [-1.338292871291459, 1.4057399577785774], [-1.0693307472552724, 3.9147135853931743], [-1.3165284669005914, 3.079874271543797], [-1.335654730362813, 0.5672378987725764], [-3.311921066360926, 0.7676297409728486]], "mse": 0.535081533235286, "vol": 65521.23049998382, "inc": 126, "msevvol": 8.166536695848807e-06, "msevinc": 0.004246678835200682}}