{"0": {"beta": [1.9107940410831714, -1.9303011085236814, -1.05740807905891, 1.7144518825964228, 0.49966258534988056, -0.5376296026231538, -1.5797702030439458, -1.4001159158305112, -24.35657633164135, -0.07865997001389059, -1.6231842069513531, -4.758687982574269], "R": [[-1.7572237442263516, -0.6022541502987503], [-2.1678075959963774, 0.18325173605013828], [-0.8359898253510053, 0.41890221168655517], [-0.7453310044709938, 0.22726570135757834], [-1.1701801379253811, 0.4520908393259514], [-1.074686043920628, 0.3573072986864958], [-1.2883164539645324, 0.47047697913241376], [-0.21340330868756002, 8.918084865187856], [-0.25036706077527937, 6.750392678051216], [-0.2830870044731216, 0.992170930768723], [-1.493196128177226, 0.14532556704951705]], "mse": 3.662089053064255, "vol": 1808.7956127024027, "inc": 15, "msevvol": 0.002024600804727168, "msevinc": 0.24413927020428366}, "1": {"beta": [1.5005348572186512, -1.2332014305220074, -0.7783743423984049, 0.8030621577121596, 0.14381131803156605, -0.49875516867732583, -0.35014099744306953, -1.0742719100248541, 7.033585291917124, -0.1853046032463535, -1.0114391163756835, 0.6014588201684108], "R": [[-1.6572237442263515, -0.6022541502987503], [-2.1678075959963774, 0.18325173605013828], [-0.8359898253510053, 0.41890221168655517], [-0.7453310044709938, 0.22726570135757834], [-1.1701801379253811, 0.4520908393259514], [-1.074686043920628, 0.3573072986864958], [-1.2883164539645324, 22.438229432520206], [-0.21340330868756002, 8.918084865187856], [-0.25036706077527937, 6.750392678051216], [-0.2830870044731216, 0.992170930768723], [-1.493196128177226, 0.14532556704951705]], "mse": 1.600634229335063, "vol": 22288.38343091555, "inc": 17, "msevvol": 7.181472960102037e-05, "msevinc": 0.09415495466676842}, "2": {"beta": [1.5005348572186512, -1.2332014305220074, -0.7783743423984049, 0.8030621577121596, 0.14381131803156605, -0.49875516867732583, -0.35014099744306953, -1.0742719100248541, 7.033585291917124, -0.1853046032463535, -1.0114391163756835, 0.6014588201684108], "R": [[-1.6572237442263515, -0.6022541502987503], [-2.1678075959963774, 0.18325173605013828], [-0.8359898253510053, 0.41890221168655517], [-0.7453310044709938, 0.22726570135757834], [-1.1701801379253811, 0.4520908393259514], [-1.074686043920628, 0.3573072986864958], [-1.2883164539645324, 22.438229432520206], [-0.21340330868756002, 8.918084865187856], [-0.25036706077527937, 6.750392678051216], [-0.2830870044731216, 0.992170930768723], [-1.493196128177226, 0.14532556704951705]], "mse": 1.600634229335063, "vol": 22288.38343091555, "inc": 17, "msevvol": 7.181472960102037e-05, "msevinc": 0.09415495466676842}}