{"0": {"beta": [-0.4094091063380871, 0.028375079972201397, 0.780439779828466, 0.06927031786767662, -0.821941176680538, -0.17488067049712408, -0.16601773305007275, 0.05607274607911189, -0.008852351179526327, -0.2835853551108268, 0.1380337037466946, 0.06027468823464021, 0.3156146018880322, 0.15492726745635083, 0.37361216342382386, 0.08951373143569258, -0.007283278059053699, -0.00027959004872061096, -0.10303070954843326, 0.07572191766782484, -0.011625250861290059, -0.09930456054466168, -0.34813887819943856, 0.234164579614679, -0.099388414847976, 0.021386130241593672, 0.005938696915167428, -0.08316574690293534], "R": [[-0.1, 1.1], [-0.1, 1.1], [-0.1, 1.1], [-0.09999999999999998, 1.1], [-0.1, 1.1], [-0.10000000000000002, 1.0], [-0.10000000000000003, 1.0], [-0.1, 1.1], [-0.1, 1.1], [-0.1, 1.1], [0.0, 1.1], [-0.1, 1.0], [-0.10000000000000003, 1.0], [-0.1, 1.0], [-0.1, 1.1], [-0.10000000000000003, 1.0], [-0.09999999999999998, 1.1], [-0.09999999999999998, 1.1], [-0.10000000000000003, 1.1], [-0.1, 1.0], [-2.4981993196613552, 0.6490137739569877], [-0.9164765285995684, 1.7038635030197753], [-1.099681283835746, 2.221574435698607], [-0.9440987743016932, 0.5586841547009309], [-1.3165284669005914, 0.8942417742106695], [-1.335654730362813, 0.6799186880935382], [-3.311921066360926, 0.9048554954993903]], "mse": 0.5904182102461503, "vol": 14781.606090949954, "inc": 114, "msevvol": 3.994276444747328e-05, "msevinc": 0.005179107107422371}, "1": {"beta": [-0.12227592846294567, -0.013289330042240855, 0.745856524967974, 0.24308205407292477, 1.4512504929063097, -0.22004783152177887, -0.023459784395956085, 0.10143099941309486, 0.08329843647336364, -0.47444141957519, 0.048008900380864375, 0.0301858407411029, 0.3344185720685557, 0.05372208255425875, -0.29214016952882227, 0.0047720796038544944, 0.16563512952280107, 0.10524201821314179, -0.2382059692293962, 0.06903214887242505, -0.06275011071953013, -0.14773900143524044, -0.28719559594611027, 0.20506102436879511, -0.1945113974333701, 0.11107564517564456, -0.1226833122469704, -0.24253977502809704], "R": [[-0.1, 1.1], [-0.1, 1.1], [-0.1, 1.1], [-0.09999999999999998, 1.0], [-0.1, 1.1], [-0.10000000000000002, 1.0], [-0.10000000000000003, 1.0], [-0.1, 1.0], [-0.1, 1.1], [-0.1, 1.1], [-0.10000000000000009, 1.1], [-0.1, 1.1], [-0.10000000000000003, 1.1], [-0.1, 1.0], [-0.1, 1.1], [-0.10000000000000003, 1.1], [-0.09999999999999998, 1.1], [-0.09999999999999998, 1.0], [-0.10000000000000003, 1.1], [-0.1, 1.1], [-1.3824616217885743, 0.6490137739569877], [-2.048731692570825, 0.9892253125781361], [-1.338292871291459, 1.4057399577785774], [-1.0693307472552724, 3.9147135853931743], [-1.3165284669005914, 3.079874271543797], [-1.335654730362813, 0.5672378987725764], [-3.311921066360926, 0.7676297409728486]], "mse": 0.535081533235286, "vol": 65521.23049998382, "inc": 126, "msevvol": 8.166536695848807e-06, "msevinc": 0.004246678835200682}, "2": {"beta": [-0.12227592846294567, -0.013289330042240855, 0.745856524967974, 0.24308205407292477, 1.4512504929063097, -0.22004783152177887, -0.023459784395956085, 0.10143099941309486, 0.08329843647336364, -0.47444141957519, 0.048008900380864375, 0.0301858407411029, 0.3344185720685557, 0.05372208255425875, -0.29214016952882227, 0.0047720796038544944, 0.16563512952280107, 0.10524201821314179, -0.2382059692293962, 0.06903214887242505, -0.06275011071953013, -0.14773900143524044, -0.28719559594611027, 0.20506102436879511, -0.1945113974333701, 0.11107564517564456, -0.1226833122469704, -0.24253977502809704], "R": [[-0.1, 1.1], [-0.1, 1.1], [-0.1, 1.1], [-0.09999999999999998, 1.0], [-0.1, 1.1], [-0.10000000000000002, 1.0], [-0.10000000000000003, 1.0], [-0.1, 1.0], [-0.1, 1.1], [-0.1, 1.1], [-0.10000000000000009, 1.1], [-0.1, 1.1], [-0.10000000000000003, 1.1], [-0.1, 1.0], [-0.1, 1.1], [-0.10000000000000003, 1.1], [-0.09999999999999998, 1.1], [-0.09999999999999998, 1.0], [-0.10000000000000003, 1.1], [-0.1, 1.1], [-1.3824616217885743, 0.6490137739569877], [-2.048731692570825, 0.9892253125781361], [-1.338292871291459, 1.4057399577785774], [-1.0693307472552724, 3.9147135853931743], [-1.3165284669005914, 3.079874271543797], [-1.335654730362813, 0.5672378987725764], [-3.311921066360926, 0.7676297409728486]], "mse": 0.535081533235286, "vol": 65521.23049998382, "inc": 126, "msevvol": 8.166536695848807e-06, "msevinc": 0.004246678835200682}}