{"0": {"beta": [0.05804910531814403, 0.07571100206947387, -0.18118197086146628, 0.13017562078857703, -0.123913843196295, 0.11627627858099404, 0.08002094005434907, 0.0763702040944424, -0.2027004921642846, 0.03981043055153487, 0.2483731344724464, -0.1533807853955848], "R": [[-1.1486865614333561, 0.822520290123912], [-0.33296983910788847, 1.38401911267373], [-0.9102839856003127, 0.6937082959866087], [-0.5549786572408464, 1.0431018369274951], [-0.4542016517478294, 1.2545206384787897], [-3.1759735352273033, 0.20142821021050183], [-0.9395076438021857, 15.110644293668837], [-0.6117999790190289, 1.9538883176914312], [-0.9041149963561597, 1.206053990952793], [-4.1498813091984434, 0.3162824671019818], [-1.428171886202049, 0.4785144315135765]], "mse": 0.7386891776238632, "vol": 37048.36151374907, "inc": 27, "msevvol": 1.9938511379234064e-05, "msevinc": 0.02735885843051345}, "1": {"beta": [-0.011821994685739164, 0.1367148640285943, -0.17351721390155928, 0.09887257616444997, -0.09442273299720846, 0.1408342497200777, 0.1020294007297089, 0.04000203381653026, -0.19777265907465344, 0.13980715349607956, 0.322705133775776, -0.14372808694925276], "R": [[-1.1486865614333561, 0.822520290123912], [-0.33296983910788847, 1.38401911267373], [-0.9102839856003127, 0.6937082959866087], [-0.5549786572408464, 1.0431018369274951], [-0.4542016517478294, 1.2545206384787897], [-3.1759735352273033, 0.20142821021050183], [-0.9395076438021857, 15.110644293668837], [-0.6117999790190289, 1.9538883176914312], [-0.9041149963561597, 1.206053990952793], [-1.4493174581384611, 0.3162824671019818], [-1.428171886202049, 0.4785144315135765]], "mse": 0.8022944057837212, "vol": 14646.257413592026, "inc": 25, "msevvol": 5.477811724373871e-05, "msevinc": 0.03209177623134885}, "2": {"beta": [-0.011821994685739164, 0.1367148640285943, -0.17351721390155928, 0.09887257616444997, -0.09442273299720846, 0.1408342497200777, 0.1020294007297089, 0.04000203381653026, -0.19777265907465344, 0.13980715349607956, 0.322705133775776, -0.14372808694925276], "R": [[-1.1486865614333561, 0.822520290123912], [-0.33296983910788847, 1.38401911267373], [-0.9102839856003127, 0.6937082959866087], [-0.5549786572408464, 1.0431018369274951], [-0.4542016517478294, 1.2545206384787897], [-3.1759735352273033, 0.20142821021050183], [-0.9395076438021857, 15.110644293668837], [-0.6117999790190289, 1.9538883176914312], [-0.9041149963561597, 1.206053990952793], [-1.4493174581384611, 0.3162824671019818], [-1.428171886202049, 0.4785144315135765]], "mse": 0.8022944057837212, "vol": 14646.257413592026, "inc": 25, "msevvol": 5.477811724373871e-05, "msevinc": 0.03209177623134885}}