{"0": {"beta": [-0.024423722245236167, -0.04844260699807531, 0.06844553179584131, 0.030601143223045954, 0.0006665346054842679, 0.03737377841693131, 0.17525297101438939, 0.03833194372327217, 0.13525067403704213, 0.020433688952745003, 0.3045477560962886, -0.1642343231397273], "R": [[-1.7572237442263516, -0.07476935333494972], [-2.1678075959963774, 0.3333223581865727], [-1.9476736802121315, 0.804836126365418], [-2.4014857337967093, 0.7621938895632929], [-2.3418202881624546, 5.4189037710799495], [-3.0143271263940123, 1.088982729215682], [-1.2883164539645324, 0.7233418317386557], [-0.21340330868756002, 8.918084865187856], [-0.25036706077527937, 6.750392678051216], [-4.7899245497589265, 2.054572309917962], [-2.3133427231696846, 3.672922252623378]], "mse": 0.6012586087468575, "vol": 6148595.09891359, "inc": 263, "msevvol": 9.77879660433479e-08, "msevinc": 0.0022861544058815878}, "1": {"beta": [1.5005348572186512, -1.2332014305220074, -0.7783743423984049, 0.8030621577121596, 0.14381131803156605, -0.49875516867732583, -0.35014099744306953, -1.0742719100248541, 7.033585291917124, -0.1853046032463535, -1.0114391163756835, 0.6014588201684108], "R": [[-1.6572237442263515, -0.6022541502987503], [-2.1678075959963774, 0.18325173605013828], [-0.8359898253510053, 0.41890221168655517], [-0.7453310044709938, 0.22726570135757834], [-1.1701801379253811, 0.4520908393259514], [-1.074686043920628, 0.3573072986864958], [-1.2883164539645324, 22.438229432520206], [-0.21340330868756002, 8.918084865187856], [-0.25036706077527937, 6.750392678051216], [-0.2830870044731216, 0.992170930768723], [-1.493196128177226, 0.14532556704951705]], "mse": 1.600634229335063, "vol": 22288.38343091555, "inc": 17, "msevvol": 7.181472960102037e-05, "msevinc": 0.09415495466676842}, "2": {"beta": [1.5005348572186512, -1.2332014305220074, -0.7783743423984049, 0.8030621577121596, 0.14381131803156605, -0.49875516867732583, -0.35014099744306953, -1.0742719100248541, 7.033585291917124, -0.1853046032463535, -1.0114391163756835, 0.6014588201684108], "R": [[-1.6572237442263515, -0.6022541502987503], [-2.1678075959963774, 0.18325173605013828], [-0.8359898253510053, 0.41890221168655517], [-0.7453310044709938, 0.22726570135757834], [-1.1701801379253811, 0.4520908393259514], [-1.074686043920628, 0.3573072986864958], [-1.2883164539645324, 22.438229432520206], [-0.21340330868756002, 8.918084865187856], [-0.25036706077527937, 6.750392678051216], [-0.2830870044731216, 0.992170930768723], [-1.493196128177226, 0.14532556704951705]], "mse": 1.600634229335063, "vol": 22288.38343091555, "inc": 17, "msevvol": 7.181472960102037e-05, "msevinc": 0.09415495466676842}}