{"0": {"beta": [0.038479442178027165, -0.06720866173631021, 0.10550021350153824, 0.05364298693593871, -0.04283514656286803, 0.06354743237410054, 0.02943400323321117, 0.0749581313056339, 0.004278510493982534, -0.03048905349989894, 0.24150547003218656, -0.029338951948078007], "R": [[-1.8118885190211482, 2.048924205299496], [-2.0125996747469777, 2.308173809528907], [-2.5219781110150468, 24.050349106616267], [-2.306328501214799, 5.670996570404462], [-4.241444488552639, 5.041763475283599], [-3.1759735352273033, 9.29572167341846], [-0.9395076438021857, 15.110644293668837], [-0.6117999790190289, 2.053888317691431], [-0.9041149963561594, 1.1060539909527929], [-4.1498813091984434, 3.3012268919967234], [-1.8909183913560328, 3.296846054511241]], "mse": 0.9230291786706779, "vol": 1361046255.546001, "inc": 604, "msevvol": 6.781762007790052e-10, "msevinc": 0.0015281940044216521}, "1": {"beta": [0.038479442178027165, -0.06720866173631021, 0.10550021350153824, 0.05364298693593871, -0.04283514656286803, 0.06354743237410054, 0.02943400323321117, 0.0749581313056339, 0.004278510493982534, -0.03048905349989894, 0.24150547003218656, -0.029338951948078007], "R": [[-1.8118885190211482, 2.048924205299496], [-2.0125996747469777, 2.308173809528907], [-2.5219781110150468, 24.050349106616267], [-2.306328501214799, 5.670996570404462], [-4.241444488552639, 5.041763475283599], [-3.1759735352273033, 9.29572167341846], [-0.9395076438021857, 15.110644293668837], [-0.6117999790190289, 2.053888317691431], [-0.9041149963561594, 1.1060539909527929], [-4.1498813091984434, 3.3012268919967234], [-1.8909183913560328, 3.296846054511241]], "mse": 0.9230291786706779, "vol": 1361046255.546001, "inc": 604, "msevvol": 6.781762007790052e-10, "msevinc": 0.0015281940044216521}, "2": {"beta": [0.038479442178027165, -0.06720866173631021, 0.10550021350153824, 0.05364298693593871, -0.04283514656286803, 0.06354743237410054, 0.02943400323321117, 0.0749581313056339, 0.004278510493982534, -0.03048905349989894, 0.24150547003218656, -0.029338951948078007], "R": [[-1.8118885190211482, 2.048924205299496], [-2.0125996747469777, 2.308173809528907], [-2.5219781110150468, 24.050349106616267], [-2.306328501214799, 5.670996570404462], [-4.241444488552639, 5.041763475283599], [-3.1759735352273033, 9.29572167341846], [-0.9395076438021857, 15.110644293668837], [-0.6117999790190289, 2.053888317691431], [-0.9041149963561594, 1.1060539909527929], [-4.1498813091984434, 3.3012268919967234], [-1.8909183913560328, 3.296846054511241]], "mse": 0.9230291786706779, "vol": 1361046255.546001, "inc": 604, "msevvol": 6.781762007790052e-10, "msevinc": 0.0015281940044216521}}