{"0": {"beta": [0.10339917642790483, 0.027941996079180947, 0.04668023934908594, 0.004206992159272697, 0.025371537336621248, 0.05734321830607742, 0.027218010109307186, 0.006125419120287529, 0.012841305996136233, 0.014592947104225856, 0.27999300019135076, -0.008069027372280277], "R": [[-1.7572237442263516, 2.1351698345202506], [-2.1678075959963774, 2.534311068096654], [-3.013722095571801, 10.965817738591115], [-2.4014857337967093, 5.238879065791867], [-2.982577280579566, 5.4189037710799495], [-3.014327126394013, 9.279222489638407], [-1.2883164539645324, 22.438229432520206], [-0.21340330868756002, 8.918084865187856], [-0.25036706077527937, 6.750392678051216], [-4.7899245497589265, 8.738392508636064], [-2.3133427231696846, 3.672922252623378]], "mse": 0.8695176468877652, "vol": 24801126982.633736, "inc": 1370, "msevvol": 3.505960223084296e-11, "msevinc": 0.00063468441378669}, "1": {"beta": null, "R": null, "mse": -1, "vol": -1, "inc": -1, "msevvol": -1, "msevinc": -1}, "2": {"beta": null, "R": null, "mse": -1, "vol": -1, "inc": -1, "msevvol": -1, "msevinc": -1}}