{"0": {"beta": [0.4076079594610931, -0.09556890090733847, 0.021418561062241562, 0.18386905509710388, -0.12676605208859554, 0.0547927981616687, 0.19183901171462495, -0.06078548888971992, 0.32953804741929027, 0.00798428824691297, 0.36837116399036535, 0.4237658456859939], "R": [[-1.7572237442263516, -0.3385117518168512], [-2.1678075959963774, 0.03318111391370393], [-3.0137220955718016, 1.0354255722427257], [-2.4014857337967093, 0.7621938895632929], [-2.982577280579566, 5.4189037710799495], [-1.2105686238760485, 9.279222489638407], [-1.2883164539645324, 0.682883455321657], [-0.21340330868756002, 8.918084865187856], [-0.25036706077527937, 6.750392678051216], [-0.34132140840341074, 8.738392508636064], [-1.1770342084244394, 0.8880551563100316]], "mse": 0.6610738259074606, "vol": 8329506.651960142, "inc": 127, "msevvol": 7.936530379646113e-08, "msevinc": 0.005205305715806776}, "1": {"beta": [-0.0566006237656451, -0.32453762295258476, -0.28550121829319086, 0.16593036511808099, -0.2550102209016206, -0.02432040115934514, 0.30746960354661496, 0.9383216580470093, -0.5235294117647059, 0.058318779634228525, 0.33358601781529024, -0.3712969918672632], "R": [[-1.7572237442263516, -0.0747693533349496], [-1.4675251074506397, -0.34199544142738203], [-1.4573677005572243, 0.7441546932398106], [-1.328889027968137, -0.3562923221395649], [-0.9899278071196775, 0.6323431701316551], [-0.2907480826393558, 2.09242331965571], [-1.2883164539645324, 22.438229432520206], [-0.21340330868756002, 8.918084865187856], [-0.25036706077527937, 6.750392678051216], [-2.8168690150967763, 1.5269175971318056], [-2.3133427231696846, 3.672922252623378]], "mse": 1.6773631941784413, "vol": 618273.3068277083, "inc": 27, "msevvol": 2.7129801265152555e-06, "msevinc": 0.062124562747349676}, "2": {"beta": [-0.01372365739504131, -0.5258739241823411, -0.3461155866237601, -0.12513216797606913, -0.2540355195418165, 0.0651539506318495, 0.07155392659275894, -0.2550153550194047, 1.3047210300429184, 0.04500175407810953, 0.1361655077694631, -0.7617820057409922], "R": [[-1.7572237442263516, -0.3385117518168512], [-1.4675251074506397, -0.34199544142738203], [-1.4573677005572243, 0.7441546932398106], [-1.328889027968137, -0.3562923221395649], [-0.9899278071196775, 0.6323431701316551], [-0.2907480826393558, 2.09242331965571], [-1.2883164539645324, 2.0786974417081114], [-0.21340330868756002, 8.918084865187856], [-0.25036706077527937, 6.750392678051216], [-2.8168690150967763, 1.5269175971318056], [-1.6337125369562424, 0.9633318038702188]], "mse": 0.7041558331815023, "vol": 32097.06009841758, "inc": 15, "msevvol": 2.1938328028248853e-05, "msevinc": 0.04694372221210016}}