{"0": {"beta": [0.0683278582999556, 0.29898017508128777, 0.3716793011619378, 0.2262490954907915, -0.5537534784008584, -0.07188327073255499, -0.021603869152548777, -0.013321422713899638, 0.07194502825091859, -0.27845991353190774, 0.12194341546729454, 0.02397259502187147, 0.19347445291728674, 0.06704931858580221, -0.21166466696977487, -0.04747342162298884, 0.003418910702228709, 0.011028802854856582, -0.03398999402447371, 0.22826546913444876, -0.04755839372900542, -0.042928874998017244, -0.22484834516559873, 0.2363931618755179, -0.1555559796648505, 0.12192539703627511, -0.037610464272007, -0.2233082257107489], "R": [[-0.1, 1.1], [-0.1, 1.1], [-0.1, 1.1], [-0.09999999999999998, 1.1], [-0.1, 1.1], [-0.10000000000000002, 1.0], [-0.10000000000000003, 1.1], [-0.1, 1.0], [-0.1, 1.1], [-0.1, 1.0], [0.0, 1.1], [-0.1, 1.1], [-0.10000000000000003, 1.1], [-0.1, 1.1], [-0.1, 1.1], [-0.10000000000000003, 1.1], [-0.09999999999999998, 1.1], [-0.09999999999999998, 1.1], [-0.10000000000000003, 1.1], [-0.1, 1.1], [-2.4981993196613552, 1.3261722392055082], [-2.048731692570825, 1.4656507728725623], [-1.338292871291459, 2.221574435698607], [-2.5468817033043174, 1.0596116732950847], [-1.7919422551589224, 3.079874271543797], [-1.335654730362813, 1.6940457919821947], [-3.311921066360926, 0.9048554954993903]], "mse": 0.7267373681171573, "vol": 290716.67642657727, "inc": 427, "msevvol": 2.4998131412688338e-06, "msevinc": 0.0017019610494547009}, "1": {"beta": [-0.12227592846294567, -0.013289330042240855, 0.745856524967974, 0.24308205407292477, 1.4512504929063097, -0.22004783152177887, -0.023459784395956085, 0.10143099941309486, 0.08329843647336364, -0.47444141957519, 0.048008900380864375, 0.0301858407411029, 0.3344185720685557, 0.05372208255425875, -0.29214016952882227, 0.0047720796038544944, 0.16563512952280107, 0.10524201821314179, -0.2382059692293962, 0.06903214887242505, -0.06275011071953013, -0.14773900143524044, -0.28719559594611027, 0.20506102436879511, -0.1945113974333701, 0.11107564517564456, -0.1226833122469704, -0.24253977502809704], "R": [[-0.1, 1.1], [-0.1, 1.1], [-0.1, 1.1], [-0.09999999999999998, 1.0], [-0.1, 1.1], [-0.10000000000000002, 1.0], [-0.10000000000000003, 1.0], [-0.1, 1.0], [-0.1, 1.1], [-0.1, 1.1], [-0.10000000000000009, 1.1], [-0.1, 1.1], [-0.10000000000000003, 1.1], [-0.1, 1.0], [-0.1, 1.1], [-0.10000000000000003, 1.1], [-0.09999999999999998, 1.1], [-0.09999999999999998, 1.0], [-0.10000000000000003, 1.1], [-0.1, 1.1], [-1.3824616217885743, 0.6490137739569877], [-2.048731692570825, 0.9892253125781361], [-1.338292871291459, 1.4057399577785774], [-1.0693307472552724, 3.9147135853931743], [-1.3165284669005914, 3.079874271543797], [-1.335654730362813, 0.5672378987725764], [-3.311921066360926, 0.7676297409728486]], "mse": 0.6529630586494248, "vol": 65521.23049998382, "inc": 165, "msevvol": 9.96567148795513e-06, "msevinc": 0.003957351870602575}, "2": {"beta": [-0.12227592846294567, -0.013289330042240855, 0.745856524967974, 0.24308205407292477, 1.4512504929063097, -0.22004783152177887, -0.023459784395956085, 0.10143099941309486, 0.08329843647336364, -0.47444141957519, 0.048008900380864375, 0.0301858407411029, 0.3344185720685557, 0.05372208255425875, -0.29214016952882227, 0.0047720796038544944, 0.16563512952280107, 0.10524201821314179, -0.2382059692293962, 0.06903214887242505, -0.06275011071953013, -0.14773900143524044, -0.28719559594611027, 0.20506102436879511, -0.1945113974333701, 0.11107564517564456, -0.1226833122469704, -0.24253977502809704], "R": [[-0.1, 1.1], [-0.1, 1.1], [-0.1, 1.1], [-0.09999999999999998, 1.0], [-0.1, 1.1], [-0.10000000000000002, 1.0], [-0.10000000000000003, 1.0], [-0.1, 1.0], [-0.1, 1.1], [-0.1, 1.1], [-0.10000000000000009, 1.1], [-0.1, 1.1], [-0.10000000000000003, 1.1], [-0.1, 1.0], [-0.1, 1.1], [-0.10000000000000003, 1.1], [-0.09999999999999998, 1.1], [-0.09999999999999998, 1.0], [-0.10000000000000003, 1.1], [-0.1, 1.1], [-1.3824616217885743, 0.6490137739569877], [-2.048731692570825, 0.9892253125781361], [-1.338292871291459, 1.4057399577785774], [-1.0693307472552724, 3.9147135853931743], [-1.3165284669005914, 3.079874271543797], [-1.335654730362813, 0.5672378987725764], [-3.311921066360926, 0.7676297409728486]], "mse": 0.6529630586494248, "vol": 65521.23049998382, "inc": 165, "msevvol": 9.96567148795513e-06, "msevinc": 0.003957351870602575}}