{"0": {"beta": [0.4849346514880306, -0.0013481242065195732, 0.13493947227472222, 0.24938540403675388, -0.013017071813024474, -0.0013697362522433858, 0.4141034366277713, 0.0659204237476978, 0.19088710272923637, 0.2541910064717393, 0.6077430401570566, 0.7018325399188255], "R": [[-1.7572237442263516, -0.6022541502987503], [-1.0173132410413366, 0.5584282913912242], [-1.0592974992532398, 1.7053485939494304], [-0.842590675053851, 0.6649342189804357], [-2.982577280579566, 0.4520908393259514], [-3.0143271263940123, 0.5140948909427495], [-1.2883164539645324, 0.682883455321657], [-0.21340330868756002, 8.918084865187856], [-0.25036706077527937, 6.750392678051216], [-0.4029460231906213, 0.992170930768723], [-1.6312033153709027, 0.684808207897526]], "mse": 0.6400695570106624, "vol": 37427.74048153836, "inc": 49, "msevvol": 1.710147470233699e-05, "msevinc": 0.013062644020625763}, "1": {"beta": [0.641051225420314, -0.7988605395509103, 0.29833503008144807, 1.3770310737487015, 0.2035613150887191, 0.2389918685927008, 0.09024703201584494, -4.862464061459372, 14.471235617808905, 0.14797432515296077, -0.07559567026882998, 2.0718085106383106], "R": [[-1.6572237442263515, -0.6022541502987503], [-2.1678075959963774, 0.18325173605013828], [-0.8359898253510053, 0.41890221168655517], [-0.7453310044709938, 0.22726570135757834], [-1.1701801379253811, 0.4520908393259514], [-1.074686043920628, 0.3573072986864958], [-1.2883164539645324, 22.438229432520206], [-0.21340330868756002, 8.918084865187856], [-0.25036706077527937, 6.750392678051216], [-0.2830870044731216, 0.992170930768723], [-1.493196128177226, 0.29086041899921256]], "mse": 1.1061379619234666, "vol": 24268.05607868447, "inc": 17, "msevvol": 4.557999859308997e-05, "msevinc": 0.0650669389366745}, "2": {"beta": [1.5005348572186514, -1.2332014305220065, -0.7783743423984044, 0.8030621577121607, 0.14381131803156716, -0.49875516867732517, -0.3501409974430699, -0.02892808634771855, 5.3, -0.18530460324635303, -1.0114391163756842, 0.4593301435406721], "R": [[-1.6572237442263515, -0.6022541502987503], [-2.1678075959963774, 0.18325173605013828], [-0.8359898253510053, 0.41890221168655517], [-0.7453310044709938, 0.22726570135757834], [-1.1701801379253811, 0.4520908393259514], [-1.074686043920628, 0.3573072986864958], [-1.2883164539645324, 22.438229432520206], [-0.21340330868756002, 8.918084865187856], [-0.25036706077527937, 6.750392678051216], [-0.2830870044731216, 0.992170930768723], [-1.493196128177226, 0.14532556704951705]], "mse": 1.6006342293350635, "vol": 22288.38343091555, "inc": 17, "msevvol": 7.18147296010204e-05, "msevinc": 0.09415495466676845}}