{"0": {"beta": [-0.10055263769759883, -0.1780116370370856, -0.029149341272792027, -0.19659132476859392, 0.20233276597429337, -0.11778174979945394, 0.02364423630060066, -0.054972946072475666, 1.423106219265911, -0.26768017014018675, 0.5378548575364832, 0.1047952231066967], "R": [[-1.7572237442263516, -0.07476935333494972], [-2.1678075959963774, 1.9840992016873504], [-0.3869472202215105, 1.8218569455505964], [-0.696701169179565, 1.1512325718947218], [-0.5392969801054185, 0.9027216663402106], [-0.7924683778593702, 0.3782123109873292], [-0.9354516013582905, 1.0975818135958932], [-0.21340330868756002, 8.918084865187856], [-0.25036706077527937, 6.750392678051216], [-0.9280188515051888, 8.738392508636064], [-2.3133427231696846, 0.08008580583068814]], "mse": 0.7765543525335584, "vol": 144730.7529868093, "inc": 33, "msevvol": 5.365510345989379e-06, "msevinc": 0.0235319500767745}, "1": {"beta": [0.5082860564099208, -0.7995336564570305, -0.4329727632919533, -0.451786557724075, 0.7495726012358253, -0.23688752085930706, -0.02574967665081509, -11.308481549535882, 0.08094965091713442, -0.3469479429045101, 0.474502682681428, -1.4268343824047478], "R": [[-1.7572237442263516, 0.18897304514694946], [-1.4675251074506397, 0.18325173605013828], [-0.3869472202215105, 1.0281438002676524], [-0.7939608397624223, 0.6649342189804359], [-0.5392969801054185, 0.9027216663402106], [-0.5625132425501974, 0.3782123109873292], [-1.2883164539645324, 22.438229432520206], [-0.21340330868756002, 8.918084865187856], [-0.25036706077527937, 6.750392678051216], [-0.9062941782990885, 8.738392508636064], [-1.4204287022023785, -0.050393716606969674]], "mse": 685.9698215847927, "vol": 180326.02092315158, "inc": 15, "msevvol": 0.003804053447600489, "msevinc": 45.73132143898618}, "2": {"beta": [0.6217253264437268, -0.9053059607510707, -0.4538762395784748, -0.577071478009526, 0.7488310291518241, -0.3398255867609064, -0.10287424521615417, 2.075460229461933, 0.0812042935220921, -0.5115288476203298, 0.30972002661668757, 0.006243206363542429], "R": [[-1.7572237442263516, 0.18897304514694946], [-1.4675251074506397, 0.18325173605013828], [-0.3869472202215105, 1.0281438002676524], [-0.7453310044709938, 0.6649342189804359], [-0.5392969801054185, 0.9027216663402106], [-0.5625132425501974, 0.3782123109873292], [-1.2883164539645324, 3.241875763696824], [-0.21340330868756002, 8.918084865187856], [-0.25036706077527937, 6.650392678051216], [-0.9062941782990885, 8.738392508636064], [-1.4204287022023785, -0.050393716606969674]], "mse": 22.608523698448185, "vol": 32807.186547094505, "inc": 15, "msevvol": 0.0006891332685902156, "msevinc": 1.507234913229879}}