{"0": {"beta": [-0.08926661678362786, 0.028633655025644304, 0.02469551554509217, -0.02212624354916857, 0.03554149639605699, 0.08051394279585075, 0.1709640603197881, 0.03025123956459715, 0.17333559245629357, -0.031689424669327115, 0.2626149496952072, -0.21228789405344936], "R": [[-1.7572237442263516, -0.07476935333494972], [-2.1678075959963774, 0.33332235818657263], [-1.9476736802121315, 0.8048361263654179], [-2.4014857337967093, 0.6649342189804358], [-2.3418202881624546, 5.4189037710799495], [-3.014327126394013, 1.0889827292156817], [-1.2883164539645324, 1.2493007251596386], [-0.21340330868756002, 8.918084865187856], [-0.25036706077527937, 6.750392678051216], [-4.7899245497589265, 0.992170930768723], [-2.3133427231696846, 3.672922252623378]], "mse": 0.6019100801953745, "vol": 6350832.449659956, "inc": 193, "msevvol": 9.477656432702814e-08, "msevinc": 0.0031187050787325104}, "1": {"beta": [-0.44048821519121556, 0.09496292876290113, 0.7643825945629534, 0.4320779855195904, 0.11141433647402299, 0.23512984299706507, -0.4704497003095753, 0.11948766909239683, 0.011906530989042909, -0.050516779120572765, 0.9518091010467649, 0.7673536183912009], "R": [[-1.39348134574445, -0.6022541502987503], [-2.1678075959963774, -0.11688950822273048], [-3.013722095571801, 0.23685791230973308], [-2.4014857337967093, 0.2272657013575784], [-0.9899278071196775, 5.4189037710799495], [-1.1060435623718787, 0.19006720027982427], [-1.2883164539645324, 22.438229432520206], [-0.21340330868756002, 8.818084865187856], [-0.25036706077527937, 6.750392678051216], [-0.4029460231906212, 0.7169219482331813], [-1.877107030734181, -0.022792279168234564]], "mse": 0.7361367988449397, "vol": 358814.6494388345, "inc": 14, "msevvol": 2.051579555060573e-06, "msevinc": 0.05258119991749569}, "2": {"beta": [-0.44048821519121556, 0.09496292876290113, 0.7643825945629534, 0.4320779855195904, 0.11141433647402299, 0.23512984299706507, -0.4704497003095753, 0.11948766909239683, 0.011906530989042909, -0.050516779120572765, 0.9518091010467649, 0.7673536183912009], "R": [[-1.39348134574445, -0.6022541502987503], [-2.1678075959963774, -0.11688950822273048], [-3.013722095571801, 0.23685791230973308], [-2.4014857337967093, 0.2272657013575784], [-0.9899278071196775, 5.4189037710799495], [-1.1060435623718787, 0.19006720027982427], [-1.2883164539645324, 1.8056034008933703], [-0.21340330868756002, 8.818084865187856], [-0.25036706077527937, 6.750392678051216], [-0.4029460231906212, 0.7169219482331813], [-1.877107030734181, -0.022792279168234564]], "mse": 0.7361367988449397, "vol": 46789.101684837115, "inc": 14, "msevvol": 1.573308254138802e-05, "msevinc": 0.05258119991749569}}