{"0": {"beta": [0.10339917642790376, 0.027941996079180843, 0.04668023934908587, 0.004206992159272577, 0.02537153733662164, 0.057343218306077505, 0.027218010109307307, 0.006125419120287222, 0.01284130599613653, 0.014592947104225677, 0.2799930001913512, -0.008069027372280302], "R": [[-1.7572237442263516, 2.1351698345202506], [-2.1678075959963774, 2.534311068096654], [-3.013722095571801, 10.965817738591115], [-2.4014857337967093, 5.238879065791867], [-2.982577280579566, 5.4189037710799495], [-3.014327126394013, 9.279222489638407], [-1.2883164539645324, 22.438229432520206], [-0.21340330868756002, 8.918084865187856], [-0.25036706077527937, 6.750392678051216], [-4.7899245497589265, 8.738392508636064], [-2.3133427231696846, 3.672922252623378]], "mse": 0.869517646887765, "vol": 24801126982.633736, "inc": 1370, "msevvol": 3.505960223084295e-11, "msevinc": 0.0006346844137866898}, "1": {"beta": null, "R": null, "mse": -1, "vol": -1, "inc": -1, "msevvol": -1, "msevinc": -1}, "2": {"beta": null, "R": null, "mse": -1, "vol": -1, "inc": -1, "msevvol": -1, "msevinc": -1}}