{"0": {"beta": [0.02286932767327872, -0.02554595583764494, 0.053771872487777136, 0.04183162479320675, 0.010453980593976755, 0.09278676793405125, 0.0010260564057150703, 0.020915120584311837, -0.0012805593926525757, 0.03784499365801577, 0.3003802273718182, 0.0032788109767602257], "R": [[-1.8118885190211484, 0.822520290123912], [-2.0125996747469777, 2.308173809528907], [-2.521978111015047, 24.050349106616267], [-2.306328501214799, 5.670996570404462], [-4.241444488552639, 5.041763475283599], [-3.1759735352273033, 9.29572167341846], [-0.9395076438021857, 15.110644293668837], [-0.6117999790190289, 2.053888317691431], [-1.0041149963561598, 1.206053990952793], [-4.1498813091984434, 3.3012268919967234], [-1.8909183913560328, 2.0224542440752193]], "mse": 0.8521494762904556, "vol": 770266813.2055043, "inc": 1002, "msevvol": 1.1063042853218516e-09, "msevinc": 0.0008504485791321912}, "1": {"beta": [-0.011821994685739358, 0.13671486402859434, -0.17351721390155891, 0.09887257616445, -0.09442273299720856, 0.14083424972007752, 0.10202940072970897, 0.040002033816530266, -0.19777265907465336, 0.13980715349608025, 0.3227051337757762, -0.14372808694925254], "R": [[-1.1486865614333561, 0.822520290123912], [-0.33296983910788847, 1.38401911267373], [-0.9102839856003127, 0.6937082959866087], [-0.5549786572408464, 1.0431018369274951], [-0.4542016517478294, 1.2545206384787897], [-3.1759735352273033, 0.20142821021050183], [-0.9395076438021857, 15.110644293668837], [-0.6117999790190289, 1.9538883176914312], [-0.9041149963561597, 1.206053990952793], [-1.4493174581384611, 0.3162824671019818], [-1.428171886202049, 0.4785144315135765]], "mse": 0.6439456024909582, "vol": 14646.257413592026, "inc": 48, "msevvol": 4.396656321862564e-05, "msevinc": 0.013415533385228296}, "2": {"beta": [-0.011821994685739358, 0.13671486402859434, -0.17351721390155891, 0.09887257616445, -0.09442273299720856, 0.14083424972007752, 0.10202940072970897, 0.040002033816530266, -0.19777265907465336, 0.13980715349608025, 0.3227051337757762, -0.14372808694925254], "R": [[-1.1486865614333561, 0.822520290123912], [-0.33296983910788847, 1.38401911267373], [-0.9102839856003127, 0.6937082959866087], [-0.5549786572408464, 1.0431018369274951], [-0.4542016517478294, 1.2545206384787897], [-3.1759735352273033, 0.20142821021050183], [-0.9395076438021857, 15.110644293668837], [-0.6117999790190289, 1.9538883176914312], [-0.9041149963561597, 1.206053990952793], [-1.4493174581384611, 0.3162824671019818], [-1.428171886202049, 0.4785144315135765]], "mse": 0.6439456024909582, "vol": 14646.257413592026, "inc": 48, "msevvol": 4.396656321862564e-05, "msevinc": 0.013415533385228296}}