{"0": {"beta": [0.07537643753497414, -0.028902100625931612, 0.013822795026077583, 0.007762896419952653, -0.10345228092360399, 0.042642314763369556, 0.08562279030592777, 0.02329467571159989, 0.03554195904843695, 0.003061322608876361, 0.3719183351099203, 0.06368291203848232], "R": [[-1.7572237442263516, 0.18897304514694946], [-2.1678075959963774, 0.858569535664093], [-0.5204463730978468, 10.965817738591115], [-2.4014857337967093, 1.102602736603293], [-0.9899278071196775, 1.2632263279516178], [-1.0537810316197942, 1.5175354813827775], [-1.2883164539645324, 1.2493007251596386], [-0.21340330868756002, 8.918084865187856], [-0.25036706077527937, 6.750392678051216], [-1.6481260288939599, 8.738392508636064], [-2.3133427231696846, 0.5944762308253015]], "mse": 1.1682415071754237, "vol": 6729151.463459972, "inc": 154, "msevvol": 1.736090372640745e-07, "msevinc": 0.007585983812827427}, "1": {"beta": [0.5082860564099208, -0.7995336564570305, -0.4329727632919533, -0.451786557724075, 0.7495726012358253, -0.23688752085930706, -0.02574967665081509, -11.308481549535882, 0.08094965091713442, -0.3469479429045101, 0.474502682681428, -1.4268343824047478], "R": [[-1.7572237442263516, 0.18897304514694946], [-1.4675251074506397, 0.18325173605013828], [-0.3869472202215105, 1.0281438002676524], [-0.7453310044709938, 0.6649342189804359], [-0.5392969801054185, 0.9027216663402106], [-0.5625132425501974, 0.3782123109873292], [-1.2883164539645324, 22.438229432520206], [-0.21340330868756002, 8.918084865187856], [-0.25036706077527937, 6.650392678051216], [-0.9062941782990885, 8.738392508636064], [-1.4204287022023785, -0.050393716606969674]], "mse": 685.9698215847927, "vol": 171825.20732375028, "inc": 15, "msevvol": 0.00399225371101866, "msevinc": 45.73132143898618}, "2": {"beta": [0.6217253264437268, -0.9053059607510707, -0.4538762395784748, -0.577071478009526, 0.7488310291518241, -0.3398255867609064, -0.10287424521615417, 2.075460229461933, 0.0812042935220921, -0.5115288476203298, 0.30972002661668757, 0.006243206363542429], "R": [[-1.7572237442263516, 0.18897304514694946], [-1.4675251074506397, 0.18325173605013828], [-0.3869472202215105, 1.0281438002676524], [-0.7453310044709938, 0.6649342189804359], [-0.5392969801054185, 0.9027216663402106], [-0.5625132425501974, 0.3782123109873292], [-1.2883164539645324, 3.241875763696824], [-0.21340330868756002, 8.918084865187856], [-0.25036706077527937, 6.650392678051216], [-0.9062941782990885, 8.738392508636064], [-1.4204287022023785, -0.050393716606969674]], "mse": 22.608523698448185, "vol": 32807.186547094505, "inc": 15, "msevvol": 0.0006891332685902156, "msevinc": 1.507234913229879}}