{"0": {"beta": [0.07210053053966833, 0.016044780067678063, 0.01997476070027037, 0.010922634830384723, 0.02845182787942066, 0.02894651062620485, 0.03240613673554879, 0.012434326808228636, 0.041490574520207615, 0.0042392171217668275, 0.314141879859943, -0.02929851425354818], "R": [[-1.7572237442263516, -0.0747693533349496], [-2.1678075959963774, 2.534311068096654], [-3.0137220955718016, 10.965817738591115], [-2.4014857337967093, 5.238879065791867], [-2.982577280579566, 5.4189037710799495], [-3.014327126394013, 9.279222489638407], [-1.2883164539645324, 22.438229432520206], [-0.21340330868756002, 8.918084865187856], [-0.25036706077527937, 6.750392678051216], [-4.7899245497589265, 8.738392508636064], [-2.3133427231696846, 3.672922252623378]], "mse": 0.9591977381532545, "vol": 10720078570.375168, "inc": 478, "msevvol": 8.947674514289364e-11, "msevinc": 0.002006689828772499}, "1": {"beta": [-0.013723657395038311, -0.5258739241823412, -0.3461155866237606, -0.12513216797607518, -0.2540355195418152, 0.0651539506318498, 0.071553926592758, -5.100726436751889, 5.256992110230729, 0.045001754078109434, 0.13616550776946174, -0.7170102896384539], "R": [[-1.7572237442263516, -0.3385117518168512], [-1.4675251074506397, -0.34199544142738203], [-1.4573677005572243, 0.7441546932398106], [-1.328889027968137, -0.3562923221395649], [-0.9899278071196775, 0.6323431701316551], [-0.2907480826393558, 2.09242331965571], [-1.2883164539645324, 2.0786974417081114], [-0.21340330868756002, 8.918084865187856], [-0.25036706077527937, 6.750392678051216], [-2.8168690150967763, 1.5269175971318056], [-1.6337125369562424, 0.9633318038702188]], "mse": 151.55030679092047, "vol": 32097.06009841758, "inc": 8, "msevvol": 0.004721625791465931, "msevinc": 18.94378834886506}, "2": {"beta": [-0.013723657395038311, -0.5258739241823412, -0.3461155866237606, -0.12513216797607518, -0.2540355195418152, 0.0651539506318498, 0.071553926592758, -5.100726436751889, 5.256992110230729, 0.045001754078109434, 0.13616550776946174, -0.7170102896384539], "R": [[-1.7572237442263516, -0.3385117518168512], [-1.4675251074506397, -0.34199544142738203], [-1.4573677005572243, 0.7441546932398106], [-1.328889027968137, -0.3562923221395649], [-0.9899278071196775, 0.6323431701316551], [-0.2907480826393558, 2.09242331965571], [-1.2883164539645324, 2.0786974417081114], [-0.21340330868756002, 8.918084865187856], [-0.25036706077527937, 6.750392678051216], [-2.8168690150967763, 1.5269175971318056], [-1.6337125369562424, 0.9633318038702188]], "mse": 151.55030679092047, "vol": 32097.06009841758, "inc": 8, "msevvol": 0.004721625791465931, "msevinc": 18.94378834886506}}