{"0": {"beta": [0.1257300009449799, -0.037943007435158264, -0.02417597396366353, 0.06487739581379903, 0.047337537430432106, 0.10773647221873732, -0.08551776544219658, 0.05567676664871705, -0.0776885453659053, -0.004312068418708252, 0.3023865698287035, -0.06503699911215058], "R": [[-1.7118885190211484, 0.822520290123912], [-2.0125996747469777, 2.308173809528907], [-0.9102839856003127, 1.2275408749284458], [-1.0344028054913488, 5.670996570404462], [-4.241444488552639, 5.041763475283599], [-3.1759735352273033, 0.45598368558431224], [-0.9395076438021857, 15.110644293668837], [-0.6117999790190289, 1.9538883176914312], [-0.9041149963561597, 1.206053990952793], [-4.1498813091984434, 0.37253597280793316], [-1.8909183913560328, 0.7483071447218521]], "mse": 1.0746261766170284, "vol": 5489352.9983871635, "inc": 180, "msevvol": 1.9576554412382774e-07, "msevinc": 0.005970145425650158}, "1": {"beta": [-0.011821994685739164, 0.1367148640285943, -0.17351721390155928, 0.09887257616444997, -0.09442273299720846, 0.1408342497200777, 0.1020294007297089, 0.04000203381653026, -0.19777265907465344, 0.13980715349607956, 0.322705133775776, -0.14372808694925276], "R": [[-1.1486865614333561, 0.822520290123912], [-0.33296983910788847, 1.38401911267373], [-0.9102839856003127, 0.6937082959866087], [-0.5549786572408464, 1.0431018369274951], [-0.4542016517478294, 1.2545206384787897], [-3.1759735352273033, 0.20142821021050183], [-0.9395076438021857, 15.110644293668837], [-0.6117999790190289, 1.9538883176914312], [-0.9041149963561597, 1.206053990952793], [-1.4493174581384611, 0.3162824671019818], [-1.428171886202049, 0.4785144315135765]], "mse": 0.8022944057837212, "vol": 14646.257413592026, "inc": 25, "msevvol": 5.477811724373871e-05, "msevinc": 0.03209177623134885}, "2": {"beta": [-0.011821994685739164, 0.1367148640285943, -0.17351721390155928, 0.09887257616444997, -0.09442273299720846, 0.1408342497200777, 0.1020294007297089, 0.04000203381653026, -0.19777265907465344, 0.13980715349607956, 0.322705133775776, -0.14372808694925276], "R": [[-1.1486865614333561, 0.822520290123912], [-0.33296983910788847, 1.38401911267373], [-0.9102839856003127, 0.6937082959866087], [-0.5549786572408464, 1.0431018369274951], [-0.4542016517478294, 1.2545206384787897], [-3.1759735352273033, 0.20142821021050183], [-0.9395076438021857, 15.110644293668837], [-0.6117999790190289, 1.9538883176914312], [-0.9041149963561597, 1.206053990952793], [-1.4493174581384611, 0.3162824671019818], [-1.428171886202049, 0.4785144315135765]], "mse": 0.8022944057837212, "vol": 14646.257413592026, "inc": 25, "msevvol": 5.477811724373871e-05, "msevinc": 0.03209177623134885}}