{"0": {"beta": [-0.1723661287678216, 0.13501089084670376, 0.5291337190501046, 0.05389646078406379, -0.6948203354233868, -0.09983024367002062, 0.026667440486496226, -0.027786081433385068, 0.07844188106068786, -0.22041241682545268, 0.20114721334678867, 0.1591442276432137, 0.20860364973443682, 0.1850369111825126, 0.09603508343646856, 0.01247661135298559, 0.07413931569262804, -0.048614389000049614, 0.0661337308928348, 0.25388744900067617, 0.031155850253673956, -0.0387578387021147, -0.16663914844969355, 0.25756809812606857, -0.09554116444746687, 0.15708121939065994, -0.10351990157205272, -0.25805829431430416], "R": [[-0.1, 1.1], [-0.1, 1.1], [-0.1, 1.1], [-0.09999999999999998, 1.1], [-0.1, 1.1], [-0.10000000000000002, 1.0], [-0.10000000000000003, 1.0], [-0.1, 1.1], [-0.1, 1.1], [-0.1, 1.1], [0.0, 1.1], [-0.1, 1.0], [-0.10000000000000003, 1.0], [-0.1, 1.0], [-0.1, 1.1], [-0.10000000000000003, 1.0], [-0.09999999999999998, 1.1], [-0.09999999999999998, 1.1], [-0.10000000000000003, 1.1], [-0.1, 1.0], [-2.4981993196613552, 0.6490137739569877], [-0.9164765285995684, 1.7038635030197753], [-1.338292871291459, 2.221574435698607], [-0.9440987743016932, 3.9147135853931743], [-1.3165284669005914, 0.8942417742106695], [-1.335654730362813, 1.4686842133402709], [-3.311921066360926, 0.9048554954993903]], "mse": 0.6829267319418726, "vol": 71271.98834417315, "inc": 177, "msevvol": 9.581979509874378e-06, "msevinc": 0.0038583431183156643}, "1": {"beta": [-0.043802017431557004, -0.01972082954349394, 0.7888904399893705, 0.18076346180878647, 1.3488371895393152, -0.18279057410708005, -0.015405702194680421, 0.03648647688850767, 0.07435046768194893, -0.4219667829758173, 0.10503660197736588, 0.051758760209706045, 0.37254585446284083, 0.08018756725998086, -0.3550557004174607, -0.007490928170358675, 0.15209087313167033, 0.13146104537663708, -0.11978970401237346, 0.11997023297150587, -0.10025419926388085, -0.1042332377674, -0.2343368257846303, 0.2599842011958614, -0.19087516735061866, 0.12437510943794115, -0.14581041379486992, -0.33454422824567753], "R": [[-0.1, 1.1], [-0.1, 1.1], [-0.1, 1.1], [-0.09999999999999998, 1.0], [-0.1, 1.1], [-0.10000000000000002, 1.0], [-0.10000000000000003, 1.0], [-0.1, 1.0], [-0.1, 1.1], [-0.1, 1.1], [-0.10000000000000009, 1.1], [-0.1, 1.1], [-0.10000000000000003, 1.1], [-0.1, 1.0], [-0.1, 1.1], [-0.10000000000000003, 1.1], [-0.09999999999999998, 1.1], [-0.09999999999999998, 1.0], [-0.10000000000000003, 1.1], [-0.1, 1.1], [-1.3824616217885743, 0.6490137739569877], [-2.048731692570825, 0.9892253125781361], [-1.338292871291459, 1.4057399577785774], [-1.6954902388030053, 3.9147135853931743], [-1.3165284669005914, 3.079874271543797], [-1.335654730362813, 0.5672378987725764], [-3.311921066360926, 0.7676297409728486]], "mse": 0.5957166100930806, "vol": 73752.84676124022, "inc": 132, "msevvol": 8.077201575982437e-06, "msevinc": 0.004513004621917277}, "2": {"beta": [-0.12227592846294567, -0.013289330042240855, 0.745856524967974, 0.24308205407292477, 1.4512504929063097, -0.22004783152177887, -0.023459784395956085, 0.10143099941309486, 0.08329843647336364, -0.47444141957519, 0.048008900380864375, 0.0301858407411029, 0.3344185720685557, 0.05372208255425875, -0.29214016952882227, 0.0047720796038544944, 0.16563512952280107, 0.10524201821314179, -0.2382059692293962, 0.06903214887242505, -0.06275011071953013, -0.14773900143524044, -0.28719559594611027, 0.20506102436879511, -0.1945113974333701, 0.11107564517564456, -0.1226833122469704, -0.24253977502809704], "R": [[-0.1, 1.1], [-0.1, 1.1], [-0.1, 1.1], [-0.09999999999999998, 1.0], [-0.1, 1.1], [-0.10000000000000002, 1.0], [-0.10000000000000003, 1.0], [-0.1, 1.0], [-0.1, 1.1], [-0.1, 1.1], [-0.10000000000000009, 1.1], [-0.1, 1.1], [-0.10000000000000003, 1.1], [-0.1, 1.0], [-0.1, 1.1], [-0.10000000000000003, 1.1], [-0.09999999999999998, 1.1], [-0.09999999999999998, 1.0], [-0.10000000000000003, 1.1], [-0.1, 1.1], [-1.3824616217885743, 0.6490137739569877], [-2.048731692570825, 0.9892253125781361], [-1.338292871291459, 1.4057399577785774], [-1.0693307472552724, 3.9147135853931743], [-1.3165284669005914, 3.079874271543797], [-1.335654730362813, 0.5672378987725764], [-3.311921066360926, 0.7676297409728486]], "mse": 0.535081533235286, "vol": 65521.23049998382, "inc": 126, "msevvol": 8.166536695848807e-06, "msevinc": 0.004246678835200682}}