{"0": {"beta": [-0.01372365739504131, -0.5258739241823411, -0.3461155866237601, -0.12513216797606913, -0.2540355195418165, 0.0651539506318495, 0.07155392659275894, -0.2550153550194047, 1.3047210300429184, 0.04500175407810953, 0.1361655077694631, -0.7617820057409922], "R": [[-1.7572237442263516, -0.3385117518168512], [-1.4675251074506397, -0.34199544142738203], [-1.4573677005572243, 0.7441546932398106], [-2.4014857337967093, -0.3562923221395649], [-0.9899278071196775, 0.6323431701316551], [-0.2907480826393558, 2.09242331965571], [-1.2883164539645324, 2.0786974417081114], [-0.21340330868756002, 8.918084865187856], [-0.25036706077527937, 6.750392678051216], [-2.8168690150967763, 1.5269175971318056], [-1.6337125369562424, 0.9633318038702188]], "mse": 0.7041558331815023, "vol": 67494.26093410751, "inc": 15, "msevvol": 1.043282530153115e-05, "msevinc": 0.04694372221210016}, "1": {"beta": [-0.01372365739504131, -0.5258739241823411, -0.3461155866237601, -0.12513216797606913, -0.2540355195418165, 0.0651539506318495, 0.07155392659275894, -0.2550153550194047, 1.3047210300429184, 0.04500175407810953, 0.1361655077694631, -0.7617820057409922], "R": [[-1.7572237442263516, -0.3385117518168512], [-1.4675251074506397, -0.34199544142738203], [-1.4573677005572243, 0.7441546932398106], [-1.328889027968137, -0.3562923221395649], [-0.9899278071196775, 0.6323431701316551], [-0.2907480826393558, 2.09242331965571], [-1.2883164539645324, 2.0786974417081114], [-0.21340330868756002, 8.918084865187856], [-0.25036706077527937, 6.750392678051216], [-2.8168690150967763, 1.5269175971318056], [-1.6337125369562424, 0.9633318038702188]], "mse": 0.7041558331815023, "vol": 32097.06009841758, "inc": 15, "msevvol": 2.1938328028248853e-05, "msevinc": 0.04694372221210016}, "2": {"beta": [-0.01372365739504131, -0.5258739241823411, -0.3461155866237601, -0.12513216797606913, -0.2540355195418165, 0.0651539506318495, 0.07155392659275894, -0.2550153550194047, 1.3047210300429184, 0.04500175407810953, 0.1361655077694631, -0.7617820057409922], "R": [[-1.7572237442263516, -0.3385117518168512], [-1.4675251074506397, -0.34199544142738203], [-1.4573677005572243, 0.7441546932398106], [-1.328889027968137, -0.3562923221395649], [-0.9899278071196775, 0.6323431701316551], [-0.2907480826393558, 2.09242331965571], [-1.2883164539645324, 2.0786974417081114], [-0.21340330868756002, 8.918084865187856], [-0.25036706077527937, 6.750392678051216], [-2.8168690150967763, 1.5269175971318056], [-1.6337125369562424, 0.9633318038702188]], "mse": 0.7041558331815023, "vol": 32097.06009841758, "inc": 15, "msevvol": 2.1938328028248853e-05, "msevinc": 0.04694372221210016}}