{"0": {"beta": [-0.0149297079498066, 0.19635773665277392, 0.26573385393590987, 0.19616527300945671, 0.2575123642418349, -0.05188651919143079, -0.08787015226136409, -0.006174142381468354, 0.17441447638432026, -0.2783686828512173, 0.14383061300206162, -0.029127130744300345, 0.10696621009622088, 0.006641762672359502, 0.17915199968648343, -0.033072484678867274, 0.01788860285134485, -0.11772813760052361, -0.09344168945283833, 0.3049773207549298, -0.039265812774850584, -0.08156074552740798, -0.15489340918684577, 0.23639223213632496, -0.1490811579854793, 0.11922486035877188, -0.06443949282635948, -0.17373386549210343], "R": [[-0.1, 1.1], [-0.1, 1.1], [-0.1, 1.1], [-0.1, 1.1], [-0.1, 1.1], [-0.1, 1.1], [-0.1, 1.1], [-0.1, 1.1], [-0.1, 1.1], [-0.1, 1.1], [-0.1, 1.1], [-0.1, 1.1], [-0.1, 1.1], [-0.1, 1.1], [-0.1, 1.1], [-0.1, 1.1], [-0.1, 1.1], [-0.1, 1.1], [-0.1, 1.1], [-0.1, 1.1], [-2.4981993196613552, 3.7962268675753306], [-2.048731692570825, 3.70956534419748], [-2.7506561756272165, 2.221574435698607], [-2.5468817033043174, 3.9147135853931747], [-1.7919422551589224, 3.079874271543797], [-1.335654730362813, 5.625192628894896], [-3.311921066360926, 2.377114349452829]], "mse": 0.8565798425643588, "vol": 8613066.854051575, "inc": 482, "msevvol": 9.94512009576966e-08, "msevinc": 0.00177713660283062}, "1": {"beta": null, "R": null, "mse": -1, "vol": -1, "inc": -1, "msevvol": -1, "msevinc": -1}, "2": {"beta": null, "R": null, "mse": -1, "vol": -1, "inc": -1, "msevvol": -1, "msevinc": -1}}