{"0": {"beta": [-0.007841215225274855, -0.10308776675451364, 0.03597681995921972, 0.05573749947314432, -0.0007634205241112167, 0.10349066348525678, 0.04167198925621157, 0.12990260668174636, -0.029577617099049776, 0.07404983773436653, 0.3256358438782374, -0.044741040733995284], "R": [[-1.8118885190211482, 0.8225202901239118], [-2.0125996747469777, 0.6972235319610827], [-2.521978111015047, 0.4492429093683842], [-2.306328501214799, 0.4571389890657699], [-1.8931256856228769, 5.041763475283599], [-3.1759735352273033, 0.9438816800507814], [-0.9395076438021857, 15.110644293668837], [-0.6117999790190289, 1.9538883176914308], [-0.9041149963561597, 1.206053990952793], [-4.1498813091984434, 3.3012268919967234], [-1.8909183913560328, 2.0224542440752193]], "mse": 0.8004637690286599, "vol": 4243334.569968571, "inc": 186, "msevvol": 1.8864026765501753e-07, "msevinc": 0.00430356865069172}, "1": {"beta": [-0.0682369148393611, 0.15619186602316232, -0.18110241409049674, 0.29559282139894794, 0.10311912809942322, 0.02468670536304459, 0.20190087114370175, -0.07376041239139562, -0.04849770746877138, 0.13990360724518514, 0.36503057961067437, 0.0602199245056745], "R": [[-1.8118885190211482, -0.022282646257774763], [-1.569201884390654, 0.2164666254622294], [-1.137287558888664, 0.1074902770551518], [-1.0876721552969602, 5.670996570404462], [-4.241444488552639, 0.8048568778928373], [-0.6364835628949566, 0.7741780298015746], [-0.9395076438021857, 15.110644293668837], [-0.6117999790190289, 2.053888317691431], [-0.9041149963561597, 1.206053990952793], [-0.42819779743102093, 1.4218146671692624], [-1.371492744771739, 0.13390525161729228]], "mse": 0.4469522534801534, "vol": 48121.48334138742, "inc": 18, "msevvol": 9.28799825868516e-06, "msevinc": 0.02483068074889741}, "2": {"beta": [-0.1570341246350991, 0.07481601903615472, -0.31207363359577756, 0.6425624415088199, -0.25307448717261255, 0.9234861676191157, -0.633264576935694, 1.1776562165208417, 0.13717001678993854, 0.6229122146620869, 0.006372096660079777, -0.2403067262407005], "R": [[-1.8118885190211482, -0.022282646257774763], [-1.569201884390654, 0.2164666254622294], [-1.137287558888664, 0.1074902770551518], [-1.0876721552969602, 0.5104083388713814], [-4.241444488552639, 0.8048568778928373], [-0.6364835628949566, 0.7741780298015746], [-0.9395076438021857, 15.110644293668837], [-0.6117999790190289, 1.9538883176914308], [-0.9041149963561597, 1.206053990952793], [-0.42819779743102093, 1.4218146671692624], [-1.371492744771739, 0.13390525161729228]], "mse": 1.0519164031956976, "vol": 10951.434861740105, "inc": 16, "msevvol": 9.605283841578322e-05, "msevinc": 0.0657447751997311}}