{"0": {"beta": [0.08536605402702012, -0.15544239419083497, -0.039349335599754745, 0.09941980726128148, 0.08033341138019227, 0.049790403126313346, 0.04905019504718107, -0.014620187388582093, -0.0408443793261227, 0.09927065249067937, 0.6250480703989757, 0.1450862432504686], "R": [[-1.1486865614333561, 2.048924205299496], [-1.019765419820536, 1.7274169030300537], [-0.9102839856003127, 24.050349106616267], [-2.306328501214799, 0.9898324871218838], [-4.241444488552639, 5.041763475283599], [-0.8486131257064651, 9.29572167341846], [-0.9395076438021857, 0.6838233715080582], [-0.6117999790190289, 1.9538883176914308], [-0.9041149963561597, 1.206053990952793], [-0.8766738020979417, 3.3012268919967234], [-1.8909183913560328, 0.0250813000710971]], "mse": 0.7366482056450591, "vol": 4788290.704721709, "inc": 114, "msevvol": 1.5384366803766824e-07, "msevinc": 0.0064618263653075355}, "1": {"beta": [0.2779420945273914, 0.15741037980567602, -0.10768246987831367, 0.06859586481271511, -0.09625367205806595, 0.11002394040272435, 0.12117704390796795, 1.5685356437519413, -0.17740124725667913, 0.33694675405939367, 0.7829367578966026, 1.2192828112756562], "R": [[-1.1486865614333561, 0.5409193113300172], [-2.0125996747469777, 2.308173809528907], [-0.6957531361190138, 1.247497233019729], [-2.306328501214799, 0.5104083388713813], [-0.45420165174782934, 1.3444533905959801], [-0.07434022144445884, 1.3045019368303457], [-0.9395076438021857, 0.608729589063187], [-0.6117999790190289, 1.9538883176914308], [-0.9041149963561597, 1.206053990952793], [-0.8766738020979417, 1.191193742086525], [-1.8909183913560328, -0.20163526565014234]], "mse": 0.7066524541552804, "vol": 2901.804653168889, "inc": 13, "msevvol": 0.00024352171790185362, "msevinc": 0.05435788108886773}, "2": {"beta": [0.2779420945273914, 0.15741037980567602, -0.10768246987831367, 0.06859586481271511, -0.09625367205806595, 0.11002394040272435, 0.12117704390796795, 1.5685356437519413, -0.17740124725667913, 0.33694675405939367, 0.7829367578966026, 1.2192828112756562], "R": [[-1.1486865614333561, 0.5409193113300172], [-2.0125996747469777, 2.308173809528907], [-0.6957531361190138, 1.247497233019729], [-2.306328501214799, 0.5104083388713813], [-0.45420165174782934, 1.3444533905959801], [-0.07434022144445884, 1.3045019368303457], [-0.9395076438021857, 0.608729589063187], [-0.6117999790190289, 1.9538883176914308], [-0.9041149963561597, 1.206053990952793], [-0.8766738020979417, 1.191193742086525], [-1.8909183913560328, -0.20163526565014234]], "mse": 0.7066524541552804, "vol": 2901.804653168889, "inc": 13, "msevvol": 0.00024352171790185362, "msevinc": 0.05435788108886773}}