{"0": {"beta": [0.023292437684411645, 0.05803327830282224, 0.05561085865996748, 0.08288689457323264, -0.031867012286533006, 0.6514571996209868, 0.08940321871935118, -0.026482446715359185, 0.017067126443481927, -0.030890985996382812, 0.01793014971808164, 0.05523538739906919, -0.012285916045044002, 0.014175990030188249, -0.0037902170424405903, -0.13313105019447977, -0.05662043536433918], "R": [[-0.1, 1.1], [-0.1, 1.0], [-0.1, 1.0], [-0.09999999999999998, 1.0], [-0.1, 1.0], [-3.9918644005925885, 0.8687157277484343], [-1.0784111940537748, 1.0220651665449352], [-1.075098267097456, 1.0251958181341332], [-2.4828060419456293, 1.2537983678246925], [-0.6117835868968557, 2.708998760482675], [-1.8872194904270159, 2.172847884726703], [-0.9182457794233833, 1.006653017610168], [-0.7175431378773933, 0.8520341236279184], [-0.7862811582964232, 2.708111384813539], [-0.5274526967944777, 2.4394401474107608], [-0.9437002178516671, 0.8143708080692993]], "mse": 0.5383967081567208, "vol": 104517.57932356444, "inc": 776, "msevvol": 5.151255048588122e-06, "msevinc": 0.0006938101909236093}, "1": {"beta": [-0.02816322616422288, -0.008106627814363734, -0.02052603072353459, -0.003591744082331155, -0.007493775601820012, 0.6231897742114857, 0.12237754088136583, -0.007326863233917078, 0.021344209711041374, 0.013890218728838551, -0.003887139439666753, -0.023791404061944885, 0.011565470552167148, 0.005922239190960809, 0.05120555503544346, -0.11356907996231931, -0.01731426102422369], "R": [[-0.1, 1.0], [-0.1, 1.0], [-0.1, 1.0], [-0.09999999999999998, 1.0], [-0.1, 1.0], [-3.9918644005925885, 6.457576198303895], [-1.0784111940537748, 1.0220651665449352], [-2.251719604905245, 1.6252798424860158], [-1.3059710821814552, 1.3506608274186915], [-0.6117835868968557, 0.9986075867929095], [-1.0152060153962723, 2.172847884726703], [-1.4032255388300936, 1.006653017610168], [-0.7175431378773933, 3.3033577420364177], [-0.7862811582964232, 2.708111384813539], [-0.5274526967944777, 2.4394401474107608], [-0.9437002178516671, 0.3998530515890577]], "mse": 0.5498646142699802, "vol": 252293.11104007697, "inc": 1155, "msevvol": 2.1794674139264697e-06, "msevinc": 0.000476073259108208}, "2": {"beta": [-0.07952798258775091, -0.014013794519766308, -0.05038783626498659, -0.03928767741455508, -0.04360471563047507, 0.5920140441700948, 0.12160381339872059, -0.02713062228144678, 0.009552168849015755, 0.010575301414059586, -0.005987133949432709, -0.012701945971844113, 0.029949952834936875, -0.004743034079114114, 0.04827811471727151, -0.09381429720157139, 0.021181146473893245], "R": [[-0.1, 1.0], [-0.1, 1.0], [-0.1, 1.0], [-0.09999999999999998, 1.0], [-0.1, 1.0], [-3.9918644005925885, 3.325789342376059], [-1.0784111940537748, 1.0220651665449352], [-1.269243098505417, 1.1663920591581056], [-1.3059710821814552, 1.3506608274186915], [-0.6117835868968557, 0.9986075867929095], [-1.0152060153962723, 2.172847884726703], [-1.3032255388300935, 1.006653017610168], [-0.7175431378773933, 3.3033577420364177], [-0.7862811582964232, 2.708111384813539], [-0.5274526967944777, 2.4394401474107608], [-0.9437002178516671, 0.3998530515890577]], "mse": 0.5534586878573509, "vol": 106388.50138873636, "inc": 955, "msevvol": 5.202241601609279e-06, "msevinc": 0.0005795378930443465}}