{"0": {"beta": [0.16106297387673485, 0.1674551335277507, 0.12289291583403406, 0.1039967259868117, 0.2408732028145539, 0.4787408794518163, -0.004120782979623946, 0.008543146951113075, 0.05198666818633559, -0.057918235504263955, 0.041162461926047667, -0.04728073040351198, 0.020157366167708676, -0.05293629679272762, 0.01646881480615293, 0.1974173602978318, 0.0011812579979361552], "R": [[-0.09999999999999998, 1.0], [-0.09999999999999998, 1.0], [-0.09999999999999998, 1.0], [-0.1, 1.0], [-0.1, 1.0], [-1.1571816649253654, 7.308664912350221], [-1.076292805095683, 1.024282873724542], [-2.151039691244473, -0.3331100172071344], [-1.438507811880332, 2.31791943291289], [-1.4180186531120405, 0.9982166143618095], [-1.0159391370594286, 1.3002340769356713], [-1.4028577002652836, 0.6229849276494595], [-0.7168216464527583, 3.304913477522386], [-0.7857143967286861, 2.7073977753677876], [-0.5275743359844131, 2.3387746079232747], [-0.9437099428352796, 0.39926200185177585]], "mse": 0.7270849968357426, "vol": 119911.8677528539, "inc": 633, "msevvol": 6.063494885546372e-06, "msevinc": 0.0011486334863123895}, "1": {"beta": [0.14208927554146888, 0.21238651250265636, 0.11688970886224909, 0.0907409010871138, 0.19947465281058002, 0.4587052870595554, -0.004574469670054578, -0.05380941142512714, 0.008485693575319572, -0.05035517686550582, 0.06026146308515113, -0.032811883739757755, 0.06146707918471983, -0.0456577691173612, -0.118675124271385, 0.040650751212320646, -0.18296389868439233], "R": [[-0.09999999999999998, 1.0], [-0.09999999999999998, 1.0], [-0.09999999999999998, 1.0], [-0.1, 1.0], [-0.1, 1.0], [-1.3106490965442914, 7.308664912350221], [-1.076292805095683, 1.024282873724542], [-2.151039691244473, -0.3331100172071344], [-0.9934178623585472, 2.31791943291289], [-1.4180186531120405, 0.9982166143618095], [-1.0159391370594286, 0.5281763389373046], [-1.4028577002652836, 0.6229849276494595], [-0.7168216464527583, 3.304913477522386], [-0.7857143967286861, 2.7073977753677876], [-0.5275743359844131, 2.438774607923275], [-0.9437099428352796, 0.8135859834141277]], "mse": 0.6994509439877453, "vol": 97156.70924997066, "inc": 590, "msevvol": 7.199203733713908e-06, "msevinc": 0.0011855100745555005}, "2": {"beta": [0.14208927554146888, 0.21238651250265636, 0.11688970886224909, 0.0907409010871138, 0.19947465281058002, 0.4587052870595554, -0.004574469670054578, -0.05380941142512714, 0.008485693575319572, -0.05035517686550582, 0.06026146308515113, -0.032811883739757755, 0.06146707918471983, -0.0456577691173612, -0.118675124271385, 0.040650751212320646, -0.18296389868439233], "R": [[-0.09999999999999998, 1.0], [-0.09999999999999998, 1.0], [-0.09999999999999998, 1.0], [-0.1, 1.0], [-0.1, 1.0], [-1.3106490965442914, 7.308664912350221], [-1.076292805095683, 1.024282873724542], [-2.151039691244473, -0.3331100172071344], [-0.9934178623585472, 2.31791943291289], [-1.4180186531120405, 0.9982166143618095], [-1.0159391370594286, 0.5281763389373046], [-1.4028577002652836, 0.6229849276494595], [-0.7168216464527583, 3.304913477522386], [-0.7857143967286861, 2.7073977753677876], [-0.5275743359844131, 2.438774607923275], [-0.9437099428352796, 0.8135859834141277]], "mse": 0.6994509439877453, "vol": 97156.70924997066, "inc": 590, "msevvol": 7.199203733713908e-06, "msevinc": 0.0011855100745555005}}