{"0": {"beta": [0.11119626850442187, 0.13410589424286076, 0.14273079239101544, 0.10786607641982952, 0.10402673663071133, 0.4853782396531957, -0.1411929959934151, -0.018620716883395224, 0.03452123234818989, -0.04286633949730152, 0.007020526956832871, -0.024127205272600448, 0.0023671217570358227, 0.009112439818668905, -0.003753461758404693, -0.020598693130256987, 0.04156708897543719], "R": [[-0.1, 1.1], [-0.1, 1.1], [-0.1, 1.1], [-0.09999999999999998, 1.1], [-0.1, 1.1], [-2.679562738466629, 7.308664912350221], [-0.9762928050956828, 1.1242828737245418], [-2.2510396912444732, 2.6261580138030496], [-1.6374343175366517, 2.31791943291289], [-1.5180186531120405, 2.709040126011043], [-1.887996875057795, 2.172291814934038], [-1.4028577002652836, 6.115344285810739], [-0.7168216464527583, 3.304913477522386], [-0.7857143967286861, 2.7073977753677876], [-0.5275743359844131, 2.438774607923275], [-0.9437099428352796, 2.570881909663535]], "mse": 0.7920479588272722, "vol": 19033603.077966347, "inc": 1681, "msevvol": 4.161313838388075e-08, "msevinc": 0.00047117665605429635}, "1": {"beta": [0.09726285696011766, 0.12296118176151163, 0.146256334280103, 0.09167962707196062, 0.10005378625087369, 0.4825061132838646, -0.19395479524884957, -0.031123827848777066, 0.05658570087468039, -0.04149510877190217, 0.012573713046528, -0.019471351918293474, 0.00062919044332789, 0.006262807190734906, -0.002800679391434659, -0.00764212054376343, 0.09139311424482079], "R": [[-0.1, 1.1], [-0.1, 1.1], [-0.1, 1.1], [-0.09999999999999998, 1.1], [-0.1, 1.1], [-2.679562738466629, 7.308664912350221], [-0.9762928050956828, 1.0242828737245417], [-2.2510396912444732, 2.6261580138030496], [-2.4821366099920725, 2.31791943291289], [-1.5180186531120405, 2.709040126011043], [-1.887996875057795, 2.172291814934038], [-1.4028577002652836, 6.115344285810739], [-0.7168216464527583, 3.304913477522386], [-0.7857143967286861, 2.7073977753677876], [-0.5275743359844131, 2.438774607923275], [-0.9437099428352796, 2.570881909663535]], "mse": 0.793837564546896, "vol": 21998782.064252324, "inc": 1796, "msevvol": 3.6085523381627094e-08, "msevinc": 0.0004420030983000535}, "2": {"beta": [0.09726285696011766, 0.12296118176151163, 0.146256334280103, 0.09167962707196062, 0.10005378625087369, 0.4825061132838646, -0.19395479524884957, -0.031123827848777066, 0.05658570087468039, -0.04149510877190217, 0.012573713046528, -0.019471351918293474, 0.00062919044332789, 0.006262807190734906, -0.002800679391434659, -0.00764212054376343, 0.09139311424482079], "R": [[-0.1, 1.1], [-0.1, 1.1], [-0.1, 1.1], [-0.09999999999999998, 1.1], [-0.1, 1.1], [-2.679562738466629, 7.308664912350221], [-0.9762928050956828, 1.0242828737245417], [-2.2510396912444732, 2.6261580138030496], [-2.4821366099920725, 2.31791943291289], [-1.5180186531120405, 2.709040126011043], [-1.887996875057795, 2.172291814934038], [-1.4028577002652836, 6.115344285810739], [-0.7168216464527583, 3.304913477522386], [-0.7857143967286861, 2.7073977753677876], [-0.5275743359844131, 2.438774607923275], [-0.9437099428352796, 2.570881909663535]], "mse": 0.793837564546896, "vol": 21998782.064252324, "inc": 1796, "msevvol": 3.6085523381627094e-08, "msevinc": 0.0004420030983000535}}