{"0": {"beta": [0.04283597070854386, 0.03218364546014327, 0.0518159879757426, 0.07093875050675057, 0.027644700418954015, 0.35483357450750674, 0.08832162736386723, -0.13930540179854622, 0.22440981917651096, -0.02292937657754901, -0.023490634693952028, 0.03280362029839096, 0.02721836565751249, -0.004475659017353032, -0.061526972447637725, -0.15490871340068885, -0.1666850054143132], "R": [[-0.09999999999999998, 1.0], [-0.10000000000000003, 1.0], [-0.1, 1.0], [-0.10000000000000003, 1.0], [-0.1, 1.0], [-3.6351241692909233, 0.42011990242195885], [-0.9769183989499993, 1.1236269488575596], [0.5496748978489934, 2.2439894109017153], [-0.030093814715245193, 2.3173220832340404], [-1.417848309229576, 2.708801024456387], [-1.8875307746960677, 0.5281905392186821], [-1.3026371056557282, 6.11292947530571], [-0.7169950228232279, 3.3032634050648815], [-0.7856874150981881, 1.3408208832023638], [-0.527513004764509, 2.439110129645856], [-0.9436399543409112, 0.39956314420417527]], "mse": 0.4832143287310423, "vol": 137407.49128348022, "inc": 255, "msevvol": 3.5166519977731128e-06, "msevinc": 0.0018949581518864405}, "1": {"beta": [0.08564586176527239, 0.0887943335631002, -0.04212022380981459, 0.30321593087989496, 0.2676750485604796, 0.4498653558178481, 0.05113193045882316, 0.14601852650146302, -0.0028038935144823847, -0.00514566835823778, -0.09463429769443121, 0.05984021057269664, 0.10328629494898264, 0.22298527846693034, -0.10412269453904506, -0.1966486292904799, -0.20695949588247603], "R": [[-0.09999999999999998, 1.0], [-0.10000000000000003, 1.0], [-0.1, 1.0], [-0.10000000000000003, 1.0], [-0.1, 1.0], [-1.1244933870214706, 9.745791327863362], [-0.9769183989499993, 1.1236269488575596], [0.5496748978489934, 2.626375163077166], [0.5220041433880109, 2.3173220832340404], [-1.517848309229576, 0.19281142424480913], [-1.7875307746960676, 0.5281905392186821], [-1.4026371056557283, 1.0075418146478838], [-0.7169950228232279, 3.3032634050648815], [-0.7856874150981881, 1.3408208832023638], [-0.527513004764509, 2.439110129645856], [-0.9436399543409112, 1.2283652099008997]], "mse": 0.6070862154320832, "vol": 72109.93279923438, "inc": 107, "msevvol": 8.4188986435795e-06, "msevinc": 0.0056737029479633945}, "2": {"beta": [0.08564586176527239, 0.0887943335631002, -0.04212022380981459, 0.30321593087989496, 0.2676750485604796, 0.4498653558178481, 0.05113193045882316, 0.14601852650146302, -0.0028038935144823847, -0.00514566835823778, -0.09463429769443121, 0.05984021057269664, 0.10328629494898264, 0.22298527846693034, -0.10412269453904506, -0.1966486292904799, -0.20695949588247603], "R": [[-0.09999999999999998, 1.0], [-0.10000000000000003, 1.0], [-0.1, 1.0], [-0.10000000000000003, 1.0], [-0.1, 1.0], [-1.1244933870214706, 3.9585122704984346], [-0.9769183989499993, 1.1236269488575596], [0.5496748978489934, 2.626375163077166], [0.5220041433880109, 2.3173220832340404], [-1.517848309229576, 0.19281142424480913], [-1.7875307746960676, 0.5281905392186821], [-1.4026371056557283, 1.0075418146478838], [-0.7169950228232279, 3.3032634050648815], [-0.7856874150981881, 1.3408208832023638], [-0.527513004764509, 2.439110129645856], [-0.9436399543409112, 1.2283652099008997]], "mse": 0.6070862154320832, "vol": 33719.006079020815, "inc": 107, "msevvol": 1.8004273732427664e-05, "msevinc": 0.0056737029479633945}}