{"0": {"beta": [-0.016353187451168084, 0.012336344427824802, 0.03320953018866707, -0.01397264526537472, -0.00735251343671722, 0.6365565130399817, 0.10407804595680537, -0.0032951138098317226, 0.05662447568555986, -0.03807112707630527, 0.010522742878594053, -0.002537698188539068, -0.0022901094085604067, -0.012562288550843225, 0.002806722217150796, -0.07233469204798593, -0.0003655030431296992], "R": [[-0.10000000000000003, 1.0], [-0.1, 1.0], [-0.1, 1.0], [-0.09999999999999998, 1.0], [-0.1, 1.0], [-3.9918644005925885, 1.1525821870141255], [-1.0784111940537748, 1.0220651665449352], [-2.251719604905245, 1.0251958181341332], [-2.4828060419456293, 1.33536048813738], [-1.4169791737417383, 2.7089987604826744], [-1.0152060153962723, 2.172847884726703], [-1.3032255388300937, 1.006653017610168], [-0.7175431378773933, 3.3033577420364173], [-0.7862811582964232, 2.708111384813539], [-0.5274526967944777, 2.4394401474107608], [-0.9437002178516671, 1.2288885645495407]], "mse": 0.5490736439372343, "vol": 599178.3876690384, "inc": 1617, "msevvol": 9.163775851016178e-07, "msevinc": 0.00033956316879235274}, "1": {"beta": [-0.03206193917228683, -0.06609545191291026, -0.013378947772831863, -0.005484076724993219, -0.050053191780422494, 0.6107867866194214, 0.12128353582620803, -0.0022994830024697316, 0.0749328769319717, -0.014324826959891155, 0.008190036830570912, -0.06183447669384167, 0.02645440045721627, -0.05818228143811787, 0.052480475112087595, -0.04713190155770382, 0.034477833566255126], "R": [[-0.10000000000000003, 1.0], [-0.1, 1.0], [-0.1, 1.0], [-0.09999999999999998, 1.0], [-0.1, 1.0], [-3.9918644005925885, 6.457576198303894], [-1.0784111940537748, 1.0220651665449352], [-2.151719604905245, 1.007546288006137], [-0.8378520498547474, 1.3723732686880963], [-0.6117835868968557, 0.9986075867929095], [-1.0152060153962723, 2.172847884726703], [-0.533266020016673, 1.006653017610168], [-0.7175431378773933, 3.3033577420364173], [-0.7862811582964232, 2.708111384813539], [-0.5274526967944777, 2.4394401474107608], [-0.9437002178516671, 0.8143708080692991]], "mse": 0.5166951724552341, "vol": 143016.2064099757, "inc": 636, "msevvol": 3.612843505120364e-06, "msevinc": 0.0008124137931686071}, "2": {"beta": [-0.06325315999650667, -0.07736418355574391, -0.02750233175565256, -0.014392611722516435, -0.06576277169195895, 0.5871242600322125, 0.12075225890592607, 0.002317101467100347, 0.08478660472514742, -0.016294798114950167, 0.004294294327875617, -0.05108634495684338, 0.030744289592297736, -0.0554525392428235, 0.05231469614827323, -0.03770159394962557, 0.052210398752815586], "R": [[-0.10000000000000003, 1.0], [-0.1, 1.0], [-0.1, 1.0], [-0.09999999999999998, 1.0], [-0.1, 1.0], [-3.9918644005925885, 3.325789342376059], [-1.0784111940537748, 1.0220651665449352], [-2.151719604905245, 1.007546288006137], [-0.8378520498547474, 1.3723732686880963], [-0.6117835868968557, 0.9986075867929095], [-1.0152060153962723, 2.172847884726703], [-0.533266020016673, 1.006653017610168], [-0.7175431378773933, 3.3033577420364173], [-0.7862811582964232, 2.708111384813539], [-0.5274526967944777, 2.4394401474107608], [-0.9437002178516671, 0.8143708080692991]], "mse": 0.49720803855066004, "vol": 100153.0242921957, "inc": 623, "msevvol": 4.964483519739348e-06, "msevinc": 0.0007980867392466453}}