{"0": {"beta": [0.016768441545927937, 0.12641290168656627, 0.017242930084430157, 0.06520070441113394, 0.13280553046132276, 0.5473522418341782, 0.030278393233317966, 0.07812263669894576, 0.0874799322750341, 0.02708823106836782, -0.025428093604649444, 0.00271711417724253, 0.026172546114863884, 0.05264345316935382, 0.06300136068820686, -0.3195377952665, -0.4014425866905899], "R": [[-0.1, 1.0], [-0.1, 1.0], [-0.10000000000000002, 1.0], [-0.10000000000000002, 1.0], [-0.09999999999999998, 1.0], [-3.9918644005925885, 0.5476208803823238], [-1.0784111940537748, 1.0220651665449352], [0.1427193117343053, 2.6254058790138397], [-0.08965927487649805, 2.09585545818916], [-0.6117835868968557, 2.708998760482675], [-1.7872194904270158, 1.3008344096959594], [-1.3032255388300935, 6.1113898898974], [-0.7175431378773933, 2.615526837434293], [-0.7862811582964232, 0.5807928967458698], [-0.5274526967944777, 2.4394401474107608], [-0.9437002178516671, 0.8143708080692991]], "mse": 0.47209857387207455, "vol": 150574.744140285, "inc": 325, "msevvol": 3.135310483624249e-06, "msevinc": 0.00145261099652946}, "1": {"beta": [-0.08595259641437714, 0.021636143341983598, -0.05095448761983429, -0.06380368321867186, 0.007664730292125216, 0.5413496154274567, 0.10464315828536394, -0.020184300559228336, 0.07854838412536512, -0.00046038120589376856, 0.009161311844060828, 0.005018560949421151, -0.03704598903410719, 0.010984473814227607, 0.05408409557112822, -0.09401771555804485, 0.011716692771401851], "R": [[-0.1, 1.0], [-0.1, 1.0], [-0.10000000000000002, 1.0], [-0.10000000000000002, 1.0], [-0.09999999999999998, 1.0], [-1.5534562730350485, 1.252633480034], [-1.0784111940537748, 1.0220651665449352], [-0.4220656523615849, 2.6254058790138397], [-0.6957943253297627, 2.317941267123266], [-1.4169791737417383, 2.708998760482675], [-1.0152060153962723, 0.5288209346652153], [-1.3032255388300935, 6.1113898898974], [-0.7175431378773933, 3.3033577420364177], [-0.7862811582964232, 2.6081113848135384], [-0.5274526967944777, 2.4394401474107608], [-0.9437002178516671, 2.5724418339902657]], "mse": 0.5354240723965967, "vol": 586342.9391704077, "inc": 989, "msevvol": 9.131585572670936e-07, "msevinc": 0.0005413792440814931}, "2": {"beta": [-0.0900332035293541, 0.03982901821402681, -0.024995930459576564, -0.07083574527529644, 0.03433099657258014, 0.5326931728091034, 0.07802313610504517, -0.019949507918973652, 0.1464466219292605, -0.011586280210284444, 0.013863845009391943, 0.04010426307030168, -0.011641227361869, -0.009161469062381824, 0.04829886117086145, -0.07945947141361906, -0.0521578361996247], "R": [[-0.1, 1.0], [-0.1, 1.0], [-0.10000000000000002, 1.0], [-0.10000000000000002, 1.0], [-0.09999999999999998, 1.0], [-1.5534562730350485, 1.252633480034], [-1.0784111940537748, 1.0220651665449352], [-0.4220656523615849, 2.6254058790138397], [-0.1848042839864994, 2.317941267123266], [-1.5169791737417384, 2.708998760482675], [-1.0152060153962723, 0.5288209346652153], [-1.3032255388300935, 1.3916327770168782], [-0.7175431378773933, 3.3033577420364177], [-0.7862811582964232, 2.6081113848135384], [-0.5274526967944777, 2.4394401474107608], [-0.9437002178516671, 2.5724418339902657]], "mse": 0.545626687893672, "vol": 181263.716745685, "inc": 731, "msevvol": 3.0101263379653206e-06, "msevinc": 0.0007464113377478413}}