{"0": {"beta": [-0.06573157769264068, -0.01591995002469998, -0.04870766160799442, -0.022320198448710006, -0.03726784847723669, 0.5937708691333584, 0.10143375745825318, -0.022086143391044314, 0.026944844865186217, -0.00130163923916369, 0.0015756650293033397, 0.006799215841024481, 0.03450813619297167, 0.007728926352427063, 0.011399833361150495, -0.07304646240147518, 0.03279699325397573], "R": [[-0.09999999999999998, 1.0], [-0.1, 1.0], [-0.10000000000000003, 1.0], [-0.1, 1.0], [-0.1, 1.0], [-3.9918644005925885, 3.325789342376059], [-1.0784111940537748, 1.0220651665449352], [-2.151719604905245, 1.0075462880061368], [-1.3059710821814554, 1.3723732686880963], [-0.6117835868968557, 0.9986075867929095], [-1.0152060153962723, 2.172847884726703], [-1.3032255388300937, 1.006653017610168], [-0.7175431378773933, 3.3033577420364177], [-0.7862811582964232, 2.7081113848135385], [-0.5274526967944777, 2.4394401474107608], [-0.9437002178516671, 0.8143708080692992]], "mse": 0.5256441414310132, "vol": 182047.6975254844, "inc": 1208, "msevvol": 2.8873979104153713e-06, "msevinc": 0.00043513587866805733}, "1": {"beta": [-0.07255800911147492, -0.03785030870067691, -0.06589927701600289, -0.05699383606040874, -0.05149393524544391, 0.5779198150059347, 0.11352007933461133, -0.003345217386761998, 0.08063327706133327, 0.0034872133894900538, -0.00879298770700174, 0.0024882760364329025, 0.05454971640004933, -0.022493632012218004, 0.044660758849924896, -0.10804708477030987, 0.010225839521672653], "R": [[-0.09999999999999998, 1.0], [-0.1, 1.0], [-0.10000000000000003, 1.0], [-0.1, 1.0], [-0.1, 1.0], [-3.9918644005925885, 3.325789342376059], [-1.0784111940537748, 1.0220651665449352], [-2.151719604905245, 1.0075462880061368], [-0.8378520498547474, 1.3723732686880963], [-0.6117835868968557, 0.9986075867929095], [-1.0152060153962723, 2.172847884726703], [-1.3032255388300937, 1.006653017610168], [-0.7175431378773933, 3.3033577420364177], [-0.7862811582964232, 2.7081113848135385], [-0.5274526967944777, 2.4394401474107608], [-0.9437002178516671, 0.3998530515890576]], "mse": 0.5295068305801032, "vol": 114808.43599165692, "inc": 920, "msevvol": 4.612089921846703e-06, "msevinc": 0.00057555090280446}, "2": {"beta": [-0.07255800911147492, -0.03785030870067691, -0.06589927701600289, -0.05699383606040874, -0.05149393524544391, 0.5779198150059347, 0.11352007933461133, -0.003345217386761998, 0.08063327706133327, 0.0034872133894900538, -0.00879298770700174, 0.0024882760364329025, 0.05454971640004933, -0.022493632012218004, 0.044660758849924896, -0.10804708477030987, 0.010225839521672653], "R": [[-0.09999999999999998, 1.0], [-0.1, 1.0], [-0.10000000000000003, 1.0], [-0.1, 1.0], [-0.1, 1.0], [-3.9918644005925885, 3.325789342376059], [-1.0784111940537748, 1.0220651665449352], [-2.151719604905245, 1.0075462880061368], [-0.8378520498547474, 1.3723732686880963], [-0.6117835868968557, 0.9986075867929095], [-1.0152060153962723, 2.172847884726703], [-1.3032255388300937, 1.006653017610168], [-0.7175431378773933, 3.3033577420364177], [-0.7862811582964232, 2.7081113848135385], [-0.5274526967944777, 2.4394401474107608], [-0.9437002178516671, 0.3998530515890576]], "mse": 0.5295068305801032, "vol": 114808.43599165692, "inc": 920, "msevvol": 4.612089921846703e-06, "msevinc": 0.00057555090280446}}