{"0": {"beta": [-0.056508038771923993, -0.06168016607992087, -0.04962459575721624, -0.09264162489581337, -0.10377370231680974, 0.6023806054594121, 0.08461145039813535, -0.00811847497308469, 0.10455442663141357, -0.017077493028498054, -0.009016101211192186, 0.04216318657843758, 0.05625679628848493, -0.04075593894628345, 0.015694671040431575, -0.06002762930733289, 0.106995514061831], "R": [[-0.09999999999999998, 1.1], [-0.1, 1.1], [-0.09999999999999998, 1.0], [-0.1, 1.0], [-0.1, 1.0], [-3.6351241692909233, 0.5752275130773659], [-0.9769183989499992, 1.1236269488575596], [-2.2506388573287786, 2.626375163077166], [-1.1848673210259917, 2.3173220832340404], [-0.6125184424923834, 0.9981412909820018], [-1.887530774696068, 2.172004748495182], [-1.4026371056557283, 1.0075418146478838], [-0.7169950228232278, 1.4400672075780616], [-0.6856874150981881, 2.1007614950650706], [-0.527513004764509, 2.439110129645856], [-0.9436399543409113, 2.571568308445986]], "mse": 0.5390231418819357, "vol": 285983.6773478445, "inc": 1483, "msevvol": 1.884803870209407e-06, "msevinc": 0.00036346806600265385}, "1": {"beta": [-0.034565558334818905, -0.02180020136625002, -0.026493236408738092, -0.013594046166289491, -0.03308597984828971, 0.5526347456659726, 0.08330846510756135, -0.03772592604973216, 0.11420748594724008, -0.00530503755016668, 0.014139651195457868, 0.0007576455523937113, -0.03885083515734025, 0.01237615738631128, 0.009882321804849624, -0.07574166632099397, -0.03249898979507343], "R": [[-0.09999999999999998, 1.0], [-0.1, 1.0], [-0.09999999999999998, 1.0], [-0.1, 1.0], [-0.1, 1.0], [-3.6351241692909233, 9.745791327863362], [-0.9769183989499992, 1.1236269488575596], [-1.232885162758556, 1.3085866068205239], [-0.5118977523895822, 2.3173220832340404], [-1.417848309229576, 2.708801024456387], [-1.887530774696068, 2.172004748495182], [-1.4026371056557283, 6.11292947530571], [-0.6169950228232279, 1.7339332404925316], [-0.7856874150981881, 1.8474479577775016], [-0.527513004764509, 2.439110129645856], [-0.9436399543409113, 1.6427662427492618]], "mse": 0.5780325791009231, "vol": 1946438.1770127672, "inc": 1671, "msevvol": 2.969694007893124e-07, "msevinc": 0.00034592015505740463}, "2": {"beta": [-0.04527899384109839, -0.023033638197279733, -0.03609662691106699, -0.016988209198215105, -0.04131015871229674, 0.5504289514848938, 0.08387553161807611, -0.03388485489527049, 0.109472689278352, -0.013621883073483866, 0.016737645811441996, 0.0025987607507409844, -0.0343371030017251, 0.03970200705581355, 0.013638587864873061, -0.08221069287327737, -0.0115329243482676], "R": [[-0.09999999999999998, 1.0], [-0.1, 1.0], [-0.09999999999999998, 1.0], [-0.1, 1.0], [-0.1, 1.0], [-3.6351241692909233, 9.745791327863362], [-0.9769183989499992, 1.1236269488575596], [-1.232885162758556, 1.3085866068205239], [-0.5118977523895822, 2.3173220832340404], [-1.417848309229576, 1.8034711577191946], [-1.887530774696068, 2.172004748495182], [-1.4026371056557283, 3.3177207349514957], [-0.6169950228232279, 1.7339332404925316], [-0.7856874150981881, 1.3408208832023638], [-0.527513004764509, 2.439110129645856], [-0.9436399543409113, 1.6427662427492618]], "mse": 0.5674078406454204, "vol": 770697.4751150111, "inc": 1606, "msevvol": 7.362264169358361e-07, "msevinc": 0.0003533050066285307}}