{"0": {"beta": [0.021212858188532104, 0.061121491700608904, 0.01339344274848833, 0.04378188584489864, 0.14865693868336338, 0.5545257534814201, 0.09135273409657758, 0.14352399383859654, 0.15905681158222335, 0.06961602160499436, 0.09244628997418644, 0.01771436300702762, 0.003375634667944369, -0.31120141842299015, -0.1334179166881523, 0.08190342833054463, -0.4756540625729197], "R": [[-0.1, 1.1], [-0.1, 1.1], [-0.10000000000000002, 1.1], [-0.10000000000000002, 1.1], [-0.09999999999999998, 1.1], [-3.9918644005925885, 2.8860290079398645], [-1.0784111940537748, 1.0220651665449352], [0.1603688418623015, 2.6254058790138397], [-0.07489819370736361, 2.317941267123266], [-0.6117835868968557, 0.9986075867929096], [-1.7872194904270158, 1.3008344096959594], [-0.533266020016673, 6.1113898898974], [-0.7175431378773933, 0.5581186713268561], [-0.7862811582964232, 0.5807928967458698], [-0.5274526967944777, 2.4394401474107608], [-0.9437002178516671, 1.2288885645495407]], "mse": 0.4173530561412802, "vol": 78761.18092069162, "inc": 172, "msevvol": 5.298969000496994e-06, "msevinc": 0.00242647125663535}, "1": {"beta": [-0.09088569695488516, 0.032421896064100245, -0.043535108966117175, -0.07015297064520035, 0.013321781381514025, 0.526177586249516, 0.10602004716256977, -0.026458889972799344, 0.08611578166860395, 0.0005940910398614679, 0.01054944509646817, -0.0022312694467784737, -0.035124567037917026, 0.01591583701844527, 0.05293696715740213, -0.08681593640229882, 0.002325620764531154], "R": [[-0.1, 1.0], [-0.1, 1.0], [-0.10000000000000002, 1.0], [-0.10000000000000002, 1.0], [-0.09999999999999998, 1.0], [-1.5534562730350485, 1.3619918700789797], [-1.0784111940537748, 1.0220651665449352], [-0.4220656523615849, 2.6254058790138397], [-0.6957943253297627, 2.317941267123266], [-1.4169791737417383, 2.708998760482675], [-1.0152060153962723, 0.5288209346652153], [-1.3032255388300935, 6.1113898898974], [-0.7175431378773933, 3.3033577420364177], [-0.7862811582964232, 2.6081113848135384], [-0.5274526967944777, 2.4394401474107608], [-0.9437002178516671, 2.5724418339902657]], "mse": 0.410375845058868, "vol": 609193.7834001002, "inc": 703, "msevvol": 6.736376112842659e-07, "msevinc": 0.00058374942398132}, "2": {"beta": [-0.0900332035293541, 0.03982901821402681, -0.024995930459576564, -0.07083574527529644, 0.03433099657258014, 0.5326931728091034, 0.07802313610504517, -0.019949507918973652, 0.1464466219292605, -0.011586280210284444, 0.013863845009391943, 0.04010426307030168, -0.011641227361869, -0.009161469062381824, 0.04829886117086145, -0.07945947141361906, -0.0521578361996247], "R": [[-0.1, 1.0], [-0.1, 1.0], [-0.10000000000000002, 1.0], [-0.10000000000000002, 1.0], [-0.09999999999999998, 1.0], [-1.5534562730350485, 1.252633480034], [-1.0784111940537748, 1.0220651665449352], [-0.4220656523615849, 2.6254058790138397], [-0.1848042839864994, 2.317941267123266], [-1.5169791737417384, 2.708998760482675], [-1.0152060153962723, 0.5288209346652153], [-1.3032255388300935, 1.3916327770168782], [-0.7175431378773933, 3.3033577420364177], [-0.7862811582964232, 2.6081113848135384], [-0.5274526967944777, 2.4394401474107608], [-0.9437002178516671, 2.5724418339902657]], "mse": 0.39026384937950404, "vol": 181263.716745685, "inc": 481, "msevvol": 2.153016921345867e-06, "msevinc": 0.0008113593542193431}}