{"0": {"beta": [-0.05162476961598024, -0.0333693521147617, -0.06834041572491666, -0.01712401857656786, -0.06993881342018478, 0.5119608061887758, 0.07776570772948631, -0.017094585183036495, 0.12391394178967281, -0.011271293828823472, -0.004424134322922909, 0.03976919441652469, 0.049575409983676155, -0.04360743070183384, -0.0007192530283787615, -0.04260769300000065, 0.026098443231649587], "R": [[-0.1, 1.1], [-0.1, 1.1], [-0.1, 1.0], [-0.09999999999999998, 1.0], [-0.10000000000000003, 1.0], [-3.635124169290923, 1.6448237448886112], [-0.9769183989499992, 1.1236269488575596], [-0.7210609869405482, 2.626375163077166], [-0.8765863961732069, 2.3173220832340404], [-1.517848309229576, 2.708801024456387], [-1.8875307746960674, 1.300097643856932], [-1.4026371056557283, 1.0075418146478838], [-0.7169950228232279, 3.3032634050648815], [-0.7856874150981881, 1.0875073459147946], [-0.527513004764509, 2.439110129645856], [-0.9436399543409112, 2.571568308445986]], "mse": 0.6082039152821552, "vol": 579562.8689810653, "inc": 1411, "msevvol": 1.049418359653447e-06, "msevinc": 0.0004310445891439796}, "1": {"beta": [-0.059465758018306475, -0.0062329226615146826, -0.05001549954183963, -0.044955558380466, -0.005662824340267673, 0.5924583088065399, 0.1634360665588457, -0.11237630893234445, 0.11621278959325096, 0.053593476251684764, -0.01762113910513285, 0.05467585133483849, -0.0490509308964189, -0.04039844306742029, 0.024023020801646203, -0.058007642503376894, 0.13860228151411694], "R": [[-0.1, 1.0], [-0.1, 1.0], [-0.1, 1.0], [-0.09999999999999998, 1.0], [-0.10000000000000003, 1.0], [-3.635124169290923, 0.8175831547264396], [-0.9769183989499992, 1.1236269488575596], [-0.032745716012879456, 1.3615339353534233], [-0.5754253110339419, 2.3173220832340404], [-1.517848309229576, 0.9981412909820018], [-1.0156236700578178, 2.172004748495182], [-1.4026371056557283, 0.2374821745466797], [-0.7169950228232279, 3.3032634050648815], [-0.7856874150981881, 2.7073885696402087], [-0.527513004764509, 2.439110129645856], [-0.9436399543409112, 1.6427662427492615]], "mse": 0.4426025719608598, "vol": 86109.90668462431, "inc": 382, "msevvol": 5.1399727278985704e-06, "msevinc": 0.0011586454763373292}, "2": {"beta": [-0.0699747237073765, -0.010266322286307125, -0.05468651368977342, -0.03981909268871645, -0.0060329362379082565, 0.5865992738198813, 0.16769823199323006, -0.0918673898829634, 0.12347502808718631, 0.05414599418318679, -0.01464431174956741, 0.04922422202997676, -0.024460044576491754, -0.02047008865705986, 0.004062346329617665, -0.06771117511696755, 0.12429091362150799], "R": [[-0.1, 1.0], [-0.1, 1.0], [-0.1, 1.0], [-0.09999999999999998, 1.0], [-0.10000000000000003, 1.0], [-3.635124169290923, 0.8175831547264396], [-0.9769183989499992, 1.1236269488575596], [-0.032745716012879456, 1.3615339353534233], [-0.5754253110339419, 2.3173220832340404], [-1.517848309229576, 0.9981412909820018], [-1.0156236700578178, 2.172004748495182], [-1.4026371056557283, 0.2374821745466797], [-0.7169950228232279, 2.6155313392359414], [-0.7856874150981881, 2.7073885696402087], [-0.527513004764509, 2.439110129645856], [-0.9436399543409112, 1.6427662427492615]], "mse": 0.4430000217463726, "vol": 71379.37503478129, "inc": 373, "msevvol": 6.2062748732460936e-06, "msevinc": 0.0011876676186229828}}