{"0": {"beta": [-0.0386919453335458, 0.026622199878935035, 0.015321824803958245, 0.016762861457949866, -0.010741070804743113, 0.6056350330675996, 0.10756612702624087, -0.005087904037650229, 0.1212695989615535, -0.05240426033785468, 0.016538696562397575, 0.05006173370939477, 0.05079936526529145, -0.022488988720783816, -0.022629988109476317, -0.0744532591847319, -0.04650031096195797], "R": [[-0.09999999999999998, 1.0], [-0.1, 1.0], [-0.10000000000000003, 1.0], [-0.1, 1.0], [-0.1, 1.0], [-3.9918644005925885, 3.325789342376059], [-1.0784111940537748, 1.0220651665449352], [-1.3574907491454011, 0.8663500469821644], [-0.17748866747090497, 1.3723732686880963], [-1.4169791737417383, 0.9986075867929095], [-1.0152060153962723, 1.3008344096959592], [-1.3032255388300937, 1.006653017610168], [-0.7175431378773933, 3.3033577420364177], [-0.7862811582964232, 2.7081113848135385], [-0.5274526967944777, 2.3394401474107607], [-0.9437002178516671, 2.5724418339902657]], "mse": 0.5751072177721653, "vol": 156163.8971338532, "inc": 910, "msevvol": 3.682715584891059e-06, "msevinc": 0.000631985953595786}, "1": {"beta": [-0.0760946961412079, -0.045189727246803826, -0.058369816403944355, -0.042145991610627015, -0.05645965932076164, 0.5981528190431645, 0.11451517869179419, -0.002759516592625, 0.022274586607455817, 0.0034776775706620816, -0.001070815339183396, -0.0017396433015447795, 0.03968557782361543, 0.0007166972703638312, 0.03549372670256553, -0.12423148225657478, 0.02452515914119531], "R": [[-0.09999999999999998, 1.0], [-0.1, 1.0], [-0.10000000000000003, 1.0], [-0.1, 1.0], [-0.1, 1.0], [-3.9918644005925885, 3.325789342376059], [-1.0784111940537748, 1.0220651665449352], [-2.151719604905245, 1.0075462880061368], [-1.3059710821814554, 1.3723732686880963], [-0.6117835868968557, 0.9986075867929095], [-1.0152060153962723, 2.172847884726703], [-1.3032255388300937, 1.006653017610168], [-0.7175431378773933, 3.3033577420364177], [-0.7862811582964232, 2.7081113848135385], [-0.5274526967944777, 2.4394401474107608], [-0.9437002178516671, 0.3998530515890576]], "mse": 0.5283356289338729, "vol": 139124.51522053368, "inc": 1059, "msevvol": 3.7975739077787974e-06, "msevinc": 0.0004989004994654135}, "2": {"beta": [-0.07255800911147492, -0.03785030870067691, -0.06589927701600289, -0.05699383606040874, -0.05149393524544391, 0.5779198150059347, 0.11352007933461133, -0.003345217386761998, 0.08063327706133327, 0.0034872133894900538, -0.00879298770700174, 0.0024882760364329025, 0.05454971640004933, -0.022493632012218004, 0.044660758849924896, -0.10804708477030987, 0.010225839521672653], "R": [[-0.09999999999999998, 1.0], [-0.1, 1.0], [-0.10000000000000003, 1.0], [-0.1, 1.0], [-0.1, 1.0], [-3.9918644005925885, 3.325789342376059], [-1.0784111940537748, 1.0220651665449352], [-2.151719604905245, 1.0075462880061368], [-0.8378520498547474, 1.3723732686880963], [-0.6117835868968557, 0.9986075867929095], [-1.0152060153962723, 2.172847884726703], [-1.3032255388300937, 1.006653017610168], [-0.7175431378773933, 3.3033577420364177], [-0.7862811582964232, 2.7081113848135385], [-0.5274526967944777, 2.4394401474107608], [-0.9437002178516671, 0.3998530515890576]], "mse": 0.5295068305801032, "vol": 114808.43599165692, "inc": 920, "msevvol": 4.612089921846703e-06, "msevinc": 0.00057555090280446}}