{"0": {"beta": [0.056103831281087924, 0.07753263573169403, 0.0744580473319331, 0.08728655850736748, 0.09925044308232063, 0.49475601779301726, -0.017948940591230048, -0.03876439807324367, 0.09053791442383297, 0.006225312388032724, -0.008243887419135969, -0.010209973611567311, 0.01725646589224303, -0.05532146242074008, 0.003970169845872565, -0.035675710788412154, -0.0826725989776822], "R": [[-0.09999999999999998, 1.0], [-0.1, 1.1], [-0.09999999999999998, 1.0], [-0.10000000000000003, 1.1], [-0.1, 1.1], [-2.679562738466629, 7.308664912350221], [-1.076292805095683, 1.0242828737245417], [-2.2510396912444732, 2.6261580138030496], [-1.9155485228682068, 1.3513906088223067], [-1.4180186531120405, 2.709040126011043], [-1.8879968750577951, 2.172291814934038], [-1.3028577002652835, 6.115344285810739], [-0.7168216464527583, 3.304913477522386], [-0.7857143967286861, 0.5808672079238035], [-0.5275743359844131, 2.3387746079232747], [-0.9437099428352796, 1.6422339465388314]], "mse": 0.7493043989066979, "vol": 3539653.0087435315, "inc": 2362, "msevvol": 2.1168865904533338e-07, "msevinc": 0.00031723302239911}, "1": {"beta": [0.07423557685637863, 0.087617631104239, 0.09781072879140158, 0.0838572931237521, 0.10562797776028732, 0.5182048624848969, -0.013329175588821381, -0.03164039446496476, 0.05767673119616949, -0.004882701362578179, 0.0014984758366395593, -0.011861107160505745, -0.0009406401335761383, 0.01154165094094529, 0.004331818368862327, -0.04448058414794225, -0.07785489859629094], "R": [[-0.09999999999999998, 1.1], [-0.1, 1.1], [-0.09999999999999998, 1.1], [-0.10000000000000003, 1.1], [-0.1, 1.1], [-2.679562738466629, 7.308664912350221], [-0.976292805095683, 1.0242828737245417], [-2.2510396912444732, 2.6261580138030496], [-2.4821366099920725, 2.31791943291289], [-1.5180186531120405, 2.709040126011043], [-1.8879968750577951, 2.172291814934038], [-1.4028577002652836, 6.115344285810739], [-0.7168216464527583, 3.304913477522386], [-0.7857143967286861, 2.7073977753677876], [-0.5275743359844131, 2.438774607923275], [-0.9437099428352796, 2.570881909663535]], "mse": 0.7370460444033127, "vol": 21998782.064252328, "inc": 3639, "msevvol": 3.350394772995187e-08, "msevinc": 0.00020254082011632665}, "2": {"beta": null, "R": null, "mse": -1, "vol": -1, "inc": -1, "msevvol": -1, "msevinc": -1}}