{"0": {"beta": [0.029985164877239786, 0.08212184235906385, 0.0020119665521533994, 0.055196264035922156, 0.06928385010643966, 0.49169626575124686, 0.0019564470920005457, -0.006707209818109026, 0.10625575049203029, -0.010117318716938316, -0.015459004432418513, -0.003545388054331591, 0.015498109020152088, 0.009769060477684636, -0.008201560617365416, 0.058794413571752364, 0.037161514323222324], "R": [[-0.1, 1.1], [-0.10000000000000003, 1.0], [-0.09999999999999998, 1.1], [-0.1, 1.1], [-0.1, 1.1], [-2.679562738466629, 1.5678010233326334], [-0.976292805095683, 1.1242828737245418], [-2.2510396912444732, 0.4434812998573595], [-1.0075051405338946, 1.5162960411758761], [-1.5180186531120405, 0.9982166143618095], [-1.8879968750577951, 0.5281763389373046], [-1.4028577002652836, 6.115344285810739], [-0.7168216464527583, 3.304913477522386], [-0.7857143967286861, 2.7073977753677876], [-0.5275743359844131, 2.438774607923275], [-0.9437099428352796, 0.39926200185177585]], "mse": 0.6310602477006985, "vol": 354014.16845524166, "inc": 675, "msevvol": 1.7825847209854935e-06, "msevinc": 0.0009349040706677015}, "1": {"beta": [0.06027466581724286, 0.12890290636759874, 0.10133735534938959, 0.14274979873353055, 0.13042799802478802, 0.47824224565995344, -0.016096898593526834, -0.05364028615205424, 0.09037868913537657, 0.004966524229234841, 0.024961268272313458, -0.027253799878906124, -0.00653589175202551, -0.004519182073847035, -0.004591242471783477, -0.005754442661186801, -0.06416890575876502], "R": [[-0.1, 1.0], [-0.10000000000000003, 1.0], [-0.09999999999999998, 1.0], [-0.1, 1.0], [-0.1, 1.0], [-1.2657317994850936, 0.7480603520022739], [-0.976292805095683, 1.1242828737245418], [-1.515646795464433, 0.7082283397657109], [-2.4821366099920725, 2.31791943291289], [-1.4180186531120405, 0.9982166143618095], [-1.787996875057795, 0.5281763389373046], [-0.5325206490993863, 2.5488275555642024], [-0.7168216464527583, 3.204913477522386], [-0.7857143967286861, 2.6073977753677875], [-0.5275743359844131, 2.438774607923275], [-0.9437099428352796, 2.5708819096635356]], "mse": 0.6598133877375398, "vol": 173979.3692163649, "inc": 697, "msevvol": 3.792480629798009e-06, "msevinc": 0.0009466476151184216}, "2": {"beta": [0.08865471513591479, 0.16220258596665438, 0.12398815455311722, 0.13224445624459324, 0.11978493752475183, 0.4470054765614014, -0.014718904370592624, -0.04287300586779343, 0.07472562112969436, 0.013013653789322276, 0.009360777992759306, -0.0022832829618492085, -0.06262650418070806, -0.027012272975002895, 0.005361105997644375, 0.02457272132158066, -0.10541094920379723], "R": [[-0.1, 1.0], [-0.10000000000000003, 1.0], [-0.09999999999999998, 1.0], [-0.1, 1.0], [-0.1, 1.0], [-1.2657317994850936, 0.7480603520022739], [-0.976292805095683, 1.1242828737245418], [-1.515646795464433, 0.567029918481257], [-1.8822313366367174, 2.31791943291289], [-1.4180186531120405, 0.9982166143618095], [-1.787996875057795, 0.5281763389373046], [-0.5325206490993863, 1.3933219788153568], [-0.7168216464527583, 1.7350153529165615], [-0.7857143967286861, 2.7073977753677876], [-0.5275743359844131, 2.3387746079232747], [-0.9437099428352796, 2.056557928101183]], "mse": 0.6631658098152027, "vol": 47307.21814359668, "inc": 570, "msevvol": 1.4018279574212636e-05, "msevinc": 0.0011634487891494785}}