{"0": {"beta": [-0.04275058403182118, -0.031995207300021325, -0.028494041373830725, -0.026023370506682374, -0.03610135588492355, 0.5843741130739751, 0.08249241558721239, -0.005934572823623959, 0.0846862813997782, -0.008978903345352821, 0.013910844707364442, 0.008328956102018333, -0.019485474577488324, 0.02321809331071587, 0.01120474128451386, -0.05455516096075167, 0.03315203859577006], "R": [[-0.09999999999999998, 1.1], [-0.1, 1.1], [-0.09999999999999998, 1.1], [-0.1, 1.0], [-0.1, 1.0], [-3.6351241692909233, 9.745791327863362], [-0.9769183989499992, 1.1236269488575596], [-1.9741477622191208, 2.626375163077166], [-1.1848673210259917, 2.3173220832340404], [-1.517848309229576, 2.708801024456387], [-1.887530774696068, 2.172004748495182], [-1.4026371056557283, 6.11292947530571], [-0.7169950228232278, 3.3032634050648815], [-0.6856874150981881, 2.7073885696402087], [-0.527513004764509, 2.439110129645856], [-0.9436399543409113, 1.6427662427492618]], "mse": 0.6444850065073551, "vol": 12780115.698720377, "inc": 2024, "msevvol": 5.042873020092336e-08, "msevinc": 0.0003184214459028434}, "1": {"beta": [-0.04527899384109126, -0.02303363819727269, -0.03609662691106003, -0.01698820919820803, -0.04131015871228972, 0.550428951484895, 0.08387553161807347, -0.03388485489527089, 0.10947268927835259, -0.013621883073483599, 0.01673764581144178, 0.0025987607507413366, -0.03433710300172478, 0.03970200705581624, 0.013638587864876053, -0.08221069287328163, -0.011532924348274536], "R": [[-0.09999999999999998, 1.0], [-0.1, 1.0], [-0.09999999999999998, 1.0], [-0.1, 1.0], [-0.1, 1.0], [-3.6351241692909233, 9.745791327863362], [-0.9769183989499992, 1.1236269488575596], [-1.232885162758556, 1.3085866068205239], [-0.5118977523895822, 2.3173220832340404], [-1.417848309229576, 1.8034711577191946], [-1.887530774696068, 2.172004748495182], [-1.4026371056557283, 3.3177207349514957], [-0.6169950228232279, 1.7339332404925316], [-0.7856874150981881, 1.3408208832023638], [-0.527513004764509, 2.439110129645856], [-0.9436399543409113, 1.6427662427492618]], "mse": 0.6217397773154287, "vol": 770697.4751150111, "inc": 1046, "msevvol": 8.067235165427869e-07, "msevinc": 0.0005943974926533736}, "2": {"beta": [-0.04527899384109126, -0.02303363819727269, -0.03609662691106003, -0.01698820919820803, -0.04131015871228972, 0.550428951484895, 0.08387553161807347, -0.03388485489527089, 0.10947268927835259, -0.013621883073483599, 0.01673764581144178, 0.0025987607507413366, -0.03433710300172478, 0.03970200705581624, 0.013638587864876053, -0.08221069287328163, -0.011532924348274536], "R": [[-0.09999999999999998, 1.0], [-0.1, 1.0], [-0.09999999999999998, 1.0], [-0.1, 1.0], [-0.1, 1.0], [-3.6351241692909233, 9.745791327863362], [-0.9769183989499992, 1.1236269488575596], [-1.232885162758556, 1.3085866068205239], [-0.5118977523895822, 2.3173220832340404], [-1.417848309229576, 1.8034711577191946], [-1.887530774696068, 2.172004748495182], [-1.4026371056557283, 3.3177207349514957], [-0.6169950228232279, 1.7339332404925316], [-0.7856874150981881, 1.3408208832023638], [-0.527513004764509, 2.439110129645856], [-0.9436399543409113, 1.6427662427492618]], "mse": 0.6217397773154287, "vol": 770697.4751150111, "inc": 1046, "msevvol": 8.067235165427869e-07, "msevinc": 0.0005943974926533736}}