{"0": {"beta": [-0.05323564037156777, -0.07439230088427547, -0.036898187111674495, -0.08043760623320304, -0.10062608933206342, 0.6229785280271644, 0.08539231289322508, 0.005772573799117264, 0.08452253683090237, -0.006402444169545292, 0.017075156848513018, -0.003198084182371029, 0.0035359042887557657, 0.0004632064426377057, 0.03936729212655646, -0.05135597671912597, 0.06681560018296366], "R": [[-0.1, 1.1], [-0.1, 1.1], [-0.1, 1.1], [-0.1, 1.1], [-0.09999999999999998, 1.1], [-3.6351241692909233, 9.745791327863362], [-1.0769183989499993, 1.1236269488575596], [-2.2506388573287786, 2.626375163077166], [-2.482619941225386, 2.3173220832340404], [-1.517848309229576, 2.708801024456387], [-1.8875307746960677, 2.172004748495182], [-1.4026371056557283, 6.11292947530571], [-0.6169950228232279, 3.3032634050648815], [-0.685687415098188, 2.7073885696402087], [-0.42751300476450904, 2.439110129645856], [-0.9436399543409113, 2.571568308445986]], "mse": 0.5792608800892508, "vol": 29646717.28088393, "inc": 1720, "msevvol": 1.9538786524022867e-08, "msevinc": 0.0003367795814472388}, "1": {"beta": [-0.3295978637705257, -0.2924717162221381, -0.3624635830431404, -0.1247404859244947, -0.10957722902997646, 0.564345447771748, 0.1192431847598782, -0.14995528307029168, 0.13026457621026732, -0.09684471556936755, 0.054356163061563254, -0.04103177021554593, 0.014261474069746283, 0.09330420022854048, 0.08200734198762072, -0.020784617113507105, -0.14925151634905917], "R": [[-0.1, 1.0], [-0.1, 1.0], [-0.1, 1.1], [-0.1, 1.1], [-0.09999999999999998, 1.0], [-3.6351241692909233, 9.745791327863362], [-0.9769183989499993, 1.1236269488575596], [-2.2506388573287786, 1.5909723589959774], [-1.001556485458579, 1.8558893030253367], [-0.6125184424923833, 1.8034711577191944], [-1.0156236700578178, 2.072004748495182], [-1.4026371056557283, 2.5476610948502914], [1.1462011746635918, 3.3032634050648815], [1.3408208832023638, 2.7073885696402087], [-0.42751300476450904, 2.439110129645856], [-0.9436399543409113, 2.571568308445986]], "mse": 0.7436185374265014, "vol": 517625.07021555153, "inc": 90, "msevvol": 1.436596834687394e-06, "msevinc": 0.008262428193627793}, "2": {"beta": [-0.3295978637705257, -0.2924717162221381, -0.3624635830431404, -0.1247404859244947, -0.10957722902997646, 0.564345447771748, 0.1192431847598782, -0.14995528307029168, 0.13026457621026732, -0.09684471556936755, 0.054356163061563254, -0.04103177021554593, 0.014261474069746283, 0.09330420022854048, 0.08200734198762072, -0.020784617113507105, -0.14925151634905917], "R": [[-0.1, 1.0], [-0.1, 1.0], [-0.1, 1.1], [-0.1, 1.1], [-0.09999999999999998, 1.0], [-3.6351241692909233, 9.745791327863362], [-0.9769183989499993, 1.1236269488575596], [-2.2506388573287786, 1.5909723589959774], [-1.001556485458579, 1.8558893030253367], [-0.6125184424923833, 1.8034711577191944], [-1.0156236700578178, 2.072004748495182], [-1.4026371056557283, 2.5476610948502914], [1.1462011746635918, 3.3032634050648815], [1.3408208832023638, 2.7073885696402087], [-0.42751300476450904, 2.439110129645856], [-0.9436399543409113, 2.571568308445986]], "mse": 0.7436185374265014, "vol": 517625.07021555153, "inc": 90, "msevvol": 1.436596834687394e-06, "msevinc": 0.008262428193627793}}