{"0": {"beta": [0.10220110530121211, 0.06547118652835306, 0.06674062242628077, 0.08011212966923188, 0.08676051953197714, 0.4526035491819376, -0.02739524860707274, -0.09332261223736787, -0.06529167113411885, -0.011805872672374148, -0.01687735994590338, 0.02287411268520768, 0.09262177682930202, 0.05463680443357912, -0.029045154237018103, -0.03545669233880206, -0.012216131403839961], "R": [[-0.09999999999999998, 1.0], [-0.09999999999999998, 1.0], [-0.09999999999999998, 1.0], [-0.1, 1.0], [-0.1, 1.0], [-2.679562738466629, 1.4817095373025042], [-1.076292805095683, 1.024282873724542], [-2.2510396912444732, 0.0375358386645579], [-0.24681874362464895, 2.31791943291289], [-1.4180186531120405, 2.709040126011043], [-1.787996875057795, 1.3002340769356713], [-1.3028577002652835, 6.115344285810739], [-0.7168216464527583, 3.304913477522386], [-0.7857143967286861, 2.1007651335067914], [-0.5275743359844131, 2.3387746079232747], [-0.9437099428352796, 2.5708819096635356]], "mse": 0.6379453599462254, "vol": 913631.7036282303, "inc": 713, "msevvol": 6.982522141173577e-07, "msevinc": 0.0008947340251700216}, "1": {"beta": [0.13399634265470714, 0.19408666009692419, 0.07731779707439373, 0.07925927230062879, 0.17079301228677463, 0.4739126742770229, 0.012949449292804652, -0.011626723319837003, 0.019295673570325057, -0.047921628136116716, 0.045022849325598704, -0.03140832915592023, 0.03505038869264368, -0.03566379646882757, -0.07250387887110085, 0.03778753025829074, -0.12099215787115378], "R": [[-0.09999999999999998, 1.0], [-0.09999999999999998, 1.0], [-0.09999999999999998, 1.0], [-0.1, 1.0], [-0.1, 1.0], [-1.3106490965442914, 7.308664912350221], [-1.076292805095683, 1.024282873724542], [-2.151039691244473, -0.3331100172071344], [-2.4821366099920725, 2.31791943291289], [-1.4180186531120405, 0.9982166143618095], [-1.0159391370594286, 0.5281763389373046], [-1.4028577002652836, 0.6229849276494595], [-0.7168216464527583, 3.304913477522386], [-0.7857143967286861, 2.7073977753677876], [-0.5275743359844131, 2.438774607923275], [-0.9437099428352796, 0.8135859834141277]], "mse": 0.7567821420070602, "vol": 140836.64929273052, "inc": 500, "msevvol": 5.373474488405928e-06, "msevinc": 0.0015135642840141204}, "2": {"beta": [0.14208927554146888, 0.21238651250265636, 0.11688970886224909, 0.0907409010871138, 0.19947465281058002, 0.4587052870595554, -0.004574469670054578, -0.05380941142512714, 0.008485693575319572, -0.05035517686550582, 0.06026146308515113, -0.032811883739757755, 0.06146707918471983, -0.0456577691173612, -0.118675124271385, 0.040650751212320646, -0.18296389868439233], "R": [[-0.09999999999999998, 1.0], [-0.09999999999999998, 1.0], [-0.09999999999999998, 1.0], [-0.1, 1.0], [-0.1, 1.0], [-1.3106490965442914, 7.308664912350221], [-1.076292805095683, 1.024282873724542], [-2.151039691244473, -0.3331100172071344], [-0.9934178623585472, 2.31791943291289], [-1.4180186531120405, 0.9982166143618095], [-1.0159391370594286, 0.5281763389373046], [-1.4028577002652836, 0.6229849276494595], [-0.7168216464527583, 3.304913477522386], [-0.7857143967286861, 2.7073977753677876], [-0.5275743359844131, 2.438774607923275], [-0.9437099428352796, 0.8135859834141277]], "mse": 0.7622121168667132, "vol": 97156.70924997066, "inc": 446, "msevvol": 7.845182517510425e-06, "msevinc": 0.0017089957777280565}}