{"0": {"beta": [-0.07354824934324133, 0.0028039015550381553, -0.045671285921041624, -0.05758663650048321, -0.08194966791800806, 0.5493123613347222, 0.10455926255452475, -0.005333400340378482, 0.13037234105450618, -0.00813166452918644, -0.01042086966665481, -0.013576315833421497, 0.0010985739902370352, -0.010216907552087462, 0.03896873155850189, -0.07862953077160864, 0.029200775608073774], "R": [[-0.09999999999999998, 1.1], [-0.10000000000000003, 1.1], [-0.1, 1.1], [-0.10000000000000003, 1.1], [-0.1, 1.1], [-3.6351241692909233, 1.5608071224502655], [-0.9769183989499993, 1.1236269488575596], [-0.36807879672122956, 2.626375163077166], [-0.2797704059897801, 2.3173220832340404], [-1.517848309229576, 2.708801024456387], [-1.8875307746960677, 2.172004748495182], [-1.4026371056557283, 6.11292947530571], [-0.7169950228232279, 3.3032634050648815], [-0.7856874150981881, 2.7073885696402087], [-0.527513004764509, 2.439110129645856], [-0.9436399543409112, 2.571568308445986]], "mse": 0.5874913419763862, "vol": 3988563.237079227, "inc": 810, "msevvol": 1.4729397706794252e-07, "msevinc": 0.0007252979530572669}, "1": {"beta": [0.08564586176527239, 0.0887943335631002, -0.04212022380981459, 0.30321593087989496, 0.2676750485604796, 0.4498653558178481, 0.05113193045882316, 0.14601852650146302, -0.0028038935144823847, -0.00514566835823778, -0.09463429769443121, 0.05984021057269664, 0.10328629494898264, 0.22298527846693034, -0.10412269453904506, -0.1966486292904799, -0.20695949588247603], "R": [[-0.09999999999999998, 1.0], [-0.10000000000000003, 1.0], [-0.1, 1.0], [-0.10000000000000003, 1.0], [-0.1, 1.0], [-1.1244933870214706, 9.745791327863362], [-0.9769183989499993, 1.1236269488575596], [0.5496748978489934, 2.626375163077166], [0.5220041433880109, 2.3173220832340404], [-1.517848309229576, 0.19281142424480913], [-1.7875307746960676, 0.5281905392186821], [-1.4026371056557283, 1.0075418146478838], [-0.7169950228232279, 3.3032634050648815], [-0.7856874150981881, 1.3408208832023638], [-0.527513004764509, 2.439110129645856], [-0.9436399543409112, 1.2283652099008997]], "mse": 0.6968154061853239, "vol": 72109.93279923438, "inc": 73, "msevvol": 9.66323749219639e-06, "msevinc": 0.009545416523086629}, "2": {"beta": [0.08564586176527239, 0.0887943335631002, -0.04212022380981459, 0.30321593087989496, 0.2676750485604796, 0.4498653558178481, 0.05113193045882316, 0.14601852650146302, -0.0028038935144823847, -0.00514566835823778, -0.09463429769443121, 0.05984021057269664, 0.10328629494898264, 0.22298527846693034, -0.10412269453904506, -0.1966486292904799, -0.20695949588247603], "R": [[-0.09999999999999998, 1.0], [-0.10000000000000003, 1.0], [-0.1, 1.0], [-0.10000000000000003, 1.0], [-0.1, 1.0], [-1.1244933870214706, 3.9585122704984346], [-0.9769183989499993, 1.1236269488575596], [0.5496748978489934, 2.626375163077166], [0.5220041433880109, 2.3173220832340404], [-1.517848309229576, 0.19281142424480913], [-1.7875307746960676, 0.5281905392186821], [-1.4026371056557283, 1.0075418146478838], [-0.7169950228232279, 3.3032634050648815], [-0.7856874150981881, 1.3408208832023638], [-0.527513004764509, 2.439110129645856], [-0.9436399543409112, 1.2283652099008997]], "mse": 0.6963027626864713, "vol": 33719.006079020815, "inc": 72, "msevvol": 2.065015680043116e-05, "msevinc": 0.009670871703978769}}