{"0": {"beta": [-0.037000412012349, 0.0442316910395284, 0.01656004022026688, 0.045378526413366184, 0.08306730067222502, 0.47701314003593503, 0.09440899239476938, 0.004409592089243442, 0.05102460798792981, 0.014718195941440793, -0.05285416058289228, 0.10038147080176452, 0.00884068491269574, -0.01625516463697022, -0.0454745120937122, -0.11000355557426267, -0.03914373846499151], "R": [[-0.09999999999999998, 1.1], [-0.10000000000000003, 1.0], [-0.1, 1.0], [-0.10000000000000003, 1.0], [-0.1, 1.1], [-3.6351241692909233, 1.7579230443248455], [-0.9769183989499993, 1.1236269488575596], [0.037850722030985606, 2.626375163077166], [-0.07950978223734584, 2.3173220832340404], [-1.517848309229576, 0.9981412909820018], [-1.8875307746960677, 0.5281905392186821], [-1.3026371056557282, 1.0075418146478838], [-0.7169950228232279, 2.6155313392359414], [-0.7856874150981881, 0.8341938086272258], [-0.527513004764509, 2.439110129645856], [-0.9436399543409112, 1.2283652099008997]], "mse": 0.7128630094753374, "vol": 65792.73779056847, "inc": 299, "msevvol": 1.083498017280454e-05, "msevinc": 0.0023841572223255434}, "1": {"beta": [0.08564586176527239, 0.0887943335631002, -0.04212022380981459, 0.30321593087989496, 0.2676750485604796, 0.4498653558178481, 0.05113193045882316, 0.14601852650146302, -0.0028038935144823847, -0.00514566835823778, -0.09463429769443121, 0.05984021057269664, 0.10328629494898264, 0.22298527846693034, -0.10412269453904506, -0.1966486292904799, -0.20695949588247603], "R": [[-0.09999999999999998, 1.0], [-0.10000000000000003, 1.0], [-0.1, 1.0], [-0.10000000000000003, 1.0], [-0.1, 1.0], [-1.1244933870214706, 9.745791327863362], [-0.9769183989499993, 1.1236269488575596], [0.5496748978489934, 2.626375163077166], [0.5220041433880109, 2.3173220832340404], [-1.517848309229576, 0.19281142424480913], [-1.7875307746960676, 0.5281905392186821], [-1.4026371056557283, 1.0075418146478838], [-0.7169950228232279, 3.3032634050648815], [-0.7856874150981881, 1.3408208832023638], [-0.527513004764509, 2.439110129645856], [-0.9436399543409112, 1.2283652099008997]], "mse": 0.6968154061853239, "vol": 72109.93279923438, "inc": 73, "msevvol": 9.66323749219639e-06, "msevinc": 0.009545416523086629}, "2": {"beta": [0.08564586176527239, 0.0887943335631002, -0.04212022380981459, 0.30321593087989496, 0.2676750485604796, 0.4498653558178481, 0.05113193045882316, 0.14601852650146302, -0.0028038935144823847, -0.00514566835823778, -0.09463429769443121, 0.05984021057269664, 0.10328629494898264, 0.22298527846693034, -0.10412269453904506, -0.1966486292904799, -0.20695949588247603], "R": [[-0.09999999999999998, 1.0], [-0.10000000000000003, 1.0], [-0.1, 1.0], [-0.10000000000000003, 1.0], [-0.1, 1.0], [-1.1244933870214706, 3.9585122704984346], [-0.9769183989499993, 1.1236269488575596], [0.5496748978489934, 2.626375163077166], [0.5220041433880109, 2.3173220832340404], [-1.517848309229576, 0.19281142424480913], [-1.7875307746960676, 0.5281905392186821], [-1.4026371056557283, 1.0075418146478838], [-0.7169950228232279, 3.3032634050648815], [-0.7856874150981881, 1.3408208832023638], [-0.527513004764509, 2.439110129645856], [-0.9436399543409112, 1.2283652099008997]], "mse": 0.6963027626864713, "vol": 33719.006079020815, "inc": 72, "msevvol": 2.065015680043116e-05, "msevinc": 0.009670871703978769}}