{"0": {"beta": [0.06011003139249966, -0.03198460692627433, 0.01363928941744258, 0.030931088107056328, 0.07262514298635254, 0.47799901719806437, -0.018932316904526868, 0.003437292101929301, -0.0024712564123595096, -0.020639487745826558, 0.04851011961981778, -0.012160139733222252, 0.02117633938775481, -0.03359009140896033, -0.03519934861168662, 0.013521734138414163, 0.013652755662346966], "R": [[-0.09999999999999998, 1.0], [-0.1, 1.0], [-0.09999999999999998, 1.0], [-0.10000000000000003, 1.1], [-0.1, 1.0], [-2.679562738466629, 0.7181154872961418], [-1.076292805095683, 1.0242828737245417], [-1.3391487688588668, 0.0375358386645579], [-0.48785767359467247, 2.31791943291289], [-1.4180186531120405, 0.9982166143618096], [-1.0159391370594286, 1.3002340769356713], [-0.9176891746823349, 6.115344285810739], [-0.7168216464527583, 3.304913477522386], [-0.7857143967286861, 2.7073977753677876], [-0.5275743359844131, 2.438774607923275], [-0.9437099428352796, 1.6422339465388314]], "mse": 0.575394034953908, "vol": 205437.8487875392, "inc": 653, "msevvol": 2.800818049594026e-06, "msevinc": 0.0008811547242785727}, "1": {"beta": [0.07423557685637863, 0.087617631104239, 0.09781072879140158, 0.0838572931237521, 0.10562797776028732, 0.5182048624848969, -0.013329175588821381, -0.03164039446496476, 0.05767673119616949, -0.004882701362578179, 0.0014984758366395593, -0.011861107160505745, -0.0009406401335761383, 0.01154165094094529, 0.004331818368862327, -0.04448058414794225, -0.07785489859629094], "R": [[-0.09999999999999998, 1.1], [-0.1, 1.1], [-0.09999999999999998, 1.1], [-0.10000000000000003, 1.1], [-0.1, 1.1], [-2.679562738466629, 7.308664912350221], [-0.976292805095683, 1.0242828737245417], [-2.2510396912444732, 2.6261580138030496], [-2.4821366099920725, 2.31791943291289], [-1.5180186531120405, 2.709040126011043], [-1.8879968750577951, 2.172291814934038], [-1.4028577002652836, 6.115344285810739], [-0.7168216464527583, 3.304913477522386], [-0.7857143967286861, 2.7073977753677876], [-0.5275743359844131, 2.438774607923275], [-0.9437099428352796, 2.570881909663535]], "mse": 0.7370460444033127, "vol": 21998782.064252328, "inc": 3639, "msevvol": 3.350394772995187e-08, "msevinc": 0.00020254082011632665}, "2": {"beta": null, "R": null, "mse": -1, "vol": -1, "inc": -1, "msevvol": -1, "msevinc": -1}}