{"0": {"beta": [-0.1113970113897742, -0.06703030641404964, -0.02517919880372539, -0.05205313759257002, -0.11904422285640036, 0.5565665270297047, 0.07785481623631152, -0.10181506309616667, 0.09363072143765283, -0.0018416484295321626, -0.01556509595218746, 0.03969173147861894, 0.04518173943421142, -0.043283065412424326, 0.018732562174309433, -0.06411272459691028, 0.18651585881867155], "R": [[-0.1, 1.0], [-0.1, 1.0], [-0.1, 1.0], [-0.09999999999999998, 1.0], [-0.10000000000000003, 1.0], [-3.635124169290923, 0.42335131097727985], [-0.9769183989499992, 1.1236269488575596], [-0.032745716012879456, 2.626375163077166], [-2.482619941225386, 1.4911950988347822], [-1.517848309229576, 0.9981412909820018], [-1.0156236700578178, 2.172004748495182], [-1.4026371056557283, 1.0075418146478838], [-0.7169950228232279, 3.3032634050648815], [-0.7856874150981881, 1.8474479577775016], [-0.527513004764509, 2.339110129645856], [-0.9436399543409112, 2.571568308445986]], "mse": 0.5948427030368914, "vol": 299142.95462740667, "inc": 783, "msevvol": 1.988489763289894e-06, "msevinc": 0.0007596969387444335}, "1": {"beta": [-0.0795150080124615, -0.02192668778382962, -0.02784523066808247, -0.055061005374058405, -0.010678662568107027, 0.4786870642347812, 0.11649662195549679, -0.17498979610620333, 0.07733353800989497, 0.0354470172206943, -0.02922055982527839, 0.06316794114750918, -0.04336193749807415, 0.04372261591798432, 0.056018869113832935, -0.12570189036025733, 0.15968590553068832], "R": [[-0.1, 1.0], [-0.1, 1.0], [-0.1, 1.0], [-0.09999999999999998, 1.0], [-0.10000000000000003, 1.0], [-3.635124169290923, 1.7579230443248457], [-0.9769183989499992, 1.1236269488575596], [-0.032745716012879456, 1.3615339353534233], [-0.5754253110339419, 2.3173220832340404], [-1.517848309229576, 0.9981412909820018], [-1.0156236700578178, 2.172004748495182], [-1.4026371056557283, 0.2374821745466797], [-0.7169950228232279, 3.3032634050648815], [-0.7856874150981881, 2.7073885696402087], [-0.527513004764509, 2.439110129645856], [-0.9436399543409112, 2.571568308445986]], "mse": 0.5435716822430359, "vol": 141748.18908776983, "inc": 462, "msevvol": 3.83476985308404e-06, "msevinc": 0.0011765620827771338}, "2": {"beta": [-0.06997472370738145, -0.010266322286312426, -0.054686513689778705, -0.039819092688721365, -0.0060329362379134424, 0.5865992738198824, 0.1676982319932309, -0.09186738988296454, 0.12347502808718526, 0.05414599418318613, -0.014644311749567478, 0.04922422202997673, -0.02446004457649273, -0.020470088657058017, 0.004062346329621552, -0.0677111751169704, 0.12429091362151513], "R": [[-0.1, 1.0], [-0.1, 1.0], [-0.1, 1.0], [-0.09999999999999998, 1.0], [-0.10000000000000003, 1.0], [-3.635124169290923, 0.8175831547264396], [-0.9769183989499992, 1.1236269488575596], [-0.032745716012879456, 1.3615339353534233], [-0.5754253110339419, 2.3173220832340404], [-1.517848309229576, 0.9981412909820018], [-1.0156236700578178, 2.172004748495182], [-1.4026371056557283, 0.2374821745466797], [-0.7169950228232279, 2.6155313392359414], [-0.7856874150981881, 2.7073885696402087], [-0.527513004764509, 2.439110129645856], [-0.9436399543409112, 1.6427662427492615]], "mse": 0.44300002174637243, "vol": 71379.37503478129, "inc": 373, "msevvol": 6.206274873246091e-06, "msevinc": 0.0011876676186229824}}