{"0": {"beta": [0.053273157564666725, 0.13739405353354883, 0.037790643246055924, 0.09362009924380976, 0.09515521189877632, 0.6076476448280804, 0.07260013928845901, -0.014814170079976681, 0.14376756546549038, -0.03967994349795282, 0.04461442008399794, 0.04473150039148602, 0.04267336849538506, -0.16951242642906564, 0.128911130938337, 0.048680627420981906, -0.06876034709994054], "R": [[-0.1, 1.1], [-0.1, 1.1], [-0.10000000000000002, 1.1], [-0.10000000000000002, 1.1], [-0.09999999999999998, 1.1], [-2.0513859638781464, 0.8687157277484342], [-1.0784111940537748, 1.0220651665449352], [0.26626602263028176, 2.6254058790138397], [-0.861611353115713, 1.8340220629570074], [-1.5169791737417384, 2.708998760482675], [-1.7872194904270158, 2.172847884726703], [-0.9182457794233834, 1.3916327770168782], [-0.7175431378773933, 0.5581186713268561], [-0.7862811582964232, 0.8342077077543284], [-0.5274526967944777, 2.4394401474107608], [-0.9437002178516671, 1.2288885645495407]], "mse": 0.5855007297273847, "vol": 49993.83700241567, "inc": 401, "msevvol": 1.1711458148313234e-05, "msevinc": 0.0014601015703924803}, "1": {"beta": [-0.08951212856808516, -0.00613822261295138, -0.0792711165140984, -0.07971735069434259, -0.004771765411450783, 0.5545273711956221, 0.1250034092488196, -0.015226384137574977, 0.07083478800151824, -0.038899697480843584, 0.029156367349320318, -0.004062336483320734, -0.004014352833806323, -0.01808610765687199, 0.012727342607045899, -0.06269989900836155, 0.029371059636722846], "R": [[-0.1, 1.0], [-0.1, 1.0], [-0.10000000000000002, 1.0], [-0.10000000000000002, 1.0], [-0.09999999999999998, 1.0], [-1.5534562730350485, 1.848287689640697], [-1.0784111940537748, 1.0220651665449352], [-2.2517196049052446, 2.6254058790138397], [-0.7632400651134379, 2.317941267123266], [-1.5169791737417384, 2.708998760482675], [-1.0152060153962723, 0.5288209346652153], [-1.4032255388300936, 6.1113898898974], [-0.7175431378773933, 3.3033577420364177], [-0.7862811582964232, 2.6081113848135384], [-0.5274526967944777, 2.4394401474107608], [-0.9437002178516671, 2.5724418339902657]], "mse": 0.5595503332134185, "vol": 1207276.0942636488, "inc": 1866, "msevvol": 4.634816641132149e-07, "msevinc": 0.0002998662021508138}, "2": {"beta": [-0.0900332035293541, 0.03982901821402681, -0.024995930459576564, -0.07083574527529644, 0.03433099657258014, 0.5326931728091034, 0.07802313610504517, -0.019949507918973652, 0.1464466219292605, -0.011586280210284444, 0.013863845009391943, 0.04010426307030168, -0.011641227361869, -0.009161469062381824, 0.04829886117086145, -0.07945947141361906, -0.0521578361996247], "R": [[-0.1, 1.0], [-0.1, 1.0], [-0.10000000000000002, 1.0], [-0.10000000000000002, 1.0], [-0.09999999999999998, 1.0], [-1.5534562730350485, 1.252633480034], [-1.0784111940537748, 1.0220651665449352], [-0.4220656523615849, 2.6254058790138397], [-0.1848042839864994, 2.317941267123266], [-1.5169791737417384, 2.708998760482675], [-1.0152060153962723, 0.5288209346652153], [-1.3032255388300935, 1.3916327770168782], [-0.7175431378773933, 3.3033577420364177], [-0.7862811582964232, 2.6081113848135384], [-0.5274526967944777, 2.4394401474107608], [-0.9437002178516671, 2.5724418339902657]], "mse": 0.545626687893672, "vol": 181263.716745685, "inc": 731, "msevvol": 3.0101263379653206e-06, "msevinc": 0.0007464113377478413}}