{"0": {"beta": [-0.0037379129947350447, 0.06971428756435456, 0.047923176120910876, 0.020905751821371037, 0.054780545150731795, 0.5121081274476386, 0.17330562604064742, 0.05946609494326643, 0.028801165507710166, 0.006316232974682372, -0.03462112422849932, 0.0004077838284057011, 0.05231997182902886, -0.030690854007076607, -0.13907920527148368, -0.04095132007058508, -0.06617201744224599], "R": [[-0.09999999999999998, 1.0], [-0.10000000000000003, 1.0], [-0.1, 1.1], [-0.10000000000000003, 1.0], [-0.1, 1.1], [-3.6351241692909233, 0.2650122917665516], [-0.9769183989499993, 1.1236269488575596], [0.07314894105291647, 2.014550987259158], [0.01836482678282514, 2.3173220832340404], [-1.517848309229576, 2.708801024456387], [-1.7875307746960676, 0.5281905392186821], [-1.3026371056557282, 1.0075418146478838], [-0.7169950228232279, 0.8523351417491218], [-0.7856874150981881, 1.3408208832023638], [-0.527513004764509, 2.439110129645856], [-0.9436399543409112, 0.39956314420417527]], "mse": 0.4622868207985167, "vol": 21072.321695978644, "inc": 288, "msevvol": 2.1938105704163466e-05, "msevinc": 0.0016051625722170717}, "1": {"beta": [0.09464116945886827, 0.08551956702536057, -0.03766513900351199, 0.2977786667079698, 0.24824103439406547, 0.4509972603502643, 0.04947142866348699, 0.1352946799386443, 0.003487907844726488, -0.007535417221492796, -0.09155614697142782, 0.06753155807078776, 0.10117893849131857, 0.2088639186188889, -0.06659590903142928, -0.20575159770928372, -0.19362851507484455], "R": [[-0.09999999999999998, 1.0], [-0.10000000000000003, 1.0], [-0.1, 1.0], [-0.10000000000000003, 1.0], [-0.1, 1.0], [-1.1244933870214706, 9.745791327863362], [-0.9769183989499993, 1.1236269488575596], [0.5496748978489934, 2.626375163077166], [0.5220041433880109, 2.3173220832340404], [-1.517848309229576, 0.19281142424480913], [-1.7875307746960676, 0.5281905392186821], [-1.4026371056557283, 1.0075418146478838], [-0.7169950228232279, 3.3032634050648815], [-0.7856874150981881, 1.3408208832023638], [-0.527513004764509, 2.439110129645856], [-0.9436399543409112, 2.571568308445986]], "mse": 0.5958690323360841, "vol": 116703.88071722667, "inc": 109, "msevvol": 5.105820206440898e-06, "msevinc": 0.0054666883700558175}, "2": {"beta": [0.08564586176527239, 0.0887943335631002, -0.04212022380981459, 0.30321593087989496, 0.2676750485604796, 0.4498653558178481, 0.05113193045882316, 0.14601852650146302, -0.0028038935144823847, -0.00514566835823778, -0.09463429769443121, 0.05984021057269664, 0.10328629494898264, 0.22298527846693034, -0.10412269453904506, -0.1966486292904799, -0.20695949588247603], "R": [[-0.09999999999999998, 1.0], [-0.10000000000000003, 1.0], [-0.1, 1.0], [-0.10000000000000003, 1.0], [-0.1, 1.0], [-1.1244933870214706, 3.9585122704984346], [-0.9769183989499993, 1.1236269488575596], [0.5496748978489934, 2.626375163077166], [0.5220041433880109, 2.3173220832340404], [-1.517848309229576, 0.19281142424480913], [-1.7875307746960676, 0.5281905392186821], [-1.4026371056557283, 1.0075418146478838], [-0.7169950228232279, 3.3032634050648815], [-0.7856874150981881, 1.3408208832023638], [-0.527513004764509, 2.439110129645856], [-0.9436399543409112, 1.2283652099008997]], "mse": 0.6070862154320832, "vol": 33719.006079020815, "inc": 107, "msevvol": 1.8004273732427664e-05, "msevinc": 0.0056737029479633945}}