{"0": {"beta": [0.08865471513591638, 0.162202585966656, 0.12398815455311882, 0.1322444562445947, 0.11978493752475328, 0.4470054765614031, -0.01471890437059281, -0.042873005867793024, 0.07472562112969426, 0.013013653789322536, 0.009360777992758437, -0.002283282961849065, -0.06262650418070999, -0.027012272975002843, 0.005361105997644344, 0.024572721321581732, -0.10541094920379869], "R": [[-0.1, 1.0], [-0.10000000000000003, 1.0], [-0.09999999999999998, 1.0], [-0.1, 1.0], [-0.1, 1.0], [-1.2657317994850936, 0.7480603520022739], [-0.976292805095683, 1.1242828737245418], [-1.515646795464433, 0.567029918481257], [-1.8822313366367174, 2.31791943291289], [-1.4180186531120405, 0.9982166143618095], [-1.787996875057795, 0.5281763389373046], [-0.5325206490993863, 1.3933219788153568], [-0.7168216464527583, 1.7350153529165615], [-0.7857143967286861, 2.7073977753677876], [-0.5275743359844131, 2.3387746079232747], [-0.9437099428352796, 2.056557928101183]], "mse": 0.6631658098152028, "vol": 47307.21814359668, "inc": 570, "msevvol": 1.4018279574212637e-05, "msevinc": 0.0011634487891494785}, "1": {"beta": [0.08865471513591638, 0.162202585966656, 0.12398815455311882, 0.1322444562445947, 0.11978493752475328, 0.4470054765614031, -0.01471890437059281, -0.042873005867793024, 0.07472562112969426, 0.013013653789322536, 0.009360777992758437, -0.002283282961849065, -0.06262650418070999, -0.027012272975002843, 0.005361105997644344, 0.024572721321581732, -0.10541094920379869], "R": [[-0.1, 1.0], [-0.10000000000000003, 1.0], [-0.09999999999999998, 1.0], [-0.1, 1.0], [-0.1, 1.0], [-1.2657317994850936, 0.7480603520022739], [-0.976292805095683, 1.1242828737245418], [-1.515646795464433, 0.567029918481257], [-1.8822313366367174, 2.31791943291289], [-1.4180186531120405, 0.9982166143618095], [-1.787996875057795, 0.5281763389373046], [-0.5325206490993863, 1.3933219788153568], [-0.7168216464527583, 1.7350153529165615], [-0.7857143967286861, 2.7073977753677876], [-0.5275743359844131, 2.3387746079232747], [-0.9437099428352796, 2.056557928101183]], "mse": 0.6631658098152028, "vol": 47307.21814359668, "inc": 570, "msevvol": 1.4018279574212637e-05, "msevinc": 0.0011634487891494785}, "2": {"beta": [0.08865471513591638, 0.162202585966656, 0.12398815455311882, 0.1322444562445947, 0.11978493752475328, 0.4470054765614031, -0.01471890437059281, -0.042873005867793024, 0.07472562112969426, 0.013013653789322536, 0.009360777992758437, -0.002283282961849065, -0.06262650418070999, -0.027012272975002843, 0.005361105997644344, 0.024572721321581732, -0.10541094920379869], "R": [[-0.1, 1.0], [-0.10000000000000003, 1.0], [-0.09999999999999998, 1.0], [-0.1, 1.0], [-0.1, 1.0], [-1.2657317994850936, 0.7480603520022739], [-0.976292805095683, 1.1242828737245418], [-1.515646795464433, 0.567029918481257], [-1.8822313366367174, 2.31791943291289], [-1.4180186531120405, 0.9982166143618095], [-1.787996875057795, 0.5281763389373046], [-0.5325206490993863, 1.3933219788153568], [-0.7168216464527583, 1.7350153529165615], [-0.7857143967286861, 2.7073977753677876], [-0.5275743359844131, 2.3387746079232747], [-0.9437099428352796, 2.056557928101183]], "mse": 0.6631658098152028, "vol": 47307.21814359668, "inc": 570, "msevvol": 1.4018279574212637e-05, "msevinc": 0.0011634487891494785}}