{"0": {"beta": [0.094544195159367, 0.22900924407777432, -0.020891530899630563, 0.25395720015886075, 0.3392332635728701, 0.5279057671165232, 0.157728107713098, 0.09524379647818289, -0.08002129775820518, -0.039468976666332665, 0.007659177451767107, 0.002118184382784265, 0.10942408779028809, 0.1011064640225073, -0.05076717901637096, -0.12270636627862459, 0.04571719881519591], "R": [[-0.09999999999999998, 1.0], [-0.10000000000000003, 1.0], [-0.1, 1.1], [-0.10000000000000003, 1.0], [-0.1, 1.1], [-1.1244933870214706, 1.237666266918167], [-0.9769183989499993, 1.1236269488575596], [0.5496748978489934, 2.014550987259158], [0.5220041433880109, 2.3173220832340404], [-1.417848309229576, 0.19281142424480913], [-1.7875307746960676, 0.5281905392186821], [-1.4026371056557283, 1.3925716346984858], [-0.7169950228232279, 3.3032634050648815], [-0.7856874150981881, 1.3408208832023638], [-0.527513004764509, 2.439110129645856], [-0.9436399543409112, 1.2283652099008997]], "mse": 0.5290090416908096, "vol": 14363.9122436444, "inc": 66, "msevvol": 3.682903603959849e-05, "msevinc": 0.008015288510466814}, "1": {"beta": [0.08564586176527239, 0.0887943335631002, -0.04212022380981459, 0.30321593087989496, 0.2676750485604796, 0.4498653558178481, 0.05113193045882316, 0.14601852650146302, -0.0028038935144823847, -0.00514566835823778, -0.09463429769443121, 0.05984021057269664, 0.10328629494898264, 0.22298527846693034, -0.10412269453904506, -0.1966486292904799, -0.20695949588247603], "R": [[-0.09999999999999998, 1.0], [-0.10000000000000003, 1.0], [-0.1, 1.0], [-0.10000000000000003, 1.0], [-0.1, 1.0], [-1.1244933870214706, 3.9585122704984346], [-0.9769183989499993, 1.1236269488575596], [0.5496748978489934, 2.626375163077166], [0.5220041433880109, 2.3173220832340404], [-1.517848309229576, 0.19281142424480913], [-1.7875307746960676, 0.5281905392186821], [-1.4026371056557283, 1.0075418146478838], [-0.7169950228232279, 3.3032634050648815], [-0.7856874150981881, 1.3408208832023638], [-0.527513004764509, 2.439110129645856], [-0.9436399543409112, 1.2283652099008997]], "mse": 0.6963027626864713, "vol": 33719.006079020815, "inc": 72, "msevvol": 2.065015680043116e-05, "msevinc": 0.009670871703978769}, "2": {"beta": [0.08564586176527239, 0.0887943335631002, -0.04212022380981459, 0.30321593087989496, 0.2676750485604796, 0.4498653558178481, 0.05113193045882316, 0.14601852650146302, -0.0028038935144823847, -0.00514566835823778, -0.09463429769443121, 0.05984021057269664, 0.10328629494898264, 0.22298527846693034, -0.10412269453904506, -0.1966486292904799, -0.20695949588247603], "R": [[-0.09999999999999998, 1.0], [-0.10000000000000003, 1.0], [-0.1, 1.0], [-0.10000000000000003, 1.0], [-0.1, 1.0], [-1.1244933870214706, 3.9585122704984346], [-0.9769183989499993, 1.1236269488575596], [0.5496748978489934, 2.626375163077166], [0.5220041433880109, 2.3173220832340404], [-1.517848309229576, 0.19281142424480913], [-1.7875307746960676, 0.5281905392186821], [-1.4026371056557283, 1.0075418146478838], [-0.7169950228232279, 3.3032634050648815], [-0.7856874150981881, 1.3408208832023638], [-0.527513004764509, 2.439110129645856], [-0.9436399543409112, 1.2283652099008997]], "mse": 0.6963027626864713, "vol": 33719.006079020815, "inc": 72, "msevvol": 2.065015680043116e-05, "msevinc": 0.009670871703978769}}