{"0": {"beta": [-0.02357043232156844, 0.09306938213634404, -0.0781036323354456, 0.028367992596534053, 0.04193447179354186, 0.5844353935889122, 0.05137420803961036, -0.06316115100724208, 0.08809579463159559, -0.0015448538009312158, 0.004009981372303278, -0.02429475104998958, 0.04930722941339849, 0.06997255101638786, 0.020546964027062735, -0.11462746199883025, -0.022213264838867534], "R": [[-0.1, 1.0], [-0.09999999999999998, 1.1], [-0.1, 1.0], [-0.1, 1.0], [-0.1, 1.0], [-3.991864400592589, 3.3257893423760585], [-1.0784111940537748, 1.0220651665449352], [-0.8633039055614987, 0.8663500469821644], [-0.8213817176178455, 1.3353604881373797], [-1.4169791737417383, 0.9986075867929095], [-1.0152060153962723, 2.172847884726703], [-1.3032255388300935, 6.1113898898974], [-0.7175431378773933, 0.558118671326856], [-0.7862811582964232, 0.3273780857374111], [-0.5274526967944777, 2.4394401474107608], [-0.9437002178516671, 0.8143708080692992]], "mse": 0.5032947427139882, "vol": 42624.783462407955, "inc": 479, "msevvol": 1.180756127847215e-05, "msevinc": 0.001050719713390372}, "1": {"beta": [-0.02919074439386068, -0.015711487888404672, -0.01909721954845653, -0.015535758521034178, -0.02352357478822841, 0.6088316034006315, 0.11594152810798776, -0.01146297919679103, 0.027941437483946126, 0.00913111786542686, 0.0025036023899477817, -0.007773082684268164, 0.012673320645799669, -0.0029314131089820286, 0.04040985410369767, -0.11548011570862556, -0.01885106707615898], "R": [[-0.1, 1.0], [-0.09999999999999998, 1.0], [-0.1, 1.0], [-0.1, 1.0], [-0.1, 1.0], [-3.991864400592589, 3.3257893423760585], [-1.0784111940537748, 1.0220651665449352], [-2.251719604905245, 1.6252798424860158], [-2.4828060419456293, 1.3506608274186915], [-0.6117835868968557, 0.9986075867929095], [-1.0152060153962723, 2.172847884726703], [-1.3032255388300935, 1.006653017610168], [-0.7175431378773933, 3.3033577420364173], [-0.7862811582964232, 2.7081113848135385], [-0.5274526967944777, 2.4394401474107608], [-0.9437002178516671, 0.3998530515890576]], "mse": 0.5390036967946281, "vol": 244364.73152043295, "inc": 896, "msevvol": 2.205734409548206e-06, "msevinc": 0.0006015666258868618}, "2": {"beta": [-0.10515004288294097, -0.03935635477402615, -0.03821251552266203, -0.021297806326168896, -0.037583696613786986, 0.6256844268777136, 0.11269865561406577, -0.022819328032364968, 0.010251429548311292, 0.013275867236982493, -0.023429621935563694, -0.007101625710239935, -0.008164993540919574, -0.002320281933609331, 0.030754368562320233, -0.12436577155704616, 0.015841218144833726], "R": [[-0.1, 1.0], [-0.09999999999999998, 1.0], [-0.1, 1.0], [-0.1, 1.0], [-0.1, 1.0], [-3.991864400592589, 0.8617354049796055], [-1.0784111940537748, 1.0220651665449352], [-1.269243098505417, 1.6252798424860158], [-1.3059710821814552, 1.3506608274186915], [-0.6117835868968557, 0.9986075867929095], [-1.0152060153962723, 2.172847884726703], [-1.3032255388300935, 1.006653017610168], [-0.7175431378773933, 3.3033577420364173], [-0.7862811582964232, 2.7081113848135385], [-0.5274526967944777, 2.4394401474107608], [-0.9437002178516671, 0.3998530515890576]], "mse": 0.44882357097939385, "vol": 83859.36352581941, "inc": 619, "msevvol": 5.352098467110424e-06, "msevinc": 0.0007250784668487785}}