{"0": {"beta": [-0.6275274996576231, -0.2965085155878829, -0.4115408302406378, -0.29280114883210434, -0.3733644017672843, 0.6013968913773898, 0.04605836637725082, -0.045241211533867384, 0.3376425150083981, -0.0258575096127409, -0.08962443466370032, 0.18182517522947791, 0.02953767908368779, -0.07311355962698846, -0.08072796248810454, 0.12769464696408897, 0.2642667608941501], "R": [[-0.1, 1.0], [-0.1, 1.1], [-0.1, 1.1], [-0.1, 1.1], [-0.09999999999999998, 1.1], [-3.6351241692909233, 1.2312034498075253], [-0.9769183989499993, 1.1236269488575596], [-2.2506388573287786, 2.626375163077166], [-0.5857350512061429, 2.3173220832340404], [-0.6125184424923833, 1.8034711577191944], [-1.0156236700578178, 2.172004748495182], [-1.3026371056557282, 1.0075418146478838], [1.1462011746635918, 3.3032634050648815], [1.3408208832023638, 2.7073885696402087], [-0.42751300476450904, 2.439110129645856], [-0.9436399543409113, 2.571568308445986]], "mse": 0.5986719317838021, "vol": 174455.4386637007, "inc": 31, "msevvol": 3.4316610383117217e-06, "msevinc": 0.019311997799477485}, "1": {"beta": [-0.37234665698496333, -0.3253133030853908, -0.32145107808927353, -0.15518800245219433, -0.12386234435141255, 0.5571405451310547, 0.12642235724454384, -0.15660157321830623, 0.10914377286740805, -0.1138570986357813, 0.03512312401825774, 0.0035208499466414626, 0.024229069472118142, 0.11979143820436725, 0.07304686844225618, -0.016839416415045952, -0.19215809475473045], "R": [[-0.1, 1.0], [-0.1, 1.0], [-0.1, 1.1], [-0.1, 1.1], [-0.09999999999999998, 1.0], [-3.6351241692909233, 9.745791327863362], [-0.9769183989499993, 1.1236269488575596], [-2.2506388573287786, 1.5909723589959774], [-1.001556485458579, 1.8558893030253367], [-0.6125184424923833, 1.8034711577191944], [-1.0156236700578178, 2.072004748495182], [-1.4026371056557283, 3.3177207349514957], [1.1462011746635918, 3.3032634050648815], [1.3408208832023638, 2.7073885696402087], [-0.42751300476450904, 2.439110129645856], [-0.9436399543409113, 2.571568308445986]], "mse": 0.4707182702002918, "vol": 618529.3956729282, "inc": 49, "msevvol": 7.610281313924854e-07, "msevinc": 0.009606495310210036}, "2": {"beta": [-0.3295978637705252, -0.29247171622213713, -0.362463583043139, -0.1247404859244936, -0.10957722902997566, 0.5643454477717479, 0.11924318475987784, -0.14995528307029143, 0.13026457621026724, -0.09684471556936808, 0.0543561630615637, -0.0410317702155456, 0.01426147406974588, 0.09330420022854477, 0.08200734198762033, -0.020784617113507153, -0.14925151634906847], "R": [[-0.1, 1.0], [-0.1, 1.0], [-0.1, 1.1], [-0.1, 1.1], [-0.09999999999999998, 1.0], [-3.6351241692909233, 9.745791327863362], [-0.9769183989499993, 1.1236269488575596], [-2.2506388573287786, 1.5909723589959774], [-1.001556485458579, 1.8558893030253367], [-0.6125184424923833, 1.8034711577191944], [-1.0156236700578178, 2.072004748495182], [-1.4026371056557283, 2.5476610948502914], [1.1462011746635918, 3.3032634050648815], [1.3408208832023638, 2.7073885696402087], [-0.42751300476450904, 2.439110129645856], [-0.9436399543409113, 2.571568308445986]], "mse": 0.46682499857520027, "vol": 517625.07021555153, "inc": 49, "msevvol": 9.018593291488048e-07, "msevinc": 0.009527040787248985}}