{"0": {"beta": [0.1567198268593144, 0.2203601229278493, 0.256470023574716, 0.23705546221221843, 0.26587139653088837, 0.5471917820389743, 0.03323686137602212, -0.1217688687325974, 0.10027685524158735, -0.047450787617337405, 0.06126500106409227, -0.03834071446361176, 0.047398245438852384, -0.09300521399985984, -0.0029190129510564193, 0.0775301909901332, -0.23045593192881633], "R": [[-0.1, 1.1], [-0.1, 1.1], [-0.1, 1.1], [-0.10000000000000003, 1.1], [-0.1, 1.1], [-2.679562738466629, 7.308664912350221], [-1.076292805095683, 1.1242828737245418], [-2.2510396912444732, 2.6261580138030496], [-2.4821366099920725, 2.31791943291289], [-1.5180186531120405, 2.709040126011043], [-1.887996875057795, 2.172291814934038], [-1.4028577002652836, 6.115344285810739], [0.8530764781530662, 3.304913477522386], [-0.17908175486769018, 2.7073977753677876], [-0.4275743359844131, 2.438774607923275], [-0.9437099428352795, 2.570881909663535]], "mse": 0.7000987713783774, "vol": 11779337.45160374, "inc": 331, "msevvol": 5.9434477894430295e-08, "msevinc": 0.0021151020283334664}, "1": {"beta": [-0.16297555328274096, -0.09900931732803295, -0.13765599945179455, -0.11259871925596159, -0.005393853194627596, 0.47643773219485563, 0.009672136902283641, -0.1333679582346664, 0.17187584289675886, -0.007982171089015179, -0.05920591522150738, -0.1238009300879859, 0.06093664310380755, -0.14684510183766142, -0.026923868157339416, -0.019929045973104752, 0.3091090992230377], "R": [[-0.1, 1.1], [-0.1, 1.1], [-0.1, 1.0], [-0.10000000000000003, 1.1], [-0.1, 1.0], [-2.5234161171426313, 1.2908110248009135], [-0.9762928050956831, 1.1242828737245418], [-0.792004886381608, 2.6261580138030496], [-0.23949880027730408, 2.31791943291289], [-1.5180186531120405, 2.709040126011043], [-1.0159391370594286, 1.3002340769356713], [-0.14735212351643756, 3.3191646067300997], [-0.7168216464527584, 3.304913477522386], [0.3275508869933057, 2.7073977753677876], [-0.4275743359844131, 2.438774607923275], [-0.9437099428352795, 2.570881909663535]], "mse": 0.6404466152975951, "vol": 479222.90491229086, "inc": 161, "msevvol": 1.3364273884504998e-06, "msevinc": 0.003977929287562702}, "2": {"beta": [-0.35998165128694304, -0.20405088593652385, -0.03504267518934915, -0.05182439642678479, 0.05625832349394931, 0.5761038664604328, 0.00264375925061065, -0.14282870312819254, 0.295928632789668, -0.04471056167099373, -0.0021319061312165175, -0.16435439025211718, 0.05718012997234537, -0.12222058791255715, 0.008794755475683097, -0.05524945600149243, 0.24632009400616145], "R": [[-0.1, 1.1], [-0.1, 1.1], [-0.1, 1.0], [-0.10000000000000003, 1.1], [-0.1, 1.0], [-2.5234161171426313, 1.2908110248009135], [-0.9762928050956831, 1.1242828737245418], [-0.792004886381608, 2.6261580138030496], [-0.23949880027730408, 2.31791943291289], [-1.5180186531120405, 2.709040126011043], [-1.0159391370594286, 1.3002340769356713], [-0.14735212351643756, 3.3191646067300997], [0.5590968532319014, 3.304913477522386], [0.3275508869933057, 2.7073977753677876], [-0.4275743359844131, 2.438774607923275], [-0.9437099428352795, 2.570881909663535]], "mse": 0.7155631144994342, "vol": 327186.69392337603, "inc": 86, "msevvol": 2.187017772388422e-06, "msevinc": 0.00832050133138877}}