{"0": {"beta": [-0.018657502498225318, 0.01651546689528611, 0.016919922724080758, -0.017878259172286862, -0.009906963679400822, 0.6178979152494478, 0.10295029996839361, -0.019668315781183696, 0.06755303215021817, -0.05726155660879627, 0.02484573944778655, -0.00333544633663247, 0.06193605401636649, -0.17149563883310132, -0.05015412688584846, 0.017487503724064046, -0.051264492318374384], "R": [[-0.09999999999999998, 1.1], [-0.1, 1.1], [-0.10000000000000003, 1.1], [-0.1, 1.1], [-0.1, 1.1], [-3.9918644005925885, 6.457576198303895], [-1.0784111940537748, 1.0220651665449352], [-1.7104813517053312, 0.6192566251902147], [-0.37897686027795585, 2.317941267123266], [-1.4169791737417383, 2.708998760482675], [-1.0152060153962723, 2.172847884726703], [-1.4032255388300938, 6.1113898898974], [-0.7175431378773933, 0.8520341236279185], [-0.7862811582964232, 0.3273780857374111], [-0.5274526967944777, 2.4394401474107608], [-0.9437002178516671, 1.643406321029782]], "mse": 0.5315790018285158, "vol": 455095.38062024006, "inc": 1028, "msevvol": 1.1680606406156833e-06, "msevinc": 0.000517100196331241}, "1": {"beta": [-0.03324475595458582, -0.01036313866031978, -0.012494001978508636, 0.005233808157475541, -0.009102804653146758, 0.5968222566977516, 0.091842044702438, -0.021064758833305622, 0.04630082403553032, 0.006479663240454188, 0.004916852965491304, 0.0009054325254957842, 0.024099687348215566, 0.0035869826950605133, 0.04412602383113838, -0.13543255487868588, -0.03441436849942367], "R": [[-0.09999999999999998, 1.0], [-0.1, 1.0], [-0.10000000000000003, 1.0], [-0.1, 1.0], [-0.1, 1.0], [-3.9918644005925885, 3.325789342376059], [-1.0784111940537748, 1.0220651665449352], [-2.251719604905245, 2.6254058790138397], [-2.4828060419456293, 1.3723732686880963], [-0.6117835868968557, 0.9986075867929095], [-1.0152060153962723, 2.172847884726703], [-1.3032255388300937, 1.006653017610168], [-0.7175431378773933, 3.3033577420364177], [-0.7862811582964232, 2.7081113848135385], [-0.5274526967944777, 2.4394401474107608], [-0.9437002178516671, 0.3998530515890576]], "mse": 0.5747111909656989, "vol": 309143.11920538155, "inc": 1380, "msevvol": 1.8590457146286513e-06, "msevinc": 0.0004164573847577528}, "2": {"beta": [-0.07255800911147492, -0.03785030870067691, -0.06589927701600289, -0.05699383606040874, -0.05149393524544391, 0.5779198150059347, 0.11352007933461133, -0.003345217386761998, 0.08063327706133327, 0.0034872133894900538, -0.00879298770700174, 0.0024882760364329025, 0.05454971640004933, -0.022493632012218004, 0.044660758849924896, -0.10804708477030987, 0.010225839521672653], "R": [[-0.09999999999999998, 1.0], [-0.1, 1.0], [-0.10000000000000003, 1.0], [-0.1, 1.0], [-0.1, 1.0], [-3.9918644005925885, 3.325789342376059], [-1.0784111940537748, 1.0220651665449352], [-2.151719604905245, 1.0075462880061368], [-0.8378520498547474, 1.3723732686880963], [-0.6117835868968557, 0.9986075867929095], [-1.0152060153962723, 2.172847884726703], [-1.3032255388300937, 1.006653017610168], [-0.7175431378773933, 3.3033577420364177], [-0.7862811582964232, 2.7081113848135385], [-0.5274526967944777, 2.4394401474107608], [-0.9437002178516671, 0.3998530515890576]], "mse": 0.5295068305801032, "vol": 114808.43599165692, "inc": 920, "msevvol": 4.612089921846703e-06, "msevinc": 0.00057555090280446}}