{"0": {"beta": [0.04751607928573683, 0.09940192421298118, 0.03486910968859266, 0.11852395866788204, 0.13786207193332103, 0.5406900072358447, -0.011479467628134172, -0.016107275091560555, 0.057146019037903534, 0.00250729141384706, 0.009481021048805032, 0.024437756914263826, -0.05516710008597131, 0.08490451633524648, -0.023877180918399635, 0.004475641731747586, 0.0238107116895171], "R": [[-0.1, 1.1], [-0.10000000000000003, 1.0], [-0.09999999999999998, 1.1], [-0.1, 1.0], [-0.1, 1.1], [-2.679562738466629, 0.7143723792078756], [-0.976292805095683, 1.1242828737245418], [-1.8862926513361256, 0.6905785371051544], [-0.2971420682473104, 1.5162960411758761], [-1.5180186531120405, 0.9982166143618095], [-1.8879968750577951, 1.3002340769356713], [-0.5325206490993863, 1.3933219788153568], [-0.7168216464527583, 3.304913477522386], [-0.7857143967286861, 0.5808672079238036], [-0.5275743359844131, 2.438774607923275], [-0.9437099428352796, 0.39926200185177585]], "mse": 0.5608218770262584, "vol": 23562.775816522237, "inc": 336, "msevvol": 2.380118036148397e-05, "msevinc": 0.0016691127292448166}, "1": {"beta": [0.10693977964195776, 0.17154405574325324, 0.14498865732004462, 0.11950620846046209, 0.14571971359910127, 0.48912017484604436, -0.0071209804059269525, -0.03503260438869388, 0.06573392015198823, -0.004304372661601032, 0.003383588467995046, -0.04013177436093173, 0.007615491488328263, -0.030987236436572564, 0.0032961959783967816, -0.007586177522331334, -0.08086632186413763], "R": [[-0.1, 1.0], [-0.10000000000000003, 1.0], [-0.09999999999999998, 1.0], [-0.1, 1.0], [-0.1, 1.0], [-1.2657317994850936, 1.0362796747987928], [-0.976292805095683, 1.1242828737245418], [-1.515646795464433, 0.567029918481257], [-1.5197330351118763, 2.31791943291289], [-1.4180186531120405, 0.9982166143618095], [-1.787996875057795, 0.5281763389373046], [-0.5325206490993863, 1.3933219788153568], [-0.7168216464527583, 3.304913477522386], [-0.7857143967286861, 2.7073977753677876], [-0.5275743359844131, 2.3387746079232747], [-0.9437099428352796, 2.5708819096635356]], "mse": 0.6406476051810891, "vol": 94941.86308335858, "inc": 659, "msevvol": 6.7477884294160425e-06, "msevinc": 0.0009721511459500593}, "2": {"beta": [0.09314395225383501, 0.15236297590308961, 0.13203848930645798, 0.1279818249131534, 0.11290832066304209, 0.4588492991087671, -0.015109532145486963, -0.059103281694971, 0.07245498940708499, 0.01009899346435823, 0.012717096569156334, 5.1688468821893386e-05, -0.060854790290052384, -0.028273221593509052, 0.008248095253357934, 0.024023967322396568, -0.10593910963778509], "R": [[-0.1, 1.0], [-0.10000000000000003, 1.0], [-0.09999999999999998, 1.0], [-0.1, 1.0], [-0.1, 1.0], [-1.2657317994850936, 0.7480603520022739], [-0.976292805095683, 1.1242828737245418], [-1.515646795464433, 0.567029918481257], [-2.4821366099920725, 2.31791943291289], [-1.4180186531120405, 0.9982166143618095], [-1.787996875057795, 0.5281763389373046], [-0.5325206490993863, 1.3933219788153568], [-0.7168216464527583, 1.7350153529165615], [-0.7857143967286861, 2.7073977753677876], [-0.5275743359844131, 2.3387746079232747], [-0.9437099428352796, 2.056557928101183]], "mse": 0.6649642695360025, "vol": 54064.082644239126, "inc": 586, "msevvol": 1.2299557062897074e-05, "msevinc": 0.0011347513132013694}}