{"0": {"beta": [-0.05402672503657764, -0.03347576619424188, -0.04074351685538106, -0.044221313740360986, -0.05304990084688777, 0.6090445433147942, 0.11894744873659095, -0.007154563010699987, 0.010907768662168929, 0.0022111284715306437, 0.007422649226526786, -0.002343427082008655, 0.019950514219028347, -0.007730889424688888, 0.040191409142751676, -0.1325591226036888, -0.0018309107860123301], "R": [[-0.10000000000000003, 1.0], [-0.1, 1.0], [-0.1, 1.0], [-0.09999999999999998, 1.0], [-0.1, 1.0], [-3.9918644005925885, 3.325789342376059], [-1.0784111940537748, 1.0220651665449352], [-2.151719604905245, 1.007546288006137], [-2.4828060419456293, 1.3723732686880963], [-0.6117835868968557, 0.9986075867929095], [-1.0152060153962723, 2.172847884726703], [-1.3032255388300937, 1.006653017610168], [-0.7175431378773933, 3.3033577420364173], [-0.7862811582964232, 2.708111384813539], [-0.5274526967944777, 2.4394401474107608], [-0.9437002178516671, 0.8143708080692991]], "mse": 0.5265962275601752, "vol": 262037.44743311254, "inc": 1165, "msevvol": 2.0096220319601218e-06, "msevinc": 0.0004520139292362019}, "1": {"beta": [-0.06325315999650667, -0.07736418355574391, -0.02750233175565256, -0.014392611722516435, -0.06576277169195895, 0.5871242600322125, 0.12075225890592607, 0.002317101467100347, 0.08478660472514742, -0.016294798114950167, 0.004294294327875617, -0.05108634495684338, 0.030744289592297736, -0.0554525392428235, 0.05231469614827323, -0.03770159394962557, 0.052210398752815586], "R": [[-0.10000000000000003, 1.0], [-0.1, 1.0], [-0.1, 1.0], [-0.09999999999999998, 1.0], [-0.1, 1.0], [-3.9918644005925885, 3.325789342376059], [-1.0784111940537748, 1.0220651665449352], [-2.151719604905245, 1.007546288006137], [-0.8378520498547474, 1.3723732686880963], [-0.6117835868968557, 0.9986075867929095], [-1.0152060153962723, 2.172847884726703], [-0.533266020016673, 1.006653017610168], [-0.7175431378773933, 3.3033577420364173], [-0.7862811582964232, 2.708111384813539], [-0.5274526967944777, 2.4394401474107608], [-0.9437002178516671, 0.8143708080692991]], "mse": 0.49720803855066004, "vol": 100153.0242921957, "inc": 623, "msevvol": 4.964483519739348e-06, "msevinc": 0.0007980867392466453}, "2": {"beta": [-0.06325315999650667, -0.07736418355574391, -0.02750233175565256, -0.014392611722516435, -0.06576277169195895, 0.5871242600322125, 0.12075225890592607, 0.002317101467100347, 0.08478660472514742, -0.016294798114950167, 0.004294294327875617, -0.05108634495684338, 0.030744289592297736, -0.0554525392428235, 0.05231469614827323, -0.03770159394962557, 0.052210398752815586], "R": [[-0.10000000000000003, 1.0], [-0.1, 1.0], [-0.1, 1.0], [-0.09999999999999998, 1.0], [-0.1, 1.0], [-3.9918644005925885, 3.325789342376059], [-1.0784111940537748, 1.0220651665449352], [-2.151719604905245, 1.007546288006137], [-0.8378520498547474, 1.3723732686880963], [-0.6117835868968557, 0.9986075867929095], [-1.0152060153962723, 2.172847884726703], [-0.533266020016673, 1.006653017610168], [-0.7175431378773933, 3.3033577420364173], [-0.7862811582964232, 2.708111384813539], [-0.5274526967944777, 2.4394401474107608], [-0.9437002178516671, 0.8143708080692991]], "mse": 0.49720803855066004, "vol": 100153.0242921957, "inc": 623, "msevvol": 4.964483519739348e-06, "msevinc": 0.0007980867392466453}}