{"0": {"beta": [0.12443519584436998, 0.19461708270641684, 0.1636893064851079, 0.15958878049001088, 0.23453734143284202, 0.6002450452631056, 0.08988643519540197, 0.02139722952166231, 0.062040481068815365, -0.05042009100436311, 0.042640839203521394, 0.15873438229904552, 0.1121613515773249, -0.1654665850257902, 0.013066052299520353, -0.26288961299900565, -0.3907520572269238], "R": [[-0.1, 1.1], [-0.1, 1.1], [-0.10000000000000002, 1.0], [-0.10000000000000002, 1.0], [-0.09999999999999998, 1.1], [-3.9918644005925885, 0.8687157277484342], [-1.0784111940537748, 1.0220651665449352], [0.1780183719903008, 2.6254058790138397], [-0.30871497418713845, 2.09585545818916], [-0.6117835868968557, 1.8038031736377922], [-1.7872194904270158, 2.172847884726703], [-0.9182457794233834, 1.3916327770168782], [-0.7175431378773933, 1.1459495759289808], [-0.7862811582964232, 0.5807928967458698], [-0.5274526967944777, 2.4394401474107608], [-0.9437002178516671, 0.8143708080692991]], "mse": 0.5682126237421505, "vol": 36884.81720853406, "inc": 298, "msevvol": 1.540505461989067e-05, "msevinc": 0.001906753770946814}, "1": {"beta": [-0.08716568187161317, 0.035651499601492435, -0.010126496283478644, -0.06670103021605091, 0.043849083113332445, 0.523310558367891, 0.07671478480026311, -0.020288651171537705, 0.14180840425962607, -0.016467631932650984, 0.027486245508075213, -0.009625681382266054, -0.022243192474117657, 0.02274867050122713, 0.056133062110199514, -0.09474202634477202, -0.07150524786260425], "R": [[-0.1, 1.0], [-0.1, 1.0], [-0.10000000000000002, 1.0], [-0.10000000000000002, 1.0], [-0.09999999999999998, 1.0], [-1.5534562730350485, 1.3619918700789797], [-1.0784111940537748, 1.0220651665449352], [-0.4220656523615849, 2.6254058790138397], [-0.1848042839864994, 2.317941267123266], [-1.5169791737417384, 2.708998760482675], [-1.0152060153962723, 0.5288209346652153], [-1.4032255388300936, 6.1113898898974], [-0.7175431378773933, 3.3033577420364177], [-0.7862811582964232, 2.6081113848135384], [-0.5274526967944777, 2.4394401474107608], [-0.9437002178516671, 2.5724418339902657]], "mse": 0.5528251731741091, "vol": 525152.5359935253, "inc": 802, "msevvol": 1.0526944750028302e-06, "msevinc": 0.0006893081959776921}, "2": {"beta": [-0.0900332035293541, 0.03982901821402681, -0.024995930459576564, -0.07083574527529644, 0.03433099657258014, 0.5326931728091034, 0.07802313610504517, -0.019949507918973652, 0.1464466219292605, -0.011586280210284444, 0.013863845009391943, 0.04010426307030168, -0.011641227361869, -0.009161469062381824, 0.04829886117086145, -0.07945947141361906, -0.0521578361996247], "R": [[-0.1, 1.0], [-0.1, 1.0], [-0.10000000000000002, 1.0], [-0.10000000000000002, 1.0], [-0.09999999999999998, 1.0], [-1.5534562730350485, 1.252633480034], [-1.0784111940537748, 1.0220651665449352], [-0.4220656523615849, 2.6254058790138397], [-0.1848042839864994, 2.317941267123266], [-1.5169791737417384, 2.708998760482675], [-1.0152060153962723, 0.5288209346652153], [-1.3032255388300935, 1.3916327770168782], [-0.7175431378773933, 3.3033577420364177], [-0.7862811582964232, 2.6081113848135384], [-0.5274526967944777, 2.4394401474107608], [-0.9437002178516671, 2.5724418339902657]], "mse": 0.545626687893672, "vol": 181263.716745685, "inc": 731, "msevvol": 3.0101263379653206e-06, "msevinc": 0.0007464113377478413}}