{"0": {"beta": [0.017857591747828538, 0.10605780705824146, 0.05073348610303749, 0.1170874561089234, 0.05780947774709031, 0.5981488482992852, 0.08595262520490472, -0.01920735184619195, 0.06709415774819369, -0.01043440284230202, -0.013385526914064288, 0.011052727214334868, 0.010702082381874369, -0.00480515442436489, -0.001764836348082879, -0.10693841844890607, -0.09706503671186001], "R": [[-0.1, 1.0], [-0.09999999999999998, 1.0], [-0.1, 1.0], [-0.1, 1.0], [-0.1, 1.0], [-3.991864400592589, 3.3257893423760585], [-1.0784111940537748, 1.0220651665449352], [-0.8633039055614987, 0.8663500469821644], [-2.4828060419456293, 1.3723732686880963], [-1.4169791737417383, 0.9986075867929095], [-1.887219490427016, 1.3008344096959592], [-0.9182457794233833, 1.006653017610168], [-0.7175431378773933, 2.32161138513323], [-0.7862811582964232, 2.7081113848135385], [-0.5274526967944777, 2.4394401474107608], [-0.9437002178516671, 0.8143708080692992]], "mse": 0.518122840184777, "vol": 135542.60638036567, "inc": 727, "msevvol": 3.822582832226183e-06, "msevinc": 0.0007126861625650301}, "1": {"beta": [-0.08719042538196663, -0.05432640386796624, -0.03081026173954568, -0.013415002052991133, -0.02798798405494634, 0.6229259057025966, 0.11289010621935745, -0.01199858167781189, 0.026973280952519076, 0.004975888572459578, -0.013781123903976815, -0.011670926843267093, -0.008473706876928227, -0.009908032470044084, 0.030984757316992174, -0.13890476369363186, -0.00875479842597448], "R": [[-0.1, 1.0], [-0.09999999999999998, 1.0], [-0.1, 1.0], [-0.1, 1.0], [-0.1, 1.0], [-3.991864400592589, 0.8617354049796055], [-1.0784111940537748, 1.0220651665449352], [-2.151719604905245, 1.6252798424860158], [-1.3059710821814552, 1.3506608274186915], [-0.6117835868968557, 0.9986075867929095], [-1.0152060153962723, 2.172847884726703], [-1.3032255388300935, 1.006653017610168], [-0.7175431378773933, 3.3033577420364173], [-0.7862811582964232, 2.7081113848135385], [-0.5274526967944777, 2.4394401474107608], [-0.9437002178516671, 0.3998530515890576]], "mse": 0.45016427492953287, "vol": 109426.24264954487, "inc": 683, "msevvol": 4.113860295571477e-06, "msevinc": 0.0006590984991647626}, "2": {"beta": [-0.10515004288291263, -0.03935635477399811, -0.038212515522633196, -0.021297806326140412, -0.037583696613758315, 0.6256844268777099, 0.11269865561406679, -0.02281932803236491, 0.010251429548312102, 0.013275867236982465, -0.023429621935562788, -0.007101625710241292, -0.008164993540919612, -0.002320281933614346, 0.030754368562314772, -0.12436577155703628, 0.0158412181448064], "R": [[-0.1, 1.0], [-0.09999999999999998, 1.0], [-0.1, 1.0], [-0.1, 1.0], [-0.1, 1.0], [-3.991864400592589, 0.8617354049796055], [-1.0784111940537748, 1.0220651665449352], [-1.269243098505417, 1.6252798424860158], [-1.3059710821814552, 1.3506608274186915], [-0.6117835868968557, 0.9986075867929095], [-1.0152060153962723, 2.172847884726703], [-1.3032255388300935, 1.006653017610168], [-0.7175431378773933, 3.3033577420364173], [-0.7862811582964232, 2.7081113848135385], [-0.5274526967944777, 2.4394401474107608], [-0.9437002178516671, 0.3998530515890576]], "mse": 0.44882357097939357, "vol": 83859.36352581941, "inc": 619, "msevvol": 5.3520984671104205e-06, "msevinc": 0.0007250784668487779}}