{"0": {"beta": [-0.10080507491539026, -0.06273415034384774, -0.08199202598859952, -0.04690911611673374, -0.04160232675966644, 0.4787731146880178, 0.12222367225579545, -0.19241143351918932, 0.07584012447361496, 0.029575246027265453, 0.0031306828440514542, 0.04664068972541218, 0.002277665001367002, 0.06568226750210146, -0.037871437617418235, -0.1702177959130058, 0.14669881061178583], "R": [[-0.1, 1.0], [-0.1, 1.0], [-0.1, 1.0], [-0.09999999999999998, 1.0], [-0.10000000000000003, 1.0], [-3.635124169290923, 1.7579230443248457], [-0.9769183989499992, 1.1236269488575596], [-0.032745716012879456, 1.3615339353534233], [-0.6587884504055409, 2.3173220832340404], [-1.517848309229576, 0.9981412909820018], [-1.0156236700578178, 2.172004748495182], [-1.4026371056557283, 0.2374821745466797], [-0.7169950228232279, 2.6155313392359414], [-0.7856874150981881, 2.7073885696402087], [-0.527513004764509, 2.439110129645856], [-0.9436399543409112, 1.6427662427492615]], "mse": 0.5435195922194814, "vol": 88944.9631473736, "inc": 425, "msevvol": 6.110740540967111e-06, "msevinc": 0.001278869628751721}, "1": {"beta": [-0.0699747237073765, -0.010266322286307125, -0.05468651368977342, -0.03981909268871645, -0.0060329362379082565, 0.5865992738198813, 0.16769823199323006, -0.0918673898829634, 0.12347502808718631, 0.05414599418318679, -0.01464431174956741, 0.04922422202997676, -0.024460044576491754, -0.02047008865705986, 0.004062346329617665, -0.06771117511696755, 0.12429091362150799], "R": [[-0.1, 1.0], [-0.1, 1.0], [-0.1, 1.0], [-0.09999999999999998, 1.0], [-0.10000000000000003, 1.0], [-3.635124169290923, 0.8175831547264396], [-0.9769183989499992, 1.1236269488575596], [-0.032745716012879456, 1.3615339353534233], [-0.5754253110339419, 2.3173220832340404], [-1.517848309229576, 0.9981412909820018], [-1.0156236700578178, 2.172004748495182], [-1.4026371056557283, 0.2374821745466797], [-0.7169950228232279, 2.6155313392359414], [-0.7856874150981881, 2.7073885696402087], [-0.527513004764509, 2.439110129645856], [-0.9436399543409112, 1.6427662427492615]], "mse": 0.4430000217463726, "vol": 71379.37503478129, "inc": 373, "msevvol": 6.2062748732460936e-06, "msevinc": 0.0011876676186229828}, "2": {"beta": [-0.0699747237073765, -0.010266322286307125, -0.05468651368977342, -0.03981909268871645, -0.0060329362379082565, 0.5865992738198813, 0.16769823199323006, -0.0918673898829634, 0.12347502808718631, 0.05414599418318679, -0.01464431174956741, 0.04922422202997676, -0.024460044576491754, -0.02047008865705986, 0.004062346329617665, -0.06771117511696755, 0.12429091362150799], "R": [[-0.1, 1.0], [-0.1, 1.0], [-0.1, 1.0], [-0.09999999999999998, 1.0], [-0.10000000000000003, 1.0], [-3.635124169290923, 0.8175831547264396], [-0.9769183989499992, 1.1236269488575596], [-0.032745716012879456, 1.3615339353534233], [-0.5754253110339419, 2.3173220832340404], [-1.517848309229576, 0.9981412909820018], [-1.0156236700578178, 2.172004748495182], [-1.4026371056557283, 0.2374821745466797], [-0.7169950228232279, 2.6155313392359414], [-0.7856874150981881, 2.7073885696402087], [-0.527513004764509, 2.439110129645856], [-0.9436399543409112, 1.6427662427492615]], "mse": 0.4430000217463726, "vol": 71379.37503478129, "inc": 373, "msevvol": 6.2062748732460936e-06, "msevinc": 0.0011876676186229828}}