{"0": {"beta": [0.19418691479491207, 0.14948262135285662, 0.17727026477234942, 0.13254589821914145, 0.18108978679602628, 0.4528890583859975, -0.02788325165856174, -0.1101777078552495, 0.020367176159298627, -0.017945393249463173, 0.0194730207035023, 0.048197526258366506, -0.2794773308694957, 0.045375415193420206, -0.037380884837626374, 0.036491765564385034, -0.35131303221025606], "R": [[-0.09999999999999998, 1.1], [-0.09999999999999998, 1.1], [-0.09999999999999998, 1.1], [-0.1, 1.1], [-0.1, 1.1], [-2.679562738466629, 0.8640967027385345], [-1.076292805095683, 1.024282873724542], [-2.2510396912444732, -0.06836297729878327], [-0.13231613182102087, 2.31791943291289], [-1.5180186531120405, 2.709040126011043], [-1.0159391370594286, 1.3002340769356713], [-1.4028577002652836, 1.393321978815357], [-0.7168216464527583, 0.5590968532319016], [-0.7857143967286861, 2.7073977753677876], [-0.5275743359844131, 2.438774607923275], [-0.9437099428352796, 0.8135859834141277]], "mse": 0.5438645394638114, "vol": 63004.388172781706, "inc": 512, "msevvol": 8.632169206569081e-06, "msevinc": 0.0010622354286402567}, "1": {"beta": [0.13399634265471452, 0.19408666009693162, 0.07731779707440138, 0.07925927230063624, 0.17079301228678168, 0.473912674277023, 0.01294944929280473, -0.01162672331984225, 0.019295673570325217, -0.047921628136116626, 0.04502284932559838, -0.03140832915592087, 0.035050388692644534, -0.035663796468828855, -0.07250387887110156, 0.03778753025829417, -0.1209921578711652], "R": [[-0.09999999999999998, 1.0], [-0.09999999999999998, 1.0], [-0.09999999999999998, 1.0], [-0.1, 1.0], [-0.1, 1.0], [-1.3106490965442914, 7.308664912350221], [-1.076292805095683, 1.024282873724542], [-2.151039691244473, -0.3331100172071344], [-2.4821366099920725, 2.31791943291289], [-1.4180186531120405, 0.9982166143618095], [-1.0159391370594286, 0.5281763389373046], [-1.4028577002652836, 0.6229849276494595], [-0.7168216464527583, 3.304913477522386], [-0.7857143967286861, 2.7073977753677876], [-0.5275743359844131, 2.438774607923275], [-0.9437099428352796, 0.8135859834141277]], "mse": 0.6874234691248796, "vol": 140836.64929273052, "inc": 677, "msevvol": 4.880998465790409e-06, "msevinc": 0.001015396557052998}, "2": {"beta": [0.14208927554147535, 0.21238651250266288, 0.11688970886225591, 0.09074090108712028, 0.1994746528105861, 0.45870528705955516, -0.004574469670054285, -0.053809411425132826, 0.008485693575320457, -0.050355176865505544, 0.06026146308515113, -0.032811883739758095, 0.06146707918472136, -0.04565776911736298, -0.11867512427138432, 0.040650751212324636, -0.18296389868440263], "R": [[-0.09999999999999998, 1.0], [-0.09999999999999998, 1.0], [-0.09999999999999998, 1.0], [-0.1, 1.0], [-0.1, 1.0], [-1.3106490965442914, 7.308664912350221], [-1.076292805095683, 1.024282873724542], [-2.151039691244473, -0.3331100172071344], [-0.9934178623585472, 2.31791943291289], [-1.4180186531120405, 0.9982166143618095], [-1.0159391370594286, 0.5281763389373046], [-1.4028577002652836, 0.6229849276494595], [-0.7168216464527583, 3.304913477522386], [-0.7857143967286861, 2.7073977753677876], [-0.5275743359844131, 2.438774607923275], [-0.9437099428352796, 0.8135859834141277]], "mse": 0.6994509439877459, "vol": 97156.70924997066, "inc": 590, "msevvol": 7.199203733713913e-06, "msevinc": 0.0011855100745555014}}