{"0": {"beta": [-0.023282022170001786, -0.04291615834704646, -0.07908303240233892, -0.06007643623388046, -0.14038508381287154, 0.49271118696682015, 0.11829700357687103, -0.06722817046405313, 0.1455128525743104, 0.011299150803005113, -0.021269854303775385, 0.07530129355744526, 0.06378241238602071, -0.06756934962639996, -0.053858345471528034, -0.06676682096272678, 0.030517084953694977], "R": [[-0.1, 1.1], [-0.1, 1.1], [-0.1, 1.0], [-0.09999999999999998, 1.0], [-0.10000000000000003, 1.0], [-3.635124169290923, 0.42335131097727985], [-0.9769183989499992, 1.1236269488575596], [-0.2974823586773676, 2.2086911918797814], [-0.5204834840495819, 1.4911950988347822], [-1.517848309229576, 0.9981412909820018], [-1.0156236700578178, 1.300097643856932], [-1.4026371056557283, 1.0075418146478838], [-0.7169950228232279, 3.3032634050648815], [-0.7856874150981881, 0.8341938086272257], [-0.527513004764509, 2.439110129645856], [-0.9436399543409112, 0.8139641770525375]], "mse": 0.5308424875849609, "vol": 39279.89109750105, "inc": 494, "msevvol": 1.3514357416808943e-05, "msevinc": 0.0010745799343825119}, "1": {"beta": [-0.07606877732952011, -0.05933630871121119, -0.07995650881522393, -0.05886684498930964, -0.05308123145642938, 0.4739325436941519, 0.10881063772911129, -0.10562027304786138, 0.052001815915745875, -0.01747380588820058, 0.013334873225586987, 0.06206473805312716, -0.013685790855581406, 0.019263054795319184, 0.0875627913506806, -0.08067795114301773, 0.1672742614074492], "R": [[-0.1, 1.0], [-0.1, 1.0], [-0.1, 1.0], [-0.09999999999999998, 1.0], [-0.10000000000000003, 1.0], [-3.635124169290923, 1.7579230443248457], [-0.9769183989499992, 1.1236269488575596], [-0.032745716012879456, 1.3615339353534233], [-2.482619941225386, 2.3173220832340404], [-1.517848309229576, 0.9981412909820018], [-1.0156236700578178, 2.172004748495182], [-1.4026371056557283, 0.2374821745466797], [-0.7169950228232279, 3.3032634050648815], [-0.7856874150981881, 2.7073885696402087], [-0.527513004764509, 2.439110129645856], [-0.9436399543409112, 2.571568308445986]], "mse": 0.6326176276282874, "vol": 235203.0775454489, "inc": 686, "msevvol": 2.689665603997231e-06, "msevinc": 0.0009221831306534803}, "2": {"beta": [-0.0699747237073765, -0.010266322286307125, -0.05468651368977342, -0.03981909268871645, -0.0060329362379082565, 0.5865992738198813, 0.16769823199323006, -0.0918673898829634, 0.12347502808718631, 0.05414599418318679, -0.01464431174956741, 0.04922422202997676, -0.024460044576491754, -0.02047008865705986, 0.004062346329617665, -0.06771117511696755, 0.12429091362150799], "R": [[-0.1, 1.0], [-0.1, 1.0], [-0.1, 1.0], [-0.09999999999999998, 1.0], [-0.10000000000000003, 1.0], [-3.635124169290923, 0.8175831547264396], [-0.9769183989499992, 1.1236269488575596], [-0.032745716012879456, 1.3615339353534233], [-0.5754253110339419, 2.3173220832340404], [-1.517848309229576, 0.9981412909820018], [-1.0156236700578178, 2.172004748495182], [-1.4026371056557283, 0.2374821745466797], [-0.7169950228232279, 2.6155313392359414], [-0.7856874150981881, 2.7073885696402087], [-0.527513004764509, 2.439110129645856], [-0.9436399543409112, 1.6427662427492615]], "mse": 0.4430000217463726, "vol": 71379.37503478129, "inc": 373, "msevvol": 6.2062748732460936e-06, "msevinc": 0.0011876676186229828}}