{"0": {"beta": [0.09428562867904955, 0.08161041692906496, 0.19934947033253564, 0.101021347246481, 0.24148692459692953, 0.5272683225168435, 0.003233534148831717, -0.07437588160038562, 0.10936874510254811, -0.032626834394536695, 0.021905491658927728, -0.08179735927231299, 0.09061904025153153, -0.06842005861255862, -0.04011083464371734, 0.06818749678687384, -0.22090522447100652], "R": [[-0.1, 1.1], [-0.1, 1.1], [-0.1, 1.1], [-0.10000000000000003, 1.1], [-0.1, 1.1], [-2.679562738466629, 7.308664912350221], [-0.9762928050956831, 1.1242828737245418], [-1.1803005449138566, 2.6261580138030496], [-1.305463445588917, 2.31791943291289], [-1.5180186531120405, 1.8036283701864262], [-1.0159391370594286, 2.172291814934038], [-1.4028577002652836, 6.115344285810739], [0.8530764781530662, 3.304913477522386], [0.3275508869933057, 2.7073977753677876], [-0.4275743359844131, 2.438774607923275], [-0.9437099428352795, 2.570881909663535]], "mse": 0.6796999009975286, "vol": 3370001.8618389126, "inc": 335, "msevvol": 2.0169125385190026e-07, "msevinc": 0.002028954928350832}, "1": {"beta": [-0.16297555328274096, -0.09900931732803295, -0.13765599945179455, -0.11259871925596159, -0.005393853194627596, 0.47643773219485563, 0.009672136902283641, -0.1333679582346664, 0.17187584289675886, -0.007982171089015179, -0.05920591522150738, -0.1238009300879859, 0.06093664310380755, -0.14684510183766142, -0.026923868157339416, -0.019929045973104752, 0.3091090992230377], "R": [[-0.1, 1.1], [-0.1, 1.1], [-0.1, 1.0], [-0.10000000000000003, 1.1], [-0.1, 1.0], [-2.5234161171426313, 1.2908110248009135], [-0.9762928050956831, 1.1242828737245418], [-0.792004886381608, 2.6261580138030496], [-0.23949880027730408, 2.31791943291289], [-1.5180186531120405, 2.709040126011043], [-1.0159391370594286, 1.3002340769356713], [-0.14735212351643756, 3.3191646067300997], [-0.6168216464527583, 3.304913477522386], [0.3275508869933057, 2.7073977753677876], [-0.4275743359844131, 2.438774607923275], [-0.9437099428352795, 2.570881909663535]], "mse": 0.7453274566471983, "vol": 467307.08027094504, "inc": 243, "msevvol": 1.594941502309481e-06, "msevinc": 0.0030671911796181003}, "2": {"beta": [-0.35998165128694304, -0.20405088593652385, -0.03504267518934915, -0.05182439642678479, 0.05625832349394931, 0.5761038664604328, 0.00264375925061065, -0.14282870312819254, 0.295928632789668, -0.04471056167099373, -0.0021319061312165175, -0.16435439025211718, 0.05718012997234537, -0.12222058791255715, 0.008794755475683097, -0.05524945600149243, 0.24632009400616145], "R": [[-0.1, 1.1], [-0.1, 1.1], [-0.1, 1.0], [-0.10000000000000003, 1.1], [-0.1, 1.0], [-2.5234161171426313, 1.2908110248009135], [-0.9762928050956831, 1.1242828737245418], [-0.792004886381608, 2.6261580138030496], [-0.23949880027730408, 2.31791943291289], [-1.5180186531120405, 2.709040126011043], [-1.0159391370594286, 1.3002340769356713], [-0.14735212351643756, 3.3191646067300997], [0.5590968532319014, 3.304913477522386], [0.3275508869933057, 2.7073977753677876], [-0.4275743359844131, 2.438774607923275], [-0.9437099428352795, 2.570881909663535]], "mse": 0.6987730192075318, "vol": 327186.69392337603, "inc": 129, "msevvol": 2.135701213360399e-06, "msevinc": 0.005416845110135905}}