{"0": {"beta": [-0.06848911525316934, -0.01495590075138978, -0.06678986748383574, -0.10467289478571241, -0.11718667463952803, 0.5532589895875698, 0.11164317287333592, 0.018850767595058014, 0.13556747848286593, -0.017793564440283748, -0.01242571950495134, 0.03468841541867327, 0.06928182583563264, -0.04683906438842868, 0.049767675318479324, -0.0751919708321776, 0.05317738839574933], "R": [[-0.09999999999999998, 1.1], [-0.1, 1.0], [-0.09999999999999998, 1.0], [-0.1, 1.0], [-0.1, 1.0], [-3.6351241692909233, 0.6333928670731435], [-0.9769183989499992, 1.1236269488575596], [-0.8093065344953754, 1.979252768237227], [-0.49163826998151194, 2.3173220832340404], [-0.6125184424923834, 0.9981412909820018], [-1.7875307746960678, 2.172004748495182], [-1.4026371056557283, 1.0075418146478838], [-0.7169950228232278, 1.1462011746635918], [-0.6856874150981881, 2.1007614950650706], [-0.527513004764509, 2.439110129645856], [-0.9436399543409113, 2.571568308445986]], "mse": 0.5641479067551999, "vol": 102684.9991888058, "inc": 562, "msevvol": 5.4939661217497526e-06, "msevinc": 0.0010038218981409251}, "1": {"beta": [-0.037843416236930834, -0.03456826843660947, -0.028122697994278353, -0.03137662326598573, -0.02661275933712545, 0.5461151768228762, 0.08336157206256987, -0.014375061919854649, 0.10380989760816052, -0.0015371589165226805, 0.021471394820287676, -0.00881782605248421, -0.022291424950498195, 0.009396314782597594, 0.028365762204218554, -0.08367840929080515, -0.016184252981673107], "R": [[-0.09999999999999998, 1.0], [-0.1, 1.0], [-0.09999999999999998, 1.0], [-0.1, 1.0], [-0.1, 1.0], [-3.6351241692909233, 9.745791327863362], [-0.9769183989499992, 1.1236269488575596], [-2.2506388573287786, 1.3085866068205239], [-0.5118977523895822, 2.3173220832340404], [-1.417848309229576, 2.708801024456387], [-1.887530774696068, 2.172004748495182], [-1.4026371056557283, 3.3177207349514957], [-0.6169950228232279, 1.7339332404925316], [-0.7856874150981881, 2.6073885696402086], [-0.527513004764509, 2.439110129645856], [-0.9436399543409113, 1.6427662427492618]], "mse": 0.6622062653067964, "vol": 2206197.6536684753, "inc": 1327, "msevvol": 3.00157270227206e-07, "msevinc": 0.0004990250680533507}, "2": {"beta": [-0.04527899384109839, -0.023033638197279733, -0.03609662691106699, -0.016988209198215105, -0.04131015871229674, 0.5504289514848938, 0.08387553161807611, -0.03388485489527049, 0.109472689278352, -0.013621883073483866, 0.016737645811441996, 0.0025987607507409844, -0.0343371030017251, 0.03970200705581355, 0.013638587864873061, -0.08221069287327737, -0.0115329243482676], "R": [[-0.09999999999999998, 1.0], [-0.1, 1.0], [-0.09999999999999998, 1.0], [-0.1, 1.0], [-0.1, 1.0], [-3.6351241692909233, 9.745791327863362], [-0.9769183989499992, 1.1236269488575596], [-1.232885162758556, 1.3085866068205239], [-0.5118977523895822, 2.3173220832340404], [-1.417848309229576, 1.8034711577191946], [-1.887530774696068, 2.172004748495182], [-1.4026371056557283, 3.3177207349514957], [-0.6169950228232279, 1.7339332404925316], [-0.7856874150981881, 1.3408208832023638], [-0.527513004764509, 2.439110129645856], [-0.9436399543409113, 1.6427662427492618]], "mse": 0.6217397773154288, "vol": 770697.4751150111, "inc": 1046, "msevvol": 8.06723516542787e-07, "msevinc": 0.0005943974926533737}}