{"0": {"beta": [-0.16318762491001776, -0.05622220448085265, 0.07995154368380647, 0.6849809015268187, -0.32728735152821276, -0.47432853625873667, -0.3659817315093208, 0.20891646771277395, -0.03404466105118673, 0.027366700600938182, -0.5326545643980344, 0.6807996925616193], "R": [[-2.7959321704778626, 6.122627160047834], [-2.746572466088649, 3.5331412060101], [-2.877433136057892, 5.334375481884963], [-2.4563033545612583, 4.986747718998426], [-2.4742496470777513, 5.631750263799668], [-2.4625655054554576, 2.672624983201624], [-1.8982079757067627, 3.6099946272353787], [-3.452326015876494, 4.224581498035601], [-0.688649780344704, 1.7988029782571497], [-1.5448575338251727, 0.7921097593287006], [-0.9615978541703436, 1.139935764897052]], "mse": 0.707490649044716, "vol": 73608429.48423466, "inc": 102, "msevvol": 9.61154386803274e-09, "msevinc": 0.006936182833771726}, "1": {"beta": [-0.3244577640771218, 0.1132521349065825, 0.4011690744063525, 0.08938336751413252, 0.22021898357943367, -0.2769624626968668, -0.3691872704646524, 0.09024604608900846, -0.0961116248969614, -0.05681963743957351, 0.11308566808563654, -0.11561288448181893], "R": [[-2.7959321704778626, 6.122627160047834], [-2.746572466088649, 1.406569981977184], [-0.8923016965419263, 1.9353954627320225], [-0.2868601906870625, 1.610129376197617], [-2.4742496470777513, 5.631750263799668], [-2.4625655054554576, 2.672624983201624], [-0.05338212011004029, 3.6099946272353787], [-0.8720057348191157, 0.09855437515985799], [-0.688649780344704, 1.6988029782571497], [-1.4448575338251726, 0.7921097593287006], [-1.0615978541703437, 1.139935764897052]], "mse": 1.1626518534123509, "vol": 345745.30313402676, "inc": 22, "msevvol": 3.3627408467257e-06, "msevinc": 0.05284781151874322}, "2": {"beta": [0.03282920725641086, -0.28571121816579326, 0.23779907063404293, -0.06407614134526014, 0.31708761567202204, -0.10586651495030452, -0.1914508933662618, 0.07154407840776884, -0.277872571600711, -0.19058120863332928, -0.5673239589272542, 0.46813587112673544], "R": [[-2.7959321704778626, 6.122627160047834], [-2.746572466088649, 1.406569981977184], [-0.8923016965419263, 1.9353954627320225], [-0.2868601906870625, 1.610129376197617], [-2.4742496470777513, 5.631750263799668], [-2.4625655054554576, 2.672624983201624], [-0.05338212011004029, 3.6099946272353787], [-0.8720057348191157, 0.09855437515985799], [-0.688649780344704, 1.6988029782571497], [-1.4448575338251726, 0.7921097593287006], [-0.9615978541703436, 1.139935764897052]], "mse": 1.3502911896861263, "vol": 330040.55531007616, "inc": 10, "msevvol": 4.091288685469321e-06, "msevinc": 0.13502911896861264}}