{"0": {"beta": [-0.8059950613116307, 0.22759725285807217, 0.7206048837160145, 0.3864338306193745, -0.20780937810396982, 0.019201201857878623, -0.22366842005359416, 0.4101518634423302, -0.09844850703931092, -0.14420999530052134, 0.5879505045842, -0.75], "R": [[-2.7959321704778626, 2.286101732679678], [-2.746572466088649, 3.5331412060101], [-0.8923016965419263, 1.9353954627320225], [-0.2868601906870625, 4.986747718998426], [-2.4742496470777513, 5.631750263799668], [-2.4625655054554576, 2.672624983201624], [-0.05338212011004029, 3.6099946272353787], [-0.8720057348191157, 0.09855437515985799], [-0.688649780344704, 1.6988029782571497], [-1.4448575338251726, 0.7921097593287006], [-0.9615978541703436, 1.139935764897052]], "mse": 1.040721833560032, "vol": 790525.8414425087, "inc": 11, "msevvol": 1.3164931226801885e-06, "msevinc": 0.09461107577818471}, "1": {"beta": [0.0328292072564106, -0.28571121816579204, 0.23779907063404276, -0.06407614134525821, 0.31708761567202104, -0.10586651495030572, -0.19145089336626195, 0.0715440784077692, -0.27787257160071127, -0.1905812086333288, 0.9816087810938322, -1.1426546826411796], "R": [[-2.7959321704778626, 6.122627160047834], [-2.746572466088649, 1.406569981977184], [-0.8923016965419263, 1.9353954627320225], [-0.2868601906870625, 1.610129376197617], [-2.4742496470777513, 5.631750263799668], [-2.4625655054554576, 2.672624983201624], [-0.05338212011004029, 3.6099946272353787], [-0.8720057348191157, 0.09855437515985799], [-0.688649780344704, 1.6988029782571497], [-1.4448575338251726, 0.7921097593287006], [-0.9615978541703436, 1.139935764897052]], "mse": 1.3502911896861263, "vol": 330040.55531007616, "inc": 10, "msevvol": 4.091288685469321e-06, "msevinc": 0.13502911896861264}, "2": {"beta": [0.0328292072564106, -0.28571121816579204, 0.23779907063404276, -0.06407614134525821, 0.31708761567202104, -0.10586651495030572, -0.19145089336626195, 0.0715440784077692, -0.27787257160071127, -0.1905812086333288, 0.9816087810938322, -1.1426546826411796], "R": [[-2.7959321704778626, 6.122627160047834], [-2.746572466088649, 1.406569981977184], [-0.8923016965419263, 1.9353954627320225], [-0.2868601906870625, 1.610129376197617], [-2.4742496470777513, 5.631750263799668], [-2.4625655054554576, 2.672624983201624], [-0.05338212011004029, 3.6099946272353787], [-0.8720057348191157, 0.09855437515985799], [-0.688649780344704, 1.6988029782571497], [-1.4448575338251726, 0.7921097593287006], [-0.9615978541703436, 1.139935764897052]], "mse": 1.3502911896861263, "vol": 330040.55531007616, "inc": 10, "msevvol": 4.091288685469321e-06, "msevinc": 0.13502911896861264}}