{"0": {"beta": [-0.3635303963199794, 0.11087371133842407, 0.26308607773452936, 0.25069852020425387, -0.13049282530180645, -0.23774721351150532, -0.40451764927188105, 0.3098933744254913, -0.12000436680290032, 0.08892131112175523, 1.08598787789684, -0.9166666666666666], "R": [[-2.7959321704778626, 6.122627160047834], [-1.6332868540721908, 3.5331412060101], [-2.877433136057892, 5.334375481884963], [-2.4563033545612583, 4.986747718998426], [-2.4742496470777513, 5.631750263799668], [-1.5400337573459435, 2.672624983201624], [-0.9380825539337306, 3.6099946272353787], [-3.452326015876494, 0.3142343995996292], [-0.688649780344704, 1.7988029782571497], [-1.4448575338251726, 0.7921097593287006], [-0.9615978541703436, 1.139935764897052]], "mse": 0.5762333894520162, "vol": 19264660.775809728, "inc": 48, "msevvol": 2.991142154839195e-08, "msevinc": 0.012004862280250337}, "1": {"beta": [-0.3244577640771211, 0.11325213490658212, 0.4011690744063521, 0.08938336751413258, 0.22021898357943362, -0.27696246269686714, -0.3691872704646518, 0.0902460460890084, -0.09611162489696137, -0.05681963743957343, 0.11308566808563635, -0.11561288448181924], "R": [[-2.7959321704778626, 6.122627160047834], [-2.746572466088649, 1.406569981977184], [-0.8923016965419263, 1.9353954627320225], [-0.2868601906870625, 1.610129376197617], [-2.4742496470777513, 5.631750263799668], [-2.4625655054554576, 2.672624983201624], [-0.05338212011004029, 3.6099946272353787], [-0.8720057348191157, 0.09855437515985799], [-0.688649780344704, 1.6988029782571497], [-1.4448575338251726, 0.7921097593287006], [-1.0615978541703437, 1.139935764897052]], "mse": 1.1626518534123509, "vol": 345745.30313402676, "inc": 22, "msevvol": 3.3627408467257e-06, "msevinc": 0.05284781151874322}, "2": {"beta": [0.0328292072564106, -0.28571121816579204, 0.23779907063404276, -0.06407614134525821, 0.31708761567202104, -0.10586651495030572, -0.19145089336626195, 0.0715440784077692, -0.27787257160071127, -0.1905812086333288, 0.9816087810938322, -1.1426546826411796], "R": [[-2.7959321704778626, 6.122627160047834], [-2.746572466088649, 1.406569981977184], [-0.8923016965419263, 1.9353954627320225], [-0.2868601906870625, 1.610129376197617], [-2.4742496470777513, 5.631750263799668], [-2.4625655054554576, 2.672624983201624], [-0.05338212011004029, 3.6099946272353787], [-0.8720057348191157, 0.09855437515985799], [-0.688649780344704, 1.6988029782571497], [-1.4448575338251726, 0.7921097593287006], [-0.9615978541703436, 1.139935764897052]], "mse": 1.3502911896861263, "vol": 330040.55531007616, "inc": 10, "msevvol": 4.091288685469321e-06, "msevinc": 0.13502911896861264}}