{"0": {"beta": [-0.12699949075067285, 0.08898758107217354, 0.2596411685589362, 0.2883677264220984, -0.2228429182453685, -0.16801596706983915, -0.4639941766792038, 0.13488230742761853, 0.019323992624182152, 0.1489977837054101, 0.13622070933930455, -0.12778862993338655], "R": [[-2.7959321704778626, 6.122627160047834], [-0.9577631127278852, 1.7443318526493365], [-0.42101883666293477, 1.9353954627320225], [-2.4563033545612583, 4.986747718998426], [-0.7271663323116218, 5.631750263799668], [-1.1287678832911867, 2.672624983201624], [-1.898207975706763, 0.6715807353843732], [-3.452326015876494, 1.2488478388386415], [-0.688649780344704, 1.6988029782571499], [-1.4448575338251728, 0.7921097593287006], [-1.0615978541703437, 1.039935764897052]], "mse": 0.5708219577856642, "vol": 1385346.2679149075, "inc": 89, "msevvol": 4.120428018655665e-07, "msevinc": 0.006413729862760272}, "1": {"beta": [-1.016674362839496, 0.7852883752651745, 0.6551262360436645, 0.2195443271792663, 0.09774725853752744, -0.08953453820741118, -0.6092339329819307, 0.16325619964110274, -0.08316121189389686, 0.2605537541471955, 0.13691463482173338, -0.12541369562741916], "R": [[-2.7959321704778626, 6.122627160047834], [-0.9577631127278852, 0.3932843699607257], [-0.42101883666293477, 1.9353954627320225], [-2.4563033545612583, 4.986747718998426], [-0.7271663323116218, 5.631750263799668], [-0.7175020092364299, 2.672624983201624], [-1.0486701081616918, 0.6715807353843732], [-3.452326015876494, 0.8893811314390216], [-0.688649780344704, 1.6988029782571499], [-1.4448575338251728, 0.7921097593287006], [-1.0615978541703437, 1.039935764897052]], "mse": 0.535942694816846, "vol": 381900.4162973073, "inc": 58, "msevvol": 1.4033571893245009e-06, "msevinc": 0.00924039128994562}, "2": {"beta": [-1.016674362839496, 0.7852883752651745, 0.6551262360436645, 0.2195443271792663, 0.09774725853752744, -0.08953453820741118, -0.6092339329819307, 0.16325619964110274, -0.08316121189389686, 0.2605537541471955, 0.13691463482173338, -0.12541369562741916], "R": [[-2.7959321704778626, 6.122627160047834], [-0.9577631127278852, 0.3932843699607257], [-0.42101883666293477, 1.9353954627320225], [-2.4563033545612583, 4.986747718998426], [-0.7271663323116218, 5.631750263799668], [-0.7175020092364299, 2.672624983201624], [-1.0486701081616918, 0.6715807353843732], [-3.452326015876494, 0.8893811314390216], [-0.688649780344704, 1.6988029782571499], [-1.4448575338251728, 0.7921097593287006], [-1.0615978541703437, 1.039935764897052]], "mse": 0.535942694816846, "vol": 381900.4162973073, "inc": 58, "msevvol": 1.4033571893245009e-06, "msevinc": 0.00924039128994562}}