{"0": {"beta": [-0.16803298005880266, -0.17685173465250104, 0.14298514346083238, 0.6792601609485669, -0.262988899123581, -0.36343237346847285, -0.24216397905354894, 0.20215830189299983, 0.0017000892170908337, 0.1595947650965849, 0.08803984689236707, 0.08416576922134449], "R": [[-2.7959321704778626, 6.122627160047834], [-2.746572466088649, 0.7310462406328785], [-1.3635845564209177, 5.334375481884963], [-2.4563033545612583, 4.986747718998426], [-1.0565829952648478, 0.5905003195012815], [-2.462565505455457, 0.9275614869825971], [-1.898207975706763, 0.5364181691057528], [-3.352326015876494, 0.8893811314390216], [-0.688649780344704, 1.6988029782571497], [-1.4448575338251728, 0.7921097593287006], [-1.0615978541703437, 1.0399357648970522]], "mse": 0.7430985453692862, "vol": 1000703.642428948, "inc": 84, "msevvol": 7.425760373626778e-07, "msevinc": 0.008846411254396265}, "1": {"beta": [-1.38196476108737, 0.3944752473748553, 0.3360424733852873, 1.4479399401597017, -0.6285151728531768, -0.47851792707102014, -0.39402647671937, 0.4691190811448358, 0.028490522608690182, 0.2352973791600402, 0.13824793197014984, -0.0865267858581485], "R": [[-2.7959321704778626, 6.122627160047834], [-0.9577631127278852, 0.3932843699607257], [-0.8923016965419263, 0.521546883095048], [-2.4563033545612583, 4.986747718998426], [-2.4742496470777513, 0.2610836565480556], [-0.7175020092364299, 2.6726249832016244], [-1.898207975706763, -0.22540720446464646], [-0.9079524055590782, 0.24234105811970544], [-0.688649780344704, 1.6988029782571497], [-1.4448575338251728, 0.7921097593287006], [-1.0615978541703437, 1.0399357648970522]], "mse": 0.6205093236529615, "vol": 25393.880565189258, "inc": 16, "msevvol": 2.4435387969161967e-05, "msevinc": 0.038781832728310095}, "2": {"beta": [-1.38196476108737, 0.3944752473748553, 0.3360424733852873, 1.4479399401597017, -0.6285151728531768, -0.47851792707102014, -0.39402647671937, 0.4691190811448358, 0.028490522608690182, 0.2352973791600402, 0.13824793197014984, -0.0865267858581485], "R": [[-2.7959321704778626, 6.122627160047834], [-0.9577631127278852, 0.3932843699607257], [-0.8923016965419263, 0.521546883095048], [-2.4563033545612583, 4.986747718998426], [-2.4742496470777513, 0.2610836565480556], [-0.7175020092364299, 2.6726249832016244], [-1.898207975706763, -0.22540720446464646], [-0.9079524055590782, 0.24234105811970544], [-0.688649780344704, 1.6988029782571497], [-1.4448575338251728, 0.7921097593287006], [-1.0615978541703437, 1.0399357648970522]], "mse": 0.6205093236529615, "vol": 25393.880565189258, "inc": 16, "msevvol": 2.4435387969161967e-05, "msevinc": 0.038781832728310095}}