{"0": {"beta": [-0.1558738365312812, -0.15602233855040107, 0.046705187418136215, 0.7581487241452103, -0.4081612964349192, -0.43026522815291735, -0.244166252841639, 0.16731413629426573, -0.019865441048605582, 0.11421868476270709, 0.06539003399535102, 0.029643272010751995], "R": [[-2.7959321704778626, 6.122627160047834], [-2.746572466088649, 0.7310462406328785], [-2.877433136057892, 5.334375481884963], [-2.4563033545612583, 0.9203149882395518], [-1.0565829952648478, 1.249333645407733], [-2.462565505455457, 2.6726249832016244], [-1.898207975706763, 0.5364181691057528], [-3.452326015876494, 1.0691144851388317], [-0.688649780344704, 1.6988029782571497], [-1.4448575338251728, 0.7921097593287006], [-1.0615978541703437, 1.0399357648970522]], "mse": 0.6548162253285865, "vol": 1258164.682853235, "inc": 97, "msevvol": 5.204535099837728e-07, "msevinc": 0.006750682735346253}, "1": {"beta": [-1.3819647610873613, 0.39447524737485024, 0.3360424733852838, 1.447939940159694, -0.6285151728531729, -0.47851792707101576, -0.39402647671936974, 0.4691190811448358, 0.028490522608690075, 0.2352973791600399, 0.13824793197015026, -0.08652678585814748], "R": [[-2.7959321704778626, 6.122627160047834], [-0.9577631127278852, 0.3932843699607257], [-0.8923016965419263, 0.521546883095048], [-2.4563033545612583, 4.986747718998426], [-2.4742496470777513, 0.2610836565480556], [-0.7175020092364299, 2.6726249832016244], [-1.898207975706763, -0.22540720446464646], [-0.9079524055590782, 0.24234105811970544], [-0.688649780344704, 1.6988029782571497], [-1.4448575338251728, 0.7921097593287006], [-1.0615978541703437, 1.0399357648970522]], "mse": 0.6205093236529606, "vol": 25393.880565189258, "inc": 16, "msevvol": 2.4435387969161933e-05, "msevinc": 0.03878183272831004}, "2": {"beta": [-1.3819647610873613, 0.39447524737485024, 0.3360424733852838, 1.447939940159694, -0.6285151728531729, -0.47851792707101576, -0.39402647671936974, 0.4691190811448358, 0.028490522608690075, 0.2352973791600399, 0.13824793197015026, -0.08652678585814748], "R": [[-2.7959321704778626, 6.122627160047834], [-0.9577631127278852, 0.3932843699607257], [-0.8923016965419263, 0.521546883095048], [-2.4563033545612583, 4.986747718998426], [-2.4742496470777513, 0.2610836565480556], [-0.7175020092364299, 2.6726249832016244], [-1.898207975706763, -0.22540720446464646], [-0.9079524055590782, 0.24234105811970544], [-0.688649780344704, 1.6988029782571497], [-1.4448575338251728, 0.7921097593287006], [-1.0615978541703437, 1.0399357648970522]], "mse": 0.6205093236529606, "vol": 25393.880565189258, "inc": 16, "msevvol": 2.4435387969161933e-05, "msevinc": 0.03878183272831004}}