{"0": {"beta": [0.1807923004558306, -0.22216903203070204, -0.09482529806332937, 0.5658480787400184, -0.3048844142110617, -0.4028597765435035, -0.3633061157433209, 0.1971919647277533, -0.019910684549009267, 0.07978214040915235, 0.11027687108376832, 0.024756574394939224], "R": [[-2.7959321704778626, 6.122627160047834], [-2.746572466088649, 3.5331412060101006], [-2.877433136057892, 5.334375481884963], [-2.4563033545612583, 4.986747718998426], [-2.4742496470777513, 5.631750263799668], [-2.462565505455457, 2.6726249832016244], [-1.898207975706763, 0.8804683378149654], [-3.452326015876494, 1.931834582897919], [-0.688649780344704, 1.7988029782571497], [-1.4448575338251728, 0.7921097593287006], [-1.0615978541703437, 1.1399357648970518]], "mse": 0.7020089321672898, "vol": 26114594.187199283, "inc": 229, "msevvol": 2.6881862575961332e-08, "msevinc": 0.0030655411885034487}, "1": {"beta": [-1.3819647610873613, 0.39447524737485024, 0.3360424733852838, 1.447939940159694, -0.6285151728531729, -0.47851792707101576, -0.39402647671936974, 0.4691190811448358, 0.028490522608690075, 0.2352973791600399, 0.13824793197015026, -0.08652678585814748], "R": [[-2.7959321704778626, 6.122627160047834], [-0.9577631127278852, 0.3932843699607257], [-0.8923016965419263, 0.521546883095048], [-2.4563033545612583, 4.986747718998426], [-2.4742496470777513, 0.2610836565480556], [-0.7175020092364299, 2.6726249832016244], [-1.898207975706763, -0.22540720446464646], [-0.9079524055590782, 0.24234105811970544], [-0.688649780344704, 1.6988029782571497], [-1.4448575338251728, 0.7921097593287006], [-1.0615978541703437, 1.0399357648970522]], "mse": 0.4806608768742353, "vol": 25393.880565189258, "inc": 24, "msevvol": 1.892821680563232e-05, "msevinc": 0.02002753653642647}, "2": {"beta": [-1.3819647610873613, 0.39447524737485024, 0.3360424733852838, 1.447939940159694, -0.6285151728531729, -0.47851792707101576, -0.39402647671936974, 0.4691190811448358, 0.028490522608690075, 0.2352973791600399, 0.13824793197015026, -0.08652678585814748], "R": [[-2.7959321704778626, 6.122627160047834], [-0.9577631127278852, 0.3932843699607257], [-0.8923016965419263, 0.521546883095048], [-2.4563033545612583, 4.986747718998426], [-2.4742496470777513, 0.2610836565480556], [-0.7175020092364299, 2.6726249832016244], [-1.898207975706763, -0.22540720446464646], [-0.9079524055590782, 0.24234105811970544], [-0.688649780344704, 1.6988029782571497], [-1.4448575338251728, 0.7921097593287006], [-1.0615978541703437, 1.0399357648970522]], "mse": 0.4806608768742353, "vol": 25393.880565189258, "inc": 24, "msevvol": 1.892821680563232e-05, "msevinc": 0.02002753653642647}}