{"0": {"beta": [0.049446980024690355, 0.1656599734983494, 0.039580935739783114, -0.05987112992854334, 0.09123503231746688, 0.07187967780656256], "R": [[-1.3767654645611844, 3.615181352813236], [-1.761779282579846, 0.9121829326680108], [-1.310910811246963, -0.06293264072788851], [-0.5313915329587728, 2.4180798036097926], [-1.0217648016985406, 1.0848754456205048]], "mse": 0.9910894893713106, "vol": 103.5062946520958, "inc": 116, "msevvol": 0.009575161517495621, "msevinc": 0.008543874908373368}, "1": {"beta": [4.203694094148489, 0.3582198131368287, 0.33572911480809414, 5.336546083727419, -0.06628439395345181, 6.20167156544756], "R": [[-0.9573023434028897, -0.8934097191712308], [-1.761779282579846, 0.9121829326680108], [-1.310910811246963, 2.3330237003102603], [-0.5313915329587728, 2.4180798036097926], [-1.0217648016985406, 1.1848754456205048]], "mse": 19.73218521349197, "vol": 4.051839841680925, "inc": 14, "msevvol": 4.8699321751340445, "msevinc": 1.4094418009637122}, "2": {"beta": [4.203694094148489, 0.3582198131368287, 0.33572911480809414, 5.336546083727419, -0.06628439395345181, 6.20167156544756], "R": [[-0.9573023434028897, -0.8934097191712308], [-1.761779282579846, 0.9121829326680108], [-1.310910811246963, 2.3330237003102603], [-0.5313915329587728, 2.4180798036097926], [-1.0217648016985406, 1.1848754456205048]], "mse": 19.73218521349197, "vol": 4.051839841680925, "inc": 14, "msevvol": 4.8699321751340445, "msevinc": 1.4094418009637122}}