{"0": {"beta": [4.203694094147964, 0.3582198131368256, 0.33572911480810547, 10.040474332670561, -0.06628439395344995, 8.230906383686746], "R": [[-0.9573023434028897, -0.8934097191712308], [-1.761779282579846, 0.9121829326680108], [-1.310910811246963, 2.3330237003102603], [-0.5313915329587728, 2.4180798036097926], [-1.0217648016985406, 1.1848754456205048]], "mse": 61.1972373931133, "vol": 4.051839841680925, "inc": 14, "msevvol": 15.103567708570962, "msevinc": 4.371231242365235}, "1": {"beta": [4.203694094147964, 0.3582198131368256, 0.33572911480810547, 10.040474332670561, -0.06628439395344995, 8.230906383686746], "R": [[-0.9573023434028897, -0.8934097191712308], [-1.761779282579846, 0.9121829326680108], [-1.310910811246963, 2.3330237003102603], [-0.5313915329587728, 2.4180798036097926], [-1.0217648016985406, 1.1848754456205048]], "mse": 61.1972373931133, "vol": 4.051839841680925, "inc": 14, "msevvol": 15.103567708570962, "msevinc": 4.371231242365235}, "2": {"beta": [4.203694094147964, 0.3582198131368256, 0.33572911480810547, 10.040474332670561, -0.06628439395344995, 8.230906383686746], "R": [[-0.9573023434028897, -0.8934097191712308], [-1.761779282579846, 0.9121829326680108], [-1.310910811246963, 2.3330237003102603], [-0.5313915329587728, 2.4180798036097926], [-1.0217648016985406, 1.1848754456205048]], "mse": 61.1972373931133, "vol": 4.051839841680925, "inc": 14, "msevvol": 15.103567708570962, "msevinc": 4.371231242365235}}