{"0": {"beta": [0.023558158252325042, 0.1492525242588818, -0.10474702742218367, -0.11775650240646417, 0.1274322856460599, -0.004625064867483915], "R": [[-1.3767654645611844, 3.615181352813236], [-1.761779282579846, 0.9121829326680108], [-1.310910811246963, 2.3330237003102603], [-0.5313915329587728, 2.4180798036097926], [-1.0217648016985406, 1.0848754456205048]], "mse": 1.0984578527705624, "vol": 302.2249652726742, "inc": 159, "msevvol": 0.003634570200974327, "msevinc": 0.006908539954531839}, "1": {"beta": null, "R": null, "mse": -1, "vol": -1, "inc": -1, "msevvol": -1, "msevinc": -1}, "2": {"beta": null, "R": null, "mse": -1, "vol": -1, "inc": -1, "msevvol": -1, "msevinc": -1}}