{"0": {"beta": [0.023558158252325042, 0.1492525242588818, -0.10474702742218367, -0.11775650240646417, 0.1274322856460599, -0.004625064867483915], "R": [[-1.3767654645611844, 3.615181352813236], [-1.7617792825798462, 0.9121829326680108], [-1.310910811246963, 2.3330237003102603], [-0.5313915329587728, 2.3180798036097925], [-1.0217648016985406, 1.0848754456205048]], "mse": 0.9152764884273177, "vol": 291.9782148965785, "inc": 106, "msevvol": 0.003134742394227999, "msevinc": 0.008634683853087903}, "1": {"beta": null, "R": null, "mse": -1, "vol": -1, "inc": -1, "msevvol": -1, "msevinc": -1}, "2": {"beta": null, "R": null, "mse": -1, "vol": -1, "inc": -1, "msevvol": -1, "msevinc": -1}}