{"0": {"beta": [-0.0811701535262733, 0.15716786205889924, -0.020649093473377653, -0.05828298066980392, 0.048811621333955155, 0.011157558720968762], "R": [[-1.3767654645611844, 3.615181352813236], [-0.01247113908127473, 0.8121829326680108], [-1.310910811246963, 2.3330237003102603], [-0.5313915329587728, 2.4180798036097926], [-1.0217648016985406, 1.1848754456205048]], "mse": 0.9277911984269995, "vol": 97.63106703820247, "inc": 82, "msevvol": 0.00950303245240534, "msevinc": 0.01131452681008536}, "1": {"beta": [-0.0811701535262733, 0.15716786205889924, -0.020649093473377653, -0.05828298066980392, 0.048811621333955155, 0.011157558720968762], "R": [[-1.3767654645611844, 3.615181352813236], [-0.01247113908127473, 0.8121829326680108], [-1.310910811246963, 2.3330237003102603], [-0.5313915329587728, 2.4180798036097926], [-1.0217648016985406, 1.1848754456205048]], "mse": 0.9277911984269995, "vol": 97.63106703820247, "inc": 82, "msevvol": 0.00950303245240534, "msevinc": 0.01131452681008536}, "2": {"beta": [-0.0811701535262733, 0.15716786205889924, -0.020649093473377653, -0.05828298066980392, 0.048811621333955155, 0.011157558720968762], "R": [[-1.3767654645611844, 3.615181352813236], [-0.01247113908127473, 0.8121829326680108], [-1.310910811246963, 2.3330237003102603], [-0.5313915329587728, 2.4180798036097926], [-1.0217648016985406, 1.1848754456205048]], "mse": 0.9277911984269995, "vol": 97.63106703820247, "inc": 82, "msevvol": 0.00950303245240534, "msevinc": 0.01131452681008536}}