{"0": {"beta": [0.35019940667600147, 0.3315799339263819, -0.010696979894014576, 0.1070071188152656, -0.07359542290454894, 0.2156110372193109], "R": [[-1.0211949676345486, -0.7656244707079128], [-1.761779282579846, 0.9121829326680108], [-1.310910811246963, -0.06293264072788851], [-0.5313915329587728, 2.4180798036097926], [-1.0217648016985406, 1.0848754456205048]], "mse": 0.41201031318700276, "vol": 5.299166062266724, "inc": 15, "msevvol": 0.07775002865465305, "msevinc": 0.027467354212466853}, "1": {"beta": [4.203694094148489, 0.3582198131368287, 0.33572911480809414, 5.336546083727419, -0.06628439395345181, 6.20167156544756], "R": [[-0.9573023434028897, -0.8934097191712308], [-1.761779282579846, 0.9121829326680108], [-1.310910811246963, 2.3330237003102603], [-0.5313915329587728, 2.4180798036097926], [-1.0217648016985406, 1.1848754456205048]], "mse": 28.382278270079865, "vol": 4.051839841680925, "inc": 8, "msevvol": 7.004787794945355, "msevinc": 3.547784783759983}, "2": {"beta": [4.203694094148489, 0.3582198131368287, 0.33572911480809414, 5.336546083727419, -0.06628439395345181, 6.20167156544756], "R": [[-0.9573023434028897, -0.8934097191712308], [-1.761779282579846, 0.9121829326680108], [-1.310910811246963, 2.3330237003102603], [-0.5313915329587728, 2.4180798036097926], [-1.0217648016985406, 1.1848754456205048]], "mse": 28.382278270079865, "vol": 4.051839841680925, "inc": 8, "msevvol": 7.004787794945355, "msevinc": 3.547784783759983}}