{"beta": [-0.14566602924202582, 0.15216140330373054, -0.04119285686928142, -0.015224101277681245, -0.012647500358932721, -0.19631700282852282, 0.04074631181811537], "R": [[-1.692393863477047, 1.6968959665685883], [-1.0618306677398395, 0.8377092755328451], [-1.1934563591118503, 1.420181465660709], [-0.23792987968180157, 26.016148822943872], [-0.3345218612428097, 18.730810247203966], [0.3962903307499529, 4.357104412223306]], "mse": 0.3910596746777683, "vol": 33360.16272621304, "inc": 558, "msevvol": 1.1722355130195146e-05, "msevinc": 0.0007008237897451045}