{"beta": [0.17860819577694717, -0.5681878510847865, 0.6280357751472619, -0.08857356432825085, -0.10260898128061607, -0.011471831648198845, -0.6930207779991276], "R": [[0.4371542101883573, 1.3069605274735303], [-1.0618306677398395, 1.5755795222543156], [-1.1934563591118503, 1.420181465660709], [0.2799239008943122, 1.7228505056891739], [0.7765397858921504, 3.804896156383811], [0.35689426869410235, 4.357104412223306]], "mse": 0.030248227223786027, "vol": 104.80443777230725, "inc": 15, "msevvol": 0.0002886159008791381, "msevinc": 0.0020165484815857352}