{"beta": [-0.37178383803764914, 0.2889726343421921, 0.07145295630406173, -0.03565285144276925, -0.24917437047334304, 0.26262716399640246, -0.32180284697341166], "R": [[-0.14271666800175814, 0.727089649283415], [-0.8772525341470422, 0.2685739961692099], [-1.1934563591118503, 0.32479722672450545], [0.04385215397620407, 1.4947373267570871], [0.1567986739604585, 18.730810247203966], [0.6917607961688321, 1.4599840062579181]], "mse": 0.2973525488068533, "vol": 31.326503595748935, "inc": 9, "msevvol": 0.009492043946047161, "msevinc": 0.03303917208965037}