{"beta": [0.280198712859372, -1.650382704617064, 0.498368026602867, 0.14309283009783605, -0.5525536582356225, -0.2527229866496392, -1.0219067108900932], "R": [[-0.2314550249431379, 1.720185174601965], [-1.13130082502003, 1.4962299892472233], [-1.2772928491263928, 1.3340984998439032], [1.1532369867747956, 2.6198539802672225], [-0.9760197726155687, 1.3749961124314516], [-3.261858092384089, 1.8943224353550219]], "mse": 0.00392555083361864, "vol": 238.07836137491472, "inc": 5, "msevvol": 1.6488482241512347e-05, "msevinc": 0.000785110166723728}