{"beta": [-0.19981003716651, -0.33173870382947895, 0.14291083425805778, -0.17653199939659137, -0.03451498759574296, -0.16048992069753848, -0.24989491139139294], "R": [[-0.4326521070968158, 0.4371542101883573], [-1.0618306677398395, 1.5755795222543156], [-1.1934563591118503, 1.420181465660709], [0.6589092865552895, 2.5489707147813854], [-0.956551151406026, 1.4009959254350355], [0.35689426869410235, 2.0312269060677512]], "mse": 0.01848283889355198, "vol": 44.73255246193433, "inc": 11, "msevvol": 0.00041318542931973666, "msevinc": 0.0016802580812319981}