{"beta": [0.2801987128595356, -1.6503827046176183, 0.49836802660307544, 0.14309283009783796, -0.5525536582357864, -0.25272298664965387, -1.0219067108903013], "R": [[-0.2314550249431379, 1.720185174601965], [-1.13130082502003, 1.4962299892472233], [-1.2772928491263928, 1.3340984998439032], [1.1532369867747956, 2.6198539802672225], [-0.9760197726155687, 1.3749961124314516], [-3.261858092384089, 1.8943224353550219]], "mse": 0.003925550833624301, "vol": 238.07836137491472, "inc": 5, "msevvol": 1.6488482241536124e-05, "msevinc": 0.0007851101667248603}