{"beta": [0.06931227010256273, 0.46972572761558185, -0.04138716473203933, -0.07084860386215551, -0.3993872733868671, -0.03136377067808737, -0.107931845479511], "R": [[-0.14271666800175814, 1.0170250883784726], [-1.0618306677398395, 0.2685739961692099], [-0.7589261565983736, 0.1486016655161087], [0.04385215397620407, 26.016148822943872], [0.1567986739604585, 2.1890838815820586], [0.35689426869410235, 1.5584741613975446]], "mse": 0.2118069737498809, "vol": 88.80811749190786, "inc": 16, "msevvol": 0.0023849956482770913, "msevinc": 0.013237935859367556}