{"beta": [0.17888083800100715, -0.015796112184354942, -0.04429518177599036, 0.002697695417407502, -0.3587848905753038, -0.024730021400565627, -0.28852213619961603], "R": [[0.23145502494313785, 1.1572751247156892], [-1.13130082502003, -0.24526634736029335], [-0.8491024865315354, 0.25748500351093323], [-0.23821647948833946, 26.150966377476646], [0.12894317636387037, 1.0959008413253646], [0.6157480490301882, 4.1252797458964094]], "mse": 0.171348179194727, "vol": 81.2915781900164, "inc": 32, "msevvol": 0.0021078220279375838, "msevinc": 0.005354630599835219}