{"beta": [0.09672646169973054, 0.02587578574236886, 0.014717532145910796, -0.0053871916058346615, -0.09754311993999669, -0.09096027911890363, -0.1216320068034095], "R": [[-1.720185174601965, 1.3887301496588271], [-1.13130082502003, -0.02436104326197347], [-1.0309213942438957, 1.3340984998439032], [-0.23821647948833946, 26.150966377476646], [0.12894317636387037, 19.14347425562218], [0.5770033706567084, 4.1252797458964094]], "mse": 0.16927836791470993, "vol": 14490.944372395023, "inc": 143, "msevvol": 1.1681665705458234e-05, "msevinc": 0.0011837648105923772}