{"beta": [-0.09791065131901437, 0.049822339446694605, 0.04738151741679186, -0.019392659254779177, -0.03676085278734934, -0.07929437081650764, 0.013345747845083626], "R": [[-1.720185174601965, 1.720185174601965], [-1.13130082502003, 1.4962299892472228], [-1.2772928491263928, 1.3340984998439032], [-0.09569324051314432, 26.150966377476646], [-0.9760197726155687, 19.14347425562218], [-3.261858092384089, 4.1252797458964094]], "mse": 0.2585765642442201, "vol": 92085.7164847105, "inc": 723, "msevvol": 2.8079986138474903e-06, "msevinc": 0.00035764393394774563}