{"beta": [-0.07569617417515988, 0.2840236641224446, -0.2377895375636073, 0.0003829132889895198, -0.06864468495663227, 0.05007395168452703, -0.5676763007863439], "R": [[-1.302458424381989, 1.6968959665685883], [-1.0618306677398395, 1.5755795222543156], [-1.1934563591118503, 1.420181465660709], [0.7285253250635817, 26.016148822943872], [-0.956551151406026, 18.730810247203966], [-3.1508650991369676, 2.208509185319079]], "mse": 0.026596665679005788, "vol": 55164.60186677861, "inc": 38, "msevvol": 4.821328311810569e-07, "msevinc": 0.0006999122547106787}