{"beta": [-0.16353858028639168, -0.035121141962023324, 0.012502649950854228, -0.025340745669298736, -0.05870757429860569, -0.13674195604066686, -0.033873453698297105], "R": [[-1.692393863477047, 1.6968959665685883], [-1.0618306677398395, 1.5755795222543159], [-1.1934563591118503, 1.4201814656607088], [-0.23792987968180157, 26.016148822943872], [-0.40102736641568276, 18.730810247203966], [-3.150865099136968, 4.357104412223306]], "mse": 0.4486384526261767, "vol": 88106.46241534624, "inc": 1016, "msevvol": 5.092003927149317e-06, "msevinc": 0.0004415732801438747}