{"beta": [0.0022774559402993, -0.16986998826143543, -0.006024305324689787, -0.002042763521050736, -0.01914975743818326, -0.013728736245186144, -0.509041862871965], "R": [[-1.3887301496588271, 1.720185174601965], [-1.13130082502003, 1.4962299892472233], [-1.2772928491263928, 1.3340984998439032], [0.4034376923911398, 26.150966377476646], [-0.9760197726155687, 19.14347425562218], [-3.261858092384089, 4.1252797458964094]], "mse": 0.05672506055577405, "vol": 81631.44432006747, "inc": 125, "msevvol": 6.948922811332559e-07, "msevinc": 0.00045380048444619244}