{"beta": [-0.07571631319982364, 0.014223847638784705, 0.1483585501095141, -0.00621337708249371, -0.019313155477934215, -0.029718122998606256, -0.43390307886178536], "R": [[-1.5923938634770467, 1.6968959665685883], [-1.0618306677398395, 1.5755795222543156], [-1.1934563591118503, 1.420181465660709], [0.13131762705925865, 26.016148822943872], [0.10680309448522496, 18.730810247203966], [0.6917607961688321, 4.357104412223306]], "mse": 0.035242755296988545, "vol": 40064.37668637426, "inc": 52, "msevvol": 8.796531535451161e-07, "msevinc": 0.0006777452941728566}