{"beta": [0.12089190175440413, -0.20069455185341115, 0.10853388352987037, -0.00142107264973063, -0.03326262246152953, -0.05445203331313022, -0.4084081747246397], "R": [[-1.720185174601965, 1.720185174601965], [-1.13130082502003, 1.4962299892472228], [-1.2772928491263928, 1.3340984998439032], [0.7347180700724127, 26.150966377476646], [-0.9760197726155687, 19.14347425562218], [-3.261858092384089, 4.1252797458964094]], "mse": 0.02006981661820907, "vol": 89172.24019381267, "inc": 65, "msevvol": 2.2506798724118675e-07, "msevinc": 0.0003087664095109088}