{"beta": [0.08470928566083583, -0.08973726379292404, 0.08651549663397516, -0.09533458591810762, -0.07455225551703731, -0.18740836258626659, 0.00924567741245072], "R": [[-1.3887301496588271, 1.1572751247156892], [-1.13130082502003, 1.4962299892472233], [-1.2772928491263928, 1.3340984998439032], [0.810762911016324, 2.6530666801017553], [-0.9760197726155687, 1.3749961124314516], [-3.261858092384089, 1.8943224353550219]], "mse": 0.01135320690000778, "vol": 390.14315933698896, "inc": 13, "msevvol": 2.9100104995564884e-05, "msevinc": 0.0008733236076929062}