{"beta": [-0.1584215159371318, 0.1152249005073084, 0.01356180598516781, -0.13874197215540182, -0.22333430864287598, -0.29085256827756445, 0.19217633872033535], "R": [[-0.14271666800175814, 1.0170250883784726], [-1.0618306677398395, 0.2841734213851726], [-1.1934563591118503, 0.6149164932621669], [-0.03374098775650486, 26.016148822943872], [0.11704911821649183, 18.730810247203966], [0.7311568582246827, 1.656964316537171]], "mse": 0.13521855175604638, "vol": 1267.232650810484, "inc": 54, "msevvol": 0.00010670380980916539, "msevinc": 0.0025040472547416}