{"beta": [0.18392256452318378, -0.26864726978833214, 0.20307263128975964, 0.005954466011405691, -0.3497198986992275, -0.012904440378689428, -0.373927803192662], "R": [[0.0, 1.1572751247156892], [-1.03130082502003, 0.35457651684514496], [-1.2772928491263928, 1.3340984998439032], [0.11635548970151921, 26.150966377476646], [0.2028794743090272, 1.0959008413253646], [0.8288437800843271, 4.1252797458964094]], "mse": 0.04850407930940873, "vol": 320.9895979929462, "inc": 27, "msevvol": 0.00015110794746213123, "msevinc": 0.0017964473818299531}