{"beta": [-0.09791065131901448, 0.049822339446691684, 0.04738151741679453, -0.019392659254779187, -0.03676085278734908, -0.07929437081650798, 0.013345747845083624], "R": [[-1.7201851746019652, 1.720185174601965], [-1.13130082502003, 1.4962299892472233], [-1.2772928491263928, 1.3340984998439032], [-0.0956932405131441, 26.150966377476646], [-0.9760197726155687, 19.14347425562218], [-3.261858092384089, 4.1252797458964094]], "mse": 0.2653413585267233, "vol": 92085.7164847105, "inc": 1100, "msevvol": 2.8814605419373523e-06, "msevinc": 0.00024121941684247572}