{"beta": [-0.25161623937245303, -0.3031734727349595, 0.25996695759145905, -0.16144513889699405, -0.1316001059849159, -0.25421946847692206, -0.00791874007435472], "R": [[-0.43265210709681584, 0.727089649283415], [-1.0618306677398395, 0.26857399616920996], [-1.1934563591118503, 0.614916493262167], [0.11023379338450034, 26.016148822943872], [0.15445663261161707, 18.730810247203966], [0.6917607961688321, 1.6963603785930217]], "mse": 0.13345630682007134, "vol": 1348.9176311076635, "inc": 26, "msevvol": 9.893584585330367e-05, "msevinc": 0.005132934877695052}