{"beta": [-0.030249037810733227, 0.0069212170241948, 0.027277980107185427, -0.00829079570657437, -0.040427374620625976, -0.051037674591460726, -0.16664664843715538], "R": [[-0.46291004988627565, 1.720185174601965], [-1.13130082502003, 1.4962299892472228], [-1.2772928491263928, 1.3340984998439032], [0.011701734804375974, 26.150966377476646], [-0.9760197726155687, 19.14347425562218], [0.48014167472300884, 4.1252797458964094]], "mse": 0.11155012374205724, "vol": 28715.531709321076, "inc": 149, "msevvol": 3.884661613486614e-06, "msevinc": 0.000748658548604411}