{"beta": [1.260391728168012, -0.3541211980439536, -1.6917787316805601, -4.854932303761031, -1.247428504471496, 0.0465688603500065, -0.3156004396813429], "R": [[-0.23145502494313785, 0.9258200997725514], [-1.13130082502003, 1.496229989247223], [-0.9084227137162048, 1.3340984998439032], [0.1569040431819022, 26.150966377476646], [0.2028794743090272, 1.0959008413253646], [0.8288437800843271, 1.468130973246744]], "mse": 2.931464900127338, "vol": 101.19359075669777, "inc": 4, "msevvol": 0.028968879137568414, "msevinc": 0.7328662250318345}