{"beta": [-0.24535947477926567, -0.015053398947603278, 0.03309154158316093, -0.03402361400244967, -0.043369826535467365, -0.13555359181349114, 0.025438686036349495], "R": [[-1.6923938634770468, 1.6968959665685883], [-1.0618306677398395, 1.5755795222543156], [-1.1934563591118503, 1.420181465660709], [-0.11172105259071752, 26.016148822943872], [-0.956551151406026, 18.730810247203966], [-3.1508650991369676, 4.357104412223306]], "mse": 0.528561225109713, "vol": 90228.93129083124, "inc": 1175, "msevvol": 5.8580016137620335e-06, "msevinc": 0.00044983934051890474}