{"beta": [-0.40125392918006453, 0.1101275242330722, 0.09341071368132794, -0.12270235090935623, -0.09821572545727894, 0.02526240098740904, -0.21554266938118452], "R": [[-0.14271666800175814, 0.727089649283415], [-1.0618306677398395, 0.2685739961692099], [-1.0934563591118502, 0.6149164932621669], [0.07678463879521641, 1.4947373267570871], [0.15445663261161707, 18.730810247203966], [0.6917607961688321, 1.6175682544813206]], "mse": 0.5294715329633327, "vol": 48.209415126, "inc": 4, "msevvol": 0.01098274126702237, "msevinc": 0.13236788324083318}