{"beta": [-0.10585699144808351, 0.0047909945872218985, 0.048609620875257144, -0.01451364650525989, -0.024486903057985343, -0.16869875097956222, -0.04543106443199351], "R": [[-1.6923938634770468, 1.6968959665685883], [-1.0618306677398395, 1.5755795222543156], [-1.1934563591118503, 1.420181465660709], [-0.23792987968180168, 26.016148822943872], [-0.3345218612428096, 18.730810247203966], [0.49478048588957924, 4.357104412223306]], "mse": 0.41062123457562894, "vol": 45167.041755467195, "inc": 600, "msevvol": 9.091169547891096e-06, "msevinc": 0.0006843687242927149}