{"beta": [-0.06686117378166086, -0.01983913830509446, 0.0649332256084803, -0.010561609944642848, -0.041949476930962945, -0.106788351878405, -0.004618809088209499], "R": [[-0.6943650748294135, 1.720185174601965], [-1.13130082502003, 1.4962299892472233], [-1.2772928491263928, 1.3340984998439032], [-0.23821647948833946, 26.150966377476646], [-0.9760197726155686, 19.14347425562218], [-0.120400840065926, 4.1252797458964094]], "mse": 0.23012336369651737, "vol": 37346.19341142879, "inc": 1173, "msevvol": 6.1618961044124615e-06, "msevinc": 0.00019618360076429443}