{"beta": [-0.18533373189509428, 0.15146275442719898, 0.02632404674194892, -0.0074751477794724455, 0.004815068909124553, -0.16543526907461273, -0.10437682291137454], "R": [[-0.14271666800175814, 1.0170250883784726], [-1.0618306677398395, 0.35120220161001175], [-1.1934563591118503, 1.4201814656607088], [-0.03374098775650486, 26.016148822943872], [0.11704911821649183, 18.730810247203966], [0.7311568582246827, 4.357104412223306]], "mse": 0.09770991329651545, "vol": 7530.442733303463, "inc": 86, "msevvol": 1.2975321207130667e-05, "msevinc": 0.0011361617825176216}