{"beta": [0.5317806619155224, -2.199879534159624, -0.34789692936037175, -1.1012241649902688, -0.9065426817959588, 0.9606485930963581, -2.660568449519273], "R": [[-0.23145502494313785, 0.9258200997725514], [-1.13130082502003, 1.496229989247223], [-1.0617872035107154, 1.3340984998439032], [0.1569040431819022, 1.1532369867747956], [0.2028794743090272, 1.0959008413253646], [0.8288437800843271, 1.468130973246744]], "mse": 0.34451676735967557, "vol": 4.1439344509059515, "inc": 6, "msevvol": 0.08313760061633141, "msevinc": 0.057419461226612595}