{"beta": [0.25289711925212083, -0.21821110208616545, 0.162629653879955, 0.0045578549944859685, -0.2099597331627956, -0.10249730181168429, -0.2447501779393819], "R": [[-1.720185174601965, 1.720185174601965], [-1.13130082502003, 1.4962299892472228], [-1.2772928491263928, 1.3340984998439032], [1.412721643980138, 26.150966377476646], [-0.9760197726155687, 19.14347425562218], [-3.261858092384089, 4.1252797458964094]], "mse": 0.014414955697602604, "vol": 86793.48244744811, "inc": 23, "msevvol": 1.660833888803874e-07, "msevinc": 0.0006267372042435915}