{"beta": [-0.1638373404478497, -0.03490760550915275, 0.0160600109995588, -0.024797278655506474, -0.05685807014725685, -0.1368744970088695, -0.037477283918931514], "R": [[-1.6923938634770468, 1.6968959665685883], [-1.0618306677398395, 1.5755795222543156], [-1.1934563591118503, 1.420181465660709], [-0.23792987968180168, 26.016148822943872], [-0.4010273664156827, 18.730810247203966], [-3.1508650991369676, 4.357104412223306]], "mse": 0.44856435449269466, "vol": 88106.46241534618, "inc": 1016, "msevvol": 5.091162920355372e-06, "msevinc": 0.00044150034891013255}