{"beta": [-0.1405555697731239, -0.053943954450556, 0.16303802613423002, -0.007790990137378747, -0.03716613275575512, -0.09513392264062745, -0.27221635280256246], "R": [[-0.7225875461918736, 1.0170250883784726], [-1.0618306677398395, 0.1798522652534229], [-1.1934563591118503, 1.420181465660709], [0.11023379338450034, 26.016148822943872], [-0.9565511514060261, 18.730810247203966], [0.3174982066382517, 4.357104412223306]], "mse": 0.11625337571669082, "vol": 11631.457889545109, "inc": 109, "msevvol": 9.994738133487525e-06, "msevinc": 0.0010665447313457873}