{"beta": [0.1718584834396412, -0.690185775948807, 0.43334425171248253, 0.005890698205579803, -0.18909902157166136, 0.049057165744127426, -0.7111527017239812], "R": [[0.0, 1.720185174601965], [-1.13130082502003, 0.411866244061852], [-1.2772928491263928, 0.6536766021467529], [0.34290660307507126, 26.150966377476646], [-0.9760197726155687, 1.1150541795725155], [0.8288437800843271, 4.1252797458964094]], "mse": 0.0505886385702596, "vol": 911.8700305498533, "inc": 20, "msevvol": 5.547790460857113e-05, "msevinc": 0.00252943192851298}