{"beta": [-0.16065154334104156, 0.7436628622892284, -0.5576049777410931, -0.04210555298569906, -0.00685973957279061, 0.08998479599319226, -0.5267360417409206], "R": [[-1.0125229852869313, 0.727089649283415], [-1.0618306677398395, 1.5755795222543156], [-1.1934563591118503, 1.420181465660709], [0.7285253250635817, 26.016148822943872], [-0.956551151406026, 18.730810247203966], [0.14021592738692634, 2.0903209991515275]], "mse": 0.013462604927462192, "vol": 11642.042541442579, "inc": 22, "msevvol": 1.1563782626234954e-06, "msevinc": 0.0006119365876119178}