{"beta": [-0.11663546754672596, -0.01172524156912377, 0.1563659535516627, -0.006914107873454095, -0.03159604189778091, -0.07049320312636753, -0.28527272104029183], "R": [[-0.7225875461918736, 1.6968959665685883], [-1.0618306677398395, 0.1798522652534229], [-1.1934563591118503, 1.420181465660709], [0.11023379338450034, 26.016148822943872], [-0.9565511514060261, 18.730810247203966], [0.3174982066382517, 4.357104412223306]], "mse": 0.13190622352158016, "vol": 16177.233962245045, "inc": 92, "msevvol": 8.153818126722232e-06, "msevinc": 0.0014337632991476103}