{"beta": [-0.03413940925105792, -0.10269248355802937, 0.1460721743166437, 0.0014703326676444206, 0.019025357486604062, -0.028726884407545197, -0.6907462929278763], "R": [[-0.14271666800175808, 1.6968959665685883], [-1.0618306677398395, 1.5755795222543156], [-1.1934563591118503, 1.420181465660709], [0.2765898748879412, 26.016148822943872], [0.7765397858921504, 6.84553765753911], [-3.1508650991369676, 4.357104412223306]], "mse": 0.02560634948343658, "vol": 14872.708178111534, "inc": 33, "msevvol": 1.7217005253368693e-06, "msevinc": 0.000775949984346563}