{"beta": [-0.01185047907498003, -0.6070109004949655, -0.3471215152266346, -0.9837837487211417, 0.3696994458729988, -0.659899326896384, 0.0720141158479591], "R": [[0.23145502494313785, 1.1572751247156892], [-1.13130082502003, -0.24526634736029335], [-0.8032860509010998, 0.06192116510944229], [-0.23821647948833946, 0.41854186267069554], [0.15759265114861537, 0.8744927221209998], [0.7900991017108473, 1.9911841312887215]], "mse": 0.26758207710223436, "vol": 0.4013611523359183, "inc": 17, "msevvol": 0.6666865379095837, "msevinc": 0.015740122182484374}