{"beta": [-0.11140161232971817, -0.10291002027474916, 0.20584164214175074, -0.006369053436031234, -0.007820770516196668, -0.02624003137202734, -0.4631421966677586], "R": [[-1.6923938634770468, 1.6968959665685883], [-1.0618306677398395, 1.5755795222543156], [-1.1934563591118503, 1.420181465660709], [0.12738583961463612, 26.016148822943872], [-0.956551151406026, 18.730810247203966], [-3.1508650991369676, 4.357104412223306]], "mse": 0.04799991969345556, "vol": 89403.20919979454, "inc": 222, "msevvol": 5.368925805133835e-07, "msevinc": 0.00021621585447502504}