{"beta": [-0.20471491492294938, -0.19948172857640548, 0.24893758007730912, 0.03629545338176148, -0.20253547774791159, 0.014760304052572174, -0.4560216076568791], "R": [[-0.14271666800175814, 0.727089649283415], [-1.0618306677398395, 1.5755795222543156], [-1.1934563591118503, 1.420181465660709], [0.2678968480805024, 1.4947373267570871], [0.15445663261161707, 18.730810247203966], [0.3174982066382517, 1.656964316537171]], "mse": 0.03583982874613138, "vol": 183.031542731244, "inc": 3, "msevvol": 0.00019581230760184933, "msevinc": 0.011946609582043794}