{"beta": [-0.07425715052213162, -0.01167777144386661, 0.0585217901193891, -0.015118363577042571, -0.0446139523677166, -0.10606828718599412, -0.00022578276076940044], "R": [[-1.720185174601965, 1.720185174601965], [-1.13130082502003, 1.4962299892472233], [-1.2772928491263928, 1.3340984998439032], [-0.23821647948833946, 26.150966377476646], [-0.9760197726155686, 19.14347425562218], [-1.0502731210294414, 4.1252797458964094]], "mse": 0.38563888692821136, "vol": 64867.13568259447, "inc": 1614, "msevvol": 5.945058046268694e-06, "msevinc": 0.00023893363502367493}