{"beta": [-0.23781414425927327, 0.029366500050187348, 0.06023885621225915, -0.03008451420743533, -0.02412684089854394, -0.10793297658966557, -0.02744870550872802], "R": [[-1.6923938634770468, 1.6968959665685883], [-1.0618306677398395, 1.5755795222543156], [-1.1934563591118503, 1.420181465660709], [-0.08215734735006763, 26.016148822943872], [-0.956551151406026, 18.730810247203966], [-3.1508650991369676, 4.357104412223306]], "mse": 0.2799743193324293, "vol": 90126.83718436302, "inc": 497, "msevvol": 3.1064478470459935e-06, "msevinc": 0.0005633286103268194}