{"beta": [0.1188831476415403, 0.6512683962716719, -0.10313328529476852, -0.34202158036641306, 0.9908774965928743, -0.5674710664421707, 0.1173637013438553], "R": [[0.23145502494313785, 1.1572751247156892], [-0.8674424950569903, -0.24526634736029335], [-0.9084227137162048, -0.007285766606005162], [-0.03332246737572078, 0.41854186267069554], [0.29326520283190666, 0.8744927221209998], [0.7126097449638877, 1.468130973246744]], "mse": 0.19501852681311274, "vol": 0.10299867997847398, "inc": 3, "msevvol": 1.8934080208976491, "msevinc": 0.06500617560437091}