{"beta": [-0.04698756085174877, 0.0934099943066861, -0.029895919538757174, -0.012437462042090387, -0.0076161208261388, -0.13516981663440258, -0.16932709925510364], "R": [[-1.6923938634770468, 1.6968959665685883], [-1.0618306677398395, 0.8835325871047351], [-1.1934563591118503, 1.420181465660709], [-0.23792987968180168, 26.016148822943872], [0.10474932943592807, 18.730810247203966], [0.612968672057131, 4.357104412223306]], "mse": 0.17853794784937285, "vol": 31551.80510545794, "inc": 268, "msevvol": 5.658565246984514e-06, "msevinc": 0.0006661863725722868}