{"beta": [-0.215947725200198, -0.022366579261580286, -0.008265796732262453, -0.03269711551178092, -0.05867083259699591, -0.14774581085287458, 0.022242801766102015], "R": [[-1.692393863477047, 1.6968959665685883], [-1.0618306677398395, 1.5755795222543159], [-1.1934563591118503, 1.4201814656607088], [-0.23792987968180157, 26.016148822943872], [-0.9565511514060261, 18.730810247203966], [-0.9037797170931134, 4.357104412223306]], "mse": 0.8147491739512772, "vol": 63529.4108699319, "inc": 1903, "msevvol": 1.282475569652879e-05, "msevinc": 0.00042813934521874786}