{"beta": [0.48394315485178513, 0.6695870489809784, -0.61415426157055, -0.12014836478677449, 0.1578351294374261, -0.5495753618011918, -0.09378197065984274], "R": [[0.23145502494313785, 1.1572751247156892], [-0.8674424950569903, -0.24526634736029335], [-1.2772928491263928, -0.007285766606005162], [-0.03332246737572078, 0.41854186267069554], [0.29326520283190666, 0.8744927221209998], [0.7126097449638877, 1.9911841312887215]], "mse": 0.35983751666844227, "vol": 0.2456554105696671, "inc": 5, "msevvol": 1.4648059891454883, "msevinc": 0.07196750333368845}