{"beta": [-0.017111097630242437, 0.007117188610850793, 0.04921974486032015, -0.009388682651780157, -0.03978783877439584, -0.08293705540417867, -0.1052382662544782], "R": [[-1.720185174601965, 1.720185174601965], [-1.13130082502003, 1.4962299892472228], [-1.2772928491263928, 1.3340984998439032], [0.010669772859810078, 26.150966377476646], [-0.9760197726155687, 19.14347425562218], [0.48014167472300884, 4.1252797458964094]], "mse": 0.16673331889341528, "vol": 45254.99529087106, "inc": 343, "msevvol": 3.6843075073095654e-06, "msevinc": 0.00048610297053473843}