{"beta": [-0.23523307754260686, 0.3899965203827145, 0.3469937040480522, -0.014931895182846804, 0.09969523045898838, 0.05134679318139193, -0.010527972402106794], "R": [[-1.720185174601965, 1.720185174601965], [-1.13130082502003, 1.4962299892472228], [-1.2772928491263928, 1.3340984998439032], [2.7963057438042536, 26.150966377476646], [-0.9760197726155687, 19.14347425562218], [-3.261858092384089, 4.1252797458964094]], "mse": 0.023843425537451578, "vol": 81939.21394229215, "inc": 5, "msevvol": 2.909891905265767e-07, "msevinc": 0.004768685107490315}