{"beta": [-0.03856701271363101, -0.03729100963802579, 0.04172520915973262, -0.007654584858992621, -0.023137813951747594, 0.020290649852131595, -0.3752306218477778], "R": [[-1.1572751247156892, 1.720185174601965], [-1.13130082502003, 1.4962299892472233], [-1.2772928491263928, 1.3340984998439032], [0.17787964217488628, 26.150966377476646], [-0.9760197726155687, 19.14347425562218], [-3.261858092384089, 4.1252797458964094]], "mse": 0.06916895409898419, "vol": 76215.96320240224, "inc": 133, "msevvol": 9.075389353185273e-07, "msevinc": 0.0005200673240525127}