{"beta": [-0.08591698976142598, -0.006111627901300564, 0.04501680661640012, -0.019556932545755388, -0.04427348261885617, -0.08218720708478124, -0.00635561407230328], "R": [[-1.720185174601965, 1.720185174601965], [-1.13130082502003, 1.4962299892472228], [-1.2772928491263928, 1.3340984998439032], [-0.13283700602564696, 26.150966377476646], [-0.9760197726155687, 19.14347425562218], [-3.261858092384089, 4.1252797458964094]], "mse": 0.3881860538422022, "vol": 92216.03441125588, "inc": 1722, "msevvol": 4.2095288126467105e-06, "msevinc": 0.00022542744125563424}