{"beta": [-0.08693654934294891, 0.03719655099611927, 0.18399566793538774, -0.006214316929104675, -0.0005478268426358948, -0.04207972516832549, -0.39317720235604026], "R": [[-1.6923938634770468, 1.6968959665685883], [-1.0618306677398395, 1.5755795222543156], [-1.1934563591118503, 1.420181465660709], [0.12211488119594649, 26.016148822943872], [0.18249923897069364, 18.730810247203966], [-3.1508650991369676, 4.357104412223306]], "mse": 0.06202666441577333, "vol": 84247.76290232441, "inc": 63, "msevvol": 7.362410855667006e-07, "msevinc": 0.0009845502288217988}