{"beta": [0.22889574173505128, -1.5514110786374296, 0.7945694829146004, -0.2358530346080257, -0.5114534012642837, -0.35137746666695435, -0.09138266603265308], "R": [[-0.4326521070968158, 0.727089649283415], [-1.0618306677398395, 1.5755795222543156], [-1.1934563591118503, 1.420181465660709], [0.6589092865552895, 2.5489707147813854], [-0.956551151406026, 1.0874001719204154], [0.35689426869410235, 2.0903209991515275]], "mse": 0.015438709933939476, "vol": 53.53481893153416, "inc": 5, "msevvol": 0.00028838632953413155, "msevinc": 0.003087741986787895}