{"beta": [-0.08843210640646162, -0.013267655108434747, 0.03591086871052671, -0.012230961502159663, -0.038786819327982135, -0.1518153541688087, 0.03111862374423959], "R": [[-1.7201851746019652, 1.720185174601965], [-1.13130082502003, 1.4962299892472233], [-1.2772928491263928, 1.3340984998439032], [-0.23821647948833946, 26.150966377476646], [-0.9760197726155687, 19.14347425562218], [-1.0502731210294416, 4.1252797458964094]], "mse": 0.391376488545617, "vol": 64867.13568259447, "inc": 1628, "msevvol": 6.033509641318006e-06, "msevinc": 0.00024040324849239374}