{"beta": [-0.24377307926362413, 0.0848249497357168, -0.1354202823728861, -0.03760638175583049, -0.1781053779495145, -0.1377950757008459, -0.30108098068799716], "R": [[-0.14271666800175814, 0.727089649283415], [-1.0618306677398395, 1.5755795222543156], [-1.1934563591118503, 1.420181465660709], [0.2678968480805024, 1.4947373267570871], [0.15445663261161707, 18.730810247203966], [0.35689426869410235, 1.656964316537171]], "mse": 0.01797684413472929, "vol": 177.648262062678, "inc": 13, "msevvol": 0.00010119347032163302, "msevinc": 0.0013828341642099452}