{"beta": [-0.2286859716400453, -0.018146850998457125, -0.018793612643446304, -0.030227579185505643, -0.055745424960976606, -0.17614129667090514, 0.04412223102260698], "R": [[-1.692393863477047, 1.6968959665685883], [-1.0618306677398395, 1.5755795222543156], [-1.1934563591118503, 1.420181465660709], [-0.23792987968180157, 26.016148822943872], [-0.9565511514060261, 18.730810247203966], [-0.9037797170931137, 4.357104412223306]], "mse": 0.8242083261233627, "vol": 63529.41086993189, "inc": 1921, "msevvol": 1.297364976059389e-05, "msevinc": 0.0004290517054260087}