{"beta": [-0.019874301957152764, 0.03441315407062846, 0.0354676584721285, -0.009548908239852327, -0.024502345428830407, -0.11051711262234387, -0.027234242542401164], "R": [[-0.4629100498862757, 1.7201851746019647], [-1.13130082502003, 0.14508060757388092], [-1.2772928491263928, 1.3340984998439032], [-0.1143257596142534, 26.150966377476646], [-0.2674368737871602, 19.14347425562218], [0.5770033706567084, 4.1252797458964094]], "mse": 0.1329099332936782, "vol": 13163.479915216438, "inc": 231, "msevvol": 1.0096869076393683e-05, "msevinc": 0.0005753676765960095}