{"beta": [0.04739584469519635, -0.05535252748986406, -0.011184523648777573, -0.026829423264268452, 0.005681374199611068, -0.06358693269848721, 0.08664195088037185, 0.010818410215100872, -0.0125159411655291, -0.02548806882368318, 0.3163074155749175, -0.06081659282775527], "R": [[-1.1486865614333561, 2.048924205299496], [-2.0125996747469777, 0.834582648103612], [-1.484029280724717, 24.050349106616267], [-2.306328501214799, 5.670996570404462], [-4.241444488552639, 5.041763475283599], [-3.1759735352273033, 1.028733505175385], [-0.9395076438021857, 0.9573792932715174], [-0.5117999790190291, 2.053888317691431], [-1.0041149963561595, 1.1060539909527929], [-4.1498813091984434, 0.9394520171027876], [-1.7251705872968732, 2.1312781956214137]], "mse": 0.927550067999141, "vol": 14590437.556609042, "inc": 497, "msevvol": 6.357246411564867e-08, "msevinc": 0.001866297923539519}