{"beta": [0.0403101797738083, -0.16084369082046543, 0.04167018036208962, 0.16144392248626646, -0.11116297771662265, 0.08604582564568725, 0.1795674209489453, -0.12986580178100274, -0.02062572033194991, -0.015374235421327122, 0.44289275690643154, -0.12585191018813305], "R": [[-1.7572237442263516, -0.07476935333494972], [-2.1678075959963774, -0.11688950822273048], [-3.013722095571801, 10.965817738591115], [-2.4014857337967093, 5.238879065791867], [-2.982577280579566, 5.4189037710799495], [-3.014327126394013, 1.2248653091711024], [-1.2883164539645324, 0.7233418317386556], [-0.21340330868756002, 8.918084865187856], [-0.25036706077527937, 6.750392678051216], [-0.011160862756533718, 8.738392508636064], [-1.1770342084244394, 3.672922252623378]], "mse": 0.5986938106439905, "vol": 71631202.03823258, "inc": 128, "msevvol": 8.358003127246734e-09, "msevinc": 0.004677295395656176}