{"beta": [0.137198607866014, 0.3157433738728273, 0.005659527748474378, -0.37726945911558574, 0.8543589363526336, 0.20860010792599645, -0.1848156820908837, -2.841829112408974, 0.11645814878640676, 0.21248494788985575, 0.508117330357275, 0.35578330920362694], "R": [[-1.129738947262551, 0.45271544362885086], [-1.6926310406552911, 0.5584282913912241], [-1.6175666840088274, 0.22714888300963532], [-2.4014857337967093, 0.2272657013575783], [-2.982577280579566, -0.08866615309115944], [-0.4161781564443595, 4.454689709649943], [-0.6320137782308004, 1.2290715369511394], [-0.21340330868756002, 8.918084865187856], [-0.25036706077527937, 6.650392678051216], [-0.7482741633401149, 0.4275835060963783], [-0.8709091750130112, 3.672922252623378]], "mse": 1.2011039645916048, "vol": 152570.41760832677, "inc": 17, "msevvol": 7.872456426481281e-06, "msevinc": 0.07065317438774146}