{"beta": [-0.07101479955447565, 0.038078829544003996, 0.026787846860549778, -0.0484219187424536, 0.041603309819719166, -0.05603315319024505, 0.23484583256062183, -0.054283127841732955, 0.023454655663456357, 0.05928235624312026, 0.4240110862256114, 0.07521194061228978], "R": [[-1.1486865614333561, 2.048924205299496], [-2.0125996747469777, 0.0791075093196999], [-1.484029280724717, 1.0778681892438182], [-1.0876721552969602, 2.0552194832341115], [-4.241444488552639, 2.1538481596506944], [-3.1759735352273033, 0.7211456390986978], [-0.9395076438021857, 0.9520154516683125], [-0.5117999790190291, 2.053888317691431], [-1.0041149963561595, 1.1060539909527929], [-1.222723459751845, 0.4644106878491377], [-1.8909183913560328, 1.5282121308029164]], "mse": 0.8626878297189678, "vol": 79290.25606487556, "inc": 113, "msevvol": 1.0880124148080865e-05, "msevinc": 0.0076344055727342285}