{"beta": [-0.15100608014788158, 0.07698889202022845, -0.07566781043764742, 0.07791679204417216, -0.262603376617268, -0.1527319493839716, -0.06203480847796708, 0.025781689386850448, 0.2580264519145368, -0.4760917646212222, 0.18862290436837514, 0.030394838002634976, 0.051327071786326284, 0.0003190395257633849, 0.12235143145402935, -0.06383495709316343, 0.015947021992207475, -0.031973849507027835, -0.055072942646711955, 0.17341871522539512, -0.02546907107656023, -0.037893855570929516, -0.18728464052962218, 0.2314664485964265, -0.1238475572450051, 0.1019032788726739, -0.06755193314247805, -0.11311823833761923], "R": [[-0.1, 1.1], [-0.1, 1.1], [-0.1, 1.1], [-0.1, 1.1], [-0.1, 1.1], [-0.1, 1.1], [-0.1, 1.1], [-0.1, 1.1], [-0.1, 1.1], [-0.1, 1.1], [-0.1, 1.1], [-0.1, 1.1], [-0.1, 1.1], [-0.1, 1.1], [-0.1, 1.1], [-0.1, 1.1], [-0.1, 1.1], [-0.1, 1.1], [-0.1, 1.1], [-0.1, 1.1], [-2.4981993196613552, 3.7962268675753306], [-2.048731692570825, 3.70956534419748], [-2.7506561756272165, 2.221574435698607], [-2.5468817033043174, 3.9147135853931747], [-1.7919422551589224, 3.079874271543797], [-1.335654730362813, 5.625192628894896], [-3.311921066360926, 2.377114349452829]], "mse": 0.8293568631995297, "vol": 8613066.854051575, "inc": 723, "msevvol": 9.629054055343845e-08, "msevinc": 0.0011471049283534299}