{"beta": [0.026339875858809127, -0.078160153944794, 0.09959598988841044, 0.08017176403051891, -0.09976160786417206, 0.05908264530483418, 0.05338607403678468, 0.05427443222828625, -0.017762499229684457, 0.0023401561657898475, 0.30547919335384527, -0.02303184997850326], "R": [[-1.8118885190211482, 0.25931833253612246], [-2.0125996747469777, 2.308173809528907], [-2.521978111015047, 24.050349106616267], [-2.306328501214799, 5.670996570404462], [-4.241444488552639, 0.35519311730688496], [-3.1759735352273033, 9.29572167341846], [-0.9395076438021857, 15.110644293668837], [-0.6117999790190289, 1.9538883176914308], [-0.9041149963561597, 1.206053990952793], [-4.1498813091984434, 3.3012268919967234], [-1.8909183913560328, 2.0224542440752193]], "mse": 0.7687608931691051, "vol": 275556056.0676567, "inc": 309, "msevvol": 2.789853012631132e-09, "msevinc": 0.002487899330644353}