{"beta": [0.09462671725679586, 0.044304918873305336, 0.044057632659368434, 0.09047092755056632, -0.012013190518841055, 0.04247921975495927, 0.05919895426822329, -0.033269038469269124, 0.028850025468869042, 0.005220272606131768, 0.2806118946675829, 0.000937344334805815], "R": [[-1.7572237442263516, 2.1351698345202506], [-2.1678075959963774, 2.534311068096654], [-3.013722095571801, 10.965817738591115], [-2.4014857337967093, 5.238879065791867], [-2.982577280579566, 5.4189037710799495], [-3.014327126394013, 9.279222489638407], [-1.2883164539645324, 22.438229432520206], [-0.21340330868756002, 8.918084865187856], [-0.25036706077527937, 6.750392678051216], [-4.7899245497589265, 8.738392508636064], [-2.3133427231696846, 3.672922252623378]], "mse": 0.997027453733501, "vol": 24801126982.633736, "inc": 914, "msevvol": 4.020089306553046e-11, "msevinc": 0.0010908396649163031}