{"beta": [0.07649227451879818, 0.33659468457317815, 1.121917622601799, 0.029484841242917607, 0.45524126008013105, 0.10114571674148837, 0.17517637454378276, -0.04018230397370601, 0.39444057742000266, -0.5452587508502306, -0.02983791136974609, 0.0704790076069361, 0.13928874100954708, -0.3834587448306935, -0.174927169411802, 0.0854202000792202, 0.0383641504962782, 0.10218705213265546, 0.2226111597233176, 0.027685498498014778, 0.03366304174777973, 0.11389584123161813, -0.2542996359212615, 0.19187609914141543, -0.021800007853340537, 0.26792329195486525, 0.12546939995040063, -0.08405257416652583], "R": [[-0.1, 1.1], [-0.1, 1.1], [-0.1, 1.1], [-0.10000000000000003, 1.1], [-0.1, 1.1], [-0.1, 1.1], [-0.10000000000000003, 1.1], [-0.09999999999999999, 1.1], [-0.1, 1.1], [-0.1, 1.1], [-0.09999999999999998, 1.1], [-0.1, 1.1], [-0.1, 1.1], [-0.09999999999999999, 1.1], [-0.1, 1.0], [-0.1, 1.1], [-0.09999999999999998, 1.1], [-0.10000000000000003, 1.1], [-0.10000000000000003, 1.1], [-0.09999999999999999, 1.1], [-1.043882389164314, 3.7962268675753306], [-2.048731692570825, 1.2274380427253493], [-1.4575985227957606, 2.221574435698607], [-2.5468817033043174, 3.9147135853931747], [-1.7919422551589224, 0.727391263531848], [-1.335654730362813, 0.7925994774145], [-3.211921066360926, 0.2187260685226708]], "mse": 0.6772531312080449, "vol": 243687.41039971748, "inc": 127, "msevvol": 2.7791880183598932e-06, "msevinc": 0.0053327018205357865}