{"beta": [0.003910535897199539, -0.28978365437922254, 0.21875808888212958, 0.1623727155493994, -0.03379183109626809, 0.6100168494432917, 0.9574739340031203, 1.816759409142126, -4.571428571428571, -0.6531637315591785, 0.4881802871433648, 0.732290349647324], "R": [[-1.7572237442263516, -0.07476935333494972], [-2.1678075959963774, -0.26696013035916477], [-3.0137220955718016, 0.29025757346026726], [-2.4014857337967093, 0.17863586606614967], [-2.982577280579566, 5.4189037710799495], [-1.0955910562214621, 0.14825717567815644], [-1.2883164539645324, 0.33898725577716804], [-0.21340330868756002, 8.918084865187856], [-0.25036706077527937, 6.750392678051216], [0.2920694929974724, 1.4689140213320742], [-2.3133427231696846, -0.012755392826875989]], "mse": 56.60674414943074, "vol": 80242.51259795613, "inc": 22, "msevvol": 0.0007054458081721705, "msevinc": 2.5730338249741247}