{"beta": [0.10287897423677649, 0.06189931230801977, -0.1903950170226666, 0.08991719283629761, 0.21415228895325564, 0.1259802151034569, 0.10869261064921298, -0.2081851914009334, 0.17946448706496565, -0.11077768926528349, 0.17870417193104401, -0.2671696066458298], "R": [[-1.7572237442263519, 0.18897304514694946], [-2.1678075959963774, 0.4083576692547898], [-3.013722095571801, 0.13248584733368773], [-2.4014857337967093, 5.238879065791867], [-2.982577280579566, 0.3619646739230997], [-0.3116530949401902, 9.279222489638407], [-1.2883164539645324, 1.4819363895573812], [-0.21340330868756002, 8.918084865187856], [-0.25036706077527937, 6.750392678051216], [-4.7899245497589265, 0.34541235505424417], [-1.3175506172034557, 2.029750977639539]], "mse": 0.8846755352411572, "vol": 11768654.807422176, "inc": 49, "msevvol": 7.517218830169238e-08, "msevinc": 0.018054602760023616}