{"beta": [-0.02356002754026293, 0.10131607560373239, -0.3144007191142057, 0.6966655290476484, -0.14513566864368815, 0.07937704193085249, 0.22608711787094166, -0.3693491279199604, 1.4736842105263157, 0.7602627249640522, -0.35619559208193513, -0.6857142857143029], "R": [[-1.7572237442263516, 0.18897304514694946], [-2.1678075959963774, -0.26696013035916477], [-0.9306528610269529, 0.2902575734602673], [-0.7453310044709938, 0.17863586606614978], [-1.4405586341339367, 0.8125955009373589], [-1.074686043920628, 9.279222489638407], [-1.2883164539645324, 3.241875763696824], [-0.21340330868756002, 8.918084865187856], [-0.25036706077527937, 6.750392678051216], [0.2920694929974725, 1.4295259566057883], [-1.1770342084244394, -0.012755392826875989]], "mse": 0.6313868322609795, "vol": 37339.16428361552, "inc": 28, "msevvol": 1.6909506261714405e-05, "msevinc": 0.02254952972360641}