{"beta": [-0.39488134320188145, -0.8778656020701653, 0.23795318999140502, 0.36445920334222004, -0.6081585156957188, 0.28123979050037545, 0.40148788977486316, -3.876707263553986, 4.880213181037445, -0.38998370101829805, 0.9694813740827438, -0.0803273254864224], "R": [[-1.39348134574445, -0.07476935333494972], [-1.542560418518857, -0.19192481929094762], [-1.467076729857322, 0.10578601675842059], [-2.4014857337967093, 0.17863586606614967], [-1.4405586341339367, -0.08866615309115944], [-1.1792111054247978, 0.08554213877565409], [-1.2883164539645324, 0.33898725577716804], [-0.21340330868756002, 8.918084865187856], [-0.25036706077527937, 6.750392678051216], [-0.21873293190244658, 1.4689140213320742], [-1.6864061902483731, 0.26827742473115634]], "mse": 70.78115166142521, "vol": 4241.119646146083, "inc": 16, "msevvol": 0.016689260753523952, "msevinc": 4.423821978839076}