{"beta": [0.057433058602195206, -0.025720721916955548, 0.04034458692838008, 0.0007626202369364484, 0.022599422696189093, 0.04717053131667371, 0.03490412658049461, 0.019027399629416197, -0.032543431793100486, 0.0007306501242581772, 0.24502206871681004, -0.0056776726396726065], "R": [[-1.8118885190211482, 2.048924205299496], [-2.0125996747469777, 2.308173809528907], [-2.521978111015047, 24.050349106616267], [-2.306328501214799, 5.670996570404462], [-4.241444488552639, 5.041763475283599], [-3.1759735352273033, 9.29572167341846], [-0.9395076438021857, 15.110644293668837], [-0.6117999790190289, 2.053888317691431], [-1.0041149963561595, 1.206053990952793], [-4.1498813091984434, 3.3012268919967234], [-1.8909183913560328, 3.296846054511241]], "mse": 0.9319284162788648, "vol": 1496462358.7829792, "inc": 1308, "msevvol": 6.227543317807002e-10, "msevinc": 0.0007124834986841474}