{"beta": [-0.16956915483435617, 0.07148986987058546, -0.43065532787860267, -0.03134920693979589, -0.26995789422926036, -0.23683424762552555, -0.08711919620037831, 0.03515257506393127, 0.3388717814368887, -0.3565290995622241, 0.1931943523307682, -0.003082329187706584, 0.08401252449903647, -0.027333800560183148, 0.09111955672311406, -0.060191513857148875, 0.022907247880557247, -0.050460621526974, 0.12224323276093738, 0.08044207823415224, -0.02564103434135347, -0.03267841364016099, -0.20683428236321366, 0.2213748350108835, -0.09891920766506748, 0.26031796109115946, -0.0067378105381962665, -0.03529775377012559], "R": [[-0.1, 1.1], [-0.10000000000000003, 1.1], [-0.1, 1.1], [-0.1, 1.1], [-0.1, 1.1], [-0.10000000000000002, 1.1], [-0.10000000000000003, 1.1], [-0.10000000000000003, 1.1], [-0.1, 1.1], [-0.1, 1.1], [-0.10000000000000009, 1.1], [-0.10000000000000003, 1.1], [-0.1, 1.1], [-0.1, 1.1], [-0.09999999999999999, 1.1], [-0.09999999999999999, 1.1], [-0.09999999999999998, 1.1], [-0.09999999999999998, 1.1], [-0.09999999999999998, 1.1], [-0.10000000000000002, 1.1], [-2.4981993196613552, 3.7962268675753306], [-2.048731692570825, 3.70956534419748], [-2.7506561756272165, 2.221574435698607], [-2.5468817033043174, 3.9147135853931747], [-1.7919422551589224, 3.0798742715437966], [-1.335654730362813, 1.0179610560564236], [-3.311921066360926, 2.377114349452829]], "mse": 0.7946591255637393, "vol": 2912267.5833739024, "inc": 621, "msevvol": 2.7286610959117834e-07, "msevinc": 0.0012796443245792902}