{"beta": [0.11435180604398568, 0.2884094703559229, -0.010546819043382926, -0.34719721517139573, 0.8576206849457172, 0.21371273588526793, -0.19386013600982027, -4.089044887306018, 0.11594095809111835, 0.20072143553016436, 0.4987596799250216, 0.1978715883642985], "R": [[-1.129738947262551, 0.18897304514694946], [-2.1678075959963774, 0.5584282913912241], [-1.6175666840088274, 0.22714888300963532], [-2.4014857337967093, 0.2272657013575783], [-2.982577280579566, -0.08866615309115944], [-0.49979820564769517, 9.279222489638407], [-0.6320137782308004, 1.2290715369511394], [-0.21340330868756002, 8.918084865187856], [-0.25036706077527937, 6.650392678051216], [-0.7482741633401149, 0.4275835060963783], [-0.8709091750130112, 0.7726309633844111]], "mse": 1.5991749953545862, "vol": 111818.2517522591, "inc": 11, "msevvol": 1.4301556054530943e-05, "msevinc": 0.1453795450322351}