{"beta": [0.02819926025312385, 0.29842171874918966, 0.5621361703874032, 0.2450809015350884, 0.2380409874107288, 0.08593447824978655, 0.09259267898080033, -0.13176692765725326, -0.28660474195720537, -0.7907226117056542, 0.0990590515033477, -0.027412214173671994, -0.11665863056339153, -0.4994703987133175, -0.38366326108134, 0.18744855787016673, -0.1684140772108739, 0.25599432995743465, -0.0538071550957006, 0.06947786957766251, -0.0002650084101610951, 0.10429480272846561, -0.049889544666674696, 0.052824081233954136, 0.06269202026568327, 0.3229470717756405, -0.034984496020479115, 0.12290191544728903], "R": [[-0.09999999999999999, 1.0], [-0.09999999999999998, 1.0], [-0.1, 1.1], [-0.09999999999999998, 1.1], [-0.1, 1.1], [-0.1, 1.0], [-0.10000000000000003, 1.1], [-0.10000000000000003, 1.1], [-0.1, 1.1], [-0.1, 1.0], [-0.09999999999999998, 1.1], [-0.10000000000000003, 1.1], [-0.10000000000000003, 1.0], [-0.1, 1.1], [-0.1, 1.0], [-0.1, 1.1], [-0.09999999999999998, 1.1], [-0.10000000000000003, 1.0], [-0.09999999999999998, 1.1], [-0.1, 1.0], [-0.7053031565400537, 3.7962268675753306], [-1.3134977455115902, 1.2274380427253493], [-2.7506561756272165, 0.8092111313628496], [-1.8833381049283333, 0.4334519951372703], [-1.7919422551589224, 1.519931606949197], [-1.335654730362813, 0.4545571094516145], [-3.311921066360926, 0.21872606852267076]], "mse": 0.9917310091875292, "vol": 37741.86018820083, "inc": 106, "msevvol": 2.627668599910643e-05, "msevinc": 0.009355952916863483}