{"beta": [0.23410280063500744, -0.5235793698762706, 0.10083760027747708, -0.25093376062876205, -0.12185039399235494, 0.13173868435516395, 0.12112086734924098, -6.939491701666011, -20.360887096774192, -0.1791748469384429, 0.7409441542995634, -3.9027355623099482], "R": [[-1.7572237442263516, 0.18897304514694946], [-2.1678075959963774, -0.04185419715451322], [-3.013722095571801, 0.2902575734602673], [-0.7939608397624224, 0.42178504252329274], [-2.982577280579566, 1.2632263279516178], [-1.743646437547313, 0.11689965722690521], [-1.2883164539645324, 22.438229432520206], [-0.21340330868756002, 8.918084865187856], [-0.25036706077527937, 6.750392678051216], [0.2920694929974725, 1.4689140213320742], [-2.3133427231696846, -0.012755392826875989]], "mse": 801.3369279920848, "vol": 539138.157728519, "inc": 50, "msevvol": 0.0014863294621331458, "msevinc": 16.026738559841696}