{"beta": [0.022794028793373083, 0.2112663724261674, -3.0738907913446605, 0.010315216199462424, 0.170238921706835, 0.05887391327917534, 0.09114614159787197, 0.10247395037615638, 0.20832111689691785, -0.5571555758291364, 0.07411092215208458, 0.08106066215582855, 0.054968530973599355, -0.021858102116789898, -0.1514392235387832, -0.11988466148651952, 0.029380150784560025, 0.08685372123565793, 0.16812026993241094, -0.014224619142665196, -0.04340571869201887, 0.04843072108359959, -0.1269239735282984, 0.23436844443034843, 0.04406245170412222, 0.11886581902479791, 0.04274473279899036, -0.08683247224292066], "R": [[-0.1, 1.1], [0.0, 1.1], [-0.1, 1.1], [-0.1, 1.1], [-0.1, 1.1], [-0.10000000000000002, 1.1], [-0.10000000000000003, 1.1], [-0.10000000000000003, 1.1], [-0.1, 1.1], [-0.1, 1.1], [-0.10000000000000009, 1.1], [-0.10000000000000003, 1.0], [-0.1, 1.1], [-0.1, 1.0], [-0.09999999999999999, 1.0], [-0.09999999999999999, 1.1], [-0.09999999999999998, 1.1], [-0.09999999999999998, 1.1], [-0.09999999999999998, 1.1], [-0.10000000000000002, 1.1], [-2.4981993196613552, 0.8183033902691178], [-2.048731692570825, 1.386246529490158], [-2.7506561756272165, 0.928516782867151], [-2.5468817033043174, 0.9969957801233358], [-1.483378977579413, 0.5188279859523388], [-1.335654730362813, 1.356003424019309], [-1.0163070309042266, 0.9048554954993902]], "mse": 0.7383775732857821, "vol": 41629.08860764508, "inc": 234, "msevvol": 1.7737058340263088e-05, "msevinc": 0.0031554597148965046}