{"beta": [-0.15100608014788158, 0.07698889202022834, -0.07566781043764734, 0.077916792044172, -0.2626033766172679, -0.1527319493839715, -0.06203480847796714, 0.02578168938685033, 0.2580264519145369, -0.4760917646212222, 0.18862290436837506, 0.030394838002634997, 0.05132707178632628, 0.00031903952576341725, 0.12235143145402921, -0.06383495709316346, 0.01594702199220745, -0.0319738495070277, -0.055072942646712045, 0.17341871522539554, -0.025469071076560316, -0.03789385557092956, -0.18728464052962238, 0.23146644859642698, -0.12384755724500521, 0.10190327887267354, -0.06755193314247833, -0.11311823833761923], "R": [[-0.1, 1.1], [-0.1, 1.1], [-0.1, 1.1], [-0.1, 1.1], [-0.1, 1.1], [-0.1, 1.1], [-0.1, 1.1], [-0.1, 1.1], [-0.1, 1.1], [-0.1, 1.1], [-0.1, 1.1], [-0.1, 1.1], [-0.1, 1.1], [-0.1, 1.1], [-0.1, 1.1], [-0.1, 1.1], [-0.1, 1.1], [-0.1, 1.1], [-0.1, 1.1], [-0.1, 1.1], [-2.4981993196613552, 3.7962268675753306], [-2.048731692570825, 3.70956534419748], [-2.7506561756272165, 2.221574435698607], [-2.5468817033043174, 3.9147135853931747], [-1.7919422551589224, 3.079874271543797], [-1.335654730362813, 5.625192628894896], [-3.311921066360926, 2.377114349452829]], "mse": 0.7828479002937172, "vol": 8613066.854051575, "inc": 482, "msevvol": 9.089072609780878e-08, "msevinc": 0.0016241657682442266}