{"beta": [0.3867161553495245, 0.2200496910635592, -0.35953036790660076, -0.10382931232122074, 1.1075058948689058, 0.014435856104233489, -0.31084182727255477, -6.001591991266209, 0.06807368801000332, 0.177821308426207, 0.4603453550655371, 0.44136080910705006], "R": [[-1.129738947262551, 0.18897304514694946], [-2.1678075959963774, 0.5584282913912241], [-3.013722095571801, 0.22714888300963532], [-2.4014857337967093, 0.2272657013575783], [-2.982577280579566, -0.08866615309115944], [-0.49979820564769517, 1.496630469081944], [-0.6320137782308004, 1.2290715369511394], [-0.21340330868756002, 8.918084865187856], [-0.25036706077527937, 6.650392678051216], [-0.7482741633401149, 0.4275835060963783], [-0.8709091750130112, 0.7726309633844111]], "mse": 0.5968408213720064, "vol": 40105.45620161172, "inc": 13, "msevvol": 1.4881786118369131e-05, "msevinc": 0.04591083241323127}