{"beta": [0.04950902575383764, -0.0820840795779501, -0.031715895196139855, -0.060869990342142806, 0.057437073684998334, 0.03136764372661601, 0.27697979137926054, -0.07412932738971278, 0.27196053562986106, 0.054234536330160066, 0.32940164613174927, -0.2136691084663526], "R": [[-1.7572237442263516, -0.07476935333494972], [-2.1678075959963774, -0.04185419715451322], [-1.9476736802121315, 0.09122247280827511], [-2.4014857337967093, 0.17863586606614967], [-2.982577280579566, 0.3619646739230997], [-1.0851385500710449, 0.9949101738619296], [-1.2883164539645324, 1.4819363895573812], [-0.21340330868756002, 8.918084865187856], [-0.25036706077527937, 6.750392678051216], [-4.7899245497589265, 8.738392508636064], [-2.3133427231696846, 2.935579969947126]], "mse": 1.2511502204606033, "vol": 1646124.0911183106, "inc": 78, "msevvol": 7.600582648727425e-07, "msevinc": 0.016040387441802608}