{"beta": [0.09242798832210256, 0.028670016697306004, 0.04064774545979239, 0.08913803390188765, -0.00809348122227536, 0.03276075219017146, 0.09131801952411132, -0.04142155803112813, 0.02655713253172396, 0.013202761873427381, 0.25627422551261897, -0.01448538458862579], "R": [[-1.7572237442263516, 2.1351698345202506], [-2.1678075959963774, 0.6334636024594414], [-3.013722095571801, 1.6883577926742601], [-2.4014857337967093, 5.238879065791867], [-2.982577280579566, 5.4189037710799495], [-3.014327126394013, 9.279222489638407], [-1.2883164539645324, 22.438229432520206], [-0.21340330868756002, 8.918084865187856], [-0.25036706077527937, 6.750392678051216], [-4.7899245497589265, 8.738392508636064], [-2.3133427231696846, 3.672922252623378]], "mse": 0.9159622497176828, "vol": 4969699332.700969, "inc": 656, "msevvol": 1.8430938944144715e-10, "msevinc": 0.0013962839172525653}