{"beta": [0.05743305860219558, -0.025720721916955614, 0.04034458692838006, 0.0007626202369366723, 0.02259942269618877, 0.04717053131667358, 0.0349041265804947, 0.019027399629415992, -0.03254343179310041, 0.0007306501242581207, 0.24502206871680943, -0.005677672639672605], "R": [[-1.8118885190211482, 2.048924205299496], [-2.0125996747469777, 2.308173809528907], [-2.521978111015047, 24.050349106616267], [-2.306328501214799, 5.670996570404462], [-4.241444488552639, 5.041763475283599], [-3.1759735352273033, 9.29572167341846], [-0.9395076438021857, 15.110644293668837], [-0.6117999790190289, 2.053888317691431], [-0.9041149963561597, 1.1060539909527929], [-4.1498813091984434, 3.3012268919967234], [-1.8909183913560328, 3.2968460545112412]], "mse": 0.9296834275344934, "vol": 1361046255.546002, "inc": 872, "msevvol": 6.830652696381273e-10, "msevinc": 0.0010661507196496483}