{"beta": [0.13674739481380802, -0.17249219942370125, -0.2204593152378488, -0.018866757065015442, -0.3875829360387354, 0.18846251229880506, 0.2950176384880748, 16.294535817334065, -10.5, -0.1919383897691226, 1.0696414045102949, 0.7609988109393332], "R": [[-1.7572237442263516, -0.07476935333494972], [-1.542560418518857, -0.4170307524955992], [-0.9306528610269529, 0.5451195925878185], [-1.328889027968137, 0.17863586606614978], [-0.9899278071196775, 5.4189037710799495], [-0.9283509578147906, 0.5872624339956685], [-0.8848786308370422, 1.390905042619134], [-0.21340330868756002, 8.918084865187856], [-0.25036706077527937, 6.750392678051216], [0.2920694929974725, 1.4295259566057883], [-1.0565915723281396, -0.012755392826875989]], "mse": 0.49343692001632183, "vol": 7068.646626695307, "inc": 14, "msevvol": 6.98064206736291e-05, "msevinc": 0.03524549428688013}