{"beta": [-0.007931212772980135, 0.06281501143395404, -0.020217472515333786, 0.15412377116029993, -0.14352801854716613, 0.08129755742703675, 0.12380899142089617, 0.10598754365508581, 0.006664972989709339, 0.09274833245236412, 0.22246168522719487, -0.053316237883605844], "R": [[-1.8118885190211482, 0.25931833253612246], [-1.5005223263193892, 0.5598644158185531], [-1.0275275893866036, 0.24967932845554774], [-1.8867124023811308, -0.022285159184732506], [-1.353529172919734, 5.041763475283599], [-1.7077378550930737, 0.5408355107089156], [-0.9395076438021857, 15.110644293668837], [-0.6117999790190289, 1.953888317691431], [-0.9041149963561596, 1.206053990952793], [-0.7168698305618881, 1.2864410291316393], [-1.6412854579800142, 0.6689563467194178]], "mse": 0.7985074014570072, "vol": 58769.56398881362, "inc": 69, "msevvol": 1.3587090787486487e-05, "msevinc": 0.0115725710356088}