{"beta": [-0.25782693304582943, -0.597924994471943, 0.23271875483487212, 0.10186289358164026, -0.45861154289533895, 0.18012136260531433, 0.24412428105277045, -28.352318258780326, 22.11764705882353, -0.2768645282497961, 0.6538591889666154, -0.5327695560253694], "R": [[-1.6572237442263515, -0.07476935333494972], [-2.1678075959963774, -0.26696013035916477], [-1.467076729857322, 0.10578601675842059], [-1.7665575455909943, 0.17863586606614967], [-2.982577280579566, -0.08866615309115944], [-1.1792111054247978, 0.08554213877565409], [-1.2883164539645324, 0.33898725577716804], [-0.21340330868756002, 8.918084865187856], [-0.25036706077527937, 6.750392678051216], [-0.288851360682168, 1.4689140213320742], [-1.6864061902483731, 0.26827742473115634]], "mse": 1137.101591271866, "vol": 12039.703900788343, "inc": 20, "msevvol": 0.09444597646603337, "msevinc": 56.8550795635933}