{"beta": [-0.10836855388710291, -0.15524250088232797, -0.25331267395717605, -0.04269151763594029, -0.020065170613835746, 0.18367863419785016, 0.19390399553308676, 0.07230914591345211, 0.009375972238798066, 0.055948362731823575, 0.23209939503279606, -0.20467993100096976], "R": [[-1.1486865614333561, 0.25931833253612246], [-1.2258040940343302, 0.5598644158185531], [-1.0275275893866036, 0.24967932845554774], [-1.8867124023811308, -0.022285159184732506], [-1.353529172919734, 5.041763475283599], [-1.6759184206713478, 0.5408355107089156], [-0.9395076438021857, 15.110644293668837], [-0.6117999790190289, 1.953888317691431], [-0.9041149963561596, 1.206053990952793], [-0.531974717931093, 1.3669898327379457], [-1.8909183913560326, 0.8321922740387105]], "mse": 0.8487490133018984, "vol": 38139.24068828117, "inc": 65, "msevvol": 2.225395676434347e-05, "msevinc": 0.013057677127721514}