{"beta": [0.05743305860219517, -0.02572072191695552, 0.04034458692838007, 0.0007626202369365391, 0.022599422696188986, 0.04717053131667371, 0.03490412658049462, 0.019027399629416207, -0.0325434317931006, 0.0007306501242582056, 0.2450220687168101, -0.005677672639672608], "R": [[-1.8118885190211484, 2.048924205299496], [-2.0125996747469777, 2.308173809528907], [-2.521978111015047, 24.050349106616267], [-2.306328501214799, 5.670996570404462], [-4.241444488552639, 5.041763475283599], [-3.1759735352273033, 9.29572167341846], [-0.9395076438021857, 15.110644293668837], [-0.6117999790190289, 2.053888317691431], [-0.9041149963561597, 1.1060539909527929], [-4.1498813091984434, 3.3012268919967234], [-1.8909183913560328, 3.2968460545112412]], "mse": 0.9319284162788648, "vol": 1361046255.546002, "inc": 1308, "msevvol": 6.84714727718794e-10, "msevinc": 0.0007124834986841474}