{"beta": [-0.5278886765278611, -0.8412098834579286, 0.052991474809721155, 0.10389155641110491, -0.6900022881361054, 0.6290877462044699, 0.02634399590873662, 8.710579686163799, -3.2, 0.4866996606342916, 0.5237069216741606, -1.1626159755900654], "R": [[-1.7572237442263516, -0.3385117518168512], [-2.1678075959963774, -0.34199544142738203], [-1.4282406126569334, 0.15675842058393097], [-2.4014857337967093, -0.06451331039099328], [-2.982577280579566, -0.08866615309115944], [-0.7820158717089535, 0.5349999032435839], [-1.2883164539645324, 1.1279255959086425], [-0.21340330868756002, 8.918084865187856], [-0.25036706077527937, 6.750392678051216], [-1.1485645738065904, 0.8263614343523926], [-1.6864061902483731, 1.2744752804523263]], "mse": 40.83236748472664, "vol": 33029.96498710104, "inc": 11, "msevvol": 0.0012362219427320804, "msevinc": 3.7120334077024215}