{"beta": [0.058693062191420176, 0.3234128529271591, 0.6538235389246465, 0.03558738073649307, 0.08556047854902248, -0.03285363900438651, 0.2867308600307593, -0.03524257354200394, 0.21055604268732186, -0.8543338941404927, 0.137061870180565, -0.033082347800057865, -0.01252346822395036, -0.6113972651023313, -0.1758796543680868, 0.07856849174332334, 0.08385366390141169, 0.14398499483335778, 0.1119725302647185, 0.053114897883938764, 0.06631900976065207, 0.05745867662273452, -0.3574289719672946, 0.17450062662340923, -0.045627914992635146, 0.06448867609394032, -0.20594806681864952, -0.386433781717339], "R": [[-0.09999999999999999, 1.0], [-0.09999999999999998, 1.0], [-0.1, 1.1], [-0.09999999999999998, 1.1], [-0.1, 1.1], [-0.1, 1.1], [-0.10000000000000003, 1.1], [-0.10000000000000003, 1.0], [-0.1, 1.1], [-0.1, 1.1], [-0.09999999999999998, 1.1], [-0.10000000000000003, 1.1], [-0.10000000000000003, 1.0], [-0.1, 1.1], [-0.1, 1.0], [-0.1, 1.1], [-0.09999999999999998, 1.1], [-0.10000000000000003, 1.1], [-0.09999999999999998, 1.1], [-0.1, 1.0], [-1.3824616217885746, 3.7962268675753306], [-1.3134977455115902, 1.2274380427253493], [-1.2189869353400473, 2.221574435698607], [-2.5468817033043174, 0.4334519951372703], [-1.7919422551589224, 1.0610925633514556], [-1.335654730362813, 0.4545571094516145], [-1.8396622124074873, 0.21872606852267076]], "mse": 0.6009013346996637, "vol": 32265.621403843554, "inc": 86, "msevvol": 1.8623578550639133e-05, "msevinc": 0.006987224822089112}