{"beta": [-0.0021320975012757005, -0.07587592140134791, 0.08848746574734781, -0.021934934715331623, -0.023537957497471874, 0.041920497862238344, 0.003550899490947437, 0.04307291436303632, 0.002361379670035009, -0.012633708242519822, 0.3125352602633279, -0.05428630269862266], "R": [[-1.7118885190211481, 1.1041212689178093], [-2.0125996747469777, 0.9032622061748767], [-2.521978111015047, 0.3120429474908091], [-2.306328501214799, 0.5636776886769926], [-4.241444488552639, 1.3444533905959801], [-3.1759735352273033, 1.54845093406358], [-0.9395076438021857, 15.110644293668837], [-0.6117999790190289, 1.953888317691431], [-0.9041149963561596, 1.206053990952793], [-4.1498813091984434, 3.3012268919967234], [-1.8909183913560326, 1.6325017510346864]], "mse": 0.8370388340938753, "vol": 4020818.751706032, "inc": 292, "msevvol": 2.081762162839894e-07, "msevinc": 0.002866571349636559}