{"beta": [0.03521478890479867, -0.08865899139595612, 0.0306295206502725, -0.07596619135757643, 0.06783388981866764, 0.036911575967948584, 0.036566744407670784, 0.017126170725086584, -0.026679622793963752, -0.011380249450325496, 0.2954670055495733, -0.024574198144496896], "R": [[-1.8118885190211482, 1.385722247711704], [-2.0125996747469777, 0.834582648103612], [-2.521978111015047, 24.050349106616267], [-2.306328501214799, 5.670996570404462], [-4.241444488552639, 5.041763475283599], [-3.1759735352273033, 9.29572167341846], [-0.9395076438021857, 15.110644293668837], [-0.6117999790190289, 2.053888317691431], [-0.9041149963561596, 1.206053990952793], [-4.1498813091984434, 3.3012268919967234], [-1.8909183913560328, 2.0224542440752193]], "mse": 0.9530703144055502, "vol": 588205592.4024498, "inc": 628, "msevvol": 1.6203013482290393e-09, "msevinc": 0.0015176278891808124}