{"beta": [0.08878669452482678, -0.18680965036299071, 0.06049296638492974, -0.05710475952660129, -0.02815029639962567, 0.0648756016134179, 0.11659354602321664, -0.07768872874378015, -0.025018103366342387, 0.02156197291091196, 0.3648651609788143, -0.303690827212232], "R": [[-1.7572237442263516, 0.18897304514694946], [-2.1678075959963774, -0.19192481929094762], [-1.9476736802121315, 10.965817738591115], [-2.4014857337967093, 0.17863586606614978], [-2.982577280579566, 5.4189037710799495], [-3.014327126394013, 9.279222489638407], [-1.2883164539645324, 22.438229432520206], [-0.21340330868756002, 8.918084865187856], [-0.25036706077527937, 6.750392678051216], [-0.9148933675130623, 8.738392508636064], [-1.1770342084244394, 3.672922252623378]], "mse": 0.6081420788280748, "vol": 939721559.6157823, "inc": 247, "msevvol": 6.471513530845475e-10, "msevinc": 0.00246211367946589}