{"beta": [-0.17941078132793548, 0.14568380941583114, -0.33492311475181863, 0.15619741623799488, -0.35114561248898546, -0.14366230242052658, -0.04362136546432287, 0.043529042600888426, 0.29507998019592646, -0.5445283782969836, 0.14773713484644113, 0.02913399632121897, 0.08256100105165548, -0.004712564028957645, 0.030160290157431872, -0.055340395350495744, -0.0699716732988517, 0.013589612821089796, -0.08831331052277848, 0.10334039964136883, -0.0158388562603305, -0.02562433521407941, -0.2044033685118765, 0.22441660905110225, -0.1392115503557551, 0.1309081309651333, -0.0732570954580186, -0.07391048330003781], "R": [[-0.1, 1.1], [-0.1, 1.1], [-0.1, 1.1], [-0.10000000000000003, 1.1], [-0.1, 1.1], [-0.1, 1.1], [-0.10000000000000003, 1.1], [-0.09999999999999999, 1.1], [-0.1, 1.1], [-0.1, 1.1], [-0.09999999999999998, 1.1], [-0.1, 1.1], [-0.1, 1.1], [-0.09999999999999999, 1.1], [-0.1, 1.1], [-0.1, 1.1], [-0.09999999999999998, 1.1], [-0.10000000000000003, 1.1], [-0.10000000000000003, 1.1], [-0.09999999999999999, 1.1], [-2.4981993196613552, 3.7962268675753306], [-2.048731692570825, 3.7095653441974803], [-2.7506561756272165, 2.221574435698607], [-2.5468817033043174, 0.9343798869515869], [-1.7919422551589224, 3.079874271543797], [-1.335654730362813, 5.625192628894896], [-3.311921066360926, 2.377114349452829]], "mse": 0.8249049278843275, "vol": 4640392.577010213, "inc": 420, "msevvol": 1.7776619417312543e-07, "msevinc": 0.0019640593521055415}