{"beta": [-0.14255509406318917, -0.16125870254651545, -0.3084941588807991, -0.0928088812467868, -0.020395153294910297, 0.18373430044211506, 0.36120322114282516, 0.07555031234304313, 0.02588396813087787, -0.011901149972917847, 0.20054427812503736, -0.18790577314336976], "R": [[-1.1486865614333561, 0.25931833253612246], [-1.2258040940343302, 0.5598644158185531], [-1.0275275893866036, 0.24967932845554774], [-1.8867124023811308, -0.022285159184732506], [-1.353529172919734, 5.041763475283599], [-1.6759184206713478, 0.5408355107089156], [-0.9395076438021857, 0.935923926858697], [-0.6117999790190289, 1.953888317691431], [-0.9041149963561596, 1.206053990952793], [-0.531974717931093, 1.3669898327379457], [-1.8909183913560326, 0.8321922740387105]], "mse": 0.6226345593820745, "vol": 4456.502115774175, "inc": 44, "msevvol": 0.00013971373584188495, "msevinc": 0.014150785440501691}