{"beta": [0.09132821603703076, 0.17581119008898005, 0.8030003565157562, -0.224675648917394, 0.4511190229521057, -0.13815511373131487, 0.1241084033558192, 0.0524124701094232, 0.01812292381037209, -0.5865416366751032, -0.024140293710142532, 0.0028353703585272103, 0.12115577692980126, -0.2502096843948045, -0.5679833650929085, 0.12900517132110914, 0.07539846751897072, 0.1723933045498887, 0.19643343874741928, 0.0592223190896352, -0.007496821989699161, 0.08295200530628871, -0.36233331271765995, 0.13903926166620853, 0.04200969500801624, 0.15447831881177365, 0.03568528560533437, -0.0099250304439167], "R": [[-0.1, 1.0], [-0.1, 1.0], [-0.1, 1.1], [-0.10000000000000003, 1.1], [-0.1, 1.1], [-0.1, 1.0], [-0.10000000000000003, 1.1], [-0.09999999999999999, 1.0], [-0.1, 1.1], [-0.1, 1.0], [-0.09999999999999998, 1.1], [-0.1, 1.0], [-0.1, 1.0], [-0.09999999999999999, 1.1], [-0.1, 1.1], [-0.1, 1.1], [-0.09999999999999998, 1.1], [-0.10000000000000003, 1.1], [-0.10000000000000003, 1.1], [-0.09999999999999999, 1.0], [-0.7053031565400537, 2.003330704454029], [-2.048731692570825, 1.2274380427253493], [-1.2189869353400473, 0.8092111313628496], [-2.5468817033043174, 0.6839159410444287], [-1.7919422551589224, 0.727391263531848], [-1.335654730362813, 1.0179610560564236], [-1.8396622124074873, 0.2187260685226708]], "mse": 0.5787839866161465, "vol": 13564.43744226737, "inc": 93, "msevvol": 4.266922156407539e-05, "msevinc": 0.006223483727055339}