{"beta": [0.05823172492514866, -0.02443139394843752, 0.04027652917982799, 0.0009871509463912273, 0.02231898406809281, 0.0474942959730199, 0.03500527060327709, 0.019343641829340244, -0.032177942947216195, 0.00079720629702677, 0.24246350522360488, -0.004461259625225086], "R": [[-1.8118885190211482, 2.048924205299496], [-2.0125996747469777, 2.308173809528907], [-2.521978111015047, 24.050349106616267], [-2.306328501214799, 5.670996570404462], [-4.241444488552639, 5.041763475283599], [-3.1759735352273033, 9.29572167341846], [-0.9395076438021857, 15.110644293668837], [-0.5117999790190291, 2.053888317691431], [-1.0041149963561595, 1.1060539909527929], [-4.1498813091984434, 3.3012268919967234], [-1.7546437408406343, 3.296846054511241]], "mse": 0.9314847438014756, "vol": 1339033098.4855576, "inc": 1306, "msevvol": 6.956398201470763e-10, "msevinc": 0.0007132348727423244}