{"beta": [0.047276789854949014, 0.1138491862744671, -3.1112875143111527, -0.12335189611674556, 0.22068295090589882, -0.07485560916787017, 0.24749740262287603, -0.006911754384689646, 0.2996598392254435, -0.5044001771561454, 0.12993267919074655, 0.05221245799880223, 0.11282213390653346, -0.05592026141461085, -0.15793594750029616, -0.05956144110254467, 0.21442463997417263, 0.07537978476924644, 0.21311333144839384, 0.05445747425165118, -0.02354725666590083, 0.1501647339372226, -0.2690185318718172, 0.26216145388415213, 0.05861568763441946, 0.11838711644759706, 0.05912504769939205, -0.16740386867067708], "R": [[-0.10000000000000002, 1.0], [-0.1, 1.1], [-0.1, 1.1], [-0.1, 1.1], [-0.1, 1.1], [-0.09999999999999998, 1.1], [-0.09999999999999998, 1.1], [-0.1, 1.0], [-0.1, 1.0], [-0.10000000000000002, 1.1], [0.0, 1.1], [-0.10000000000000002, 1.1], [-0.09999999999999998, 1.0], [-0.10000000000000002, 1.1], [-0.1, 1.1], [-0.1, 1.1], [-0.1, 1.0], [-0.10000000000000002, 1.1], [-0.10000000000000002, 1.1], [-0.10000000000000002, 1.1], [-2.059620087037095, 3.7962268675753306], [-2.048731692570825, 0.6716083390485186], [-1.696210110251474, 2.221574435698607], [-2.19641794400724, 0.6213000478726798], [-1.5250916052491186, 0.5188279859523389], [-1.335654730362813, 0.7925994774145], [-3.311921066360926, 0.9048554954993902]], "mse": 0.6202343538267616, "vol": 73368.97234663514, "inc": 151, "msevvol": 8.45363283673152e-06, "msevinc": 0.004107512276998421}