{"beta": [0.0010950470253449018, -0.04139919929809766, -0.009580022798542667, -0.04395603030406046, 0.017474745541133017, 0.05483409060195652, 0.21988810610367956, -0.015821899823414542, 0.022430203153155432, 0.05400218709183311, 0.43492587333489646, 0.06699612215869331], "R": [[-1.1486865614333561, 2.048924205299496], [-1.569201884390654, 0.0791075093196999], [-1.4915129150089477, 24.050349106616267], [-2.306328501214799, 2.0552194832341115], [-1.353529172919734, 5.041763475283599], [-3.1759735352273033, 0.7211456390986978], [-0.9395076438021857, 3.151190508982397], [-0.5117999790190291, 2.053888317691431], [-1.0041149963561595, 1.1060539909527929], [-4.1498813091984434, 0.5293631758556689], [-1.8909183913560328, 1.5282121308029164]], "mse": 0.9881274291141684, "vol": 5185273.050923118, "inc": 168, "msevvol": 1.9056420354531863e-07, "msevinc": 0.005881710887584336}