{"beta": [0.05943383907923768, -0.06978624087020353, 0.18059050193016116, 0.19666370530952235, 0.1798960175457329, 0.11532293179510547, -0.09980426819199972, -0.007517047347663495, -0.010230867019911313, 0.025652350456840337, 0.2789523429650067, 0.33212475900739136], "R": [[-1.8118885190211482, -0.30388362505166944], [-1.569201884390654, 0.3538257416047589], [-1.4790401912018962, 0.1074902770551518], [-1.8867124023811308, -0.022285159184732506], [-1.353529172919734, -0.09447064327906751], [-1.6759184206713478, 0.6893262046769713], [-0.9395076438021857, 1.3382120470990786], [-0.6117999790190289, 1.9538883176914312], [-0.9041149963561596, 1.206053990952793], [-0.8467651308004909, 3.3012268919967234], [-1.8909183913560328, 2.0224542440752193]], "mse": 0.6933635881777985, "vol": 5113.457339334894, "inc": 37, "msevvol": 0.00013559584878984913, "msevinc": 0.0187395564372378}