{"beta": [-0.06319711099237604, -0.4949841057379992, 0.10408625405955729, -0.03554846322656183, -0.30028859703005717, 0.1477153629830655, 0.015123133363585948, 3.0547537079402844, 0.11493497652206752, 0.21334484709729162, 0.4102669774169343, -0.3398932827283472], "R": [[-1.7572237442263516, -0.3385117518168512], [-2.1678075959963774, -0.34199544142738203], [-3.013722095571801, 0.41890221168655517], [-2.4014857337967093, 0.42178504252329285], [-2.982577280579566, 0.8125955009373587], [-0.7924683778593702, 0.5349999032435839], [-1.2883164539645324, 1.1279255959086425], [-0.21340330868756002, 8.918084865187856], [-0.25036706077527937, 6.750392678051216], [-0.8442309481281569, 0.8263614343523926], [-1.6864061902483731, 3.672922252623378]], "mse": 26.9035203332581, "vol": 174901.23971572536, "inc": 26, "msevvol": 0.0001538212100553751, "msevinc": 1.0347507820483886}