{"beta": [0.08439225007149356, 0.04801574299088756, 0.01134723888387596, 0.13768979186392194, -0.02740856921499562, -0.0010234693830212958, 0.20664111809913374, -0.024920816014242217, 0.0434100580774516, -0.1764601915378158, 0.10738134357947127, -0.14505268131866048], "R": [[-1.7572237442263519, 0.45271544362885086], [-2.1678075959963774, 0.4083576692547898], [-3.013722095571801, 0.4456020422618222], [-2.4014857337967093, 0.9080833954375787], [-2.982577280579566, 0.8125955009373587], [-0.4057256502939427, 9.279222489638407], [-1.2883164539645324, 22.438229432520206], [-0.21340330868756002, 8.918084865187856], [-0.25036706077527937, 6.750392678051216], [-4.7899245497589265, 0.34541235505424417], [-1.4430116964704345, 1.5028144447182277]], "mse": 0.8662820484498552, "vol": 54972174.28921153, "inc": 72, "msevvol": 1.5758555299128236e-08, "msevinc": 0.0120316951173591}