{"beta": [0.1505664339143972, -0.6193206397373962, -0.29881985161991564, 0.2740138283828548, -0.2483516183354529, 0.400120449880753, 0.1448411853989262, 1.783167830066015, 0.18333333333333332, -0.1433551719367299, 0.42181886677039204, 0.12405276452427734], "R": [[-1.6572237442263515, 0.18897304514694946], [-2.1678075959963774, -0.26696013035916477], [-0.9306528610269529, 0.2902575734602673], [-0.7939608397624224, 0.42178504252329274], [-2.982577280579566, 5.4189037710799495], [-3.014327126394013, 0.11689965722690521], [-1.2883164539645324, 3.241875763696824], [-0.21340330868756002, 8.918084865187856], [-0.25036706077527937, 6.750392678051216], [0.2920694929974725, 1.4295259566057883], [-1.257329299155306, -0.012755392826875989]], "mse": 0.4701397032982969, "vol": 56179.91603580503, "inc": 34, "msevvol": 8.368465752043199e-06, "msevinc": 0.01382763833230285}