{"beta": [-0.9885043986711028, -0.5742569805181155, 0.0243788856092655, 0.2538868373018951, -1.1161817191609582, 0.6627599881107769, -0.3808253219613249, 8.242006927549259, -11.422950874730114, 1.155831091199564, 0.6995178811506226, -3.434403544430262], "R": [[-1.7572237442263516, -0.3385117518168512], [-2.1678075959963774, -0.34199544142738203], [-1.4282406126569334, 0.15675842058393097], [-2.4014857337967093, -0.06451331039099328], [-1.4405586341339367, -0.08866615309115944], [-0.7820158717089535, 0.5349999032435839], [-1.2883164539645324, 0.5918521083834096], [-0.21340330868756002, 8.918084865187856], [-0.25036706077527937, 6.750392678051216], [-0.9830106838270083, 0.8263614343523926], [-1.6864061902483731, 1.2744752804523263]], "mse": 1.5270138294927873, "vol": 11000.147012517755, "inc": 10, "msevvol": 0.00013881758377911702, "msevinc": 0.15270138294927874}