{"beta": [0.0025081971663276827, -0.004939604412811178, 0.014593471312745436, -0.00040914845813936354, -0.006815343439985176, 0.5851195011685688, 0.05594927764632314, -0.014182238037306819, 0.07317653111224469, -0.006090770566427039, -0.005703766035326812, 0.019643168043481644, -0.011347674752427976, 0.026193752420796298, 0.003004921302157796, -0.0553874163273002, 0.010132320284345716], "R": [[-0.10000000000000003, 1.1], [-0.10000000000000003, 1.1], [-0.1, 1.1], [-0.09999999999999998, 1.1], [-0.1, 1.1], [-3.6351241692909233, 9.745791327863362], [-0.9769183989499992, 1.0236269488575596], [-2.2506388573287786, 2.626375163077166], [-2.482619941225386, 2.3173220832340404], [-1.517848309229576, 2.708801024456387], [-1.8875307746960677, 2.172004748495182], [-1.4026371056557283, 6.11292947530571], [-0.7169950228232279, 3.3032634050648815], [-0.7856874150981881, 2.7073885696402087], [-0.527513004764509, 2.439110129645856], [-0.9436399543409112, 2.571568308445986]], "mse": 0.5981561258783035, "vol": 29446941.16134309, "inc": 2425, "msevvol": 2.0313013925654928e-08, "msevinc": 0.00024666231994981586}