{"beta": [0.05632612292248943, 0.14065060213643193, 0.056169128583629956, 0.07572297329985846, 0.11337885032989439, 0.4757045729576561, 0.04194783700325322, 0.26637103222608266, 0.235513248640072, -0.00646276229138618, -0.03715875883800682, 0.051062956059007174, -0.03991078532364489, -0.01969661724441095, 1.1777764983915189, -0.14339154713205327, 0.23030009462945006], "R": [[-0.09999999999999998, 1.1], [-0.1, 1.0], [-0.1, 1.0], [-0.1, 1.0], [-0.09999999999999998, 1.0], [-3.9918644005925885, 0.1613763538404816], [-1.0784111940537748, 1.0220651665449352], [-0.6338600138975422, 0.8663500469821644], [-0.7953081202774746, 0.8391985408156717], [-1.4169791737417383, 0.9986075867929095], [-1.0152060153962723, 1.3008344096959592], [-0.533266020016673, 1.3916327770168782], [-0.7175431378773933, 3.3033577420364177], [-0.7862811582964232, 2.7081113848135385], [-0.5274526967944777, 2.4394401474107608], [-0.9437002178516671, -0.014664704891183988]], "mse": 0.7240959433369377, "vol": 15674.784232911872, "inc": 128, "msevvol": 4.619495442983995e-05, "msevinc": 0.005656999557319826}