{"beta": [-0.05671641259216056, -0.0005551149316377619, -0.03581244180694653, 0.05595210123132682, -0.037211112696647224, 0.582230189820393, 0.11009590980920234, -0.10756407856307329, 0.03396464676631046, -0.032305294670157796, -0.006307992228539089, -0.07338493555156207, -0.06913300435603523, 0.02668226031859634, 0.06640884313340367, -0.049245455874356, 0.0373514855677299], "R": [[-0.1, 1.0], [-0.1, 1.0], [-0.09999999999999998, 1.0], [-0.09999999999999999, 1.0], [-0.1, 1.0], [-1.6930627284116178, 6.457576198303895], [-0.9784111940537747, 1.1220651665449353], [-2.251719604905245, 0.5486585046782269], [-0.737143390509322, 2.317941267123266], [-1.4169791737417383, 2.708998760482675], [-1.0152060153962723, 0.5288209346652153], [-0.533266020016673, 6.1113898898974], [-0.7175431378773933, 1.7337804805311055], [-0.7862811582964232, 2.101281762796621], [-0.5274526967944777, 2.4394401474107608], [-0.9437002178516671, 0.8143708080692992]], "mse": 0.5435614150949678, "vol": 368669.7114510968, "inc": 715, "msevvol": 1.474385874975981e-06, "msevinc": 0.0007602257553775773}