{"beta": [-0.1435615358839478, -0.14059629967509266, -0.05931861827771126, -0.001667112975558697, -0.03990140420054067, 0.7130905583286111, 0.16235574307746142, 0.19361534342759756, 0.16466170118893572, 0.050614759603499704, 0.0115372640808711, 0.07586522650314115, 0.006711806573228281, 0.09117122329460756, -0.08798969438997871, -0.0594780090513096, 0.518436121928078], "R": [[-0.10000000000000003, 1.0], [-0.09999999999999998, 1.0], [-0.09999999999999998, 1.0], [-0.10000000000000003, 1.0], [-0.1, 1.0], [-1.052374638453904, 0.5758773799420155], [-1.076292805095683, 1.0242828737245415], [-1.3920981768405356, 0.0375358386645579], [-1.4385078118803323, 1.2351388783986865], [-0.6126068972874239, 1.8036283701864262], [-1.8879968750577951, 1.3002340769356713], [-1.4028577002652836, 6.115344285810739], [-0.7168216464527583, 3.304913477522386], [-0.7857143967286861, 2.7073977753677876], [-0.5275743359844131, 2.438774607923275], [-0.9437099428352796, 0.39926200185177585]], "mse": 0.8684344610062533, "vol": 68244.93577024438, "inc": 170, "msevvol": 1.2725258676042322e-05, "msevinc": 0.0051084380059191374}