{"beta": [0.022842910692327988, 0.12854041559584076, -0.029320978719002282, 0.03862536681109852, -0.05133314772082713, 0.7843780201686056, 0.06070616413034684, 0.006788539734532203, 0.07489535343981292, 0.028557150260655896, 0.01360459836120152, 0.09547032673329557, -0.07293793939684992, -0.007328455780967479, 0.07237937006388372, -0.025272649198956082, 0.1543942961707505], "R": [[-0.10000000000000003, 1.0], [-0.10000000000000003, 1.1], [-0.10000000000000002, 1.1], [-0.1, 1.0], [-0.1, 1.1], [-1.3649875582766793, 0.5941563655078472], [-0.9784111940537747, 1.1220651665449353], [-0.4044161222335856, 1.3958359508220624], [0.18308896178838663, 2.317941267123266], [-1.4169791737417383, 0.9986075867929095], [-1.0152060153962723, 2.072847884726703], [-1.4032255388300936, 0.6216732582034576], [-0.7175431378773933, 1.1459495759289808], [-0.7862811582964232, 0.8342077077543284], [-0.5274526967944777, 2.3394401474107607], [-0.9437002178516671, 0.3998530515890576]], "mse": 0.5391034636047224, "vol": 5809.855607697626, "inc": 175, "msevvol": 9.279119826841316e-05, "msevinc": 0.003080591220598414}