{"beta": [-0.06114369308176324, -0.009371102136191469, -0.10063343157591627, -0.04537157535241148, -0.01215737391113448, 0.6162619374903033, 0.10820272557564915, -0.005014237866381722, 0.009228188660925885, 0.007165595757544016, 0.00030631583328931996, -0.045235849309187615, -0.02086114899010634, 0.021612804955963384, -0.02699530004348543, -0.12651056560952037, 0.047894039160821925], "R": [[-0.09999999999999998, 1.1], [-0.1, 1.1], [-0.1, 1.1], [-0.10000000000000003, 1.0], [-0.1, 1.1], [-3.9918644005925885, 0.7709912089848354], [-0.9784111940537747, 1.1220651665449353], [-1.7634299420893227, 0.7604528662141843], [-0.26073924226861545, 2.317941267123266], [-0.6117835868968557, 0.9986075867929095], [-1.0152060153962723, 1.3008344096959592], [-1.4032255388300936, 6.1113898898974], [-0.7175431378773933, 3.3033577420364177], [-0.7862811582964232, 2.101281762796621], [-0.5274526967944777, 2.4394401474107608], [-0.9437002178516671, 0.3998530515890575]], "mse": 0.41515762496509045, "vol": 192648.42299123312, "inc": 581, "msevvol": 2.1550014192640607e-06, "msevinc": 0.0007145570137092778}