{"beta": [0.04049733543146887, 0.0714612087453526, 0.023380943549965786, 0.07049670100891017, 0.0739674992789444, 0.49741336207052417, 0.0720524547320317, 0.18590609537486588, 0.011479855832883691, -0.027158190966047407, -0.016054699963754998, 0.01274810555129457, -0.04726599902361782, -0.01819913343857175, -0.2424063551629943, -0.03936327480712597, -0.18646908626164502], "R": [[-0.09999999999999998, 1.0], [-0.1, 1.0], [-0.1, 1.0], [-0.1, 1.0], [-0.09999999999999998, 1.0], [-3.9918644005925885, 0.1613763538404816], [-1.0784111940537748, 1.0220651665449352], [-0.6338600138975422, 0.8663500469821644], [-1.4390354415050992, 0.8391985408156717], [-1.5169791737417384, 0.9986075867929095], [-1.0152060153962723, 2.172847884726703], [-0.533266020016673, 1.3916327770168782], [-0.7175431378773933, 3.3033577420364177], [-0.7862811582964232, 2.7081113848135385], [-0.5274526967944777, 2.4394401474107608], [-0.9437002178516671, -0.014664704891183988]], "mse": 0.6081598679147795, "vol": 28709.18215768934, "inc": 161, "msevvol": 2.1183461952150825e-05, "msevinc": 0.00377739048394273}