{"beta": [-0.019186076201794577, -0.010649632133889503, -0.04322843821473574, -0.020458643046847934, -0.021210450154628996, 0.6198413401582152, 0.12125671452839468, -0.01318119548626225, 0.036962284628942445, -0.0037410613364447487, -0.006396850001212551, -0.015530750733652838, -0.02552638860766974, 0.011045942051147636, -0.0006661867232636993, -0.045438236365553566, 0.04888245107103602], "R": [[-0.09999999999999998, 1.1], [-0.1, 1.1], [-0.1, 1.1], [-0.10000000000000003, 1.1], [-0.1, 1.1], [-3.9918644005925885, 6.457576198303895], [-1.0784111940537748, 1.1220651665449353], [-2.251719604905245, 2.190064806581906], [-2.4828060419456293, 2.317941267123266], [-1.5169791737417384, 2.708998760482675], [-1.887219490427016, 2.172847884726703], [-1.4032255388300936, 6.1113898898974], [-0.7175431378773933, 3.3033577420364177], [-0.7862811582964232, 2.7081113848135385], [-0.5274526967944777, 2.4394401474107608], [-0.9437002178516671, 1.6434063210297822]], "mse": 0.64333623671974, "vol": 16965269.359949455, "inc": 2346, "msevvol": 3.792077939171941e-08, "msevinc": 0.00027422686987201196}