{"beta": [-0.14024755554838597, -0.08124323799577993, -0.29410020907477324, -0.16303594200848223, -0.007749606930826403, 0.3806434887117714, 0.1020573887112778, -0.12538378664012806, 0.006666022253246098, 0.11475575884187962, 0.020434017678982622, -0.04265390957672564, -0.0316505524180633, 0.13569906596248651, -0.01434429709005329, -0.0845695887656568, 0.21490381213850082], "R": [[-0.1, 1.0], [-0.1, 1.0], [-0.1, 1.0], [-0.1, 1.0], [-0.10000000000000003, 1.0], [-2.679562738466629, 1.1598022417115867], [-1.076292805095683, 1.0242828737245415], [-0.1036625826198958, 2.6261580138030496], [-2.1219908187942353, -0.3083571761660151], [-1.5180186531120405, 2.709040126011043], [-1.0159391370594286, 1.3002340769356713], [-1.4028577002652836, 6.115344285810739], [-0.7168216464527583, 0.8530764781530664], [-0.7857143967286861, 2.7073977753677876], [-0.5275743359844131, 2.3387746079232743], [-0.9437099428352796, 1.6422339465388314]], "mse": 0.7771446574974067, "vol": 192397.88686984422, "inc": 139, "msevvol": 4.0392577597442084e-06, "msevinc": 0.005590968758974149}