{"beta": [-0.0724773523235046, 0.06905126658313265, -0.05933962919909813, 0.06926828594057308, -0.06867878629716599, 0.23284490535756464, 0.1299321499365285, -0.06464316125166329, -0.0834585100691642, 0.056756205052834546, -0.0443924999070161, 0.2262807421438857, -0.1695980219074528, 0.02792903970590659, 0.010862237442760752, -0.15438884423871296, -0.08430232195906395], "R": [[-0.1, 1.1], [-0.1, 1.1], [-0.1, 1.1], [-0.1, 1.1], [-0.10000000000000003, 1.1], [-2.679562738466629, 0.30263048949856264], [-1.076292805095683, 1.0242828737245415], [-0.22721120124379324, 2.6261580138030496], [-2.4821366099920725, 0.08840688210425585], [-1.5180186531120405, 2.709040126011043], [-1.8879968750577951, 2.172291814934038], [-1.4028577002652836, 0.237816402066511], [-0.7168216464527583, 3.304913477522386], [-0.7857143967286861, 2.7073977753677876], [-0.5275743359844131, 2.438774607923275], [-0.9437099428352796, 0.39926200185177596]], "mse": 0.5800092916832887, "vol": 180175.59601638603, "inc": 191, "msevvol": 3.219133470387077e-06, "msevinc": 0.0030366978622161714}