{"beta": [0.08010222244926093, 0.03620742945747058, 0.0275781228533515, 0.09788779637217228, 0.05901229561429801, 0.5314339316600182, 0.07105792476334818, -0.00730680530429361, 0.045378989541642344, -0.014257467634360444, 0.014984515860786482, -0.03654599029406564, -0.016605294675391093, 0.006892804032755753, 0.05859093900660522, -0.10479817776431684, -0.024026050830424493], "R": [[-0.1, 1.1], [-0.09999999999999998, 1.1], [-0.1, 1.1], [-0.1, 1.1], [-0.10000000000000003, 1.1], [-3.6351241692909233, 0.743260757954057], [-0.9769183989499992, 1.1236269488575596], [-2.2506388573287786, 1.0438499641560357], [-0.11061224117798873, 2.3173220832340404], [-1.417848309229576, 0.9981412909820019], [-1.8875307746960677, 2.172004748495182], [-1.4026371056557283, 6.11292947530571], [-0.7169950228232279, 3.3032634050648815], [-0.7856874150981881, 2.7073885696402087], [-0.527513004764509, 2.439110129645856], [-0.9436399543409112, 2.571568308445986]], "mse": 0.46253987105020417, "vol": 1975994.7299518767, "inc": 842, "msevvol": 2.3407950640711924e-07, "msevinc": 0.0005493347637175822}