{"beta": [0.0944676308387831, 0.06444805530066111, 0.08009584027760246, 0.10512892574793924, 0.10755797631725528, 0.5350091968033331, 0.06593404313777383, -0.004913550884080819, 0.09112071399680739, 0.003617510971521808, -0.011994388723770103, -0.044787428195107164, 0.017401976389370424, -0.022153242644739408, 0.033059394648023196, -0.07340445197178305, -0.08365811436830806], "R": [[-0.10000000000000003, 1.1], [-0.1, 1.1], [-0.1, 1.1], [-0.1, 1.1], [-0.1, 1.1], [-3.6351241692909233, 1.5608071224502655], [-0.9769183989499993, 1.1236269488575596], [-2.2506388573287786, 2.626375163077166], [-0.11061224117798862, 2.3173220832340404], [-1.417848309229576, 0.9981412909820017], [-1.8875307746960677, 2.1720047484951825], [-1.4026371056557283, 6.11292947530571], [-0.7169950228232279, 3.3032634050648815], [-0.7856874150981881, 2.7073885696402087], [-0.527513004764509, 2.439110129645856], [-0.9436399543409112, 2.571568308445986]], "mse": 0.5290290902092976, "vol": 3471372.4088628246, "inc": 1310, "msevvol": 1.5239767673978847e-07, "msevinc": 0.00040383900015976914}