{"beta": [-0.02006097134979647, -0.0327605393264847, -0.03862747330838951, -0.022450599736617383, -0.034657918469818194, 0.6250444038367756, 0.07051865715247255, -0.03400002129497388, 0.06079388359309407, -0.003355402705219107, -0.024477424837593957, -0.0358719175760755, -0.010490953862198692, -0.0030161588179310876, 0.0016604757506635131, -0.03103802138123347, 0.11633253487833305], "R": [[-0.10000000000000003, 1.1], [-0.1, 1.1], [-0.1, 1.1], [-0.10000000000000003, 1.1], [-0.1, 1.1], [-3.991864400592588, 6.457576198303895], [-0.9784111940537746, 1.0220651665449352], [-2.251719604905245, 2.6254058790138397], [-2.4828060419456293, 2.317941267123266], [-1.5169791737417384, 2.708998760482675], [-1.887219490427016, 2.172847884726703], [-1.4032255388300936, 6.1113898898974], [-0.7175431378773933, 3.3033577420364177], [-0.7862811582964232, 2.7081113848135385], [-0.5274526967944777, 2.4394401474107608], [-0.9437002178516671, 2.5724418339902657]], "mse": 0.5739279660791428, "vol": 23016327.497493777, "inc": 1832, "msevvol": 2.493568820402113e-08, "msevinc": 0.000313279457466781}