{"beta": [-0.15372591979974262, -0.1860031291335874, -0.061820702202182734, -0.09461939694046864, -0.031144071714191545, 0.6100725589081718, 0.3069603163505667, 0.2810317244294064, 0.13411281850382414, 0.038695439718618295, 0.018233021971017793, 0.0643228247663601, -0.018987715981097136, 0.06862188999295062, -0.07312988678751672, -0.008779593695257028, 0.7384535838749902], "R": [[-0.10000000000000003, 1.0], [-0.09999999999999998, 1.0], [-0.09999999999999998, 1.0], [-0.10000000000000003, 1.0], [-0.1, 1.0], [-1.052374638453904, 0.5758773799420155], [-1.076292805095683, 1.0242828737245415], [-1.3920981768405356, 0.0375358386645579], [-1.4385078118803323, 1.2351388783986865], [-0.6126068972874239, 1.8036283701864262], [-1.8879968750577951, 1.3002340769356713], [-0.917689174682335, 6.115344285810739], [-0.7168216464527583, 3.304913477522386], [-0.7857143967286861, 2.7073977753677876], [-0.5275743359844131, 2.438774607923275], [-0.9437099428352796, 0.39926200185177585]], "mse": 0.605374001038043, "vol": 63840.91803735108, "inc": 239, "msevvol": 9.482539093248312e-06, "msevinc": 0.0025329456110378366}