{"beta": [0.08010222244926488, 0.03620742945747441, 0.02757812285335567, 0.09788779637217636, 0.05901229561430224, 0.5314339316600165, 0.07105792476334823, -0.007306805304293277, 0.04537898954164383, -0.014257467634360463, 0.014984515860786174, -0.036545990294065925, -0.01660529467538939, 0.006892804032752813, 0.05859093900659932, -0.10479817776431058, -0.0240260508304299], "R": [[-0.10000000000000003, 1.1], [-0.10000000000000003, 1.1], [-0.1, 1.1], [-0.09999999999999998, 1.1], [-0.1, 1.1], [-3.6351241692909233, 0.743260757954057], [-0.9769183989499992, 1.1236269488575596], [-2.2506388573287786, 1.0438499641560357], [-0.11061224117798873, 2.3173220832340404], [-1.417848309229576, 0.9981412909820018], [-1.8875307746960677, 2.172004748495182], [-1.4026371056557283, 6.11292947530571], [-0.7169950228232279, 3.3032634050648815], [-0.7856874150981881, 2.7073885696402087], [-0.527513004764509, 2.439110129645856], [-0.9436399543409112, 2.571568308445986]], "mse": 0.5570611922813592, "vol": 1975994.7299518767, "inc": 1276, "msevvol": 2.819143107203155e-07, "msevinc": 0.00043656833250890217}