{"beta": [-0.03615095100378659, 0.03135778025505677, -0.030365848704600018, -0.027022127746322164, -0.0034723252226376974, 0.5313898612550744, 0.07609243546250512, 0.06334640475234118, 0.04835926547178129, -0.02515769192392645, 0.003089279343273969, -0.05787208504472897, -0.020984008720583085, 0.03286700903257505, 0.021753386901493824, -0.01402098623689163, 0.042197250728454996], "R": [[-0.09999999999999998, 1.1], [-0.1, 1.0], [-0.1, 1.0], [-0.1, 1.1], [-0.09999999999999998, 1.0], [-3.9918644005925885, 0.1613763538404816], [-1.0784111940537748, 1.0220651665449352], [-1.1809954478654363, 0.8663500469821644], [-0.7953081202774746, 1.4982519880340663], [-1.4169791737417383, 0.9986075867929095], [-1.887219490427016, 1.3008344096959592], [-0.533266020016673, 6.1113898898974], [-0.7175431378773933, 3.3033577420364177], [-0.7862811582964232, 2.7081113848135385], [-0.5274526967944777, 2.4394401474107608], [-0.9437002178516671, 0.3998530515890576]], "mse": 0.5420183089301148, "vol": 225019.06558063696, "inc": 326, "msevvol": 2.408766152910182e-06, "msevinc": 0.0016626328494788799}