{"beta": [0.0005422614761268444, 0.050928028511867125, -0.03829779656847227, 0.05707622597045633, -0.0015477247410341996, 0.5873049034775413, 0.12294644986187067, -0.07575123693628368, 0.01568171464953549, 0.022299542937709037, 0.0043452661529662946, 0.005671060098517333, -0.04462706373280862, 0.006140874204505844, -0.03676094386259135, -0.08446962957402326, -0.021282731200549774], "R": [[-0.09999999999999998, 1.0], [-0.1, 1.0], [-0.1, 1.0], [-0.10000000000000003, 1.0], [-0.1, 1.0], [-1.6930627284116178, 1.1223341216825355], [-0.9784111940537747, 1.1220651665449353], [-1.4633879299133814, 0.4427613239102467], [-0.9795434446851063, 2.317941267123266], [-0.6117835868968557, 2.708998760482675], [-1.887219490427016, 0.5288209346652153], [-1.4032255388300936, 1.006653017610168], [-0.7175431378773933, 2.615526837434293], [-0.7862811582964232, 2.6081113848135384], [-0.5274526967944777, 2.4394401474107608], [-0.9437002178516671, 2.5724418339902657]], "mse": 0.5323313207463514, "vol": 136607.6667243537, "inc": 639, "msevvol": 3.896789495866927e-06, "msevinc": 0.000833069359540456}