{"beta": [-0.00797433121483274, 0.07177799658516595, 0.20654318576526984, 0.006830182093026542, 0.11278816433475515, 0.5202462454041638, -0.07961411511458279, -0.04017863402686925, 0.015154301041082154, -0.009845484121997166, -0.027673086309876763, -0.0017083758277284596, -0.03316418223923541, -0.022830866124036998, -0.10589039786504398, 0.09978916764868326, -0.02881589818778071], "R": [[-0.1, 1.1], [-0.1, 1.0], [-0.1, 1.0], [-0.1, 1.0], [-0.1, 1.0], [-2.679562738466629, 7.308664912350221], [-1.076292805095683, 1.0242828737245417], [-2.2510396912444732, 0.0375358386645579], [-0.7036852167016414, 2.31791943291289], [-1.4180186531120405, 2.709040126011043], [-1.0159391370594286, 1.3002340769356713], [-0.5325206490993862, 2.163659029981254], [-0.7168216464527583, 3.304913477522386], [-0.7857143967286861, 2.7073977753677876], [-0.5275743359844131, 2.438774607923275], [-0.9437099428352796, 0.8135859834141277]], "mse": 0.6271798152605257, "vol": 481099.93472397013, "inc": 759, "msevvol": 1.3036372902864111e-06, "msevinc": 0.0008263238672734199}