{"beta": [0.003954739236554087, -0.013344125516720335, -0.00799106224213752, 0.02290734798943883, -0.022000201827727505, 0.5169852085155858, -0.024294029603410382, -0.030788829548122, 0.06917015007707461, -0.005127959086321289, 0.0014398030802149373, 0.018073359490038743, -0.030850657421245486, 0.0039024203398564526, -0.009207715906198965, -0.025229322351748126, -0.0018783458718861035], "R": [[-0.1, 1.1], [-0.1, 1.1], [-0.1, 1.1], [-0.1, 1.1], [-0.10000000000000003, 1.1], [-2.679562738466629, 0.8902984593564], [-1.076292805095683, 1.124282873724542], [-2.2510396912444737, 2.6261580138030496], [-2.4821366099920725, 2.3179194329128894], [-1.5180186531120405, 2.709040126011043], [-1.8879968750577951, 2.172291814934038], [-1.4028577002652836, 6.115344285810739], [-0.7168216464527583, 3.304913477522386], [-0.7857143967286861, 2.7073977753677876], [-0.5275743359844131, 2.438774607923275], [-0.9437099428352796, 0.8135859834141278]], "mse": 0.585618714745067, "vol": 4324270.607974878, "inc": 2420, "msevvol": 1.3542601003393756e-07, "msevinc": 0.00024199120444011032}