{"beta": [-0.02811553087727161, -0.01408870145449567, -0.005345294751612731, -0.00753479900467849, -0.04434401705401043, 0.5239862695788028, -0.02287826536520551, -0.05251278586205543, 0.06467605100231273, -0.01739020814648374, 0.002104648632385497, -0.00011011197254140672, -0.01283022791263456, -0.007762000954614922, -0.012797567978322148, -0.03378693837317741, 0.02043461317853309], "R": [[-0.1, 1.1], [-0.1, 1.1], [-0.1, 1.0], [-0.1, 1.0], [-0.1, 1.1], [-2.679562738466629, 1.107398728475856], [-1.076292805095683, 1.0242828737245417], [-2.2510396912444732, 2.6261580138030496], [-1.7720515327127826, 1.3513906088223067], [-1.4180186531120405, 2.709040126011043], [-1.0159391370594286, 1.3002340769356713], [-0.9176891746823349, 6.115344285810739], [-0.7168216464527583, 3.304913477522386], [-0.7857143967286861, 2.7073977753677876], [-0.5275743359844131, 2.438774607923275], [-0.9437099428352796, 1.6422339465388314]], "mse": 0.6413800643511697, "vol": 1835624.5493842482, "inc": 2073, "msevvol": 3.494069985969177e-07, "msevinc": 0.00030939704020799307}