{"beta": [0.020991231302962245, -0.001091957143954896, 0.00787166917095728, 0.023147587164960296, -0.016622494357053156, 0.5132922784785371, -0.038904242781963666, -0.03933426879851327, 0.046257472819571675, -0.02792655999127349, 0.01609602082631504, -0.0025972480189938602, -0.007607962560667182, 0.02326387850938193, -0.01857236650930098, -0.04132647137265539, -0.01667242604333987], "R": [[-0.1, 1.1], [-0.1, 1.1], [-0.1, 1.1], [-0.1, 1.1], [-0.1, 1.1], [-2.679562738466629, 7.308664912350221], [-1.076292805095683, 1.1242828737245418], [-2.2510396912444732, 2.6261580138030496], [-2.4821366099920725, 2.31791943291289], [-1.5180186531120405, 2.709040126011043], [-1.8879968750577951, 2.172291814934038], [-1.4028577002652836, 6.115344285810739], [-0.7168216464527583, 3.304913477522386], [-0.7857143967286861, 2.7073977753677876], [-0.5275743359844131, 2.438774607923275], [-0.9437099428352796, 2.570881909663535]], "mse": 0.735842072041364, "vol": 24198027.24124313, "inc": 2427, "msevvol": 3.0409176116108935e-08, "msevinc": 0.00030318997611922705}