{"beta": [-0.016062967205201305, -0.009086028355770484, -0.0461193154539345, -0.021612702233119535, -0.023530262087448132, 0.6130458206737208, 0.12503148737190822, -0.017666799318249517, 0.037809674575006905, -0.005316811387034649, -0.008950715980911277, -0.015087983593158258, -0.021679437495183085, 0.018030115440252518, -0.007115779442054421, -0.05651229439833617, 0.046899134725497636], "R": [[-0.1, 1.1], [-0.1, 1.1], [-0.1, 1.1], [-0.1, 1.1], [-0.1, 1.1], [-3.9918644005925885, 6.457576198303895], [-1.0784111940537748, 1.1220651665449353], [-2.251719604905245, 2.6254058790138397], [-2.4828060419456293, 2.317941267123266], [-1.5169791737417384, 2.708998760482675], [-1.887219490427016, 2.172847884726703], [-1.4032255388300936, 6.1113898898974], [-0.7175431378773933, 3.3033577420364177], [-0.7862811582964232, 2.7081113848135385], [-0.5274526967944777, 2.4394401474107608], [-0.9437002178516671, 2.5724418339902657]], "mse": 0.6732867447874867, "vol": 25317412.174206007, "inc": 2420, "msevvol": 2.6593821681089805e-08, "msevinc": 0.0002782176631353251}