{"beta": [0.18109454738341907, 0.16160970069775132, 0.0183614323680558, 0.08944726368635808, 0.16320104058887197, 0.5499527735273573, 0.10547365149705555, -0.05625849505048359, 0.03575567806920895, 0.020940634796074168, 0.013630318655160777, 0.031354389283520835, 0.05188171229414363, -0.2000258097191788, 0.09847404457555813, -0.13479720637637824, -0.08862649449962094], "R": [[-0.10000000000000003, 1.0], [-0.1, 1.0], [-0.1, 1.0], [-0.1, 1.0], [-0.1, 1.0], [-3.6351241692909233, 0.25531806610058866], [-0.9769183989499993, 1.1236269488575596], [-2.0800424192849167, 1.2556392782876276], [-0.11061224117798862, 2.3173220832340404], [-1.417848309229576, 0.9981412909820017], [-1.0156236700578178, 1.300097643856932], [-1.4026371056557283, 1.0075418146478838], [-0.7169950228232279, 1.4400672075780616], [-0.7856874150981881, 0.8341938086272256], [-0.527513004764509, 2.439110129645856], [-0.9436399543409112, 2.571568308445986]], "mse": 0.4997699617995883, "vol": 52372.81512682921, "inc": 490, "msevvol": 9.542545318393041e-06, "msevinc": 0.0010199386975501803}