{"beta": [0.0005422614761365187, 0.050928028511876854, -0.03829779656846264, 0.057076225970466056, -0.0015477247410244906, 0.5873049034775398, 0.12294644986186885, -0.07575123693628528, 0.015681714649535786, 0.022299542937709485, 0.004345266152966299, 0.0056710600985182364, -0.044627063732809516, 0.006140874204505917, -0.03676094386259289, -0.08446962957402233, -0.02128273120056085], "R": [[-0.09999999999999998, 1.0], [-0.1, 1.0], [-0.1, 1.0], [-0.10000000000000003, 1.0], [-0.1, 1.0], [-1.6930627284116178, 1.1223341216825355], [-0.9784111940537747, 1.1220651665449353], [-1.4633879299133814, 0.4427613239102467], [-0.9795434446851063, 2.317941267123266], [-0.6117835868968557, 2.708998760482675], [-1.887219490427016, 0.5288209346652153], [-1.4032255388300936, 1.006653017610168], [-0.7175431378773933, 2.615526837434293], [-0.7862811582964232, 2.6081113848135384], [-0.5274526967944777, 2.4394401474107608], [-0.9437002178516671, 2.5724418339902657]], "mse": 0.52070854665593, "vol": 136607.6667243537, "inc": 936, "msevvol": 3.811708077165341e-06, "msevinc": 0.000556312549846079}