{"beta": [-0.09079332695145328, -0.06153942084905013, -0.0784683224894113, -0.027650599666346, -0.05314913829447473, 0.5410818024005116, -0.01748363744973344, -0.04371927131197582, 0.07020357843971597, 0.01610755398723961, -0.007322670193481968, 0.012745450398850626, -0.07366486460659685, 0.025784204178861535, 0.002511739089554784, -0.016705385770586386, 0.07836638479704346], "R": [[-0.10000000000000003, 1.1], [-0.09999999999999998, 1.1], [-0.09999999999999998, 1.0], [-0.10000000000000003, 1.0], [-0.1, 1.1], [-2.679562738466629, 1.107398728475856], [-1.076292805095683, 1.0242828737245415], [-2.2510396912444732, 2.6261580138030496], [-1.7720515327127826, 1.3513906088223067], [-1.4180186531120405, 2.709040126011043], [-1.0159391370594286, 1.3002340769356713], [-0.917689174682335, 6.115344285810739], [-0.7168216464527583, 3.304913477522386], [-0.7857143967286861, 2.7073977753677876], [-0.5275743359844131, 2.438774607923275], [-0.9437099428352796, 1.6422339465388311]], "mse": 0.6370737871037135, "vol": 1835624.5493842477, "inc": 669, "msevvol": 3.4706105195499655e-07, "msevinc": 0.0009522777086752071}