{"beta": [-0.06277062549041286, 0.010793703382347707, -0.010069851475214301, 0.010962156061323303, -0.035297311200279645, 0.6074750376363546, 0.12366986313968223, -0.07673058048981388, 0.056525117869937774, -0.027681730186980814, 0.0043987129729900366, -0.060234020809520165, -0.004445405089262505, -0.002240751221702242, -5.79266501361216e-05, -0.1912352167259826, -0.05919079286393432], "R": [[-0.1, 1.0], [-0.1, 1.0], [-0.09999999999999998, 1.1], [-0.09999999999999999, 1.0], [-0.1, 1.1], [-1.6930627284116178, 6.457576198303895], [-0.9784111940537747, 1.1220651665449353], [-2.251719604905245, 0.7604528662141843], [-0.9795434446851062, 2.317941267123266], [-1.5169791737417384, 2.708998760482675], [-1.0152060153962723, 0.5288209346652153], [-0.533266020016673, 1.006653017610168], [-0.7175431378773933, 3.3033577420364177], [-0.7862811582964232, 2.6081113848135384], [-0.5274526967944777, 2.4394401474107608], [-0.9437002178516671, -0.014664704891183988]], "mse": 0.5162974707469825, "vol": 123200.43013611803, "inc": 641, "msevvol": 4.190711592293559e-06, "msevinc": 0.0008054562726161974}