{"beta": [-0.10835163132357872, -0.1502371617358762, 0.05496658656210077, -0.1043619415846923, -0.038024302269782005, 0.5124265350296912, -0.06530963568636473, 0.009938487260670063, 0.03711490013794001, 0.05631801439673922, -0.052158333801866984, -0.007283616405155746, -0.020517907590973803, -0.05046516811415196, -0.049963405681023955, 0.029118586960618097, 0.1080143008724852], "R": [[-0.1, 1.0], [-0.1, 1.0], [-0.1, 1.0], [-0.1, 1.0], [-0.1, 1.0], [-1.052374638453904, 1.0175641343574604], [-1.076292805095683, 1.0242828737245417], [-1.3920981768405356, 0.0375358386645579], [-1.4385078118803323, 1.2351388783986865], [-1.4180186531120405, 2.709040126011043], [-1.0159391370594286, 1.3002340769356713], [-0.5325206490993862, 2.163659029981254], [-0.7168216464527583, 3.304913477522386], [-0.7857143967286861, 2.7073977753677876], [-0.5275743359844131, 2.438774607923275], [-0.9437099428352796, 0.39926200185177585]], "mse": 0.7065167655483056, "vol": 38606.803204709606, "inc": 299, "msevvol": 1.8300317739390508e-05, "msevinc": 0.0023629323262485138}