{"beta": [-0.1986310215523958, -0.0036947309876269627, -0.07486239967516603, -0.12563876492005174, 0.08174576421635481, 0.3732813395531122, 0.17571166147758835, -0.021994023078293668, -0.05258074921670042, 0.11443360091845908, -0.03118573206915626, 0.14920104951571947, -0.22055328551281997, -0.10847743545238459, 0.006272686099691765, 0.0016093430645045292, 0.07598729081725378], "R": [[-0.1, 1.1], [-0.1, 1.0], [-0.1, 1.1], [-0.1, 1.0], [-0.10000000000000003, 1.0], [-2.679562738466629, 7.308664912350221], [-1.076292805095683, 1.0242828737245415], [0.1787342599490116, 2.6261580138030496], [-2.1219908187942353, -0.45968245121434115], [-1.4180186531120405, 0.9982166143618095], [-1.0159391370594286, 1.3002340769356713], [-1.4028577002652836, 0.6229849276494595], [-0.7168216464527583, 0.8530764781530664], [-0.7857143967286861, 1.3408161707152977], [-0.5275743359844131, 2.438774607923275], [-0.9437099428352796, 0.8135859834141278]], "mse": 0.5877569970992653, "vol": 32278.569058960366, "inc": 108, "msevvol": 1.8208892594515647e-05, "msevinc": 0.00544219441758579}