{"beta": [0.23767631004135648, 0.13837880002050085, 0.021184150534990096, 0.13840853924286797, 0.15755003263937153, 0.5398812213819729, 0.1266196083291415, -0.034944104710630856, 0.10234326578520006, -0.05495985958271694, 0.010155248360735405, -0.04547536868160105, 0.03237739629837777, -0.25263624775757576, 0.026124044024050722, 0.026640002796098353, -0.15256068294258818], "R": [[-0.10000000000000003, 1.1], [-0.1, 1.1], [-0.1, 1.1], [-0.1, 1.0], [-0.1, 1.0], [-3.6351241692909233, 0.25531806610058866], [-0.9769183989499993, 1.1236269488575596], [-0.6681136584076486, 1.5027268114411503], [0.22181686885297602, 2.3173220832340404], [-1.517848309229576, 0.9981412909820017], [-1.8875307746960677, 1.300097643856932], [-1.4026371056557283, 1.3925716346984858], [-0.7169950228232279, 3.3032634050648815], [-0.7856874150981881, 0.5808802713396566], [-0.527513004764509, 2.439110129645856], [-0.9436399543409112, 0.8139641770525374]], "mse": 0.39605091625413563, "vol": 49915.58166157896, "inc": 247, "msevvol": 7.9344145268968e-06, "msevinc": 0.0016034450050774723}