{"beta": [-0.006562801641498026, 0.06110878945866118, -0.024294620474162087, -0.023175290818346083, -0.005330817656506757, 0.6954732680495146, -0.02680235114055117, -0.11367675343223867, 0.0643146449378496, -0.03143520414699841, -0.007647743837982394, -0.05846808329297395, -0.008793669209065942, 0.020423368957716636, -0.0784296617494852, -0.2198799621526484, 0.02235452689948614], "R": [[-0.10000000000000003, 1.0], [-0.1, 1.0], [-0.1, 1.0], [-0.10000000000000003, 1.1], [-0.1, 1.0], [-3.991864400592588, 1.0874325078383928], [-0.9784111940537746, 1.1220651665449353], [-2.251719604905245, 0.5663080348062232], [-0.20452034801761754, 2.317941267123266], [-0.6117835868968557, 0.9986075867929095], [-1.0152060153962723, 2.172847884726703], [-1.3032255388300935, 0.6216732582034575], [-0.7175431378773933, 3.3033577420364177], [-0.7862811582964232, 2.7081113848135385], [-0.5274526967944777, 2.4394401474107608], [-0.9437002178516671, 0.8143708080692991]], "mse": 0.4666902593737237, "vol": 96503.14623096958, "inc": 202, "msevvol": 4.836010820380429e-06, "msevinc": 0.0023103478186818007}