{"beta": [-0.09087894938213954, -0.024074473777844857, -0.06588882303124162, 0.003021552439570146, -0.05789683460996181, 0.5897176757472483, 0.11913397076588264, -0.09712955970972316, 0.03980251415762662, -0.039751387162903655, 0.01669632220072279, -0.08080880496322014, -0.03126462563336806, -0.006083912913639585, 0.03863366540377511, -0.03720788880690486, 0.07377808058533375], "R": [[-0.1, 1.0], [-0.1, 1.0], [-0.09999999999999998, 1.0], [-0.09999999999999999, 1.0], [-0.1, 1.0], [-1.6930627284116178, 6.457576198303895], [-0.9784111940537747, 1.1220651665449353], [-2.251719604905245, 0.566308034806223], [-0.9795434446851062, 2.317941267123266], [-1.5169791737417384, 2.708998760482675], [-1.0152060153962723, 0.5288209346652153], [-0.533266020016673, 6.1113898898974], [-0.7175431378773933, 3.3033577420364177], [-0.7862811582964232, 2.6081113848135384], [-0.5274526967944777, 2.4394401474107608], [-0.9437002178516671, 0.8143708080692992]], "mse": 0.516106559822484, "vol": 790822.8781858145, "inc": 868, "msevvol": 6.526196624539456e-07, "msevinc": 0.0005945928108553963}