{"beta": [0.021260609494688817, 0.02320552424522713, 0.004990197504393126, 0.02577944650232633, 0.020313100501428566, 0.6071630260047577, 0.12150290389021372, -0.016078806715112432, 0.042921373369456985, 0.0018269474641138686, -0.0055436061168968355, -0.00023740804586376132, -0.11196137258682946, 0.003945810618254543, 0.0007622116203628759, -0.049607465292649464, -0.023700310381227066], "R": [[-0.1, 1.1], [-0.1, 1.1], [-0.09999999999999998, 1.1], [-0.09999999999999999, 1.1], [-0.1, 1.1], [-3.9918644005925885, 1.0059954088687275], [-0.9784111940537747, 1.1220651665449353], [-2.251719604905245, 2.190064806581906], [-2.4828060419456293, 2.317941267123266], [-1.5169791737417384, 2.708998760482675], [-1.887219490427016, 2.172847884726703], [-1.4032255388300936, 6.1113898898974], [-0.7175431378773933, 1.7337804805311055], [-0.7862811582964232, 2.7081113848135385], [-0.5274526967944777, 2.4394401474107608], [-0.9437002178516671, 2.5724418339902657]], "mse": 0.6204500442870112, "vol": 6417742.081950648, "inc": 1867, "msevvol": 9.667731055007245e-08, "msevinc": 0.00033232460861650306}