{"beta": [0.035625427587361515, 0.06049466455932338, -0.10202004332466769, 0.008934811705674587, -0.03595580634266764, 0.6338895478097638, 0.06760261245361762, -0.018594796377966127, 0.0743353196388027, 0.02621644063710289, 0.039591674832920185, 0.007187480725389387, -0.04977572016060036, 0.0775711658342834, 0.04310196392323687, -0.1463442011188901, 0.03862856205360517], "R": [[-0.10000000000000003, 1.1], [-0.10000000000000003, 1.1], [-0.10000000000000002, 1.1], [-0.1, 1.0], [-0.1, 1.1], [-2.470205330007855, 0.6150973338143328], [-0.9784111940537747, 1.1220651665449353], [-0.4044161222335856, 2.6254058790138397], [0.13109269902046816, 2.317941267123266], [-1.4169791737417383, 0.9986075867929095], [-1.887219490427016, 1.3008344096959592], [-1.4032255388300936, 6.1113898898974], [-0.7175431378773933, 0.558118671326856], [-0.7862811582964232, 0.3273780857374111], [-0.5274526967944777, 2.3394401474107607], [-0.9437002178516671, 2.5724418339902657]], "mse": 0.47232167025439104, "vol": 81168.94030238234, "inc": 288, "msevvol": 5.818995153747599e-06, "msevinc": 0.0016400057994944133}