{"beta": [0.037162828181206024, -0.0038057139592323026, 0.0430962636631736, 0.06427736270093655, 0.043397028126897275, 0.514072933552174, 0.05236863411943239, -0.009180310953952244, 0.10511536242184201, -0.013807931476171993, -0.014601799209947905, -0.03185942126700887, -0.0021869327250166096, 0.012747005193056432, 0.04433578504653306, -0.08245196162502974, -0.07050880082236044], "R": [[-0.1, 1.1], [-0.09999999999999998, 1.1], [-0.1, 1.1], [-0.1, 1.1], [-0.10000000000000003, 1.1], [-3.6351241692909233, 1.6448237448886114], [-0.9769183989499992, 1.1236269488575596], [-2.2506388573287786, 2.626375163077166], [-0.11061224117798873, 2.3173220832340404], [-1.417848309229576, 0.9981412909820019], [-1.8875307746960677, 2.172004748495182], [-1.4026371056557283, 6.11292947530571], [-0.7169950228232279, 3.3032634050648815], [-0.7856874150981881, 2.7073885696402087], [-0.527513004764509, 2.439110129645856], [-0.9436399543409112, 2.571568308445986]], "mse": 0.5143960596333187, "vol": 3527503.440749619, "inc": 1155, "msevvol": 1.4582439628294337e-07, "msevinc": 0.0004453645537950811}