{"beta": [-0.04789909863491915, -0.0730404255798686, 0.05238778735197155, 0.001229739399916078, 0.018559204267209903, 0.511469034024941, -0.11545509221717876, 0.13718260107521177, 0.02597508835884206, 0.021522530340079542, -0.015572863538626356, 0.024005819921197734, -0.0998242814424303, 0.033067483848395134, -0.06415003594759364, -0.06425654956785286, 0.0900409121171594], "R": [[-0.1, 1.0], [-0.1, 1.0], [-0.1, 1.0], [-0.1, 1.0], [-0.1, 1.0], [-1.052374638453904, 0.5758773799420156], [-1.076292805095683, 1.0242828737245417], [-1.3920981768405356, 0.0375358386645579], [-0.9811320819184748, 1.2351388783986865], [-0.6126068972874239, 1.8036283701864262], [-1.8879968750577951, 1.3002340769356713], [-0.9176891746823349, 6.115344285810739], [-0.7168216464527583, 3.304913477522386], [-0.7857143967286861, 2.7073977753677876], [-0.5275743359844131, 2.438774607923275], [-0.9437099428352796, 0.39926200185177585]], "mse": 0.6597880309447197, "vol": 52919.771801039155, "inc": 271, "msevvol": 1.246770362928443e-05, "msevinc": 0.002434642180607822}