{"beta": [-0.1402475555483798, -0.0812432379957732, -0.29410020907476625, -0.16303594200847502, -0.007749606930819906, 0.3806434887117708, 0.2575168110521276, -0.12538378664012634, 0.006666022253243538, 0.11475575884187957, 0.020434017678982827, -0.04265390957672576, -0.031650552418062694, 0.1356990659624842, -0.03644039034049215, -0.08456958876565619, 0.3572300052547858], "R": [[-0.1, 1.0], [-0.1, 1.0], [-0.1, 1.0], [-0.1, 1.0], [-0.10000000000000003, 1.0], [-2.679562738466629, 1.1598022417115867], [-1.076292805095683, 1.0242828737245415], [-0.1036625826198958, 2.6261580138030496], [-2.1219908187942353, -0.3083571761660151], [-1.5180186531120405, 2.709040126011043], [-1.0159391370594286, 1.3002340769356713], [-1.4028577002652836, 6.115344285810739], [-0.7168216464527583, 0.8530764781530664], [-0.7857143967286861, 2.7073977753677876], [-0.5275743359844131, 2.3387746079232743], [-0.9437099428352796, 1.6422339465388314]], "mse": 0.6224802047678935, "vol": 192397.88686984422, "inc": 179, "msevvol": 3.235379633815816e-06, "msevinc": 0.003477543043396053}