{"beta": [0.04257376903909923, 0.02586422615801855, 0.04752677455712419, 0.06795400010277258, 0.024179374772366785, 0.5360036429876059, 0.08593485457845633, 0.016668935040882897, 0.08142839409214561, 0.040833637246645, -0.041433242066498045, -0.03766555327382511, -0.013011578148746494, 0.003933781932671609, 0.024830612449112294, -0.07599389832349183, -0.05060841722934451], "R": [[-0.1, 1.1], [-0.1, 1.1], [-0.10000000000000003, 1.1], [-0.1, 1.1], [-0.1, 1.1], [-3.6351241692909233, 1.644823744888611], [-1.0769183989499993, 1.1236269488575596], [-0.7210609869405482, 2.626375163077166], [-0.32511419298161637, 2.3173220832340404], [-1.517848309229576, 2.708801024456387], [-1.8875307746960677, 0.5281905392186821], [-1.4026371056557283, 6.11292947530571], [-0.7169950228232279, 3.3032634050648815], [-0.7856874150981881, 2.7073885696402087], [-0.527513004764509, 2.439110129645856], [-0.9436399543409112, 2.571568308445986]], "mse": 0.5345398972739389, "vol": 2873844.300085427, "inc": 879, "msevvol": 1.8600169023006896e-07, "msevinc": 0.0006081227500272342}