{"beta": [-0.08293956257158659, -0.16967169742374932, -0.04413633882948772, -0.04445236468775151, -0.0123037462153699, 0.563223959872647, 0.43767937756890335, 0.23653461510751422, 0.1742473061550499, 0.0421600297775472, 0.028148290343857393, 0.026653541818360077, -0.009565750466128082, 0.04792128449401228, -0.07269858064961068, -0.05065600928462208, 0.7720706214868248], "R": [[-0.10000000000000003, 1.0], [-0.09999999999999998, 1.0], [-0.09999999999999998, 1.0], [-0.10000000000000003, 1.0], [-0.1, 1.0], [-1.052374638453904, 0.5758773799420155], [-1.076292805095683, 1.0242828737245415], [-1.1803005449138566, 0.0375358386645579], [-1.4385078118803323, 1.2351388783986865], [-0.6126068972874239, 1.8036283701864262], [-1.8879968750577951, 1.3002340769356713], [-0.917689174682335, 6.115344285810739], [-0.7168216464527583, 3.304913477522386], [-0.7857143967286861, 2.7073977753677876], [-0.5275743359844131, 2.438774607923275], [-0.9437099428352796, 0.39926200185177585]], "mse": 0.8231327654863723, "vol": 54383.00425403988, "inc": 145, "msevvol": 1.5135845780811664e-05, "msevinc": 0.005676777693009464}