{"beta": [0.18769550262434737, 0.1205162840736685, 0.3835642783382423, 0.3755178385997621, 0.2032086151618948, 0.47865093995743524, -0.37498325199294336, -0.15660788926706748, 0.09437592114097987, 0.21111826688700863, -0.021260607286319847, 0.001476467040710751, -0.3982370427181141, -0.20476435485362235, -0.3694076665123046, 0.03518361257522523, -0.24872156126488887], "R": [[-0.1, 1.0], [-0.1, 1.0], [-0.1, 1.0], [-0.10000000000000003, 1.0], [-0.1, 1.1], [-2.679562738466629, 0.7143723792078753], [-0.9762928050956828, 1.1242828737245418], [-2.2510396912444732, 0.3022828785729058], [-0.9933626126206664, 2.31791943291289], [-1.5180186531120405, 0.9982166143618094], [-1.0159391370594286, 1.3002340769356713], [-0.5325206490993863, 1.3933219788153568], [-0.7168216464527583, 0.5590968532319014], [-0.7857143967286861, 0.3275508869933057], [-0.5275743359844131, 2.3387746079232747], [-0.9437099428352796, 2.056557928101183]], "mse": 0.5183145110861797, "vol": 14519.42708559495, "inc": 170, "msevvol": 3.569800020555984e-05, "msevinc": 0.0030489088887422334}