{"beta": [-0.06263813295909723, 0.23223337648714842, -0.03520158978156425, 0.18677396351608838, 0.11206058574688385, 0.06821137075422949, 0.09442680941174582, -0.0182348365370944, 0.04228685291983, 0.12587175512622154, -0.0537681406839592, 0.05050723651273165, -0.26126122014999775, 0.07337985746151349, -0.06358133411243155, 0.07594421039999416, -0.20915923066273426], "R": [[-0.1, 1.1], [-0.1, 1.1], [-0.1, 1.1], [-0.1, 1.0], [-0.10000000000000003, 1.1], [-2.679562738466629, 0.15290616596790307], [-1.076292805095683, 1.0242828737245415], [0.1787342599490116, 2.6261580138030496], [-2.4821366099920725, -0.22988093764634532], [-1.4180186531120405, 0.9982166143618095], [-1.0159391370594286, 2.172291814934038], [-1.4028577002652836, 0.237816402066511], [-0.7168216464527583, 0.8530764781530664], [-0.7857143967286861, 2.7073977753677876], [-0.5275743359844131, 2.438774607923275], [-0.9437099428352796, 0.39926200185177596]], "mse": 0.5515489892694673, "vol": 20655.347657629532, "inc": 89, "msevvol": 2.670247910669951e-05, "msevinc": 0.006197179654713115}