{"beta": [0.023979567810311873, -0.04906725199255947, 0.04721330356186736, 0.007453611733389813, -0.13007722171238964, 0.43582462932640426, -0.050365690053261095, 0.2902964001873478, 0.09093472661322356, -0.04901386845376718, -0.0037121176362998965, 0.071720731326547, -0.21402823018231537, -0.024567832049180702, -0.046966286793706645, -0.08425021622452275, 0.028220379614800836], "R": [[-0.1, 1.1], [-0.1, 1.0], [-0.1, 1.0], [-0.1, 1.0], [-0.09999999999999998, 1.1], [-1.437914771545352, 1.107398728475856], [-1.076292805095683, 1.024282873724542], [-1.303849163537754, 0.14343465462789584], [-0.4595776938700745, 1.2351388783986865], [-0.6126068972874238, 1.8036283701864262], [-0.243881399061062, 1.3002340769356713], [-0.9176891746823349, 1.0081534532324083], [-0.7168216464527583, 0.5590968532319016], [-0.7857143967286861, 2.707397775367787], [-0.5275743359844131, 2.438774607923275], [-0.9437099428352796, 0.39926200185177585]], "mse": 0.7644361463837601, "vol": 3206.530523213452, "inc": 179, "msevvol": 0.00023839977223035253, "msevinc": 0.0042705929965573194}