{"beta": [-0.01606296720520385, -0.009086028355773018, -0.04611931545393713, -0.02161270223312221, -0.023530262087450834, 0.6130458206737242, 0.12503148737190758, -0.017666799318249344, 0.03780967457500745, -0.005316811387035025, -0.008950715980911012, -0.01508798359315873, -0.021679437495182755, 0.018030115440252327, -0.007115779442053689, -0.05651229439833467, 0.046899134725500224], "R": [[-0.1, 1.1], [-0.1, 1.1], [-0.1, 1.1], [-0.1, 1.1], [-0.1, 1.1], [-3.9918644005925885, 6.457576198303895], [-1.0784111940537748, 1.1220651665449353], [-2.251719604905245, 2.6254058790138397], [-2.4828060419456293, 2.317941267123266], [-1.5169791737417384, 2.708998760482675], [-1.887219490427016, 2.172847884726703], [-1.4032255388300936, 6.1113898898974], [-0.7175431378773933, 3.3033577420364177], [-0.7862811582964232, 2.7081113848135385], [-0.5274526967944777, 2.4394401474107608], [-0.9437002178516671, 2.5724418339902657]], "mse": 0.655528510496853, "vol": 25317412.174206007, "inc": 3629, "msevvol": 2.5892397927017255e-08, "msevinc": 0.00018063612854694213}