{"beta": [-0.020060971349800446, -0.03276053932648829, -0.038627473308393424, -0.022450599736621293, -0.03465791846982202, 0.6250444038367781, 0.0844346243124328, -0.03400002129497333, 0.060793883593093956, -0.003355402705219556, -0.024477424837593277, -0.03587191757607612, -0.010490953862200234, -0.0030161588179299457, 0.0016604757506639934, -0.031038021381234536, 0.10210950958535968], "R": [[-0.10000000000000003, 1.1], [-0.1, 1.1], [-0.1, 1.1], [-0.10000000000000003, 1.1], [-0.1, 1.1], [-3.991864400592588, 6.457576198303895], [-0.9784111940537746, 1.0220651665449352], [-2.251719604905245, 2.6254058790138397], [-2.4828060419456293, 2.317941267123266], [-1.5169791737417384, 2.708998760482675], [-1.887219490427016, 2.172847884726703], [-1.4032255388300936, 6.1113898898974], [-0.7175431378773933, 3.3033577420364177], [-0.7862811582964232, 2.7081113848135385], [-0.5274526967944777, 2.4394401474107608], [-0.9437002178516671, 2.5724418339902657]], "mse": 0.573927966079143, "vol": 23016327.497493777, "inc": 1832, "msevvol": 2.493568820402114e-08, "msevinc": 0.0003132794574667811}