{"beta": [0.16564966821352367, 0.10649421658886056, 0.14121354515193035, 0.1717884959119164, 0.14386864857638482, 0.5987080673603798, 0.02595682173322208, -0.032490218761387094, 0.016164750739592813, -0.0030301887252241174, 0.01576883747456517, -0.04642622384969092, -0.03063294714912334, 0.0037309048379807466, -0.004846325503293597, -0.3726766709630487, -0.289301372067906], "R": [[-0.1, 1.0], [-0.09999999999999998, 1.0], [-0.1, 1.1], [-0.1, 1.0], [-0.10000000000000003, 1.1], [-3.6351241692909233, 0.2553180661005886], [-0.9769183989499992, 1.1236269488575596], [-1.5152709149340096, 0.6908677739367202], [-0.11061224117798873, 2.3173220832340404], [-1.417848309229576, 0.9981412909820019], [-1.8875307746960677, 1.300097643856932], [-1.4026371056557283, 1.3925716346984858], [-0.7169950228232279, 0.8523351417491218], [-0.7856874150981881, 0.5808802713396567], [-0.527513004764509, 2.439110129645856], [-0.9436399543409112, 0.8139641770525373]], "mse": 0.5838511870276607, "vol": 20195.157119794894, "inc": 513, "msevvol": 2.8910455292045306e-05, "msevinc": 0.0011381114756874478}