{"beta": [-0.003898968967408155, -0.01908514094830635, -0.025253572588174678, -0.035949356475679844, -0.005413591739866891, 0.6118162255104926, 0.10496300037349013, 0.003967260311716313, 0.03412755471446097, 0.01702196123869831, 0.005059404272929762, 0.005087903024639085, -0.10604637285878785, 0.013385049592666391, -0.002107214575214356, -0.05773023922381346, 0.02410264898671511], "R": [[-0.09999999999999998, 1.1], [-0.1, 1.0], [-0.1, 1.0], [-0.1, 1.1], [-0.09999999999999998, 1.1], [-2.0513859638781464, 0.7779715317536637], [-1.0784111940537748, 1.0220651665449352], [-2.251719604905245, 2.6254058790138397], [-2.4828060419456293, 1.2429154608729596], [-1.5169791737417384, 0.9986075867929095], [-1.0152060153962723, 2.172847884726703], [-0.9182457794233834, 6.1113898898974], [-0.7175431378773933, 0.8520341236279185], [-0.7862811582964232, 2.7081113848135385], [-0.5274526967944777, 2.4394401474107608], [-0.9437002178516671, 1.6434063210297825]], "mse": 0.5179245642513495, "vol": 535892.1380558776, "inc": 1590, "msevvol": 9.664716600065987e-07, "msevinc": 0.0003257387196549368}