{"beta": [-0.06495800010991888, 0.08413603888511381, 0.00912274115998342, 0.008752399779751504, 0.060527891499090075, 0.48101339580410424, 0.040858074676109905, 0.28350209605253485, 0.21852220149787674, 0.01085681209638178, -0.027868085551321115, 0.023474838193478592, -0.035142219043393, -0.003384527761699951, 0.5136498545767207, -0.16419290783235155, -0.00047724914154773703], "R": [[-0.09999999999999998, 1.1], [-0.1, 1.0], [-0.1, 1.0], [-0.1, 1.0], [-0.09999999999999998, 1.0], [-3.9918644005925885, 0.1613763538404816], [-1.0784111940537748, 1.0220651665449352], [-0.6338600138975422, 0.8663500469821644], [-0.7953081202774746, 0.8391985408156717], [-1.4169791737417383, 0.9986075867929095], [-1.887219490427016, 1.3008344096959592], [-0.533266020016673, 1.3916327770168782], [-0.7175431378773933, 3.3033577420364177], [-0.7862811582964232, 2.7081113848135385], [-0.5274526967944777, 2.4394401474107608], [-0.9437002178516671, -0.014664704891183988]], "mse": 0.6092482140825161, "vol": 21576.504652474185, "inc": 143, "msevvol": 2.8236650184795034e-05, "msevinc": 0.004260477021556057}