{"beta": [0.15799201010842992, 0.1622114052394921, 0.16335876903022675, 0.14370837858568103, 0.20152460221638102, 0.6613090752169444, 0.043160308469960766, 0.03827396450195238, 0.16449471459887768, -0.023755113945715337, 0.008891562813832077, 0.10531430764799339, 0.07669560199763378, -0.20996138117075064, -0.047242053419778156, -0.08423551517844949, -0.15563152790965504], "R": [[-0.1, 1.0], [-0.1, 1.0], [-0.1, 1.0], [-0.09999999999999998, 1.1], [-0.1, 1.0], [-3.6351241692909233, 0.2553180661005886], [-0.9769183989499992, 1.1236269488575596], [-1.8153057766204288, 0.21434181714064326], [-0.9022606250886706, 2.3173220832340404], [-1.517848309229576, 1.8034711577191944], [-1.0156236700578178, 1.300097643856932], [-0.9176072856051262, 0.6225119945972816], [-0.7169950228232279, 2.9093973721504116], [-0.7856874150981881, 0.3275667340520877], [-0.527513004764509, 2.339110129645856], [-0.9436399543409112, 0.8139641770525374]], "mse": 0.5737351537676804, "vol": 22605.563103185632, "inc": 519, "msevvol": 2.5380263749626666e-05, "msevinc": 0.0011054627240225056}