{"beta": [-0.04454779474485524, -0.03147831051060958, -0.0626747125172298, -0.04132362014437667, -0.03275493279113642, 0.6240368542059543, 0.12249607188036578, -0.012231662421108841, 0.034015572692850646, -0.001971039114955506, -0.008304899981266949, -0.022598567368925383, -0.024655750589882595, 0.011154533568672761, 0.008383861339044377, -0.0478314495692011, 0.07237348212116661], "R": [[-0.09999999999999998, 1.1], [-0.1, 1.1], [-0.1, 1.1], [-0.1, 1.1], [-0.09999999999999998, 1.1], [-3.9918644005925885, 6.457576198303895], [-1.0784111940537748, 1.0220651665449352], [-2.251719604905245, 2.6254058790138397], [-2.4828060419456293, 2.317941267123266], [-1.5169791737417384, 2.708998760482675], [-1.887219490427016, 2.172847884726703], [-0.9182457794233834, 6.1113898898974], [-0.7175431378773933, 3.3033577420364177], [-0.7862811582964232, 2.7081113848135385], [-0.5274526967944777, 2.4394401474107608], [-0.9437002178516671, 1.6434063210297825]], "mse": 0.6303163615384905, "vol": 16633910.545774681, "inc": 2130, "msevvol": 3.789345625034652e-08, "msevinc": 0.0002959231744312162}