{"beta": [-0.23351333002288593, 0.13736439731979086, 0.18253679617823834, 0.10535358633308645, -0.205541529062554, -0.01925013853625167, -0.3299120907295105, 0.06938149483634355, 0.0841297440014091, 0.13570168841872712, 0.21179647776679886, -0.1368486243941688], "R": [[-0.38284500115471864, 6.122627160047834], [-2.746572466088649, 3.5331412060101], [0.05026402321605661, 5.234375481884963], [-2.4563033545612583, 4.986747718998426], [-1.0565829952648478, 1.249333645407733], [-2.462565505455457, 0.927561486982597], [-1.7613454576307752, 0.6224307112830564], [-0.29685900297972445, 4.224581498035601], [-0.688649780344704, 1.6988029782571497], [-1.4448575338251726, 0.7921097593287006], [-1.0615978541703437, 1.0399357648970522]], "mse": 0.9883511920926805, "vol": 1490653.2172546228, "inc": 34, "msevvol": 6.630322738060796e-07, "msevinc": 0.02906915270860825}