{"beta": [-0.21737269524452854, 0.0831597497349724, 0.3118703013180679, -0.09884467823915032, 0.04230396659699225, -0.10862255979785373, -0.39331626930751995, 0.17069794568012447, 0.14700926519316732, 0.1540633779701665, 0.20999676536608064, -0.3657817712936921], "R": [[-0.38284500115471864, 6.122627160047834], [-2.746572466088649, 3.5331412060101], [0.05026402321605661, 2.4066783226110138], [-2.4563033545612583, 4.986747718998426], [-2.4742496470777513, 1.249333645407733], [-1.5400337573459435, 0.927561486982597], [-1.7613454576307752, 0.6224307112830564], [-0.11712564927991453, 4.224581498035601], [-0.688649780344704, 1.6988029782571497], [-1.4448575338251726, 0.7921097593287006], [-1.0615978541703437, 1.0399357648970522]], "mse": 0.5945636242058581, "vol": 764738.7105001686, "inc": 26, "msevvol": 7.774729015835886e-07, "msevinc": 0.02286783170022531}