{"beta": [-0.4836311222689047, 0.2431795035195763, 0.2234044911054007, 0.7617614309399248, -0.5883426427673711, -0.5170312454401021, -0.3490787721939153, 0.1508802394342791, -0.28991567339950514, -0.14489616191036184, 0.3843041859358908, -0.375], "R": [[-0.026985436643465754, 6.122627160047834], [-0.9577631127278852, 1.406569981977184], [-2.877433136057892, 5.334375481884963], [-2.4563033545612583, 4.986747718998426], [-2.4742496470777513, 0.9199169824545074], [-0.7175020092364299, 2.6726249832016244], [-0.48344483099655633, 3.6099946272353787], [-3.452326015876494, 0.3501810703395916], [-0.688649780344704, 1.6988029782571497], [-1.4448575338251728, 0.7921097593287006], [-0.9615978541703436, 1.139935764897052]], "mse": 0.8223722191960467, "vol": 1786423.9406705564, "inc": 17, "msevvol": 4.6034549832967374e-07, "msevinc": 0.04837483642329687}