{"beta": [0.2637901408534365, -0.3410276748222108, 0.06385165190480062, 0.3471089319225656, -0.3759894986207932, -0.023987899089567295, -0.43955210586256527, 0.06614860355405416, -0.014587212477914965, 0.0885542965772335, 0.1902405315794244, -0.10791829584221453], "R": [[-2.7959321704778626, 2.286101732679678], [-2.746572466088649, 3.5331412060101], [0.05026402321605661, 5.334375481884963], [-2.4563033545612583, 3.507118943082296], [-2.4742496470777513, 5.631750263799668], [-1.5400337573459435, 2.6726249832016244], [-1.7613454576307752, 3.6099946272353787], [-0.1890189907598383, 4.224581498035601], [-0.688649780344704, 1.6988029782571497], [-1.4448575338251726, 0.7921097593287006], [-1.0615978541703437, 1.0399357648970522]], "mse": 0.6986031337736285, "vol": 9137223.35483662, "inc": 76, "msevvol": 7.64568301161026e-08, "msevinc": 0.009192146497021427}