{"beta": [-0.007106823190438951, -0.1441749254080233, 0.10820547299523306, 0.20771706854418526, -0.2747984352839198, -0.04042375496059459, -0.3448967008737762, 0.1348340433112346, -0.024918056839179387, 0.10748580125158291, 0.18348475716920848, -0.11565336174345471], "R": [[-2.7959321704778626, 6.122627160047834], [-2.746572466088649, 3.5331412060101], [-0.4210188366629347, 5.334375481884963], [-2.4563033545612583, 4.986747718998426], [-2.4742496470777513, 5.631750263799668], [-2.462565505455457, 2.6726249832016244], [-1.898207975706763, 3.6099946272353787], [-0.6563257103793445, 4.224581498035601], [-0.688649780344704, 1.6988029782571497], [-1.4448575338251726, 0.7921097593287006], [-1.0615978541703437, 1.0399357648970522]], "mse": 0.7112066506340277, "vol": 30134570.382179853, "inc": 92, "msevvol": 2.3601021737300137e-08, "msevinc": 0.007730507072108996}