{"beta": [-1.1312321642713512, 0.7463624969346676, 0.01730076296652063, -0.379565600149267, 0.2295257072772293, 0.40216597106369467, -0.4874333843866875, 0.12783218858461862, -0.006597985888330004, -8.772818311922276, 0.1509260978130906, 5.744089687855974], "R": [[-2.7959321704778626, 6.122627160047834], [-0.6200012420557325, 3.5331412060101], [-2.3061502761789003, 0.521546883095048], [-2.4563033545612583, 4.986747718998426], [-0.7271663323116219, 5.631750263799668], [-1.1287678832911867, 0.5162956129278403], [-1.31899524071893, 0.6715807353843734], [-0.9079524055590782, 1.2847945095786042], [-0.688649780344704, 1.6988029782571497], [-1.4448575338251723, 0.7921097593287006], [-1.0615978541703437, 1.039935764897052]], "mse": 0.6917022089038811, "vol": 399502.27062452096, "inc": 48, "msevvol": 1.7314099562502594e-06, "msevinc": 0.014410462685497524}