{"beta": [-0.06629368041996539, -0.09292465996936675, 0.008083867335915087, 0.018990860543788565, -0.00935351453405205, -0.027139917039242335, -0.3258192784989205, 0.18282477121655613, 0.012630165487555437, 0.05802662689059182, 0.14092528804395552, 0.016126985232516385], "R": [[-2.7959321704778626, 6.122627160047834], [-2.746572466088649, 3.5331412060101], [-2.877433136057892, 5.334375481884963], [-2.4563033545612583, 4.986747718998426], [-2.4742496470777513, 5.631750263799669], [-2.462565505455457, 2.6726249832016244], [-1.898207975706763, 3.6099946272353787], [-3.452326015876494, 1.212901168098679], [-0.688649780344704, 1.79880297825715], [-1.4448575338251726, 0.7921097593287006], [-1.0615978541703437, 1.139935764897052]], "mse": 0.6938291763767284, "vol": 44854913.19618844, "inc": 181, "msevvol": 1.5468298274082642e-08, "msevinc": 0.0038333103667222562}