{"beta": [-0.24785961864677541, 0.10587748723767668, 0.23262077148668991, -0.1530889340595966, -0.0008242565807044727, -0.04762716604551596, -0.31756515969540056, 0.0814710795748726, 0.1487641469956054, 0.17535214890049516, 0.19544561493398055, -0.21230303058934857], "R": [[-0.38284500115471864, 6.122627160047834], [-2.746572466088649, 3.5331412060101], [0.05026402321605661, 5.234375481884963], [-2.4563033545612583, 4.986747718998426], [-2.4742496470777513, 5.631750263799668], [-1.5400337573459435, 0.927561486982597], [-1.7613454576307752, 0.6224307112830564], [-0.29685900297972445, 4.224581498035601], [-0.688649780344704, 1.6988029782571497], [-1.4448575338251726, 0.7921097593287006], [-1.0615978541703437, 1.1399357648970523]], "mse": 0.9795484676815076, "vol": 3995641.824428316, "inc": 34, "msevvol": 2.4515422320709597e-07, "msevinc": 0.028810249049456105}