{"beta": [-0.9036032303986211, 0.817743497709139, 0.07049021024766404, -0.29056741674911546, 0.20310941697090154, 0.3676977257530754, -0.53822643177135, 0.1691226752020863, -0.011513069596840314, 39.49041572139606, 0.15899879174823445, -27.600811400241973], "R": [[-2.7959321704778626, 6.122627160047834], [-0.6200012420557325, 1.406569981977184], [-2.3061502761789003, 0.521546883095048], [-2.4563033545612583, 4.986747718998426], [-0.7271663323116219, 5.631750263799668], [-1.1287678832911867, 0.5162956129278403], [-1.31899524071893, 0.6715807353843734], [-3.452326015876494, 1.2847945095786042], [-0.688649780344704, 1.6988029782571497], [-1.4448575338251723, 0.7921097593287006], [-1.0615978541703437, 1.039935764897052]], "mse": 0.7297069080788664, "vol": 421143.6166025025, "inc": 58, "msevvol": 1.7326794929616665e-06, "msevinc": 0.012581153587566661}