{"beta": [-0.6696780411382125, 0.08953545966671647, 0.48312310629675265, -0.9565514741060436, 0.6606778961311065, -0.020485677796089508, -0.17148586846266975, 0.533024589219222, -0.5011470510232954, 0.07511013518265783, 0.4103148111281637, -0.47562943744185904], "R": [[-2.7959321704778626, 6.122627160047834], [-2.746572466088649, 1.7443318526493363], [-1.3635845564209177, 0.050264023216056664], [-2.4563033545612583, 4.986747718998426], [-1.0565829952648478, 5.631750263799669], [-1.5400337573459435, 0.5162956129278403], [-1.6138953853268274, 0.5487056751310829], [-1.1236324299988507, 0.09855437515985799], [-0.688649780344704, 1.6988029782571494], [-1.4448575338251726, 0.7921097593287006], [-0.9615978541703436, 1.139935764897052]], "mse": 1.0184829777418323, "vol": 171964.08590838662, "inc": 17, "msevvol": 5.922649327397502e-06, "msevinc": 0.059910763396578366}