{"beta": [-0.09628724672220264, -0.042342748837984265, 0.034427268665568986, -0.3406779479022877, 0.2027473481059776, 0.13262306369256976, -0.1888437657232646, 0.31805691954372206, -0.11623663384438808, -0.03484509893397443, 0.5532453614677768, -0.4375], "R": [[-0.026985436643465754, 6.122627160047834], [-2.746572466088649, 3.5331412060101], [-1.3635845564209175, 5.334375481884963], [-2.4563033545612583, 4.986747718998426], [-2.4742496470777513, 1.5787503083609589], [-2.462565505455457, 1.3388273610373538], [-1.048670108161692, 3.6099946272353787], [-3.452326015876494, 0.8174877899590978], [-0.688649780344704, 1.6988029782571497], [-1.4448575338251728, 0.7921097593287006], [-0.9615978541703436, 1.139935764897052]], "mse": 0.6353799753221948, "vol": 6622190.392545062, "inc": 48, "msevvol": 9.59471017380404e-08, "msevinc": 0.013237082819212391}