{"beta": [-0.04894300005453789, -0.10013899236415652, -0.0025107510669999354, -0.02304930789536093, 0.02777988747462787, -0.03460172654025717, -0.3386632375306078, 0.14328895120296586, -0.011379203264670174, 0.06347978080807198, 0.14633503002814754, 0.00018745390959321075], "R": [[-2.7959321704778626, 6.122627160047834], [-2.746572466088649, 3.5331412060101], [-2.877433136057892, 5.334375481884963], [-2.4563033545612583, 4.986747718998426], [-2.4742496470777513, 5.631750263799668], [-2.462565505455457, 2.6726249832016244], [-1.898207975706763, 3.6099946272353787], [-3.452326015876494, 4.224581498035601], [-0.688649780344704, 1.7988029782571497], [-1.5448575338251727, 0.7921097593287006], [-1.0615978541703437, 1.139935764897052]], "mse": 0.6735648677715528, "vol": 77111034.85853748, "inc": 205, "msevvol": 8.734999718357143e-09, "msevinc": 0.0032856822818124526}