{"beta": [-0.9567967114273536, 0.8687606677856476, 0.225738715451788, -0.6335579371733523, 0.30419589761499305, 0.4067048229614101, -0.5624046066688803, 0.1144765112583515, -0.09777512669727444, 8.921147121948394, 0.11433070230869889, -6.513631599081379], "R": [[-2.7959321704778626, 6.122627160047834], [-0.6200012420557325, 1.0688081113050312], [-2.3061502761789003, 0.521546883095048], [-2.4563033545612583, 1.9550365701766494], [-0.7271663323116219, 1.9081669713141847], [-1.1287678832911867, 2.6726249832016244], [-1.31899524071893, 0.6715807353843734], [-3.452326015876494, 1.2847945095786042], [-0.688649780344704, 1.6988029782571497], [-1.4448575338251723, 0.7921097593287006], [-1.0615978541703437, 1.039935764897052]], "mse": 0.8126128466727504, "vol": 199196.18345357163, "inc": 65, "msevvol": 4.079459920285837e-06, "msevinc": 0.012501736102657698}