{"beta": [-0.04312327084641402, -0.04862679001296191, 0.03715202094743531, -0.014845549088557267, 0.016015323700289418, 0.013586225827102729, -0.4079833717155733, 0.1981427320916938, -0.048022757075527195, 0.020136626797786418, 0.20357507015714746, -0.0], "R": [[-2.7959321704778626, 6.122627160047834], [-2.746572466088649, 3.5331412060101], [-2.877433136057892, 5.334375481884963], [-2.4563033545612583, 4.986747718998426], [-2.4742496470777513, 5.631750263799669], [-2.462565505455457, 2.6726249832016244], [-0.9503700599590591, 3.6099946272353787], [-3.452326015876494, 1.212901168098679], [-0.688649780344704, 1.79880297825715], [-1.4448575338251726, 0.7921097593287006], [-0.9615978541703436, 1.139935764897052]], "mse": 0.734406906782316, "vol": 35449548.537750736, "inc": 74, "msevvol": 2.0716960781608698e-08, "msevinc": 0.009924417659220487}