{"beta": [-0.3263758464139187, -0.26239091235130907, 0.2668411507634494, 0.8752339027281664, -0.5470900465937683, -0.5245947784650586, -0.278260324307591, 0.567955550901951, 0.16016899143034052, 0.08730053748416387, -1.2231052580713537, 1.5416713344678528], "R": [[-2.7959321704778626, 6.122627160047834], [-2.746572466088649, 0.39328436996072563], [-2.877433136057892, 5.334375481884963], [-2.4563033545612583, 4.986747718998426], [-1.0565829952648478, 0.26108365654805565], [-2.462565505455457, 2.6726249832016244], [-1.898207975706763, 3.6099946272353787], [-1.519045808138432, 0.3142343995996292], [-0.688649780344704, 1.6988029782571494], [-1.4448575338251726, 0.7921097593287006], [-0.9615978541703436, 1.139935764897052]], "mse": 0.41967860145044644, "vol": 1312580.6653742148, "inc": 18, "msevvol": 3.197354741857307e-07, "msevinc": 0.023315477858358136}