{"beta": [-0.048943000054540234, -0.10013899236415502, -0.002510751066998634, -0.023049307895359798, 0.027779887474627344, -0.03460172654025774, -0.33866323753060784, 0.14328895120296567, -0.01137920326467023, 0.06347978080807223, 0.14633503002814713, 0.00018745390959320804], "R": [[-2.7959321704778626, 6.122627160047834], [-2.746572466088649, 3.5331412060101], [-2.877433136057892, 5.334375481884963], [-2.4563033545612583, 4.986747718998426], [-2.4742496470777513, 5.631750263799668], [-2.462565505455457, 2.6726249832016244], [-1.898207975706763, 3.6099946272353787], [-3.452326015876494, 4.224581498035601], [-0.688649780344704, 1.7988029782571497], [-1.5448575338251727, 0.7921097593287006], [-1.0615978541703437, 1.139935764897052]], "mse": 0.8032538250644656, "vol": 77111034.85853748, "inc": 306, "msevvol": 1.0416846648966118e-08, "msevinc": 0.002625012500210672}