{"beta": [-0.11120161667226948, 0.07264112166026374, -0.07815063839985925, -0.09335654887395552, 0.04319689286024344, 0.025792819268132396], "R": [[-1.3767654645611844, 3.615181352813236], [-1.761779282579846, 0.8121829326680108], [-1.310910811246963, 2.3330237003102603], [-0.5313915329587728, 2.4180798036097926], [-1.0217648016985403, 1.1848754456205048]], "mse": 0.9682765249857913, "vol": 304.7322340355393, "inc": 106, "msevvol": 0.003177466696460035, "msevinc": 0.009134684197979163}