{"beta": [-0.2174286347396344, 0.09706069659506787, -0.018181412891765256, -0.06752670375808933, 0.0562856590873751, 0.13158105636961007], "R": [[-0.8934097191712308, 0.320550141230289], [-1.6617792825798459, 0.8121829326680108], [-1.310910811246963, 2.3330237003102603], [-0.5313915329587728, 2.3180798036097925], [-0.9217648016985407, 1.1848754456205048]], "mse": 0.689461384797391, "vol": 65.69353354393476, "inc": 80, "msevvol": 0.010495117975900787, "msevinc": 0.008618267309967387}