{"beta": [0.057759392215898604, -0.020107497111009866, -0.1226038921727901, -0.0700890155955384, 0.0294176916602558, 0.07407407407407407], "R": [[-1.3767654645611844, 3.615181352813236], [-1.761779282579846, 0.8121829326680109], [-1.310910811246963, 1.0850455297911856], [-0.5313915329587728, 2.4180798036097926], [-0.9217648016985404, 1.1848754456205048]], "mse": 0.8944199958986545, "vol": 191.2870521224779, "inc": 51, "msevvol": 0.004675799987371714, "msevinc": 0.01753764697840499}