{"beta": [0.5233416614833284, 0.09626385701547986, -0.11198357351868635, -0.1001647072301095, 0.11209175073034039, 0.3654630980499127], "R": [[-1.3767654645611844, 3.6151813528132357], [-1.761779282579846, 0.9121829326680108], [-1.2109108112469629, -0.06293264072788862], [-0.5313915329587728, 2.4180798036097926], [-1.0217648016985403, 1.1848754456205048]], "mse": 0.5430405191585888, "vol": 99.73200745704128, "inc": 47, "msevvol": 0.005444997378524632, "msevinc": 0.011554053599118909}