{"beta": [-0.10938748899479771, 0.3065638628523249, -0.12096286486013545, -0.06386157604765769, 0.20516844606830306, 0.39712434101406513], "R": [[-1.3767654645611844, 3.615181352813236], [-1.6617792825798459, -0.8371252108305604], [-1.310910811246963, 2.3330237003102603], [-0.5313915329587728, 2.4180798036097926], [-1.0217648016985403, 1.1848754456205048]], "mse": 1.3506615910614979, "vol": 97.63106703820247, "inc": 40, "msevvol": 0.013834342203112374, "msevinc": 0.033766539776537444}