{"beta": [0.5233416614833272, 0.09626385701547913, -0.08910090521900138, -0.10016470723010981, 0.11209175073034042, 0.39317196848417874], "R": [[-1.3767654645611844, 3.6151813528132357], [-1.761779282579846, 0.9121829326680108], [-1.2109108112469629, -0.06293264072788862], [-0.5313915329587728, 2.4180798036097926], [-1.0217648016985403, 1.1848754456205048]], "mse": 0.5430405191585892, "vol": 99.73200745704128, "inc": 47, "msevvol": 0.005444997378524636, "msevinc": 0.01155405359911892}