{"beta": [-0.06020667624552078, 0.11231937149055615, -0.18262272679214228, -0.17832667544311534, 0.04905476351313295, 0.139894685868428], "R": [[-0.8934097191712308, 3.615181352813236], [-1.761779282579846, 0.8121829326680108], [-1.310910811246963, 1.0850455297911856], [-0.5313915329587728, 2.4180798036097926], [-0.9217648016985407, 1.1848754456205048]], "mse": 0.8552712655080019, "vol": 172.76528114921712, "inc": 111, "msevvol": 0.004950481137291152, "msevinc": 0.007705146536108125}