{"beta": [-0.1112016166722697, 0.07264112166026376, -0.07815063839985917, -0.09335654887395506, 0.04319689286024334, 0.02579281926813233], "R": [[-1.3767654645611844, 3.615181352813236], [-1.761779282579846, 0.8121829326680108], [-1.310910811246963, 2.3330237003102603], [-0.5313915329587728, 2.3180798036097925], [-1.0217648016985403, 1.1848754456205048]], "mse": 0.9026606691908239, "vol": 294.4004762639901, "inc": 159, "msevvol": 0.003066097856381878, "msevinc": 0.005677111126986314}