{"beta": [-0.34700997558364544, 0.05826393947527136, -0.23759181310921765, -0.1506472285621056, 0.28143710418299694, -0.02108647892956936], "R": [[-1.3767654645611844, 1.1511542562418553], [-1.761779282579846, -0.8371252108305604], [-1.310910811246963, 2.23302370031026], [-0.5313915329587728, 2.4180798036097926], [-0.9217648016985407, 1.1848754456205048]], "mse": 1.3351039981721189, "vol": 51.47102411002197, "inc": 32, "msevvol": 0.025938943731103253, "msevinc": 0.041721999942878715}