{"beta": [0.523341661483328, 0.09626385701547982, -0.13233704790822973, -0.1001647072301096, 0.11209175073034044, 0.3408168558651762], "R": [[-1.3767654645611844, 3.6151813528132357], [-1.761779282579846, 0.8121829326680108], [-1.310910811246963, -0.06293264072788862], [-0.5313915329587728, 2.4180798036097926], [-0.9217648016985407, 1.1848754456205048]], "mse": 0.543040519158589, "vol": 99.6353987186429, "inc": 47, "msevvol": 0.005450276971260617, "msevinc": 0.011554053599118914}