{"beta": [-0.02534281557259606, -0.06508412037207581, -0.3529807490329421, -0.06351174857418407, -0.23438287360161306, 0.05076005469813205, -0.8678373378549716], "R": [[-1.6923938634770468, 0.727089649283415], [-1.0618306677398395, 1.5755795222543156], [-1.1934563591118503, 1.4201814656607088], [0.2351103282638537, 1.4947373267570871], [0.24118056706440505, 18.730810247203966], [0.888741106448085, 1.6175682544813206]], "mse": 0.009323380508853974, "vol": 283.1003904474438, "inc": 5, "msevvol": 3.293312486824286e-05, "msevinc": 0.0018646761017707947}