{"beta": [-0.04792541075588346, -0.06969397491652009, 0.09618141760137122, -0.012192127262818668, -0.013222604301637885, -0.10641709102392373, -0.08668619522513082], "R": [[-1.7201851746019647, 1.720185174601965], [-1.13130082502003, 1.4962299892472233], [-1.2772928491263928, 1.3340984998439032], [0.010669772859810078, 26.150966377476646], [-0.9760197726155686, 19.14347425562218], [0.20892892610865021, 4.1252797458964094]], "mse": 0.14857308359661253, "vol": 48622.14666393715, "inc": 361, "msevvol": 3.055666888249683e-06, "msevinc": 0.0004115597883562674}