{"beta": [0.09636323083356112, -0.3706690911543137, 0.07007203307857962, 0.002174248409369423, -0.1625213705199706, -0.0066739768843826555, -0.5947621343332183], "R": [[-1.1572751247156892, 1.1572751247156892], [-1.13130082502003, 1.4962299892472233], [-1.2772928491263928, 0.3423659789946878], [0.3183408748336971, 26.150966377476646], [-0.5318972493639722, 1.4529757036549495], [0.8288437800843271, 4.1252797458964094]], "mse": 0.033619288806859236, "vol": 1664.883618000805, "inc": 50, "msevvol": 2.019317653400262e-05, "msevinc": 0.0006723857761371847}