{"beta": [-0.0008397802582916255, -0.16399727560843325, 0.1207185599568676, -0.0021204771471408845, 0.02426295683995377, -0.09614930293973843, -0.3250945915637473], "R": [[-1.7201851746019652, 1.7201851746019647], [-1.13130082502003, 1.496229989247223], [-1.2772928491263928, 1.3340984998439032], [0.4821688378204616, 26.150966377476646], [-0.9760197726155687, 19.14347425562218], [-3.261858092384089, 4.1252797458964094]], "mse": 0.05957541905583464, "vol": 90058.30254757765, "inc": 79, "msevvol": 6.615205635744805e-07, "msevinc": 0.0007541192285548689}