{"beta": [-0.02783283637814681, -0.18143991727449235, 0.21482046857892842, -0.006952364981600766, -0.010074138895125758, -0.02557312790009769, -0.30119201847588933], "R": [[-0.9258200997725514, 1.720185174601965], [-1.13130082502003, 0.25723253119302797], [-1.2772928491263928, 1.3340984998439032], [0.11860246670720376, 26.150966377476646], [-0.9760197726155686, 19.14347425562218], [-3.2618580923840894, 4.1252797458964094]], "mse": 0.06029149755457241, "vol": 37121.52829529224, "inc": 154, "msevvol": 1.6241652842245342e-06, "msevinc": 0.0003915032308738468}