{"beta": [-0.016685105664904994, -0.17025792959652358, 0.20610832648555238, -0.00629868351924645, -0.06955159688201802, -0.007430334767762558, -0.3100418014997007], "R": [[-0.9258200997725514, 1.720185174601965], [-1.13130082502003, 0.2572325311930279], [-1.2772928491263928, 1.3340984998439032], [0.11860246670720376, 26.150966377476646], [-0.9760197726155686, 2.0513280459000987], [-3.261858092384089, 4.1252797458964094]], "mse": 0.058357243548818875, "vol": 5585.616494480198, "inc": 137, "msevvol": 1.044777127224694e-05, "msevinc": 0.00042596528137824}