{"beta": [0.20028952409659792, -0.13909122387643566, -0.018961579179714264, -0.3248460089298776, -0.2161157891684936, 0.2381448285205528, -0.6903187648515198], "R": [[0.23145502494313785, 1.1572751247156892], [-1.13130082502003, -0.22875913782327606], [-1.0263397506808523, 0.1600647930125333], [-0.2382164794883394, 0.4853608265403498], [0.16737920598533462, 19.14347425562218], [0.6157480490301882, 1.4100139556865243]], "mse": 0.066935862037285, "vol": 10.811460913185657, "inc": 28, "msevvol": 0.006191194934224848, "msevinc": 0.002390566501331607}