{"beta": [-0.017300223411233964, -0.02896085035450608, 0.08692799897891161, -0.008025013573828914, -0.005398398461859583, -0.010336650509705218, -0.3090494485445659], "R": [[-0.6943650748294135, 1.720185174601965], [-1.13130082502003, 1.4962299892472233], [-1.2772928491263928, 1.3340984998439032], [0.1068687619361749, 26.150966377476646], [-0.9760197726155686, 19.14347425562218], [-3.261858092384089, 4.1252797458964094]], "mse": 0.0684825256485234, "vol": 64129.610002304085, "inc": 214, "msevvol": 1.0678768457513296e-06, "msevinc": 0.0003200118020959038}