{"beta": [0.1656233183539324, -0.1661665720083486, 0.28444035260417816, -0.007348199464038197, -0.18968465420986863, 0.03757172679643387, -0.2307160335581471], "R": [[-1.7201851746019652, 1.7201851746019647], [-1.13130082502003, 1.496229989247223], [-1.2772928491263928, 1.3340984998439032], [2.404565209889576, 26.150966377476646], [-0.9760197726155687, 19.14347425562218], [-3.261858092384089, 4.1252797458964094]], "mse": 0.0033990749201822774, "vol": 83313.62532517572, "inc": 6, "msevvol": 4.0798547739527365e-08, "msevinc": 0.0005665124866970462}