{"beta": [-0.12777666244926925, -0.03279169198728391, 0.01420557505983339, -0.029272860254600925, -0.041676869750640194, -0.12150589549329321, -0.08227185450610379], "R": [[-1.6923938634770468, 1.6968959665685883], [-1.0618306677398395, 1.5755795222543156], [-1.1934563591118503, 1.4201814656607086], [-0.23792987968180168, 26.016148822943872], [-0.2499795431925067, 18.730810247203966], [-3.1508650991369676, 4.357104412223306]], "mse": 0.3700194580209053, "vol": 87410.85284409103, "inc": 1162, "msevvol": 4.233106599255868e-06, "msevinc": 0.00031843326852057255}