{"beta": [-0.16041416839816205, -0.09024726389533401, 0.24434606883717516, -0.0692511037556823, -0.21285752846001837, 0.13368759366436533, -0.40374825414197363], "R": [[0.43715421018835726, 1.3069605274735303], [-1.0618306677398395, 1.5755795222543156], [-1.1934563591118503, 0.672361073491754], [0.2799239008943122, 1.7228505056891739], [0.85125139352409, 1.7734252885914317], [0.3174982066382517, 2.208509185319079]], "mse": 0.03555944840399224, "vol": 10.770118931728005, "inc": 10, "msevvol": 0.003301676483742128, "msevinc": 0.0035559448403992243}