{"beta": [-0.2420725360266785, -0.02453143030047307, 0.011964649785419945, -0.04291300131310476, -0.04097257390265255, -0.08817687653375607, -0.0019931732262210918], "R": [[-1.0125229852869313, 1.6968959665685883], [-1.0618306677398395, 1.5755795222543159], [-1.1934563591118503, 1.4201814656607086], [-0.23792987968180163, 26.016148822943872], [-0.956551151406026, 18.730810247203966], [-3.150865099136968, 4.357104412223306]], "mse": 0.6338230161119737, "vol": 72477.97445158544, "inc": 1266, "msevvol": 8.745043179088304e-06, "msevinc": 0.000500650091715619}