{"beta": [0.09688389038906327, -0.5436579679635627, 0.18781133474161738, -0.21429487627860652, -0.13973138714979152, 0.07319888032110705, -0.6088459859588854], "R": [[-0.46291004988627577, 0.9258200997725514], [-1.13130082502003, 1.4962299892472233], [-1.2772928491263928, 0.3423659789946878], [0.3183408748336971, 1.4004822549746319], [-0.9760197726155686, 1.3749961124314516], [0.8288437800843271, 4.1252797458964094]], "mse": 0.04597192181785526, "vol": 49.56480894401084, "inc": 28, "msevvol": 0.000927511329051744, "msevinc": 0.0016418543506376878}