{"beta": [-0.058718294991480374, 0.18726493321085064, -0.01666889396223666, -0.006985807980227678, 0.011714229877939042, -0.024486907919063442, -0.4864142971519986], "R": [[-1.6923938634770468, 1.6968959665685883], [-1.0618306677398395, 0.3319466611090581], [-1.1934563591118503, 1.4201814656607086], [0.11977944115812711, 26.016148822943872], [0.36059210226214966, 18.730810247203966], [0.0417257722472999, 4.357104412223306]], "mse": 0.033669443059370446, "vol": 25346.594294355706, "inc": 65, "msevvol": 1.3283616200409265e-06, "msevinc": 0.0005179914316826222}