{"beta": [-0.21658903590090497, -0.05885448981236443, 0.2714970538540553, -0.03507144314947701, -0.10340524208923857, 0.15812219773569203, -0.49260173847195254], "R": [[-0.14271666800175808, 1.3069605274735303], [-1.0618306677398395, 1.5755795222543156], [-1.1934563591118503, 0.672361073491754], [0.2799239008943122, 1.4947373267570871], [0.85125139352409, 1.7734252885914317], [0.3174982066382517, 2.208509185319079]], "mse": 0.03295658382877339, "vol": 15.112440037865627, "inc": 9, "msevvol": 0.002180758616490626, "msevinc": 0.0036618426476414875}