{"beta": [0.054472681621823865, -0.1885248318595529, 0.1291149020217263, -0.000805492216973688, 0.03038449830026338, -0.11420609510748897, -0.32906496992854684], "R": [[-1.7201851746019647, 1.7201851746019652], [-1.13130082502003, 1.4962299892472233], [-1.2772928491263928, 1.3340984998439032], [0.6108071273139244, 26.150966377476646], [-0.2105045721906339, 19.14347425562218], [-3.261858092384089, 4.1252797458964094]], "mse": 0.02084772726710208, "vol": 86197.57345703727, "inc": 50, "msevvol": 2.418597929266888e-07, "msevinc": 0.0004169545453420416}