{"beta": [-0.610356774359713, 2.2069278319858587, -3.6408781950676206, -1.2593091404239658, 1.156025328433973, 0.43839298469322463, -1.9556010653046443], "R": [[-1.7201851746019647, 0.9258200997725514], [-1.13130082502003, 1.4962299892472233], [-1.0309213942438957, 1.3340984998439032], [0.3183408748336971, 26.150966377476646], [0.025886942222228704, 1.1092630160261188], [0.8288437800843271, 1.7587160610478425]], "mse": 1.610868722503664, "vol": 427.9020937984354, "inc": 13, "msevvol": 0.00376457312513752, "msevinc": 0.123912978654128}