{"beta": [-0.09429016034627358, -0.004824820689930078, 0.20680139745512163, -0.010715047302732785, -0.01662620022075876, -0.041029334501836226, -0.32682040449807215], "R": [[-1.3024584243819892, 1.6968959665685883], [-1.0618306677398395, 0.3512022016100118], [-1.1934563591118503, 0.5239223472682417], [0.12211488119594649, 26.016148822943872], [-0.27934382309440964, 18.730810247203966], [0.3174982066382517, 4.357104412223306]], "mse": 0.058611740812709284, "vol": 14473.397893815481, "inc": 124, "msevvol": 4.049618565226776e-06, "msevinc": 0.0004726753291347523}