{"beta": [0.6001064968389997, -0.2100930174514914, -0.057637207562515516, -0.13694079597260578, -0.3533108249570597, 0.7337965681283142, -1.654367039418237], "R": [[0.23145502494313785, 1.1572751247156892], [-1.13130082502003, -0.37902329522641903], [-0.9848638194785632, -0.29182994578450017], [-0.2382164794883394, 0.4853608265403498], [0.15229474586986202, 0.8744927221209998], [0.7900991017108473, 1.4100139556865243]], "mse": 0.11353130479527199, "vol": 0.1563624276404358, "inc": 14, "msevvol": 0.7260779108414945, "msevinc": 0.008109378913948}