{"beta": [-0.054676284468608276, 0.11118654109525777, 0.14599316737175136, -0.012590868846351768, -0.02178936684105958, -0.10030480902831768, -0.16518744357501805], "R": [[-1.3024584243819892, 0.727089649283415], [-1.0618306677398395, 0.3512022016100118], [-1.1934563591118503, 0.5239223472682417], [0.1190125456695178, 26.016148822943872], [-0.20856384815795226, 18.730810247203966], [0.5932706410292057, 4.357104412223306]], "mse": 0.05830096260075799, "vol": 9092.126725529753, "inc": 49, "msevvol": 6.4122470309454556e-06, "msevinc": 0.0011898155632807752}