{"beta": [-0.08739209104652847, -0.059777984747290944, 0.07403115945806958, -0.0191897711510476, -0.03625207746697098, -0.13022479476349702, 0.017757542011705405], "R": [[-1.720185174601965, 1.720185174601965], [-1.13130082502003, 1.496229989247223], [-1.2772928491263928, 1.3340984998439032], [-0.23821647948833946, 26.150966377476646], [-0.9760197726155686, 19.14347425562218], [-1.0502731210294418, 4.1252797458964094]], "mse": 0.3714543862452366, "vol": 64867.135682594475, "inc": 1659, "msevvol": 5.7263879827039654e-06, "msevinc": 0.00022390258363184844}