{"beta": [-0.09783233808578129, -0.11066115023812649, 0.17540180077194026, -0.010144953787400624, -0.0036149684174425606, -0.022098013059283682, -0.4861281746436238], "R": [[-1.6923938634770468, 1.6968959665685883], [-1.0618306677398395, 1.5755795222543156], [-1.1934563591118503, 1.4201814656607086], [0.12738583961463612, 26.016148822943872], [-0.9565511514060261, 18.730810247203966], [-3.150865099136968, 4.357104412223306]], "mse": 0.05385493069611483, "vol": 89403.20919979454, "inc": 185, "msevvol": 6.023825227096948e-07, "msevinc": 0.0002911077334925126}