{"beta": [0.17482248873089215, 0.19340369639250207, -0.09976304628464785, -0.38658704512862924, -0.41040519290012845, -0.10867399990620322, -0.035146586189843794], "R": [[0.14721877109329956, 1.0170250883784726], [-1.0618306677398395, 0.1917955751843941], [-1.1934563591118503, 0.614916493262167], [0.12211488119594649, 1.4947373267570871], [0.15445663261161707, 18.730810247203966], [0.6917607961688321, 1.5584741613975446]], "mse": 0.06208162518436008, "vol": 43.577837069171345, "inc": 9, "msevvol": 0.0014246146518428063, "msevinc": 0.006897958353817787}