{"beta": [0.05274576596007127, -0.045074322170729535, 0.05127712465546036, -0.008908969284826117, -0.038122516931093885, -0.11979993709718456, -0.08811160857724926], "R": [[-0.4629100498862756, 1.3887301496588271], [-1.13130082502003, 1.4962299892472233], [-1.2772928491263928, 1.234098499843903], [-0.2382164794883394, 26.150966377476646], [-0.2674368737871602, 19.14347425562218], [0.5382586922832285, 4.1252797458964094]], "mse": 0.16081477389796917, "vol": 22450.42681958767, "inc": 473, "msevvol": 7.163105413998661e-06, "msevinc": 0.0003399889511584972}