{"beta": [0.17896812468573858, 0.2003230471002248, -0.10154304000633131, -0.37525754091055624, -0.4349727941471068, -0.11567943565118137, -0.020371718127407925], "R": [[0.14721877109329956, 1.0170250883784726], [-1.0618306677398395, 0.1917955751843941], [-1.049045423136035, 0.614916493262167], [0.12211488119594649, 1.4947373267570871], [0.15445663261161707, 18.730810247203966], [0.6917607961688321, 1.5584741613975446]], "mse": 0.06322697261473376, "vol": 40.09784884069344, "inc": 9, "msevvol": 0.001576817072305576, "msevinc": 0.0070252191794148615}