{"beta": [-0.12362882327675215, 0.07384331123811447, -0.032445027861381454, -0.0208095511014023, -0.016210507865082997, -0.14829906498081954, -0.09342761148508802], "R": [[-1.5923938634770467, 1.6968959665685883], [-1.0618306677398395, 0.8377092755328451], [-1.1934563591118503, 1.4201814656607086], [-0.23792987968180168, 26.016148822943872], [-0.20325842417057327, 18.730810247203966], [0.179611989442777, 4.357104412223306]], "mse": 0.24513428005059085, "vol": 33911.920134035005, "inc": 526, "msevvol": 7.228557954893473e-06, "msevinc": 0.00046603475294789136}