{"beta": [-0.4170828022795783, 1.999396970836009, -0.6110728155098012, -0.5156357894887968, 0.21926822178588684, -0.19705185409649273, 1.4104468952092084], "R": [[-0.4326521070968159, 1.0170250883784726], [-1.0618306677398395, 1.5755795222543156], [-1.1934563591118503, 1.4201814656607086], [1.085291593698083, 2.5489707147813854], [-0.9565511514060261, 1.031349975814919], [-3.150865099136968, 2.0903209991515275]], "mse": 0.013334508060561592, "vol": 152.39286427937327, "inc": 4, "msevvol": 8.75008690440793e-05, "msevinc": 0.003333627015140398}