{"beta": [-0.07929242926176745, -0.059072412246282506, 0.0838805621653529, -0.02078104247640135, -0.039348895304137425, -0.10615150546323693, 0.0005947487125848457], "R": [[-1.7201851746019647, 1.720185174601965], [-1.13130082502003, 1.4962299892472233], [-1.2772928491263928, 1.3340984998439032], [-0.23821647948833935, 26.150966377476646], [-0.9760197726155686, 19.14347425562218], [-1.0502731210294414, 4.1252797458964094]], "mse": 0.4554944449712419, "vol": 64867.13568259446, "inc": 2462, "msevvol": 7.021960198767693e-06, "msevinc": 0.00018500992890789679}