{"beta": [-0.16041416839816217, -0.09024726389533304, 0.24434606883717497, -0.06925110375568436, -0.21285752846001474, 0.13368759366436667, -0.403748254141977], "R": [[0.43715421018835726, 1.3069605274735303], [-1.0618306677398395, 1.5755795222543156], [-1.1934563591118503, 0.672361073491754], [0.2799239008943122, 1.7228505056891739], [0.85125139352409, 1.7734252885914317], [0.3174982066382517, 2.208509185319079]], "mse": 0.06936284263577239, "vol": 10.770118931728005, "inc": 8, "msevvol": 0.006440304241342626, "msevinc": 0.008670355329471548}