{"beta": [-0.02265328768248815, -0.1393137555968416, 0.16044201711770698, -0.00540721836373416, -0.007079031715190549, -0.053718412921053255, -0.27341770754290734], "R": [[-1.1572751247156892, 1.7201851746019652], [-1.13130082502003, 0.6798656459569565], [-1.2772928491263928, 1.3340984998439032], [0.16079392190864739, 26.150966377476646], [-0.4596595388553464, 19.14347425562218], [0.28641828285560966, 4.1252797458964094]], "mse": 0.053881697306102955, "vol": 26618.083064033333, "inc": 123, "msevvol": 2.0242516028101415e-06, "msevinc": 0.0004380625797244143}