{"beta": [1.0762140127862114, -0.1230532609756144, -0.1504447636885891, 0.566556296921499, -0.33187650957431847, 0.2475642584623073, -1.6422051497917747], "R": [[-0.2314550249431378, 0.9258200997725514], [-1.13130082502003, 1.496229989247223], [-1.0617872035107154, 1.3340984998439032], [0.1467651886888387, 1.1532369867747956], [0.2028794743090272, 0.9412543095319129], [0.8288437800843271, 4.1252797458964094]], "mse": 0.18542377797926823, "vol": 17.847347229582738, "inc": 19, "msevvol": 0.010389430742509477, "msevinc": 0.00975914620943517}