{"beta": [-0.038631453439977065, 0.13303539831912392, -0.05421063813740282, -0.006265952485527988, 0.0035378267371609044, -0.011188390318580044, -0.5756146201216782], "R": [[-1.6923938634770468, 1.6968959665685883], [-1.0618306677398395, 0.2593118374472324], [-1.1934563591118503, 0.24780218011426092], [0.11977944115812711, 26.016148822943872], [0.36059210226214966, 18.730810247203966], [0.6917607961688321, 4.357104412223306]], "mse": 0.03027099747955644, "vol": 11252.995800225772, "inc": 44, "msevvol": 2.690038992012163e-06, "msevinc": 0.0006879772154444646}