{"beta": [0.1481350647450709, 0.3417718207671629, -0.053167625964917385, -0.09512720877700163, -0.3516049498043384, 0.0021806212069781688, -0.15685149882344515], "R": [[-0.14271666800175814, 0.727089649283415], [-1.0618306677398395, 0.3512022016100118], [-1.1934563591118503, 0.6149164932621669], [0.1190125456695178, 26.016148822943872], [0.15445663261161707, 18.730810247203966], [0.3174982066382517, 1.7357564406488721]], "mse": 0.07922039513537885, "vol": 1516.4577885481096, "inc": 13, "msevvol": 5.224042220866973e-05, "msevinc": 0.006093876548875296}