{"beta": [-0.12362882327675158, 0.0738433112381136, -0.03244502786138076, -0.020809551101402386, -0.016210507865083188, -0.1482990649808183, -0.09342761148508985], "R": [[-1.5923938634770467, 1.6968959665685883], [-1.0618306677398395, 0.8377092755328452], [-1.1934563591118503, 1.4201814656607088], [-0.23792987968180157, 26.016148822943872], [-0.20325842417057327, 18.730810247203966], [0.179611989442777, 4.357104412223306]], "mse": 0.3053584602256755, "vol": 33911.92013403501, "inc": 340, "msevvol": 9.00445799054618e-06, "msevinc": 0.0008981131183108102}