{"beta": [0.15601543939713966, 0.4833193915908872, -0.13061446437187588, -0.008837502628522259, -0.2417041483757551, 0.059154471260392937, -0.12001944590988636], "R": [[-1.7201851746019652, 1.7201851746019647], [-1.13130082502003, 1.496229989247223], [-1.2772928491263928, 1.3340984998439032], [2.7963057438042536, 26.150966377476646], [-0.9760197726155687, 19.14347425562218], [-3.261858092384089, 4.1252797458964094]], "mse": 0.0023893247026753996, "vol": 81939.21394229215, "inc": 3, "msevvol": 2.9159722039292987e-08, "msevinc": 0.0007964415675584665}