{"beta": [-0.02217155200154847, -0.06045530757193507, 0.1267896815520249, -0.009452610011996172, 0.007029426429462891, -0.03982689893923799, -0.263482891696437], "R": [[-1.7201851746019652, 1.7201851746019647], [-1.13130082502003, 1.496229989247223], [-1.2772928491263928, 1.3340984998439032], [0.1094612516993525, 26.150966377476646], [-0.9760197726155687, 19.14347425562218], [-3.261858092384089, 4.1252797458964094]], "mse": 0.09353033217903507, "vol": 91365.93733260475, "inc": 205, "msevvol": 1.0236892972328532e-06, "msevinc": 0.00045624552282456135}