{"beta": [-0.06946156314258686, -0.024127394212039247, 0.11185103258831576, -0.016897189285080737, -0.015635274354765902, -0.03786394875550136, -0.1435384605310522], "R": [[-1.7201851746019652, 1.7201851746019647], [-1.13130082502003, 1.496229989247223], [-1.2772928491263928, 1.3340984998439032], [0.007752363814751639, 26.150966377476646], [-0.9760197726155687, 19.14347425562218], [-3.261858092384089, 4.1252797458964094]], "mse": 0.20169644218186647, "vol": 91722.78029662509, "inc": 441, "msevvol": 2.198978721857255e-06, "msevinc": 0.0004573615468976564}