{"beta": [-0.2685435588052115, -0.25777669625706107, 0.0658268781187191, -0.07795512652293245, 0.00037158140262682734, -0.028516732509363856, -0.5823707777078121], "R": [[-0.14271666800175814, 0.727089649283415], [-1.0618306677398395, 1.5755795222543154], [-1.1934563591118503, 1.4201814656607088], [0.46675215320546326, 1.4947373267570871], [0.06043621328900328, 18.730810247203966], [-3.1508650991369676, 2.0903209991515275]], "mse": 0.04301774616971585, "vol": 603.1357812431925, "inc": 12, "msevvol": 7.132348553595515e-05, "msevinc": 0.003584812180809654}