{"beta": [0.22478001817811158, 0.03178718334733649, -0.0788302065469897, -0.007962128465177083, -0.037733268456119996, -0.08908467177865745, -0.32703895496117924], "R": [[0.0, 1.1572751247156892], [-1.13130082502003, -0.1243753128097842], [-1.1772928491263928, 1.3340984998439032], [-0.2382164794883394, 26.150966377476646], [0.12894317636387037, 19.14347425562218], [0.5770033706567084, 4.1252797458964094]], "mse": 0.13435570046486972, "vol": 5210.475504120493, "inc": 138, "msevvol": 2.5785688918145758e-05, "msevinc": 0.0009735920323541284}