{"beta": [-0.024244301743756313, -0.04862632969837848, 0.031063004209105273, -0.0049190841665265345, -0.05551870782749309, 0.0014895109514489846, -0.6036265977051464], "R": [[-1.0125229852869313, 1.6968959665685883], [-1.0618306677398395, 1.5755795222543156], [-1.1934563591118503, 1.4201814656607086], [0.7092880645139644, 26.016148822943872], [-0.9565511514060261, 18.730810247203966], [0.35689426869410235, 4.357104412223306]], "mse": 0.032136419146146254, "vol": 37222.697826735144, "inc": 35, "msevvol": 8.63355453055429e-07, "msevinc": 0.0009181834041756073}