{"beta": [-0.1474338543624725, -0.46044878723907295, -0.17549089018525238, -0.1118848271638441, -0.3391727972453143, 0.192967294093577, -1.0551540833972692], "R": [[-1.6923938634770468, 0.727089649283415], [-1.0618306677398395, 1.5755795222543156], [-1.1934563591118503, 1.4201814656607088], [0.2351103282638537, 1.4324890455109631], [0.27863042713064984, 18.730810247203966], [0.888741106448085, 1.6175682544813206]], "mse": 0.036743090078365695, "vol": 268.5650579732352, "inc": 7, "msevvol": 0.000136812623189527, "msevinc": 0.005249012868337956}