{"beta": [0.15079851840193312, -0.6355914612279004, 0.14173763122886845, -0.5609998925153029, -0.4703835715559044, 0.5841878658598673, -1.0258462423980386], "R": [[0.23145502494313785, 1.1572751247156892], [-1.13130082502003, -0.37902329522641903], [-1.0058429242146047, -0.29182994578450017], [-0.2382164794883394, 0.4853608265403498], [0.12894317636387037, 0.8744927221209998], [0.7900991017108473, 1.4100139556865243]], "mse": 0.2737997951875015, "vol": 0.16630461109090477, "inc": 11, "msevvol": 1.6463752471531783, "msevinc": 0.024890890471591046}