{"beta": [-0.10561623869195583, 0.1875861544155318, -0.06384819175767766, -0.014744390524978633, 0.0015396768594536, -0.17662301740540398, -0.04131267061990527], "R": [[-0.7225875461918737, 1.6968959665685883], [-1.0618306677398395, 0.1035613263066058], [-1.1934563591118503, 1.4201814656607086], [-0.23792987968180163, 26.016148822943872], [-0.03270716203753876, 18.730810247203966], [0.179611989442777, 4.357104412223306]], "mse": 0.19166410553373997, "vol": 15165.851951546381, "inc": 315, "msevvol": 1.2637872646132287e-05, "msevinc": 0.0006084574778848887}