{"beta": [-0.1414758464859761, 0.06666483636197554, -0.03239263624542625, -0.024795577467462446, -0.039622878597862274, -0.14936708725112743, -0.04053335533880081], "R": [[-1.6923938634770468, 1.6968959665685883], [-1.0618306677398395, 1.5755795222543154], [-1.1934563591118503, 1.4201814656607088], [-0.12719334284127093, 26.016148822943872], [-0.42283375836257986, 18.730810247203966], [0.179611989442777, 4.357104412223306]], "mse": 0.3435257589930202, "vol": 48871.98558628854, "inc": 726, "msevvol": 7.029093556808531e-06, "msevinc": 0.000473175976574408}