{"beta": [-0.055817313477252224, 0.014602441156031218, 0.043873147063442766, -0.0025960258852490425, -0.030594051861741405, 0.02708383806136353, -0.6555306762596479], "R": [[-1.6923938634770468, 1.6968959665685883], [-1.0618306677398395, 0.6449101295043077], [-1.1934563591118503, 0.672361073491754], [0.30135295338418455, 26.016148822943872], [0.686963235446962, 4.618975396860101], [0.2387060825265528, 4.357104412223306]], "mse": 0.017490917334941535, "vol": 4494.399849730451, "inc": 31, "msevvol": 3.891713670289158e-06, "msevinc": 0.0005642231398368237}