{"beta": [-0.12687185672830475, 0.10328693084795387, 0.0029359007635699204, -0.016295603311314733, -0.03494789588961535, -0.07945321516924636, -0.24025213699690579], "R": [[-1.6923938634770468, 1.6968959665685883], [-1.0618306677398395, 1.5755795222543156], [-1.1934563591118503, 1.4201814656607086], [0.05378009104173587, 26.016148822943872], [-0.9565511514060261, 18.730810247203966], [-0.05676438289232655, 4.357104412223306]], "mse": 0.240103310681565, "vol": 52708.78941029475, "inc": 184, "msevvol": 4.55528031221809e-06, "msevinc": 0.0013049092971824186}