{"beta": [0.21130133277611385, -1.586443995863751, 0.8163225399653803, -0.6314228201406903, -0.4606506208204322, -0.19340436805518707, 0.14346920265213034], "R": [[-0.6943650748294136, 1.7201851746019652], [-1.13130082502003, 1.4962299892472233], [-1.0309213942438957, 1.3340984998439032], [0.810762911016324, 26.150966377476646], [-0.9760197726155688, 1.1092630160261188], [0.7319820841506276, 1.8943224353550219]], "mse": 0.013654394111470684, "vol": 921.5676800105356, "inc": 7, "msevvol": 1.4816485438502557e-05, "msevinc": 0.0019506277302100976}