{"beta": [-0.07324904753213474, 0.006584143035823558, 0.026222773117242176, -0.009321516971934774, -0.010237479270950986, -0.0037618745815405233, -0.5555294844035871], "R": [[-1.6923938634770468, 1.6968959665685883], [-1.0618306677398395, 1.5755795222543156], [-1.1934563591118503, 1.4201814656607086], [0.18213661692982397, 26.016148822943872], [-0.9565511514060261, 18.730810247203966], [-3.150865099136968, 4.357104412223306]], "mse": 0.04807787586587967, "vol": 89214.13507519024, "inc": 129, "msevvol": 5.389042423082322e-07, "msevinc": 0.0003726967121386021}