{"beta": [-0.2253256804078948, -0.15760317548578842, 0.09304475388005469, -0.02049708917026426, 0.0030982252299736374, 0.024863586961421557, -0.6514903113081292], "R": [[-0.14271666800175814, 0.727089649283415], [-1.0618306677398395, 1.5755795222543154], [-1.1934563591118503, 1.4201814656607088], [0.3727205719208413, 1.4947373267570871], [0.06043621328900328, 18.730810247203966], [-3.1508650991369676, 2.0903209991515275]], "mse": 0.033176498097617926, "vol": 658.3056540183908, "inc": 10, "msevvol": 5.039679956431164e-05, "msevinc": 0.0033176498097617925}