{"beta": [-0.23146234447758765, 0.011461411998880493, -0.03469312540764269, -0.046186850182184755, -0.050322149847172336, -0.09722693722185154, -0.004836072813077038], "R": [[-1.6923938634770468, 1.6968959665685883], [-1.0618306677398395, 1.5755795222543156], [-1.1934563591118503, 1.4201814656607088], [-0.23792987968180157, 26.016148822943872], [-0.9565511514060261, 18.730810247203966], [-3.1508650991369676, 4.357104412223306]], "mse": 1.3958250692725016, "vol": 90664.77576043956, "inc": 1546, "msevvol": 1.5395450521607668e-05, "msevinc": 0.0009028622699045935}