{"beta": [-0.021538350180726765, -0.0538432526280678, 0.11717976464273021, -0.010233654340180049, 0.002537070463613201, -0.03559285672488378, -0.2607664062107315], "R": [[-1.7201851746019647, 1.7201851746019652], [-1.13130082502003, 1.4962299892472233], [-1.2772928491263928, 1.3340984998439032], [0.10686876193617478, 26.150966377476646], [-0.9760197726155688, 19.14347425562218], [-3.261858092384089, 4.1252797458964094]], "mse": 0.09145676822012955, "vol": 91375.03301490477, "inc": 288, "msevvol": 1.0008945026067619e-06, "msevinc": 0.0003175582229865609}