{"beta": [-0.142111345810022, 0.08239390726165881, 0.04005017571606011, -0.14647995498124228, -0.002933172786698404, -0.16931443642716346, -0.0427205275746638], "R": [[-0.4326521070968159, 1.3069605274735303], [-1.0618306677398395, 1.5755795222543156], [-1.1934563591118503, 1.4201814656607086], [1.085291593698083, 26.016148822943872], [-0.9565511514060261, 18.730810247203966], [-3.150865099136968, 2.0903209991515275]], "mse": 0.01218886866500418, "vol": 30848.20834756988, "inc": 6, "msevvol": 3.9512403857206116e-07, "msevinc": 0.00203147811083403}