{"beta": [-0.09661047811306846, 0.04468212101010399, 0.13125886333168416, -0.013566385387156347, -0.015752203036235844, -0.020157611185439774, -0.3682574443713557], "R": [[-1.6923938634770468, 1.6968959665685883], [-1.0618306677398395, 0.3512022016100118], [-1.1934563591118503, 1.4201814656607088], [0.1190125456695178, 26.016148822943872], [-0.9565511514060261, 18.730810247203966], [-3.1508650991369676, 4.357104412223306]], "mse": 0.05431292861152163, "vol": 47914.62964539561, "inc": 142, "msevvol": 1.1335353943770045e-06, "msevinc": 0.0003824854127571946}