{"beta": [-0.09084884876108687, -0.04473116285755747, 0.13918934610897377, -0.012778862581076647, -0.012129299854313552, -0.021816661840932644, -0.4305505969162085], "R": [[-1.6923938634770468, 1.6968959665685883], [-1.0618306677398395, 1.5755795222543156], [-1.1934563591118503, 1.4201814656607088], [0.1190125456695178, 26.016148822943872], [-0.956551151406026, 18.730810247203966], [-3.1508650991369676, 4.357104412223306]], "mse": 0.08953154069225626, "vol": 89432.12519515317, "inc": 194, "msevvol": 1.0011116307130815e-06, "msevinc": 0.0004615027870734859}