{"beta": [0.0032953680370284813, -0.02727055288564126, 0.04696053776858321, -0.003282622250372683, -0.12013951301401053, -0.04398403333401737, -0.27795632835117734], "R": [[-1.720185174601965, 1.1572751247156892], [-1.13130082502003, 1.496229989247223], [-1.2772928491263928, 1.3340984998439032], [0.14603068805867098, 26.150966377476646], [0.2028794743090272, 1.4529757036549495], [0.8288437800843271, 4.1252797458964094]], "mse": 0.05512154368226983, "vol": 2115.792106060078, "inc": 52, "msevvol": 2.6052438481261947e-05, "msevinc": 0.0010600296861974967}