{"beta": [-0.07929242926176716, -0.059072412246268566, 0.08388056216533872, -0.020781042476401543, -0.039348895304138036, -0.10615150546323607, 0.0005947487125845465], "R": [[-1.7201851746019647, 1.720185174601965], [-1.13130082502003, 1.4962299892472233], [-1.2772928491263928, 1.3340984998439032], [-0.2382164794883394, 26.150966377476646], [-0.9760197726155687, 19.14347425562218], [-1.0502731210294414, 4.1252797458964094]], "mse": 0.4554944449712414, "vol": 64867.13568259446, "inc": 2462, "msevvol": 7.021960198767685e-06, "msevinc": 0.0001850099289078966}