{"beta": [-0.009773040351974571, -0.2513886344622637, 0.21089444137516478, -0.004235499743547728, 0.013365904300460146, -0.09946246795314385, -0.2658696039507046], "R": [[-1.7201851746019647, 1.7201851746019652], [-1.13130082502003, 1.4962299892472233], [-1.2772928491263928, 1.3340984998439032], [0.12769105394404612, 26.150966377476646], [-0.9760197726155688, 19.14347425562218], [0.11206723017495057, 4.1252797458964094]], "mse": 0.07718818041737123, "vol": 49601.65236494341, "inc": 211, "msevvol": 1.5561614731997305e-06, "msevinc": 0.0003658207602719016}