{"beta": [0.15453754322636157, 0.04289193917245364, 0.10179818970621755, 0.06595974219562341, -0.15968671633006334, -0.07060990476806613, -0.12556257605984317, -0.0641285743334215, -0.05637966750454993, 0.004965203345616871, 0.2289058500837212, -0.2755143194107501], "R": [[-1.7572237442263516, 1.7714274360383513], [-2.1678075959963774, 0.6334636024594414], [-2.3336075948909945, 1.1495066665188671], [-2.4014857337967093, 5.238879065791867], [-2.3418202881624546, -0.08866615309115944], [-1.7018364129456458, 1.5593455059844454], [-1.2883164539645324, 1.1784985664298906], [-0.21340330868756002, 8.918084865187856], [-0.25036706077527937, 6.750392678051216], [-4.7899245497589265, -0.09730976307291384], [-2.3133427231696846, 0.42635838460754977]], "mse": 0.8213866421985052, "vol": 3918799.445867644, "inc": 53, "msevvol": 2.0960160210920045e-07, "msevinc": 0.015497861173556702}