{"beta": [-0.14070091016471092, -0.11254561511119142, -0.10944442282073931, 0.16833904141947964, -0.9811263737049898, -0.24437340422231615, -0.20223033003677154, -0.026645994390948138, 0.5891087709836179, -0.37636362611520363, 0.06327046434756937, -0.05006132743034396, 0.07382639462761673, -0.0540619261105103, -0.2632297584421834, 0.06718533308655174, -0.06199866030868832, -0.1143671279030491, -0.14407004447065966, 0.09455668558962436, 0.03715382114795847, -0.03803921215999769, -0.27493425818238715, 0.163366677873786, -0.06607599233873089, 0.17989831092091524, -0.001979044920751504, 0.3260518051384754], "R": [[-0.1, 1.1], [-0.1, 1.1], [-0.1, 1.1], [-0.09999999999999998, 1.1], [-0.1, 1.1], [-0.09999999999999999, 1.1], [-0.10000000000000002, 1.1], [-0.1, 1.1], [-0.1, 1.1], [-0.1, 1.1], [-0.10000000000000009, 1.1], [-0.09999999999999998, 1.1], [-0.09999999999999998, 1.1], [-0.09999999999999999, 1.1], [-0.1, 1.0], [-0.1, 1.1], [0.0, 1.1], [-0.09999999999999998, 1.1], [-0.09999999999999998, 1.1], [-0.1, 1.1], [-2.4981993196613552, 3.7962268675753306], [-2.048731692570825, 1.3068422861077535], [-1.4575985227957609, 0.6899051954114378], [-1.1945627202088516, 3.9147135853931743], [-1.358241094570297, 1.519931606949197], [-1.335654730362813, 0.6799186880935381], [-3.311921066360926, 0.90485549549939]], "mse": 0.7199684885774713, "vol": 182624.96153199242, "inc": 191, "msevvol": 3.9423334167347465e-06, "msevinc": 0.0037694685265836194}