{"beta": [-0.07194017152186497, 0.12283892864693301, 0.13682263953013968, 0.2525315208821856, -0.27063160413933934, -0.07250138874825658, 0.04217481625097955, -0.024958863612989643, 0.28922764908919185, -0.3290308305129783, 0.22993581445867214, -0.022196823925116765, 0.06218639374633158, -0.06438922808362742, 0.12066642550738761, -0.13684429907113319, 0.09453902787277478, -0.15424527194365847, -0.10484180301072221, 0.2260007062388205, 0.05167886631307796, -0.05526377981204466, -0.13999900951445593, 0.2723581922710388, -0.16655506098249354, 0.10250995382199404, -0.07075525050494251, -0.2087453264921638], "R": [[-0.1, 1.1], [-0.1, 1.1], [-0.1, 1.1], [-0.1, 1.1], [-0.1, 1.1], [-0.1, 1.1], [-0.1, 1.1], [-0.1, 1.1], [-0.1, 1.1], [-0.1, 1.1], [-0.1, 1.1], [-0.1, 1.1], [-0.1, 1.1], [-0.1, 1.1], [-0.1, 1.1], [-0.1, 1.1], [-0.1, 1.1], [-0.1, 1.1], [-0.1, 1.1], [-0.1, 1.1], [-2.4981993196613552, 3.7962268675753306], [-2.048731692570825, 3.70956534419748], [-2.7506561756272165, 2.221574435698607], [-2.5468817033043174, 3.9147135853931747], [-1.7919422551589224, 3.079874271543797], [-1.335654730362813, 5.625192628894896], [-3.311921066360926, 2.377114349452829]], "mse": 0.7543869350774747, "vol": 8613066.854051575, "inc": 482, "msevvol": 8.758633223920839e-08, "msevinc": 0.0015651181225673748}