{"beta": [-0.06630762758666943, 0.0382026871507018, 0.010732874901792963, 0.05091178503878766, 0.013045017762853, -0.007653530014171752, 0.07082060693281034, 0.14607460878812337, -0.005417975179820554, 0.05054778968661835, 0.23718902285600368, -0.22215234910639522], "R": [[-1.8118885190211482, 0.25931833253612235], [-0.19561072296535909, 2.308173809528907], [-2.521978111015047, 24.050349106616267], [-2.306328501214799, 0.5636776886769926], [-4.241444488552639, 1.4343861427131706], [-3.1759735352273033, 0.9438816800507817], [-0.9395076438021857, 1.74050016733946], [-0.6117999790190289, 2.053888317691431], [-1.0041149963561595, 1.1060539909527929], [-4.1498813091984434, 3.3012268919967234], [-1.8909183913560328, 3.2968460545112404]], "mse": 0.8236852191044063, "vol": 5388997.87504634, "inc": 173, "msevvol": 1.5284571235748047e-07, "msevinc": 0.004761186237597724}