{"beta": [-0.0857855544796466, 0.11755826355752898, -0.1570326605622491, 0.03815026648837678, -0.6179993445850128, -0.26544892621546784, -0.2800689058509676, 0.12468379365405294, 0.46183080993623143, -0.6952952555952202, -0.06285644905301604, -0.09974496876864425, 0.023517939262897324, -0.1367206304637842, -0.2571556104962717, -0.14906597626860485, -0.005722919838398903, -0.3003683328870184, -0.06162890614267375, 0.1774456727554872, 0.030200181212790445, -0.07374156008424823, -0.3509471324168162, 0.26796836765781606, -0.21684835602808883, 0.05272910469747574, 0.0037613472158424008, 0.4259478751022514], "R": [[-0.1, 1.1], [-0.10000000000000002, 1.1], [-0.1, 1.1], [-0.09999999999999998, 1.1], [-0.1, 1.1], [-0.10000000000000002, 1.1], [-0.1, 1.1], [-0.10000000000000002, 1.1], [-0.1, 1.1], [-0.10000000000000002, 1.1], [-0.09999999999999998, 1.1], [-0.09999999999999998, 1.0], [-0.10000000000000002, 1.1], [-0.1, 1.0], [-0.1, 1.1], [-0.1, 1.0], [-0.10000000000000009, 1.1], [0.0, 1.1], [0.0, 1.1], [-0.10000000000000002, 1.1], [-2.4981993196613552, 3.7962268675753306], [-2.048731692570825, 0.27458712213649694], [-1.099681283835746, 0.928516782867151], [-1.1945627202088516, 0.8091477273879263], [-1.7919422551589221, 3.079874271543797], [-1.335654730362813, 1.1306418453773854], [-1.427984621655857, 0.9048554954993902]], "mse": 0.6961021965357868, "vol": 41334.58650777347, "inc": 219, "msevvol": 1.6840671586369353e-05, "msevinc": 0.0031785488426291633}