{"beta": [0.1130810658662242, 0.038197334331582525, 0.05548671019883758, 0.02575806329277987, 0.021336686450023203, 0.06951892022801566, 0.05235360481152304, -0.008797952698845648, 0.01754746561347139, 0.02636108134861865, 0.26121666452838155, 0.016829493838008625], "R": [[-1.7572237442263516, 2.1351698345202506], [-2.1678075959963774, 2.534311068096654], [-3.013722095571801, 10.965817738591115], [-2.4014857337967093, 5.238879065791867], [-2.982577280579566, 5.4189037710799495], [-3.014327126394013, 9.279222489638407], [-1.2883164539645324, 22.438229432520206], [-0.21340330868756002, 8.918084865187856], [-0.25036706077527937, 6.750392678051216], [-4.7899245497589265, 8.738392508636064], [-2.3133427231696846, 3.672922252623378]], "mse": 0.7640068557288633, "vol": 24801126982.633736, "inc": 1370, "msevvol": 3.080532817173336e-11, "msevinc": 0.0005576692377582944}