{"beta": [-0.013937944405177437, 0.1676275813500289, 0.4053187999786166, 0.22068774972156643, -0.1397885796904629, -0.026351247901070927, -0.04412068155366624, -0.028939182717448244, 0.20091911674273466, -0.15343085288095445, 0.11298736327479078, 0.012004414786828874, 0.10808375321575388, -0.13420225307379305, 0.0038115129241264177, -0.13645336922728815, 0.01596746042196502, -0.18861312890649007, -0.09672896049368086, 0.10051482978958742, 0.04298711015280501, -0.0683539130294668, 0.010228939429218636, 0.29826931206299145, -0.23643711157730213, 0.11756385948774738, -0.07318671044694056, 0.07633537321135447], "R": [[-0.09999999999999999, 1.1], [-0.1, 1.1], [-0.1, 1.1], [-0.09999999999999998, 1.1], [-0.1, 1.1], [-0.10000000000000002, 1.1], [-0.1, 1.1], [-0.09999999999999998, 1.1], [-0.1, 1.1], [-0.1, 1.1], [-0.09999999999999998, 1.1], [-0.09999999999999998, 1.1], [-0.1, 1.1], [-0.1, 1.1], [-0.1, 1.1], [-0.1, 1.1], [-0.09999999999999998, 1.1], [-0.09999999999999998, 1.1], [-0.09999999999999998, 1.1], [-0.10000000000000003, 1.1], [-2.4981993196613552, 3.7962268675753306], [-2.048731692570825, 3.7095653441974803], [-2.7506561756272165, 0.6899051954114377], [-2.5468817033043174, 3.9147135853931747], [-1.7919422551589224, 3.0798742715437974], [-1.335654730362813, 5.625192628894896], [-3.3119210663609264, 2.377114349452829]], "mse": 0.8044537173877843, "vol": 5959857.339827117, "inc": 500, "msevvol": 1.3497868682392317e-07, "msevinc": 0.0016089074347755685}