{"beta": [0.09581194440268419, 0.09932577561943809, 0.07589735769828936, 0.029565893317332274, 0.018274847210120116, 0.06226648935038761, 0.05583852719521367, 0.008615955053676341, -0.015861685141100493, -0.009230685878803728, 0.27378517619369, -0.04374661770676128], "R": [[-1.7572237442263516, 2.1351698345202506], [-2.1678075959963774, 2.534311068096654], [-3.013722095571801, 10.965817738591115], [-2.4014857337967093, 5.238879065791867], [-2.982577280579566, 5.4189037710799495], [-3.014327126394013, 9.279222489638407], [-1.2883164539645324, 22.438229432520206], [-0.21340330868756002, 8.918084865187856], [-0.25036706077527937, 6.750392678051216], [-4.7899245497589265, 0.5470261643435546], [-2.3133427231696846, 3.6729222526233785]], "mse": 0.9190804889144228, "vol": 9784098922.96071, "inc": 667, "msevvol": 9.393614027732102e-11, "msevinc": 0.0013779317674878903}