{"beta": [0.1062635671259743, -0.0646107993754088, 0.025205766303240458, 0.09512274429696013, -0.0012393823598045282, 0.06784840037310103, 0.10577426182492043, -0.017781686553197756, 0.05597847528075766, 0.008078321568962625, 0.2664226033920875, 0.003579939768501276], "R": [[-1.7572237442263514, 2.1351698345202506], [-2.1678075959963774, 0.6334636024594413], [-3.013722095571801, 10.965817738591115], [-2.4014857337967093, 1.102602736603293], [-2.982577280579566, 5.4189037710799495], [-3.0143271263940123, 0.8694801000569259], [-1.2883164539645324, 0.9964358725533969], [-0.21340330868756002, 8.918084865187856], [-0.25036706077527937, 6.750392678051216], [-4.7899245497589265, 8.738392508636064], [-2.3133427231696846, 3.672922252623378]], "mse": 0.7903473197376395, "vol": 206147907.95778984, "inc": 458, "msevvol": 3.833884745992515e-09, "msevinc": 0.0017256491697328373}