{"beta": [-0.05833338658262926, -0.15437782611749487, 0.08697048806590174, 0.025351918400159514, -0.032225057677401726, 0.09394824852780763, 0.2983902923913187, 0.002090266171119007, 0.1644166292615573, -0.020548125681753154, 0.39781559489643203, -0.0493149175499155], "R": [[-1.7572237442263514, 0.45271544362885086], [-2.1678075959963774, 0.6334636024594413], [-3.013722095571801, 1.0354255722427257], [-2.4014857337967093, 0.17863586606614967], [-2.982577280579566, 5.4189037710799495], [-3.0143271263940123, 0.6290724585973364], [-1.2883164539645324, 0.3086434734644191], [-0.21340330868756002, 8.918084865187856], [-0.25036706077527937, 6.750392678051216], [-0.9148933675130622, 8.738392508636064], [-2.3133427231696846, 1.570563427522396]], "mse": 0.6609831401644415, "vol": 7577510.9645118425, "inc": 211, "msevvol": 8.722958544831658e-08, "msevinc": 0.003132621517367021}