{"beta": [-0.0009018298659905637, -0.049288797910044806, -0.10107472930300304, 0.3371039063769907, -0.3362979506491765, -0.02988206755166172, -0.0806531132285543, 0.05231339444441498, -0.06351427524415278, -0.07174967825998094, 0.2508645465663491, -0.27073812051007323], "R": [[-1.1486865614333561, 0.8225202901239119], [-0.058251606822829594, 1.7274169030300537], [-0.827964008473768, 0.6438174007583998], [-2.306328501214799, 1.0431018369274951], [-4.241444488552639, 1.3444533905959801], [-3.1759735352273033, 0.3923448167408592], [-0.9395076438021857, 1.7136809593234346], [-0.6117999790190289, 1.953888317691431], [-1.0041149963561595, 1.1060539909527929], [-1.5817141212521422, 0.1877804458247586], [-1.7591780721550592, -0.15629195250589456]], "mse": 1.0106767290152083, "vol": 14091.10469684869, "inc": 34, "msevvol": 7.172444962680849e-05, "msevinc": 0.029725786147506126}