{"beta": [0.06688799981203015, -0.018421434258854594, 0.04474660872110088, -0.012117332154155048, 0.03331988117169353, 0.03495439165246105, 0.02447091785798016, 0.036705289263471885, -0.028406854139909274, 0.032224661399256345, 0.21235155693475083, -0.007662108330060568], "R": [[-1.8118885190211482, 2.048924205299496], [-2.0125996747469777, 2.308173809528907], [-2.521978111015047, 24.050349106616267], [-2.306328501214799, 5.670996570404462], [-4.241444488552639, 5.041763475283599], [-3.1759735352273033, 9.29572167341846], [-0.9395076438021857, 15.110644293668837], [-0.6117999790190289, 2.053888317691431], [-1.0041149963561595, 1.206053990952793], [-4.1498813091984434, 3.3012268919967234], [-1.8909183913560328, 3.296846054511241]], "mse": 0.9279548229933912, "vol": 1496462358.7829792, "inc": 872, "msevvol": 6.200990071999302e-10, "msevinc": 0.0010641683749924211}