{"beta": [-0.08356284590706084, 0.2515366980429753, 0.1210038993265402, -0.2487185128236008, -0.04099002398047086, 0.06862550455984708, 0.16807451531624423, 1.1207715525336466, 0.010176107820616117, -0.1345176045112099, 0.3489750547150892, -0.14928999024576756], "R": [[-1.8118885190211482, 0.25931833253612235], [-0.19561072296535909, 1.9334555772438482], [0.14490844847630913, 2.3376132937560983], [-2.306328501214799, 0.5636776886769926], [-1.353529172919734, 1.3444533905959801], [-3.1759735352273033, 0.551441988849491], [-0.9395076438021857, 1.0432007589227987], [-0.6117999790190289, 1.9538883176914308], [-1.0041149963561595, 1.1060539909527929], [-4.1498813091984434, -0.04545996824401122], [-1.7591780721550592, 0.5465294012299485]], "mse": 0.6826245928484214, "vol": 28350.370468462683, "inc": 29, "msevvol": 2.4078154238152963e-05, "msevinc": 0.023538779063738666}