{"beta": [-0.05095734095086467, -0.060388117750416886, 0.032687822135162824, 0.05487363472872554, -0.024436389326430392, 0.0685963440867844, 0.050320217200791564, 0.15143224991252632, 0.0029705784873908865, 0.050498094432689745, 0.29180876678267337, -0.010808695962290804], "R": [[-1.811888519021148, 0.8225202901239118], [-0.058251606822829594, 2.308173809528907], [-2.521978111015047, 24.050349106616267], [-2.306328501214799, 5.670996570404462], [-4.241444488552639, 5.041763475283599], [-3.1759735352273033, 9.29572167341846], [-0.9395076438021857, 15.110644293668837], [-0.6117999790190289, 2.053888317691431], [-1.0041149963561595, 1.1060539909527929], [-4.1498813091984434, 0.2476746358715981], [-1.8909183913560328, 0.5941398800314086]], "mse": 0.7725525663300054, "vol": 150952441.02652267, "inc": 329, "msevvol": 5.117854080903973e-09, "msevinc": 0.002348184092188466}