{"beta": [0.2747326487180849, 0.17187281850794497, -0.06202054134822527, 0.3503682440386509, 0.05644482643638024, 0.48504714361939877, 0.32629954983571136, 49.587091936399446, -31.782260810508653, 0.32882372129643306, -0.15850536840650767, 1.1742042054157473], "R": [[-1.39348134574445, 1.7714274360383513], [-1.6926310406552914, 0.48339298032300704], [-1.467076729857322, -0.04713119471810967], [-1.57203820442528, 0.17863586606614967], [-2.982577280579566, -0.08866615309115944], [-1.0851385500710449, 0.5559049155444173], [-1.2883164539645324, 0.2884142852559197], [-0.21340330868756002, 8.918084865187856], [-0.25036706077527937, 6.750392678051216], [0.24695271341935754, 1.9376160276702628], [-1.0415362428161024, -0.017773835997555498]], "mse": 2207.581472307252, "vol": 14184.293793233956, "inc": 21, "msevvol": 0.15563562800428526, "msevinc": 105.1229272527263}