{"beta": [0.10841414534116196, -0.03322331329330017, 0.05305250523078978, 0.13108625478643304, -0.04181333698575485, 0.043262402105656815, 0.03295786493862377, 0.004474605339136179, 0.054074389047393596, 0.029002770959010868, 0.2888321461043107, -0.012380865627484371], "R": [[-1.7572237442263516, 2.1351698345202506], [-2.1678075959963774, 0.6334636024594413], [-3.0137220955718007, 1.1397976372187701], [-2.4014857337967093, 1.102602736603293], [-2.982577280579566, 5.418903771079949], [-3.014327126394013, 0.8694801000569259], [-1.2883164539645324, 0.9964358725533968], [-0.21340330868756002, 8.918084865187856], [-0.25036706077527937, 6.750392678051216], [-4.789924549758927, 8.738392508636064], [-2.3133427231696846, 3.672922252623378]], "mse": 0.7497996058072167, "vol": 61249469.84905142, "inc": 612, "msevvol": 1.2241732175888033e-08, "msevinc": 0.0012251627545869553}