{"beta": [-0.07169204151926901, -0.017651245488670267, 0.13968726801399772, -0.21752293092831151, -0.023728050744938334, 0.03668643569031786, 0.12055860065873637, 0.6265389618304228, 0.022818235163451196, -0.10895627152496815, 0.3090596733071848, -0.17019490531197437], "R": [[-1.8118885190211482, -0.022282646257774763], [-0.12693116489409428, 1.9334555772438482], [0.14490844847630913, 1.5094244329678268], [-2.306328501214799, 0.5636776886769926], [-1.353529172919734, 5.041763475283599], [-3.1759735352273033, 0.551441988849491], [-0.9395076438021857, 1.0432007589227987], [-0.6117999790190289, 1.9538883176914308], [-1.0041149963561595, 1.1060539909527929], [-2.5106721858712304, -0.04545996824401122], [-1.7591780721550592, 0.8185892800954361]], "mse": 0.6837554142872492, "vol": 23480.85154941221, "inc": 22, "msevvol": 2.9119702615911534e-05, "msevinc": 0.031079791558511326}