{"beta": [0.06838198351781936, 0.24636026310435954, -0.56605627241112, 0.10557636041824, -0.6519657024824628, 0.09671569627154425, -0.007589492204432307, -0.12644686762657406, 0.1809887340500708, -0.3363418912155284, -0.17565209827333847, -0.18221897112320545, -0.03657672713541766, -0.06863831240259578, -0.2767115144132126, 0.013219094281329585, 0.11924812414573391, -0.06813419034891019, -0.08629629110060855, 0.3047086933492495, -0.06639388479828569, 0.01524452883184061, -0.29101171170851514, 0.3561340016105766, -0.07674955253496829, 0.05452760799749121, -0.0097467394078318, 0.3056244984303816], "R": [[-0.1, 1.0], [-0.09999999999999998, 1.1], [-0.1, 1.1], [-0.1, 1.0], [-0.1, 1.1], [-0.1, 1.0], [-0.10000000000000003, 1.0], [-0.1, 1.0], [-0.1, 1.1], [-0.1, 1.1], [0.0, 1.1], [-0.10000000000000003, 1.0], [-0.09999999999999998, 1.1], [-0.09999999999999999, 1.0], [-0.1, 1.1], [-0.09999999999999999, 1.1], [-0.09999999999999998, 1.1], [-0.09999999999999998, 1.1], [-0.10000000000000003, 1.0], [-0.1, 1.1], [-0.7053031565400538, 2.003330704454029], [-2.048731692570825, 1.0686295559605408], [-2.750656175627217, 2.221574435698607], [-1.6328743456312564, 1.4979232987174895], [-0.6491260064923586, 0.727391263531848], [-1.335654730362813, 0.2291955308096908], [-0.7418551946791375, 0.9048554954993902]], "mse": 0.7574836888804314, "vol": 8168.519048720745, "inc": 94, "msevvol": 9.273207105993827e-05, "msevinc": 0.00805833711574927}