{"beta": [-0.038940260588918585, 0.024103299657730216, 0.021264747534397256, 0.2015190749395566, -0.14075671389036237, 0.05210852792773099, 0.14649575599571824, -0.018859172150537448, 0.054072334848140974, 0.058598376211662764, 0.4017387310925756, -0.02958806177651364], "R": [[-1.7572237442263516, -0.07476935333494972], [-2.1678075959963774, 2.5343110680966543], [-3.013722095571801, 10.965817738591115], [-2.4014857337967093, 1.102602736603293], [-2.982577280579566, 5.4189037710799495], [-3.014327126394013, 0.869480100056926], [-1.2883164539645324, 0.9964358725533968], [-0.21340330868756002, 8.918084865187856], [-0.25036706077527937, 6.750392678051216], [-4.7899245497589265, 8.738392508636064], [-2.3133427231696846, 0.8780182699686734]], "mse": 0.6150047128035625, "vol": 79737737.58039366, "inc": 365, "msevvol": 7.712843773420319e-09, "msevinc": 0.0016849444186398973}