{"beta": [0.10073042667897876, 0.04174236369704586, 0.04956712703945265, 0.012372889857753894, 0.011390499376742426, 0.05175537333281856, 0.1036682964946699, 0.003580568554911703, 0.011235168552030404, 0.023524810779509603, 0.27353653255769916, 0.02896473657330373], "R": [[-1.7572237442263516, 2.1351698345202506], [-2.1678075959963774, 2.534311068096654], [-3.013722095571801, 10.965817738591115], [-2.4014857337967093, 5.238879065791867], [-2.982577280579566, 5.4189037710799495], [-3.014327126394013, 9.279222489638407], [-1.2883164539645324, 0.996435872553397], [-0.21340330868756002, 8.918084865187856], [-0.25036706077527937, 6.750392678051216], [-4.7899245497589265, 8.738392508636064], [-2.3133427231696846, 3.672922252623378]], "mse": 0.9249942959515981, "vol": 2388229321.070985, "inc": 806, "msevvol": 3.8731385122463487e-10, "msevinc": 0.0011476356029176155}