{"beta": [-0.3977635197983, 0.07036444264813792, -0.168207249460482, 0.15390892406475898, -0.20724046522321762, -0.8070815968745207, 0.267207190354125, 0.08298898327544092, 0.011904594176844537, 0.510377990296638, -0.23524536139945781, -0.9848903656338817], "R": [[-1.7118885190211481, -0.022282646257774763], [0.0791075093196999, 1.38401911267373], [-1.1697166407869994, 0.9631191302189379], [-2.306328501214799, 0.24406158984332438], [-4.241444488552639, -0.004537891161876972], [-1.1880204262048784, 0.26506707905395394], [-0.9395076438021857, 1.74050016733946], [-0.6117999790190289, 1.9538883176914312], [-1.0041149963561595, 1.1060539909527929], [-1.5817141212521424, 0.18362895378912836], [-1.8909183913560328, 1.6166315914342]], "mse": 1.394676279180734, "vol": 6633.784600852028, "inc": 35, "msevvol": 0.0002102384028268878, "msevinc": 0.039847893690878114}