{"beta": [-0.19752263295607458, 0.38163157352144433, 0.13929959030036324, 0.1418353305573991, 0.2221494353730888, 0.35179867054451225, 0.0257656123310019, -0.03655613103798409, 0.09716014420574522, 0.11840885396251749, 0.5749052646117208, 0.5029907226312227], "R": [[-1.6572237442263515, -0.07476935333494972], [-2.1678075959963774, 0.03318111391370393], [-1.0932791018035801, 0.10578601675842053], [-2.4014857337967093, 0.17863586606614978], [-2.982577280579566, -0.08866615309115944], [-1.1374010808231299, 9.279222489638407], [-1.2883164539645324, 0.30864347346441906], [-0.21340330868756002, 8.918084865187856], [-0.25036706077527937, 6.750392678051216], [-4.7899245497589265, 1.0363977973382155], [-1.6864061902483731, 0.8880551563100316]], "mse": 0.49427722516519357, "vol": 497399.97305630514, "inc": 26, "msevvol": 9.937218575386652e-07, "msevinc": 0.0190106625063536}