{"beta": [-0.13077778558022254, 0.01829291636767713, -0.015186217495534997, 0.23266280529472244, -0.10522444567575609, 0.15629069862258116, 0.21594559224785823, -0.033205500633750704, 0.14564970394908508, 0.046605053785036044, 0.44862702643054403, 0.014072359233502326], "R": [[-1.7572237442263516, -0.07476935333494972], [-2.1678075959963774, 0.93360484673231], [-3.013722095571801, 1.0354255722427257], [-2.4014857337967093, 0.6649342189804357], [-2.3418202881624546, 5.4189037710799495], [-3.014327126394013, 0.6290724585973364], [-1.2883164539645324, 0.30864347346441906], [-0.21340330868756002, 8.918084865187856], [-0.25036706077527937, 6.750392678051216], [-4.7899245497589265, 1.2247172696120971], [-2.3133427231696846, 0.684808207897526]], "mse": 0.5120591742531355, "vol": 3372493.5913003474, "inc": 173, "msevvol": 1.5183399475510895e-07, "msevinc": 0.002959879619960321}