{"beta": [0.0028474131521938864, -0.16219683245719738, 0.16272691289892013, -0.4940345282783893, 0.3368629909423317, 0.26426873748384366, 0.7555696124627554, -1.0999093890988976, 1.7570525951587763, -0.01818567758925981, -0.15380637585354928, -0.04488921415954346], "R": [[-1.39348134574445, 0.7164578421107501], [-2.1678075959963774, 2.534311068096654], [-1.6879571464345329, 0.10578601675842059], [-2.4014857337967093, -0.06451331039099328], [-2.982577280579566, 0.3619646739230997], [-1.0851385500710449, 0.5559049155444173], [-1.2883164539645324, 0.308643473464419], [-0.21340330868756002, 8.918084865187856], [-0.25036706077527937, 6.750392678051216], [0.29206949299747254, 8.738392508636064], [-1.0415362428161024, -0.017773835997555498]], "mse": 5.009653735216925, "vol": 201503.0940504484, "inc": 36, "msevvol": 2.4861423388182347e-05, "msevinc": 0.13915704820047015}