{"beta": [0.04286890844563344, -0.04932861984906389, 0.018020268758218636, 0.06882398511152422, -0.014777060630446858, 0.04884815746567183, -0.008778097236273331, 0.07813675048792584, 0.029109257971761438, -0.041410274913591845, 0.2940532263425695, -0.06252859131018956], "R": [[-1.8118885190211484, 0.822520290123912], [-2.012599674746977, 2.308173809528907], [-2.521978111015047, 24.050349106616267], [-2.306328501214799, 0.5636776886769926], [-4.241444488552639, 2.243780911767885], [-3.1759735352273033, 1.4105667182360997], [-0.9395076438021857, 1.7458640089426647], [-0.6117999790190289, 1.953888317691431], [-1.0041149963561595, 1.1060539909527929], [-4.1498813091984434, 0.2476746358715981], [-1.8909183913560328, 3.2968460545112412]], "mse": 0.9238526327351778, "vol": 8564155.21153651, "inc": 293, "msevvol": 1.0787434486132203e-07, "msevinc": 0.0031530806577992417}