{"beta": [-0.06644270935733698, 0.28892833310852106, -1.4911294117356524, 0.20804649006299317, -0.5146200009498567, -0.12617232656518665, 0.037506045583847306, 0.13065868286408777, 0.31239006110996503, -0.18323581115702203, 0.12431465225168817, -0.12310413691371518, -0.04706513767258691, -0.06115927162056967, -0.4073489883650331, -0.01191463378542773, 0.2402478116135712, -0.19512014503959185, -0.12779198137985626, 0.1475258519820753, -0.025043315877305846, -0.044839206547889345, -0.3296577393184196, 0.41303152830648365, -0.12962060805584424, -0.06615097455851264, 0.06846550870715387, -0.16843462111397242], "R": [[-0.1, 1.1], [-0.09999999999999998, 1.1], [-0.1, 1.1], [-0.1, 1.1], [-0.1, 1.1], [-0.1, 1.0], [-0.10000000000000003, 1.0], [-0.1, 1.1], [-0.1, 1.1], [-0.1, 1.1], [-0.10000000000000009, 1.1], [-0.10000000000000003, 1.1], [-0.09999999999999998, 1.1], [-0.09999999999999999, 1.1], [-0.1, 1.0], [-0.09999999999999999, 1.0], [-0.09999999999999998, 1.1], [-0.09999999999999998, 1.1], [-0.10000000000000003, 1.1], [-0.1, 1.1], [-0.7053031565400538, 3.7962268675753306], [-2.048731692570825, 1.3862465294901583], [-0.7417640448757312, 2.221574435698607], [-1.0693307472552724, 3.9147135853931747], [-1.358241094570297, 1.0610925633514556], [-1.335654730362813, 0.3418763201306526], [-0.8790809492056788, 0.9048554954993902]], "mse": 0.7383454342099307, "vol": 44757.28011031591, "inc": 180, "msevvol": 1.6496655569553984e-05, "msevinc": 0.0041019190789440595}