{"beta": [0.40374502230122783, 0.5295629289835936, 0.15635011939530646, -0.4580278928770353, 0.03657351670357678, -0.06385528527910242, -0.3109076212393454, -0.049364973915028504, 0.24576027637731737, -0.1783449619746555, 0.5002924348533458, -0.535492564871977], "R": [[-1.39348134574445, 1.7714274360383513], [-1.4675251074506397, 0.48339298032300715], [-0.6660818125993049, 0.6980368040643486], [-2.4014857337967093, 0.17863586606614978], [-1.8010632957453439, -0.08866615309115944], [-3.014327126394013, 0.942647643109845], [-1.0264829482965376, 1.6033115188083769], [-0.21340330868756002, 8.818084865187856], [-0.25036706077527937, 6.650392678051216], [-4.7899245497589265, -0.4670866643371585], [-1.5233067872013009, 0.3987569471688141]], "mse": 1.1489718873180024, "vol": 200528.02854145132, "inc": 19, "msevvol": 5.729732126102748e-06, "msevinc": 0.06047220459568434}