{"beta": [-0.025611752301371284, -0.05271096777820656, 0.02490919025047358, 0.0026507347629184125, -0.028894845422913137, 0.053959697280577236, -0.0006096822839684342, 0.030314948309257978, -0.022888626834127374, 0.04072038342646448, 0.24121211022440578, -0.11907654351263576], "R": [[-1.8118885190211482, 0.25931833253612235], [-2.0125996747469777, 2.308173809528907], [-2.521978111015047, 24.050349106616267], [-2.306328501214799, 0.5636776886769926], [-4.241444488552639, 5.041763475283599], [-3.1759735352273033, 9.29572167341846], [-0.9395076438021857, 15.110644293668837], [-0.6117999790190289, 2.053888317691431], [-1.0041149963561595, 1.1060539909527929], [-4.1498813091984434, 3.3012268919967234], [-1.8909183913560328, 3.2968460545112404]], "mse": 0.7732032914297765, "vol": 275757818.37651294, "inc": 591, "msevvol": 2.803921556900569e-09, "msevinc": 0.0013082966014040212}