{"beta": [0.05300766684795281, 0.17231957774237852, -0.06873882619045905, -0.012143159555420401, 0.15563952032377568, 0.2066024370552919, -0.13783123294731464, -0.04810327265889264, -0.009219079736008674, 0.022938438404121117, 0.6928488681071752, 0.09133047910543962], "R": [[-1.39348134574445, 0.9802002405926492], [-2.1678075959963774, 0.4083576692547898], [-2.3336075948909945, 1.2902875913702767], [-2.4014857337967093, 0.9080833954375789], [-2.982577280579566, -0.08866615309115944], [-1.335998697681052, 1.0994352353660997], [-1.2883164539645324, 1.20884234874264], [-0.21340330868756002, 8.918084865187856], [-0.25036706077527937, 6.650392678051216], [-4.7899245497589265, -0.3010696701292359], [-2.3133427231696846, 0.3987569471688141]], "mse": 0.6558820229824206, "vol": 990217.6186536846, "inc": 17, "msevvol": 6.623614957226959e-07, "msevinc": 0.038581295469554154}