{"beta": [0.10019890032561213, 0.032781253163422217, 0.03991833734020647, 0.015335988373679088, 0.012109198953147037, 0.05867907207252348, 0.05418991365256502, 0.00590083007298272, 0.013159450471455881, 0.019682709697855103, 0.27614146715990195, 0.007903383060430943], "R": [[-1.7572237442263516, 2.1351698345202506], [-2.1678075959963774, 2.534311068096654], [-3.0137220955718007, 10.965817738591115], [-2.4014857337967093, 5.238879065791867], [-2.982577280579566, 5.418903771079949], [-3.014327126394013, 1.1830552845694344], [-1.2883164539645324, 0.9964358725533968], [-0.21340330868756002, 8.918084865187856], [-0.25036706077527937, 6.750392678051216], [-4.789924549758927, 8.738392508636064], [-2.3133427231696846, 3.672922252623378]], "mse": 0.7286660952194437, "vol": 815412314.4821815, "inc": 1093, "msevvol": 8.936167412214947e-10, "msevinc": 0.0006666661438421259}