{"beta": [0.08420237468000848, 0.017130365494411957, -0.05361999182715733, -0.043539665095692605, 0.14689381602589774, 0.12677037666311208, -0.2679514163096816, 0.15489287870902538, -0.02078179979194338, -0.0053609177725130845, 0.3844355256990204, -0.06028781849414286], "R": [[-1.7118885190211484, 0.25931833253612246], [-1.0884449778918006, 2.0708146933863776], [-0.5061677342518189, 1.5094244329678268], [-1.0876721552969602, 0.5636776886769926], [-1.353529172919734, 2.243780911767885], [-3.1759735352273033, 1.0605529395971105], [-0.9395076438021857, 1.6707702264977937], [-0.6117999790190289, 1.953888317691431], [-1.0041149963561595, 1.1060539909527929], [-4.1498813091984434, -0.040925870897189465], [-1.3397524255707656, 0.5941398800314086]], "mse": 0.6599216896220564, "vol": 35474.69439604979, "inc": 70, "msevvol": 1.8602603936611803e-05, "msevinc": 0.00942745270888652}