{"beta": [-0.13758299578317576, 0.18119183910881395, 0.43659409649095154, 0.09122633305871666, -0.10849527443935365, -0.0790789022454861, -0.10009801279744404, 0.009875697603267173, 0.3444726695719278, -0.6613013927220052, 0.28815596598473364, 0.06737517922529652, 0.07151872419184226, -0.09413543998756627, -0.05278587508007786, -0.04044950881013256, 0.0903651059882582, -0.2616635517363245, 0.05998218704057234, 0.15712430855395185, 0.03731262619587289, -0.07286074699815955, -0.24880074793523443, 0.33545539013844194, -0.13971763179668417, 0.029949876357378797, -0.0342060287390648, -0.16823136794218366], "R": [[-0.1, 1.0], [-0.1, 1.0], [-0.1, 1.1], [-0.09999999999999998, 1.1], [-0.1, 1.1], [-0.09999999999999999, 1.0], [-0.10000000000000002, 1.1], [-0.1, 1.0], [-0.1, 1.1], [-0.1, 1.1], [-0.10000000000000009, 1.1], [-0.09999999999999998, 1.1], [-0.09999999999999998, 1.1], [-0.09999999999999999, 1.0], [-0.1, 1.1], [-0.1, 1.0], [0.0, 1.1], [0.0, 1.1], [-0.09999999999999998, 1.1], [-0.1, 1.1], [-1.7210408544128346, 0.6490137739569877], [-2.048731692570825, 0.274587122136497], [-1.099681283835746, 1.6443512607871802], [-2.4468817033043173, 3.9147135853931743], [-1.7919422551589224, 3.079874271543797], [-1.335654730362813, 1.356003424019309], [-3.311921066360926, 2.377114349452829]], "mse": 0.7881468602970733, "vol": 137052.94080146847, "inc": 301, "msevvol": 5.7506745618743305e-06, "msevinc": 0.0026184281072992466}