{"beta": [0.39092732144814774, 0.5267333245413769, 0.010547693860666793, 0.11854868372336433, 0.1892732890465725, -0.08288689345422355, 0.09950824574785135, 2.0249434756783984, -1.8497109826589595, 0.5395092061282095, -0.07577607827860991, 0.18372649735055022], "R": [[-1.129738947262551, 2.1351698345202506], [-1.6926310406552914, -0.4920660635638163], [-1.6879571464345329, -0.04713119471810967], [-1.57203820442528, 0.17863586606614967], [-2.982577280579566, -0.08866615309115944], [-1.304641179229801, 0.5663574216948342], [-1.2883164539645324, 0.2884142852559197], [-0.21340330868756002, 8.918084865187856], [-0.25036706077527937, 6.750392678051216], [0.24695271341935754, 1.5653095052432895], [-1.0415362428161024, -0.017773835997555498]], "mse": 8.41013716812248, "vol": 8293.915335686052, "inc": 18, "msevvol": 0.001014012903162438, "msevinc": 0.4672298426734711}