{"beta": [0.06688799981203046, -0.01842143425885487, 0.04474660872110098, -0.012117332154154378, 0.03331988117169282, 0.03495439165246096, 0.02447091785798023, 0.03670528926347169, -0.028406854139909107, 0.03222466139925615, 0.21235155693475033, -0.007662108330060552], "R": [[-1.8118885190211482, 2.048924205299496], [-2.0125996747469777, 2.308173809528907], [-2.521978111015047, 24.050349106616267], [-2.306328501214799, 5.670996570404462], [-4.241444488552639, 5.041763475283599], [-3.1759735352273033, 9.29572167341846], [-0.9395076438021857, 15.110644293668837], [-0.6117999790190289, 2.053888317691431], [-1.0041149963561595, 1.206053990952793], [-4.1498813091984434, 3.3012268919967234], [-1.8909183913560328, 3.296846054511241]], "mse": 0.8676906077176624, "vol": 1496462358.7829792, "inc": 1308, "msevvol": 5.79827887166721e-10, "msevinc": 0.0006633720242489774}