{"beta": [0.06460559748000369, -0.013080328066117461, -0.011204290737083004, -0.03470670321889631, 0.048525264791440426, 0.024930364253236772, -0.0022569523298421813, 0.03192255901827915, 0.028386507046244253, 0.059496359786847135, 0.3334874461849925, 0.002718939805932086], "R": [[-1.8118885190211482, 0.8225202901239119], [-1.0884449778918004, 2.308173809528907], [-2.521978111015047, 24.050349106616267], [-2.306328501214799, 5.670996570404462], [-4.241444488552639, 2.243780911767885], [-3.1759735352273033, 0.7105391609581215], [-0.9395076438021857, 1.134386066177285], [-0.6117999790190289, 2.053888317691431], [-1.0041149963561595, 1.1060539909527929], [-4.1498813091984434, 0.5028698074338956], [-1.890918391356033, 1.0725118337032247]], "mse": 0.800202554899052, "vol": 7689881.518108133, "inc": 292, "msevvol": 1.040591526689631e-07, "msevinc": 0.0027404197085583973}