{"beta": [0.4864787509414473, 0.36395480590681956, 0.04510416726199453, -0.0607584626539137, 0.4501937954439038, -0.2780408730062435, -0.24302116131440843, 1.0736743782627522, 2.1176470588235294, 0.41017067973429466, 0.14155980734343, 0.7184873949579833], "R": [[-1.39348134574445, 2.1351698345202506], [-1.6926310406552914, -0.4920660635638163], [-1.6879571464345329, -0.04713119471810967], [-1.57203820442528, 0.17863586606614967], [-2.982577280579566, -0.08866615309115944], [-1.0851385500710449, 0.5663574216948342], [-1.2883164539645324, 0.2884142852559197], [-0.21340330868756002, 8.918084865187856], [-0.25036706077527937, 6.750392678051216], [0.24695271341935754, 1.5653095052432895], [-1.0415362428161024, -0.017773835997555498]], "mse": 13.079513914411821, "vol": 7912.27422372736, "inc": 19, "msevvol": 0.0016530663049049695, "msevinc": 0.6883954691795695}