{"beta": [0.11507543683464853, 0.19229945115843233, -0.007698487154523317, 0.053043000115129024, -0.00962046786965557, 0.022010523771111463, -0.14157903604669395, 0.10652488198753536, 0.02038178788300416, -0.06340762204250211, 0.334143530757181, -0.3896835841660541], "R": [[-1.1486865614333561, 0.8225202901239119], [-0.12693116489409428, 1.8647760191725833], [-0.827964008473768, 0.7810173626359749], [-2.306328501214799, 0.5104083388713814], [-4.241444488552639, 5.041763475283599], [-3.1759735352273033, 0.3923448167408592], [-0.9395076438021857, 1.134386066177285], [-0.6117999790190289, 1.953888317691431], [-1.0041149963561595, 1.1060539909527929], [-1.7922713615873367, 0.2559750215891041], [-1.890918391356033, 0.5941398800314087]], "mse": 0.8572927267242776, "vol": 33685.50402967054, "inc": 59, "msevvol": 2.5449900526029393e-05, "msevinc": 0.014530385198716569}