{"beta": [-0.12304497345532082, 0.06369270688039358, 0.1313140213302019, -0.23878314904454742, -0.10846503816381872, 0.01683444294664004, 0.17322148684663366, 0.0564342713869069, 0.04111858462792893, -0.10916601576497116, 0.36640575410495063, -0.5228700126881174], "R": [[-1.8118885190211482, -0.022282646257774763], [-0.12693116489409428, 1.9334555772438482], [0.14490844847630913, 2.3376132937560983], [-2.306328501214799, 0.5636776886769926], [-1.353529172919734, 5.041763475283599], [-3.1759735352273033, 0.551441988849491], [-0.9395076438021857, 1.0432007589227987], [-0.6117999790190289, 1.9538883176914308], [-1.0041149963561595, 1.1060539909527929], [-4.1498813091984434, -0.04545996824401122], [-1.7591780721550592, 0.8185892800954361]], "mse": 0.7432355947630964, "vol": 62822.182081571824, "inc": 25, "msevvol": 1.183078285625351e-05, "msevinc": 0.029729423790523856}