{"beta": [-0.017438389110396635, 0.08191393987553676, -0.002221572939285045, 0.09851266055325669, -0.039798410128700626, 0.10682953670269993, -0.3285703994446651, 0.039948446557533136, -0.04769701845832189, 0.031906668904932364, 0.43050636299360817, -0.17212113233335355], "R": [[-1.711888519021148, 0.25931833253612246], [-0.058251606822829594, 2.0708146933863776], [-0.827964008473768, 1.5094244329678268], [-1.0876721552969602, 1.0431018369274951], [-4.241444488552639, 5.041763475283599], [-3.1759735352273033, 0.3923448167408592], [-0.9395076438021857, 1.6707702264977937], [-0.6117999790190289, 1.953888317691431], [-1.0041149963561595, 1.1060539909527929], [-4.1498813091984434, -0.014049583277881306], [-1.8909183913560328, 0.5941398800314086]], "mse": 0.7180329769444893, "vol": 100567.72973395036, "inc": 68, "msevvol": 7.1397950301158154e-06, "msevinc": 0.010559308484477784}