{"beta": [0.022352969247958637, 0.05327113724594355, 0.036107265475176495, 0.08315168477096675, 0.05520231863161478, 0.5602986013167146, 0.11391416896869926, 0.010585890932044227, 0.1408155678357379, -0.00570655118980266, 0.011205058101959382, -0.03517931949524179, -0.06497874044234739, 0.016414419012370483, 0.08490327971949604, -0.09618396911787465, -0.09976807942084007], "R": [[-0.1, 1.1], [-0.1, 1.1], [-0.09999999999999999, 1.1], [-0.1, 1.1], [-0.09999999999999998, 1.1], [-3.635124169290923, 1.5608071224502655], [-0.9769183989499993, 1.1236269488575596], [-0.4386752347650944, 2.2086911918797814], [-0.11061224117798873, 2.3173220832340404], [-1.517848309229576, 0.9981412909820018], [-1.8875307746960677, 1.300097643856932], [-1.3026371056557282, 6.11292947530571], [-0.7169950228232279, 0.8523351417491218], [-0.7856874150981881, 2.7073885696402087], [-0.527513004764509, 2.439110129645856], [-0.9436399543409112, 2.571568308445986]], "mse": 0.5157992396190542, "vol": 593484.4558086033, "inc": 528, "msevvol": 8.69103199874535e-07, "msevinc": 0.0009768924992785116}