{"beta": [0.38750865819747404, 0.2930772499203572, 0.4503043126200797, 0.3966790348069194, 0.4150120848235389, 0.39473037995155513, -0.28033723786081405, 0.23072976177635085, 0.2586092538918014, -0.01384505076360078, -0.009632412042287436, -0.09202087228986902, -0.13446750265081173, 0.006600750448818683, -0.13719088482290823, -0.026241537565717225, -0.0947101691022541], "R": [[-0.1, 1.0], [-0.09999999999999998, 1.1], [-0.1, 1.0], [-0.1, 1.1], [-0.1, 1.0], [-2.679562738466629, 0.7817483247966721], [-0.9762928050956828, 1.1242828737245418], [-2.0451408752811355, 0.3022828785729058], [-0.6509801406619309, 1.2250218883783808], [-1.5180186531120405, 0.9982166143618094], [-1.8879968750577951, 0.5281763389373046], [-0.5325206490993862, 1.3933219788153568], [-0.7168216464527583, 1.1470561030742314], [-0.7857143967286861, 2.1007651335067914], [-0.5275743359844131, 2.438774607923275], [-0.9437099428352796, 0.8135859834141277]], "mse": 0.5314313439405717, "vol": 20151.03981758183, "inc": 164, "msevvol": 2.6372403049737243e-05, "msevinc": 0.003240435024027876}