{"beta": [-0.0018008864270008251, 0.06597812742496957, 0.07264354441502495, 0.001805283903298594, 0.018989894412818637, 0.5446085412322417, 0.10947002819617124, -0.052592901276634595, 0.09474368187694297, 0.014300046477333024, -0.00638057175226886, -0.01499619448118505, -0.003758411521602358, -0.011587017703198192, 0.043087662874183134, -0.20240505413426013, -0.170774079776406], "R": [[-0.10000000000000003, 1.1], [-0.1, 1.1], [-0.1, 1.1], [-0.1, 1.0], [-0.1, 1.1], [-3.9918644005925885, 1.0059954088687275], [-0.9784111940537747, 1.1220651665449353], [-2.251719604905245, 0.7604528662141843], [-0.6513894258084574, 2.317941267123266], [-1.5169791737417384, 0.9986075867929094], [-1.887219490427016, 2.172847884726703], [-1.4032255388300936, 6.1113898898974], [-0.7175431378773933, 2.027695932832168], [-0.7862811582964232, 2.708111384813538], [-0.5274526967944777, 2.4394401474107608], [-0.9437002178516671, 0.3998530515890576]], "mse": 0.5224265688554888, "vol": 628558.7163546846, "inc": 775, "msevvol": 8.311499868863368e-07, "msevinc": 0.0006740987985232113}