{"beta": [0.06479502314685591, 0.1521017506273184, 0.10170373720897542, 0.028080998917311462, 0.11216280144320746, 0.5432492474413035, 0.1081803120906539, -0.04136958788888791, 0.025897710436018368, 0.031618697768554, -0.024354986871481583, -0.016173726308109728, -0.08691707478451803, -0.025145518917147728, 0.0019902805084885643, -0.02117359199822065, -0.0628349637331879], "R": [[-0.1, 1.0], [-0.1, 1.0], [-0.10000000000000003, 1.0], [-0.10000000000000002, 1.0], [-0.09999999999999998, 1.0], [-3.9918644005925885, 0.6616328189398555], [-1.0784111940537748, 1.0220651665449352], [-1.710481351705331, 0.1427193117343054], [-2.4828060419456293, 0.5951040466651171], [-1.4169791737417383, 0.19341199994802688], [-1.8872194904270163, 2.172847884726703], [-0.533266020016673, 6.1113898898974], [-0.7175431378773933, 2.3216113851332305], [-0.7862811582964232, 2.7081113848135385], [-0.5274526967944777, 2.3394401474107607], [-0.9437002178516671, 2.5724418339902657]], "mse": 0.5904581193723538, "vol": 417617.3391510951, "inc": 316, "msevvol": 1.4138735728085382e-06, "msevinc": 0.0018685383524441577}