{"beta": [0.07767782689406096, 0.1870489250845926, 0.08179330512409005, 0.04447862819632615, 0.19798089686640377, 0.5455359315179684, 0.12998006731605946, -0.043917714830607385, 0.0833882756711638, -0.05576931415509073, -0.22044801537015737, 0.10381721915245563, -0.04299638800991609, -0.14392726326070177, 0.0620492696413786, -0.11031029990002195, -0.4779341953630009], "R": [[-0.1, 1.0], [-0.10000000000000003, 1.0], [-0.10000000000000002, 1.0], [-0.1, 1.1], [-0.10000000000000002, 1.0], [-1.405625931334396, 0.9823849910478094], [-0.9769183989499993, 1.1236269488575596], [-0.6681136584076486, 1.3968321543753541], [-0.04270549339036411, 2.3173220832340404], [-1.517848309229576, 0.9981412909820018], [-1.8875307746960677, -0.24371656541956788], [-1.4026371056557283, 1.0075418146478838], [-0.7169950228232279, 1.4400672075780616], [-0.7856874150981881, 0.8341938086272257], [-0.527513004764509, 2.339110129645856], [-0.9436399543409112, 2.571568308445986]], "mse": 0.3986022912757602, "vol": 15073.859327160135, "inc": 129, "msevvol": 2.6443280557724003e-05, "msevinc": 0.0030899402424477535}