{"beta": [0.17329388061871367, 0.2961994149278695, 0.23266852136773516, 0.3322400080862229, 0.35792785533353005, 0.6766423884681501, 0.08162535225944592, 0.09675246755906573, 0.017701251324146808, -0.023237290517029333, 0.09755471952680687, -0.054004897317851686, -0.10840556407021916, 0.1089481687588098, 0.1620949582731308, -0.24389502145778746, -0.16015261425807167], "R": [[-0.10000000000000003, 1.1], [-0.1, 1.1], [-0.1, 1.1], [-0.1, 1.0], [-0.1, 1.0], [-3.6351241692909237, 0.5752275130773657], [-0.9769183989499991, 1.1236269488575596], [-0.6681136584076486, 1.4321303733972852], [-0.11061224117798873, 2.3173220832340404], [-1.517848309229576, 0.9981412909820018], [-1.0156236700578178, 1.300097643856932], [-1.302637105655728, 0.6225119945972816], [-0.7169950228232279, 1.4400672075780614], [-0.7856874150981881, 0.5808802713396566], [-0.527513004764509, 2.439110129645856], [-0.9436399543409112, 0.8139641770525375]], "mse": 0.2518931328529282, "vol": 16256.348777180609, "inc": 158, "msevvol": 1.549506204040824e-05, "msevinc": 0.0015942603345122036}