{"beta": [-0.1215305993980811, -0.04581681556305152, -0.14659523712965247, -0.04076680776165325, -0.10647524775909692, 0.5135196276945684, 0.11166659019424816, 0.08687595091034686, 0.05433760362656747, 0.016126108932037697, -0.022585388411410605, -0.02862731531311131, -0.007711280581149708, 0.022203823608386002, 0.06008071373747387, -0.21419900291770766, -0.021960562480044563], "R": [[-0.1, 1.0], [-0.09999999999999998, 1.1], [-0.1, 1.0], [-0.09999999999999998, 1.0], [-0.09999999999999998, 1.0], [-1.2044401345936242, 0.16137635384048155], [-1.0784111940537748, 1.0220651665449352], [-2.251719604905245, 2.6254058790138397], [-0.5648899494397258, 0.7184416315931814], [-1.4169791737417383, 2.708998760482675], [-1.887219490427016, 0.5288209346652153], [-0.1482862606099627, 2.1615922958302987], [-0.7175431378773933, 3.303357742036418], [-0.7862811582964232, 2.708111384813538], [-0.5274526967944777, 2.4394401474107608], [-0.9437002178516671, 0.3998530515890576]], "mse": 0.36369868359604146, "vol": 40685.251126591764, "inc": 121, "msevvol": 8.93932502627049e-06, "msevinc": 0.003005774244595384}