{"beta": [0.00272823522614938, 0.016426151764531546, 0.0010738674477201583, -0.07689599254792343, 0.036938013113129706, 0.5905480687515775, 0.1119603864629875, -0.017075359447128954, 0.06886057776531707, 0.02261375229515995, 0.06693211361331046, -0.05713528333505003, 0.06964671262902555, -0.03563153748174339, -0.0690640252843345, -0.0640867590665479, 0.004753793560663574], "R": [[-0.10000000000000003, 1.0], [-0.1, 1.0], [-0.1, 1.0], [-0.09999999999999998, 1.1], [-0.1, 1.1], [-3.9918644005925885, 6.4575761983038955], [-0.9784111940537747, 1.1220651665449353], [-2.08112148439326, 0.7428033360861879], [-0.26073924226861545, 2.317941267123266], [-0.6117835868968557, 0.9986075867929094], [-0.24319254036552845, 1.3008344096959592], [-0.9182457794233831, 1.3916327770168782], [-0.7175431378773933, 3.303357742036418], [-0.7862811582964232, 0.8342077077543284], [-0.5274526967944777, 2.4394401474107608], [-0.9437002178516671, 2.5724418339902657]], "mse": 0.48360874628181844, "vol": 119595.5864838955, "inc": 284, "msevvol": 4.043700612203948e-06, "msevinc": 0.001702847698175417}