{"beta": [0.10002539943457084, 0.17307846720886724, 0.06134704441745227, 0.20685774517479721, 0.10216551904334831, 0.49333676871490906, 0.5198485393588214, -0.01724568816903976, 0.02165937932975096, -0.04201275916429933, 0.08812875869262231, 0.10912092200549652, 0.07624569022063811, 0.07294541058833402, 0.13096740517658048, -0.3268794761008824, -0.5900761668678559], "R": [[-0.10000000000000003, 1.0], [-0.1, 1.0], [-0.1, 1.0], [-0.1, 1.0], [-0.1, 1.0], [-3.6351241692909237, 9.745791327863362], [-0.9769183989499991, 1.1236269488575596], [-0.685762767918614, 1.5027268114411503], [-0.5839115444001648, 1.6398561272132601], [-1.417848309229576, 0.9981412909820018], [-1.0156236700578178, 1.300097643856932], [-0.9176072856051262, 0.6225119945972816], [-0.7169950228232279, 3.3032634050648815], [-0.7856874150981881, 2.7073885696402087], [-0.527513004764509, 2.439110129645856], [-0.9436399543409112, 0.8139641770525375]], "mse": 0.6887249676351296, "vol": 138994.10132999517, "inc": 207, "msevvol": 4.955066157807529e-06, "msevinc": 0.0033271737566914475}