{"beta": [-0.03948543591268384, 0.049405648052675194, 0.015504355077293272, 0.01784681680276783, -0.01757574057571494, 0.5229385665507142, 0.10596314638974637, 0.005631921469303523, 0.13592145678742173, 0.016574050559051208, -0.006349343544336868, -0.006699786664516856, 0.016782484417064876, -0.0633871488697456, 0.04269971493898263, -0.10048974930194282, -0.08933816633417861], "R": [[-0.10000000000000003, 1.1], [-0.09999999999999998, 1.0], [-0.10000000000000003, 1.0], [-0.10000000000000003, 1.0], [-0.1, 1.0], [-3.6351241692909233, 0.5752275130773657], [-0.9769183989499992, 1.1236269488575596], [-1.5152709149340096, 2.2086911918797814], [-0.5204834840495819, 2.3173220832340404], [-1.517848309229576, 0.9981412909820019], [-1.8875307746960677, 0.5281905392186821], [-1.3026371056557282, 2.1626312747996894], [-0.7169950228232279, 1.4400672075780616], [-0.7856874150981881, 1.3408208832023638], [-0.527513004764509, 2.439110129645856], [-0.9436399543409112, 2.571568308445986]], "mse": 0.5306337463960841, "vol": 165434.48945451167, "inc": 1220, "msevvol": 3.207515845974721e-06, "msevinc": 0.000434945693767282}