{"beta": [0.06627039290586445, -0.025970854684123468, -0.0024419945837030484, -0.15308927336945277, 0.0166726079983347, 0.6955092114752376, 0.06430395346928199, -0.13958669025904946, -0.002215674005918817, 0.026318920804157393, -0.0338768471478053, 0.05534280054302042, -0.10515049266013324, -0.16897736217404355, -0.31579595055721615, -0.09339764173413095, 0.05649492508971959], "R": [[-0.1, 1.0], [-0.1, 1.1], [-0.10000000000000002, 1.0], [-0.10000000000000002, 1.1], [-0.09999999999999998, 1.1], [-1.7074185539005384, 0.7817483247966723], [-0.976292805095683, 1.1242828737245418], [0.12578485196733946, 1.5907184727935457], [-0.24188783563599348, 2.31791943291289], [-0.6126068972874239, 2.709040126011043], [-1.0159391370594286, 1.3002340769356713], [-0.5325206490993862, 0.6229849276494595], [-0.7168216464527583, 1.1470561030742314], [-0.7857143967286861, 2.1007651335067914], [-0.5275743359844131, 2.438774607923275], [-0.9437099428352796, 0.8135859834141277]], "mse": 0.6562883807243028, "vol": 10221.067946786472, "inc": 136, "msevvol": 6.42093746114506e-05, "msevinc": 0.004825649858266933}