{"beta": [0.0048252244161729775, -0.058640599511938216, 0.09354258788574375, -0.1315736703546464, -0.06467372192831078, 0.40884606066669443, 0.05312179655964622, -0.10994456057533947, -0.017778330420402434, -0.07150684475260102, -0.044453672861935876, 0.17178182978917586, -0.11435683625917635, 0.11173023356711918, -0.11583776449186986, -0.11945499986205195, -0.04833403395059681], "R": [[-0.1, 1.1], [-0.09999999999999998, 1.1], [-0.10000000000000002, 1.1], [-0.1, 1.1], [-0.10000000000000003, 1.1], [-3.9918644005925885, 0.14043538553399582], [-0.9784111940537746, 1.1220651665449353], [-1.0045001465854715, 2.6254058790138397], [-1.2848901327939217, 2.317941267123266], [-1.5169791737417384, 0.9986075867929094], [-1.887219490427016, 2.172847884726703], [-1.4032255388300936, 0.6216732582034576], [-0.7175431378773933, 1.4398650282300434], [0.3273780857374111, 2.7081113848135385], [-0.5274526967944777, 2.4394401474107608], [-0.42918246137142546, 2.5724418339902657]], "mse": 0.34219623499410556, "vol": 267197.43894006027, "inc": 72, "msevvol": 1.2806868072970923e-06, "msevinc": 0.004752725486029244}