{"beta": [0.019309007501615624, 0.18939448145863746, 0.11701064229191799, 0.15262769798212233, 0.05720492429782924, 0.6380355279507083, 0.04687459907927921, -0.049675964244701755, 0.1682776197767363, 0.002845660193957127, -0.03645128524250935, -0.030132486842105705, 0.012073739709962292, -0.10537289960505501, 0.0864684988332867, -0.06177012329234304, -0.027816896572084943], "R": [[-0.1, 1.1], [-0.10000000000000003, 1.0], [-0.10000000000000003, 1.0], [-0.09999999999999998, 1.1], [-0.1, 1.0], [-3.6351241692909233, 0.42658271953260085], [-0.9769183989499991, 1.1236269488575596], [-0.6681136584076486, 2.2439894109017153], [-0.963733659898342, 2.3173220832340404], [-1.417848309229576, 0.9981412909820018], [-1.0156236700578178, 1.300097643856932], [-1.4026371056557283, 1.0075418146478838], [-0.7169950228232278, 3.3032634050648815], [-0.6856874150981881, 1.3408208832023638], [-0.527513004764509, 2.439110129645856], [-0.9436399543409112, 1.6427662427492618]], "mse": 0.4447575895879323, "vol": 131702.3868595191, "inc": 264, "msevvol": 3.376989591406076e-06, "msevinc": 0.0016846878393482285}