{"beta": [-0.151694435768861, -0.03934298722133624, -0.04285405478361571, -0.1272204734400175, 0.05586844860083217, 0.6200838578279653, 0.18062071343027394, 0.04714055425641049, 0.15280431831688648, 0.02891505074188044, -0.0029798990218328787, 0.013438308564497809, -0.06551823410462976, -0.025493529614896305, -0.0008386840176718946, 0.05338900447489429, 0.13860500760485753], "R": [[-0.1, 1.0], [-0.09999999999999998, 1.0], [-0.1, 1.0], [-0.09999999999999998, 1.0], [-0.09999999999999998, 1.0], [-1.2044401345936242, 0.16137635384048155], [-1.0784111940537748, 1.0220651665449352], [-1.3927898094013935, 2.6254058790138397], [-0.5648899494397258, 0.7184416315931814], [-1.5169791737417384, 2.708998760482675], [-1.887219490427016, 0.5288209346652153], [-0.1482862606099627, 1.006653017610168], [-0.7175431378773933, 3.303357742036418], [-0.7862811582964232, 2.708111384813538], [-0.5274526967944777, 2.4394401474107608], [-0.9437002178516671, 2.5724418339902657]], "mse": 0.42640455111501907, "vol": 41181.05270059069, "inc": 190, "msevvol": 1.0354386863668078e-05, "msevinc": 0.002244234479552732}