{"beta": [0.028867276036552814, 0.044945994776252926, 0.046702321820412174, -0.11438109629849731, 0.0882496700500013, 0.6099136048065092, 0.10528956857518267, -0.025751742068474092, 0.06498222556258944, 0.041045281154456624, 0.06838979224530202, -0.03835463864728631, -0.13683125870751536, -0.011257668592755135, -0.055559539072914034, -0.08486040858122688, -0.12582339451309368], "R": [[-0.10000000000000003, 1.0], [-0.1, 1.0], [-0.1, 1.0], [-0.09999999999999998, 1.1], [-0.1, 1.1], [-3.9918644005925885, 6.4575761983038955], [-0.9784111940537747, 1.1220651665449353], [-2.08112148439326, 0.7428033360861879], [-0.26073924226861545, 2.317941267123266], [-0.6117835868968557, 0.9986075867929094], [-0.24319254036552845, 1.3008344096959592], [-0.9182457794233831, 1.3916327770168782], [-0.7175431378773933, 0.558118671326856], [-0.7862811582964232, 0.8342077077543284], [-0.5274526967944777, 2.3394401474107607], [-0.9437002178516671, 2.5724418339902657]], "mse": 0.4920377273078435, "vol": 36663.754723656275, "inc": 247, "msevvol": 1.3420276537862876e-05, "msevinc": 0.0019920555761451155}