{"beta": [-0.022184044882747646, 0.06239468733388972, -0.01692955495367929, 0.02431405321046331, -0.054177799703171485, 0.5311107202366822, 0.09491635514395762, 0.01172116697151744, 0.09651117868068271, -0.009601169439662622, 0.007263722676298456, 0.005326178850889363, 0.007147725140432101, -0.019213655097862298, 0.0030927739129466597, -0.12736935644347996, -0.06346023403956051], "R": [[-0.10000000000000003, 1.1], [-0.09999999999999998, 1.1], [-0.10000000000000003, 1.1], [-0.10000000000000003, 1.1], [-0.1, 1.1], [-3.6351241692909233, 1.644823744888611], [-1.0769183989499993, 1.1236269488575596], [-2.2506388573287786, 2.626375163077166], [-2.482619941225386, 2.3173220832340404], [-1.417848309229576, 0.9981412909820019], [-1.8875307746960677, 0.5281905392186821], [-1.4026371056557283, 6.11292947530571], [-0.7169950228232279, 3.3032634050648815], [-0.7856874150981881, 2.7073885696402087], [-0.527513004764509, 2.439110129645856], [-0.9436399543409112, 0.8139641770525375]], "mse": 0.6075268840880376, "vol": 2173728.268694946, "inc": 1402, "msevvol": 2.7948612199480757e-07, "msevinc": 0.0004333287333010254}