{"beta": [0.18797314479404678, 0.144487664029739, 0.0741021814075573, 0.0966558269070781, 0.2503812003904077, 0.4977814006111614, 0.0035383379331359217, 0.02818098468064238, 0.06284632850860233, 0.035318524346254175, -0.06288812371890413, -0.01585908658756865, -0.09752659016308322, 0.040145868667452095, -0.007275989197301329, 0.023383721244985806, -0.11688026564018315], "R": [[-0.1, 1.0], [-0.09999999999999998, 1.0], [-0.09999999999999998, 1.0], [-0.10000000000000003, 1.0], [-0.1, 1.0], [-2.679562738466629, 0.7480603520022738], [-0.976292805095683, 1.1242828737245418], [-1.515646795464433, 0.3022828785729058], [-0.9790848541204444, 1.5466168883991827], [-1.4180186531120405, 0.9982166143618095], [-1.787996875057795, 0.5281763389373046], [-0.5325206490993862, 2.5488275555642024], [-0.7168216464527583, 3.304913477522386], [-0.7857143967286861, 2.7073977753677876], [-0.5275743359844131, 2.438774607923275], [-0.9437099428352796, 0.8135859834141277]], "mse": 0.4618404009365167, "vol": 67235.42103601978, "inc": 456, "msevvol": 6.8690043703169e-06, "msevinc": 0.0010128078967906067}