{"beta": [0.2601174476439203, 0.15821563948049183, 0.2389161694394744, -0.13657037825137136, 0.3126472569546714, 0.41761723520147387, 0.13767766074045204, -0.09304349392008777, 0.06442064988801836, -0.22272149658640072, -0.14441453156068804, 0.07596451712736997, 0.04264228294843807, -0.0649299886834209, 0.4059601847289254, -0.5574755618734007, -0.7070910836263707], "R": [[-0.1, 1.1], [-0.10000000000000003, 1.1], [-0.10000000000000002, 1.1], [-0.1, 1.1], [-0.10000000000000002, 1.1], [-3.6351241692909233, 0.5752275130773657], [-0.9769183989499993, 1.1236269488575596], [-0.6681136584076486, 1.5027268114411503], [0.17281558582334045, 2.3173220832340404], [-1.517848309229576, 0.19281142424480913], [-1.8875307746960677, -0.24371656541956788], [-1.4026371056557283, 0.6225119945972817], [-0.7169950228232279, 3.3032634050648815], [-0.7856874150981881, 0.5808802713396567], [-0.527513004764509, 2.439110129645856], [-0.9436399543409112, 0.39956314420417527]], "mse": 0.41905684825067213, "vol": 12772.458188406752, "inc": 130, "msevvol": 3.2809412414521727e-05, "msevinc": 0.0032235142173128624}