{"beta": [-0.034565882512308584, 0.03557259197775823, -0.02133629028339, 0.04586801160375169, -0.040329797658432455, 0.6177818801927677, 0.02218401677557027, 0.02991656705049126, 0.0858904990463187, -0.020007108700927482, -0.0009121032204597332, -0.025918821494406108, 0.011046437724595555, 0.007507926312381632, 0.029226660471733543, -0.07969277701905401, 0.08323581730216341], "R": [[-0.1, 1.1], [-0.10000000000000003, 1.1], [-0.10000000000000003, 1.1], [-0.09999999999999998, 1.1], [-0.1, 1.0], [-1.431477199776964, 1.622203885001364], [-0.9769183989499991, 1.1236269488575596], [-2.250638857328779, 2.6263751630771655], [-1.7047187743860777, 2.3173220832340404], [-1.417848309229576, 2.708801024456387], [-1.8875307746960677, 2.1720047484951825], [-1.4026371056557283, 6.11292947530571], [-0.6169950228232279, 3.3032634050648815], [-0.785687415098188, 2.7073885696402087], [-0.527513004764509, 2.439110129645856], [-0.9436399543409112, 2.571568308445986]], "mse": 0.5018897840704097, "vol": 5159952.459839868, "inc": 1003, "msevvol": 9.72663581644675e-08, "msevinc": 0.0005003886182157625}