{"beta": [-0.022678356379467343, 0.016191673404035864, -0.013164601979436752, 0.03613457212023852, -0.03570266028715993, 0.5893156062077346, 0.08472752067838708, 0.0007462710329131733, 0.07903065934160743, -0.007760290820120536, 0.007056219335952155, 0.007849791881533797, -0.0025551375634169744, 0.01191998131744026, 0.014789742088972027, -0.0782750670001816, -0.00113402472239724], "R": [[-0.10000000000000003, 1.1], [-0.09999999999999998, 1.1], [-0.10000000000000003, 1.1], [-0.10000000000000003, 1.1], [-0.1, 1.1], [-3.6351241692909233, 9.745791327863362], [-0.9769183989499992, 1.0236269488575596], [-2.2506388573287786, 2.626375163077166], [-2.482619941225386, 2.3173220832340404], [-1.517848309229576, 2.708801024456387], [-1.8875307746960677, 2.172004748495182], [-1.4026371056557283, 6.11292947530571], [-0.7169950228232279, 3.3032634050648815], [-0.7856874150981881, 2.7073885696402087], [-0.527513004764509, 2.439110129645856], [-0.9436399543409112, 2.571568308445986]], "mse": 0.6530322172334999, "vol": 29446941.16134309, "inc": 3636, "msevvol": 2.2176572216973683e-08, "msevinc": 0.0001796018199212046}