{"beta": [-0.012743543014331084, 0.016801217216542493, 0.05529265135557972, -0.013053813969779622, 0.04047760633424354, 0.5914805811704373, 0.11032023840467568, -0.02307770209052308, 0.052768395221117266, 0.009805102515968063, 0.0029176685214691938, 0.0037672380719925235, -0.042430562319022334, -0.006134857929360341, 0.012197245183186272, -0.05958019433455023, 0.005813502741688246], "R": [[-0.1, 1.1], [-0.1, 1.1], [-0.10000000000000003, 1.1], [-0.10000000000000002, 1.1], [-0.09999999999999998, 1.1], [-3.9918644005925885, 6.457576198303895], [-1.0784111940537748, 1.0220651665449352], [-2.251719604905245, 2.6254058790138393], [-2.4828060419456293, 2.317941267123266], [-1.5169791737417384, 2.708998760482675], [-1.8872194904270163, 0.5288209346652152], [-1.4032255388300936, 6.1113898898974], [-0.7175431378773933, 3.3033577420364177], [-0.7862811582964232, 2.7081113848135385], [-0.5274526967944777, 2.4394401474107608], [-0.9437002178516671, 1.643406321029782]], "mse": 0.6149169432753863, "vol": 10581305.671236303, "inc": 1612, "msevvol": 5.811352231766123e-08, "msevinc": 0.00038146212361996664}