{"beta": [0.31423016077955945, 0.35264931670960326, 0.46251736652257064, 0.3087952803267016, 0.4832969943165749, 0.5257400561688931, -0.11853507149892906, 0.11465301793709642, 0.22285046463001001, 0.0033105788677201963, -0.006126560710003734, -0.11443495269994076, -0.13145411596805076, 0.24367118175142008, -0.020049736996077514, -0.3224095491608516, -0.25586195585900445], "R": [[-0.1, 1.0], [-0.09999999999999998, 1.1], [-0.1, 1.0], [-0.1, 1.0], [-0.1, 1.0], [-2.679562738466629, 0.5047583262649522], [-0.9762928050956828, 1.1242828737245418], [-1.515646795464433, 0.2669832732517933], [-0.8622853361391944, 1.2250218883783808], [-1.4180186531120405, 0.19280485853719287], [-1.8879968750577951, 0.5281763389373046], [-0.5325206490993862, 1.3933219788153568], [-0.7168216464527583, 3.304913477522386], [-0.7857143967286861, 0.3275508869933057], [-0.5275743359844131, 2.438774607923275], [-0.9437099428352796, 0.39926200185177585]], "mse": 0.4865761458274062, "vol": 5845.920459470434, "inc": 121, "msevvol": 8.323345300382069e-05, "msevinc": 0.004021290461383523}