{"beta": [0.07229923281730201, 0.034358899395573524, 0.06134748946552846, 0.0014693635311404853, 0.045423743629779516, 0.5350550776080422, -0.0224432300461833, -0.026780269472589616, 0.05298363093169846, 0.0011865705652927122, -0.006668233188987442, -0.02048760773966736, -0.009836731870874662, 0.014477533330876848, -0.009566697793658221, -0.04265355661723869, -0.04958251136168104], "R": [[-0.1, 1.1], [-0.1, 1.1], [-0.1, 1.1], [-0.1, 1.1], [-0.1, 1.1], [-2.679562738466629, 7.308664912350221], [-1.076292805095683, 1.1242828737245418], [-2.2510396912444732, 2.6261580138030496], [-2.4821366099920725, 2.31791943291289], [-1.5180186531120405, 2.709040126011043], [-1.8879968750577951, 2.172291814934038], [-1.4028577002652836, 6.115344285810739], [-0.7168216464527583, 3.304913477522386], [-0.7857143967286861, 2.7073977753677876], [-0.5275743359844131, 2.438774607923275], [-0.9437099428352796, 2.570881909663535]], "mse": 0.72741833051325, "vol": 24198027.24124313, "inc": 3639, "msevvol": 3.006105924508746e-08, "msevinc": 0.00019989511693136851}