{"beta": [0.13899026216101798, 0.11769409668754827, 0.15039333624085544, 0.06954054414611534, 0.15095392580134498, 0.6025999730559521, 0.05208368053729207, 0.014923238334373869, -0.0010753926804644924, -0.02266019358360356, -0.015620034477606203, -0.0060589261324529775, -0.2687221000451383, 0.08344243181032049, 0.15760651242620755, -0.08501713274736644, -0.04069502612507122], "R": [[-0.1, 1.0], [-0.1, 1.1], [-0.10000000000000002, 1.1], [-0.10000000000000002, 1.0], [-0.09999999999999998, 1.1], [-2.679562738466629, 0.5496756233241502], [-0.976292805095683, 1.1242828737245418], [-0.262510806564906, 2.6261580138030496], [-0.5113680516944653, 1.5162960411758761], [-1.4180186531120405, 2.6090401260110427], [-1.0159391370594286, 2.172291814934038], [-0.917689174682335, 3.704333132313048], [-0.7168216464527583, 0.5590968532319015], [-0.7857143967286861, 0.5808672079238038], [-0.5275743359844131, 2.3387746079232743], [-0.9437099428352796, 2.5708819096635347]], "mse": 0.6513100810776745, "vol": 86595.14628624567, "inc": 469, "msevvol": 7.5213231804555e-06, "msevinc": 0.0013887208551762783}