{"beta": [0.12074527913267688, 0.07643694045378525, 0.08942564144109853, 0.032308625632036195, 0.08187803662894139, 0.554024363668287, -0.02751821523341464, -0.00843981531223509, 0.024064642782605915, -0.0074503074093017225, -0.004965457157911212, -0.01549605570656426, 0.005782480410990189, 0.00032669783675790714, -0.002117563429762748, -0.06117265652240598, -0.062029882656006494], "R": [[-0.09999999999999998, 1.1], [-0.1, 1.1], [-0.1, 1.1], [-0.10000000000000003, 1.1], [-0.1, 1.1], [-2.679562738466629, 7.308664912350221], [-1.076292805095683, 1.1242828737245418], [-2.2510396912444732, 2.6261580138030496], [-0.7426086820267807, 2.31791943291289], [-1.5180186531120405, 2.709040126011043], [-1.8879968750577951, 2.172291814934038], [-1.4028577002652836, 6.115344285810739], [-0.7168216464527583, 3.304913477522386], [-0.7857143967286861, 2.7073977753677876], [-0.5275743359844131, 2.438774607923275], [-0.9437099428352796, 2.570881909663535]], "mse": 0.6771056804601215, "vol": 15428724.589032253, "inc": 1815, "msevvol": 4.3886043629390634e-08, "msevinc": 0.00037306098096976395}