{"beta": [0.0647950231468513, 0.15210175062731407, 0.10170373720897073, 0.028080998917307087, 0.11216280144320338, 0.5432492474413044, 0.10818031209065485, -0.041369587888887255, 0.02589771043601932, 0.03161869776855358, -0.024354986871481354, -0.016173726308109922, -0.08691707478451689, -0.02514551891714815, 0.0019902805084888306, -0.021173591998221115, -0.0628349637331823], "R": [[-0.1, 1.0], [-0.1, 1.0], [-0.10000000000000003, 1.0], [-0.10000000000000002, 1.0], [-0.09999999999999998, 1.0], [-3.9918644005925885, 0.6616328189398555], [-1.0784111940537748, 1.0220651665449352], [-1.710481351705331, 0.1427193117343054], [-2.4828060419456293, 0.5951040466651171], [-1.4169791737417383, 0.19341199994802688], [-1.8872194904270163, 2.172847884726703], [-0.533266020016673, 6.1113898898974], [-0.7175431378773933, 2.3216113851332305], [-0.7862811582964232, 2.7081113848135385], [-0.5274526967944777, 2.3394401474107607], [-0.9437002178516671, 2.5724418339902657]], "mse": 0.4462396814200757, "vol": 417617.3391510951, "inc": 205, "msevvol": 1.068537245908329e-06, "msevinc": 0.002176778933756467}