{"beta": [-0.018036604714686252, 0.07476655861228038, 0.044212061632419836, 0.07124089252813753, 0.03815267161782492, 0.53148556052571, 0.0988249103688308, 0.02695600443434214, 0.08870126385607326, 0.032437177273274165, -0.008792137079685274, -0.03492765478037508, 0.0021875894048678877, 0.005501344907179931, 0.04016156052934069, -0.09828190159598788, -0.06014060709440151], "R": [[-0.1, 1.1], [-0.10000000000000003, 1.1], [-0.10000000000000002, 1.1], [-0.1, 1.1], [-0.10000000000000002, 1.1], [-3.6351241692909233, 1.644823744888611], [-1.0769183989499993, 1.1236269488575596], [-0.7210609869405481, 2.626375163077166], [-0.6959035080667759, 2.3173220832340404], [-1.517848309229576, 0.9981412909820018], [-1.8875307746960677, 0.5281905392186821], [-1.4026371056557283, 6.11292947530571], [-0.7169950228232279, 3.3032634050648815], [-0.7856874150981881, 2.7073885696402087], [-0.527513004764509, 2.439110129645856], [-0.9436399543409112, 1.642766242749262]], "mse": 0.596945966685061, "vol": 1435319.7310128326, "inc": 926, "msevvol": 4.158975549397808e-07, "msevinc": 0.0006446500720141047}