{"beta": [-0.0008711193822063088, 0.05185420297007632, 0.07318901549630766, 0.06077815628194522, 0.03376267263003049, 0.5851720060784494, 0.12955657576050017, -0.032428656206691935, 0.03724018785194849, 0.015143483621208093, -0.017323797065453454, 0.00037548624193383827, -0.04127276055223239, 0.015111143724913274, 0.018089084458489644, -0.1490773663741167, -0.10397281047973199], "R": [[-0.1, 1.1], [-0.09999999999999998, 1.1], [-0.1, 1.1], [-0.09999999999999998, 1.0], [-0.09999999999999998, 1.1], [-3.991864400592589, 0.926885084155338], [-1.0784111940537748, 1.0220651665449352], [-2.251719604905245, 0.6898547457021996], [-2.4828060419456293, 2.317941267123266], [-1.4169791737417383, 2.708998760482675], [-1.887219490427016, 0.5288209346652153], [-0.9182457794233834, 6.1113898898974], [-0.7175431378773933, 3.303357742036418], [-0.7862811582964232, 1.087622518762787], [-0.5274526967944777, 2.4394401474107608], [-0.9437002178516671, 0.3998530515890576]], "mse": 0.46198361726564396, "vol": 700438.7197874039, "inc": 690, "msevvol": 6.595632197572752e-07, "msevinc": 0.0006695414742980347}