{"beta": [0.05879997410774764, 0.1613022709694136, 0.09845539708934968, 0.031991719457210764, 0.1415706258379003, 0.4154754153253228, 0.1410039443990273, -0.011039669089217437, 0.10594469957070166, 0.04621160087956966, -0.057563952860255015, 0.024050423941674597, 0.06344435962158514, -0.0888499951913748, 0.012075525442143638, -0.14503017863955645, -0.1701954751627799], "R": [[-0.1, 1.0], [-0.10000000000000003, 1.0], [-0.10000000000000002, 1.0], [-0.1, 1.0], [-0.10000000000000002, 1.0], [-1.405625931334396, 0.7691120263966248], [-0.9769183989499993, 1.1236269488575596], [-0.6681136584076486, 1.9086563301933621], [-0.5839115444001648, 2.3173220832340404], [-1.517848309229576, 0.19281142424480913], [-1.8875307746960677, 0.5281905392186821], [-1.4026371056557283, 1.0075418146478838], [-0.7169950228232279, 3.3032634050648815], [-0.7856874150981881, 0.8341938086272257], [-0.527513004764509, 2.439110129645856], [-0.9436399543409112, 2.571568308445986]], "mse": 0.5383091217500392, "vol": 37202.412876027294, "inc": 444, "msevvol": 1.4469736776049758e-05, "msevinc": 0.0012124079318694577}