{"beta": [0.07662302042388595, 0.04855021157984168, 0.035734688676514546, 0.029582124997325432, 0.10625647191963591, 0.5185074929349531, 0.08426263032976576, 0.02665838732690624, 0.06424324036222563, -0.008033605922410121, -0.0021916020488862774, -0.017426683449490644, 0.025201190743890482, -0.007124293777807369, 0.0007104839666204971, -0.06274445102572576, -0.06454444597487297], "R": [[-0.10000000000000003, 1.0], [-0.1, 1.0], [-0.1, 1.0], [-0.09999999999999998, 1.0], [-0.1, 1.0], [-3.9918644005925885, 1.8831893034848397], [-0.9784111940537747, 1.1220651665449353], [-1.075098267097456, 2.62540587901384], [-0.26073924226861545, 2.317941267123266], [-0.6117835868968557, 2.708998760482675], [-0.24319254036552845, 1.3008344096959592], [-0.9182457794233831, 1.3916327770168782], [-0.7175431378773933, 3.303357742036418], [-0.7862811582964232, 2.7081113848135385], [-0.5274526967944777, 2.4394401474107608], [-0.9437002178516671, 2.5724418339902657]], "mse": 0.4703867085868519, "vol": 329229.8951087541, "inc": 486, "msevvol": 1.428748469003611e-06, "msevinc": 0.0009678738859811767}