{"beta": [-0.047550432336881374, 0.030257317585239474, 0.004545188846223936, 0.004642979576727392, -0.05881233151938007, 0.5389961755153524, 0.09221825552670629, 0.0075275118037326704, 0.11687991335932775, -0.008770442796736425, 0.002199794150374968, -0.018702639610827097, 0.026261470224159277, -0.022848812294932793, -0.0021034842073663954, -0.1054262457167097, -0.06121001315892083], "R": [[-0.10000000000000003, 1.1], [-0.09999999999999998, 1.1], [-0.10000000000000003, 1.1], [-0.10000000000000003, 1.1], [-0.1, 1.1], [-3.6351241692909233, 0.743260757954057], [-0.9769183989499992, 1.1236269488575596], [-2.2506388573287786, 2.626375163077166], [-0.5177300678875002, 2.3173220832340404], [-1.417848309229576, 0.9981412909820019], [-1.7875307746960676, 0.5281905392186821], [-1.4026371056557283, 6.11292947530571], [-0.7169950228232279, 3.3032634050648815], [-0.7856874150981881, 2.7073885696402087], [-0.527513004764509, 2.439110129645856], [-0.9436399543409112, 0.8139641770525375]], "mse": 0.5345750430443653, "vol": 974217.2525074295, "inc": 1354, "msevvol": 5.487226197939752e-07, "msevinc": 0.00039481170091902905}