{"beta": [0.16880113606775465, 0.03790736579114142, 0.0011356376102619706, -0.17325706612394715, 0.048659758682122085, 0.3037081852234509, 0.09774844659593643, -0.0981495167535851, -0.1479134684477949, 0.0031673958752805207, 0.005384393672574352, 0.214596390576222, -0.2948009275871223, 0.034755541084541514, -0.20303069487040562, -0.04985398768932842, -0.03183102863305898], "R": [[-0.1, 1.1], [-0.09999999999999998, 1.1], [-0.10000000000000002, 1.1], [-0.1, 1.1], [-0.10000000000000003, 1.0], [-3.9918644005925885, 0.14043538553399582], [-0.9784111940537746, 1.1220651665449353], [-0.616210483769546, 1.8723732642779685], [-1.2946619237483443, 2.317941267123266], [-1.5169791737417384, 0.9986075867929094], [-1.887219490427016, 1.3008344096959592], [-1.4032255388300936, 0.6216732582034576], [-0.6175431378773935, 1.4398650282300434], [0.5807928967458698, 2.7081113848135385], [-0.5274526967944777, 2.3394401474107607], [-0.42918246137142546, 2.5724418339902657]], "mse": 0.3410414749965238, "vol": 108865.14479327426, "inc": 47, "msevvol": 3.1326966555193844e-06, "msevinc": 0.00725620159567072}