{"beta": [0.029914189885809638, 0.006622946634248521, -0.0012106402128157243, 0.06214084327921579, 0.07921090924417161, 0.5807937774610923, 0.07809656009708206, 0.03047319039050787, 0.07755392729067143, -0.043312570947452174, 0.002623137273519475, 0.02112369127960781, -0.013045240281231198, 0.045154265572081756, -0.06730493407925944, -0.08964565506932153, -0.05761126431465548], "R": [[-0.10000000000000003, 1.1], [-0.1, 1.1], [-0.1, 1.1], [-0.09999999999999998, 1.1], [-0.1, 1.1], [-3.9918644005925885, 1.0059954088687275], [-0.9784111940537747, 1.1220651665449353], [-2.251719604905245, 0.7604528662141841], [-0.26073924226861545, 2.317941267123266], [-0.6117835868968557, 2.708998760482675], [-1.887219490427016, 2.172847884726703], [-0.9182457794233831, 6.1113898898974], [-0.7175431378773933, 1.4398650282300434], [-0.7862811582964232, 1.087622518762787], [-0.5274526967944777, 2.4394401474107608], [-0.9437002178516671, 1.2288885645495409]], "mse": 0.47257461814194895, "vol": 501130.59286739613, "inc": 420, "msevvol": 9.430168999221259e-07, "msevinc": 0.0011251776622427357}