{"beta": [0.01591630605817942, 0.025372347903672113, 0.0513543259122228, 0.1723226069972984, 0.05090410134987285, 0.6016467662779909, 0.0007402986104717888, 0.07888710128592348, 0.12293922827658506, -0.06265158775929443, 0.023960475566588955, -0.05180314388304356, -0.08807398786852087, 0.04692987151959113, -0.0053851201374597426, -0.244494868296875, -0.1751295882138791], "R": [[-0.10000000000000003, 1.1], [-0.1, 1.1], [-0.1, 1.1], [-0.1, 1.1], [-0.1, 1.1], [-3.6351241692909237, 1.5608071224502655], [-0.9769183989499991, 1.1236269488575596], [-0.7210609869405482, 2.6263751630771655], [-0.11061224117798873, 2.3173220832340404], [-1.417848309229576, 1.8034711577191944], [-1.8875307746960677, 2.172004748495182], [-1.402637105655728, 6.11292947530571], [-0.7169950228232279, 0.852335141749122], [-0.7856874150981881, 2.7073885696402087], [-0.527513004764509, 2.439110129645856], [-0.9436399543409112, 0.8139641770525375]], "mse": 0.457266573842865, "vol": 620052.692236107, "inc": 448, "msevvol": 7.374640567946194e-07, "msevinc": 0.001020684316613538}