{"beta": [-0.015119928334472324, 0.03735298035016548, 0.018877467020724396, 0.09402545713431644, 0.008683448639923265, 0.5995741867570797, 0.010141606679625013, 0.050048506167791315, 0.1392025700763289, -0.049749260051489136, 0.023637114685357292, -0.03835616803974639, 0.03300855600521424, -0.0024725252174939046, 0.026444389923137454, -0.10801221107129393, -0.012338483709953047], "R": [[-0.10000000000000003, 1.1], [-0.1, 1.1], [-0.1, 1.1], [-0.1, 1.1], [-0.1, 1.1], [-3.6351241692909237, 1.5608071224502655], [-0.9769183989499991, 1.1236269488575596], [-0.7210609869405482, 2.6263751630771655], [-0.11061224117798873, 2.3173220832340404], [-1.517848309229576, 2.708801024456387], [-1.8875307746960677, 2.172004748495182], [-1.402637105655728, 6.11292947530571], [-0.7169950228232279, 3.3032634050648815], [-0.7856874150981881, 2.7073885696402087], [-0.527513004764509, 2.439110129645856], [-0.9436399543409112, 2.571568308445986]], "mse": 0.4790599937046782, "vol": 4168316.259383853, "inc": 435, "msevvol": 1.1492889787961802e-07, "msevinc": 0.001101287341849835}