{"beta": [-0.004287779896586122, 0.01717947235254349, 0.016866771648615084, 0.00470068515715889, 0.016887470746772135, 0.5932521513723891, 0.11197228864553198, -0.024753593401016537, 0.042086029507071805, 7.961588804020951e-05, 0.0005601213241987618, -0.003762705654349689, -0.014126807745469282, 0.025507295592800155, 0.006715477796246299, -0.08878192450685052, 0.0017631841699114778], "R": [[-0.10000000000000003, 1.1], [-0.1, 1.1], [-0.1, 1.1], [-0.1, 1.1], [-0.1, 1.1], [-3.9918644005925885, 6.457576198303895], [-0.9784111940537747, 1.1220651665449353], [-2.251719604905245, 2.6254058790138397], [-2.4828060419456293, 2.317941267123266], [-1.5169791737417384, 2.708998760482675], [-1.887219490427016, 2.172847884726703], [-1.4032255388300936, 6.1113898898974], [-0.7175431378773933, 3.3033577420364177], [-0.7862811582964232, 2.708111384813538], [-0.5274526967944777, 2.4394401474107608], [-0.9437002178516671, 2.5724418339902657]], "mse": 0.6007261596598414, "vol": 24166869.835849892, "inc": 2420, "msevvol": 2.4857425216430198e-08, "msevinc": 0.00024823395027266177}