{"beta": [0.07135784144279483, 0.03315200047941217, 0.05521152471168171, -0.007435254766121176, 0.0356342321015509, 0.5615359468532233, -0.01015416977429496, -0.011759274571624113, 0.053640755330496816, 0.005581556156012069, -0.03152113348045594, 0.02922639866348415, -0.014955698928827843, 0.02651727976939932, -0.012099724587538682, -0.07930775867117859, -0.0025192014348962566], "R": [[-0.09999999999999998, 1.0], [-0.1, 1.1], [-0.1, 1.1], [-0.10000000000000003, 1.1], [-0.1, 1.1], [-2.679562738466629, 0.4972721100884193], [-0.976292805095683, 1.1242828737245418], [-1.4803471901433205, 1.820165907380784], [-2.4821366099920725, 2.31791943291289], [-1.5180186531120405, 2.709040126011043], [-1.8879968750577951, 2.172291814934038], [-1.3028577002652835, 0.6229849276494595], [-0.7168216464527583, 3.304913477522386], [-0.7857143967286861, 2.7073977753677876], [-0.5275743359844131, 2.438774607923275], [-0.9437099428352796, 2.570881909663535]], "mse": 0.6287388446916071, "vol": 1167394.2131003963, "inc": 1368, "msevvol": 5.385831432398366e-07, "msevinc": 0.00045960441863421574}