{"beta": [0.3440214423264219, 0.2659345236653134, 0.46380190537793853, 0.24915182177648204, 0.3123925569741505, 0.630447827403567, 0.009383064944132795, 0.02377738009339881, 0.14426602422362259, 0.0497962137033511, -0.02427279635314773, -0.028561566792290684, -0.15584324934702362, 0.2387376180978663, -0.08541184792963416, 0.026643431528752003, -0.11896038550502495], "R": [[-0.1, 1.0], [-0.09999999999999998, 1.1], [-0.1, 1.0], [-0.1, 1.0], [-0.1, 1.0], [-2.679562738466629, 0.5047583262649522], [-0.9762928050956828, 1.1242828737245418], [-1.515646795464433, 0.19638406260956798], [-0.6509801406619309, 1.2250218883783808], [-1.5180186531120405, 0.9982166143618094], [-1.787996875057795, 0.5281763389373046], [-0.5325206490993862, 1.3933219788153568], [-0.7168216464527583, 2.616954227680056], [-0.7857143967286861, 0.3275508869933057], [-0.5275743359844131, 2.3387746079232747], [-0.9437099428352796, 2.570881909663535]], "mse": 0.4934513476336026, "vol": 15839.233438900137, "inc": 126, "msevvol": 3.1153739196855186e-05, "msevinc": 0.003916280536774624}