{"beta": [0.24781110254646174, 0.20416793683018536, -0.0747696826905653, 0.025703472424865217, 0.09646233314991134, 0.4697667345379765, -0.00961547207935708, 0.04636157225247642, -0.0971757001761737, 0.048261963481367694, 0.04124712979380798, 0.24466921590545904, -0.33915764108186985, 0.10226497804400024, -0.10406102569794608, -0.026952409988819856, -0.015331099674860703], "R": [[-0.1, 1.1], [-0.09999999999999998, 1.1], [-0.10000000000000002, 1.1], [-0.1, 1.1], [-0.10000000000000003, 1.0], [-3.9918644005925885, 0.14043538553399582], [-0.9784111940537746, 1.1220651665449353], [-0.6868086042815306, 2.6254058790138397], [-1.4023950920607025, 1.870605188996708], [-1.5169791737417384, 0.9986075867929094], [-1.787219490427016, 1.3008344096959592], [-1.4032255388300936, 0.6216732582034576], [-0.7175431378773933, 2.027695932832168], [0.5807928967458698, 2.7081113848135385], [-0.5274526967944777, 2.3394401474107607], [-0.42918246137142546, 2.5724418339902657]], "mse": 0.5965012379689236, "vol": 169667.92786689478, "inc": 54, "msevvol": 3.5156982552228812e-06, "msevinc": 0.011046319221646735}