{"beta": [0.09672377515187776, 0.07486269908894887, 0.1463507402327138, 0.12081145633511614, 0.10133769405322764, 0.6231826196259974, 0.1025450550156291, -0.14746190534436987, 0.041889173618501335, 0.10398527705744705, -0.019806317101208577, -0.017105421206458096, -0.0572006332401325, 0.020993096086864674, -0.02141761826620214, -0.012157848665598856, -0.013429902472085265], "R": [[-0.1, 1.1], [-0.1, 1.1], [-0.10000000000000003, 1.0], [-0.10000000000000002, 1.0], [-0.09999999999999998, 1.0], [-3.9918644005925885, 1.1362947672201926], [-1.0784111940537748, 1.0220651665449352], [-2.251719604905245, 0.6898547457021995], [-1.4898005776325292, 2.317941267123266], [-1.4169791737417383, 0.19341199994802688], [-1.8872194904270163, 0.5288209346652152], [-0.9182457794233831, 6.1113898898974], [-0.7175431378773933, 2.027695932832168], [-0.7862811582964232, 1.087622518762787], [-0.5274526967944777, 2.4394401474107608], [-0.9437002178516671, 0.8143708080692992]], "mse": 0.4819060167297144, "vol": 169707.59397958175, "inc": 259, "msevvol": 2.8396255313577455e-06, "msevinc": 0.0018606409912344185}