{"beta": [0.11167849649065628, 0.08657529438065686, 0.04483113456129173, 0.010740665241547931, 0.08246163570268916, 0.5366682682317323, -0.03483891801033629, 0.02262091494973153, 0.0067474149870156395, 0.003751470576877001, -0.022094038631531362, 0.0121174641695663, 0.01894147790282884, 0.011404691769116997, -0.016741361124097392, -0.05465393035783188, -0.03729446588646826], "R": [[-0.1, 1.1], [-0.09999999999999998, 1.0], [-0.09999999999999998, 1.1], [-0.10000000000000003, 1.1], [-0.1, 1.1], [-2.679562738466629, 1.8784789946587512], [-0.976292805095683, 1.1242828737245418], [-2.2510396912444732, 0.4434812998573595], [-0.8363292932972848, 2.31791943291289], [-1.5180186531120405, 0.9982166143618095], [-1.8879968750577951, 1.3002340769356713], [-1.3028577002652835, 6.115344285810739], [-0.7168216464527583, 3.304913477522386], [-0.7857143967286861, 2.7073977753677876], [-0.5275743359844131, 2.438774607923275], [-0.9437099428352796, 0.8135859834141277]], "mse": 0.6402195325095614, "vol": 808918.2171652749, "inc": 1320, "msevvol": 7.914514952489374e-07, "msevinc": 0.00048501479735572835}