{"beta": [-0.02350407899643524, 0.012783739508294499, -0.006544843199280997, 0.04429050494994404, -0.026807035451428155, 0.5869818404364012, 0.08594230405821485, 0.007405305859748957, 0.07181161091589444, -0.006259802772146401, 0.008329135622610537, 0.003353736303093021, -0.002206643714593391, 0.01643039089707237, 0.013439769592162662, -0.08011465928164631, -0.0006395064404009871], "R": [[-0.1, 1.1], [-0.10000000000000003, 1.1], [-0.10000000000000003, 1.1], [-0.09999999999999998, 1.1], [-0.1, 1.1], [-3.6351241692909233, 9.745791327863362], [-1.0769183989499993, 1.1236269488575596], [-2.250638857328779, 2.6263751630771655], [-1.7047187743860777, 2.3173220832340404], [-1.517848309229576, 2.708801024456387], [-1.8875307746960677, 2.1720047484951825], [-1.4026371056557283, 6.11292947530571], [-0.6169950228232279, 3.3032634050648815], [-0.785687415098188, 2.7073885696402087], [-0.527513004764509, 2.439110129645856], [-0.9436399543409112, 2.571568308445986]], "mse": 0.6303155317629473, "vol": 26466305.62615032, "inc": 3447, "msevvol": 2.3815773182191215e-08, "msevinc": 0.00018285916210123218}