{"beta": [0.0109373051125333, 0.03738739125099572, 0.056787197966250785, 0.04451046282073035, 0.13153709240814712, 0.6061879051829645, 0.102889026732744, -0.08967871624833519, 0.04708722362003596, -0.02432932198410108, 0.002985830946426608, -0.025253910070531155, 0.009324459255867256, -0.03446108319328436, -0.014085307453275388, -0.04051718958539116, -0.06616096535874519], "R": [[-0.1, 1.0], [-0.1, 1.0], [-0.10000000000000003, 1.0], [-0.10000000000000002, 1.0], [-0.09999999999999998, 1.0], [-3.9918644005925885, 6.457576198303895], [-1.0784111940537748, 1.0220651665449352], [-1.710481351705331, 0.1603688418623016], [-2.4828060419456293, 1.361221270307426], [-1.4169791737417383, 0.19341199994802688], [-1.8872194904270163, 2.172847884726703], [-0.533266020016673, 6.1113898898974], [-0.7175431378773933, 3.3033577420364177], [-0.7862811582964232, 2.7081113848135385], [-0.5274526967944777, 2.3394401474107607], [-0.9437002178516671, 2.5724418339902657]], "mse": 0.40392034684335393, "vol": 1564263.0682713515, "inc": 439, "msevvol": 2.582176585487769e-07, "msevinc": 0.0009200919062490977}