{"beta": [0.060557845095717155, 0.17512000280838683, 0.0536173674236004, 0.13890658270613065, 0.03121393488514218, 0.5438669034268466, 0.018939841475243226, -0.022366728381654693, 0.13819046693503753, -0.04431599068402967, 0.03935869440462472, 0.09322682044527171, 0.04141472432939304, 0.030712209081350406, 0.04004017810879188, -0.1476964791474448, -0.005334295298235363], "R": [[-0.10000000000000003, 1.0], [-0.1, 1.0], [-0.1, 1.0], [-0.1, 1.0], [-0.1, 1.0], [-1.405625931334396, 9.745791327863362], [-0.9769183989499991, 1.1236269488575596], [-0.6681136584076486, 1.5027268114411503], [-0.5839115444001648, 2.3173220832340404], [-1.517848309229576, 0.9981412909820018], [-1.7875307746960676, 1.300097643856932], [-0.9176072856051262, 0.6225119945972816], [-0.7169950228232279, 3.3032634050648815], [-0.7856874150981881, 2.7073885696402087], [-0.527513004764509, 2.439110129645856], [-0.9436399543409112, 2.571568308445986]], "mse": 0.6492116136617153, "vol": 416293.69974190963, "inc": 300, "msevvol": 1.5595038168106033e-06, "msevinc": 0.0021640387122057177}