{"beta": [0.02241563515540165, 0.11982678674521996, 0.062013405562391724, 0.06647459298793086, 0.051821497166167886, 0.5200371820520395, 0.11262053710151115, 0.035555510562595094, 0.09245948099699479, 0.019666445976084856, -0.031227604701310543, 0.028243483145757003, 0.01240018678496515, -0.06932088221619825, 0.0829002035903208, -0.1398435638077906, -0.10285472032007563], "R": [[-0.1, 1.0], [-0.1, 1.0], [-0.09999999999999999, 1.0], [-0.1, 1.0], [-0.09999999999999998, 1.0], [-1.405625931334396, 0.946839496939279], [-0.9769183989499993, 1.1236269488575596], [-0.6681136584076486, 1.9086563301933621], [-0.5839115444001647, 2.3173220832340404], [-1.517848309229576, 0.9981412909820018], [-1.7875307746960676, 0.5281905392186821], [-1.4026371056557283, 1.0075418146478838], [-0.7169950228232279, 3.3032634050648815], [-0.7856874150981881, 1.3408208832023638], [-0.527513004764509, 2.439110129645856], [-0.9436399543409112, 2.571568308445986]], "mse": 0.5152253678155055, "vol": 74482.80168220584, "inc": 592, "msevvol": 6.917373624233504e-06, "msevinc": 0.0008703131213099756}