{"beta": [0.11814616994612834, 0.05937676869156568, 0.08176132359400029, 0.10254963158040666, 0.1497711713219001, 0.5392320741851335, 0.05415699836201438, 0.07168419866378088, 0.027317699850300737, -0.023209231695189004, -0.0004446217932464829, -0.007656066271198886, -0.012841474663363016, -0.01589436400877071, -0.04237704452559718, -0.050177152769688815, -0.09776901429199134], "R": [[-0.10000000000000003, 1.0], [-0.1, 1.0], [-0.1, 1.1], [-0.09999999999999998, 1.0], [-0.1, 1.0], [-1.741924987793417, 1.8831893034848397], [-0.9784111940537747, 1.1220651665449353], [-1.075098267097456, 1.3428873604380707], [-0.26073924226861545, 2.317941267123266], [-0.6117835868968557, 2.708998760482675], [-0.24319254036552845, 1.3008344096959592], [-0.9182457794233831, 2.1615922958302987], [-0.7175431378773933, 1.1459495759289808], [-0.7862811582964232, 1.087622518762787], [-0.5274526967944777, 2.4394401474107608], [-0.9437002178516671, 1.6434063210297825]], "mse": 0.5186970325094067, "vol": 35306.69372311068, "inc": 335, "msevvol": 1.469118112778381e-05, "msevinc": 0.0015483493507743482}