{"beta": [0.07836733477933369, 0.05592357080998687, 0.040509906145735956, -0.38748420831055774, 0.32370652116426607, -0.08799226984766813, -0.30136538095945725, 0.4159270330317471, 0.12225247914488842, 0.10377004959890106, -0.06917694801777653, 0.07819767586493497], "R": [[-2.7959321704778626, 6.122627160047834], [-0.6200012420557325, 3.5331412060101], [-0.42101883666293477, 1.464112602853031], [-2.4563033545612583, 4.986747718998426], [-1.7154163211712992, -0.39774966935839606], [-2.462565505455457, -0.30623613518167314], [-1.898207975706763, 3.6099946272353787], [-3.452326015876494, 0.5658610947793643], [-0.688649780344704, 1.6988029782571497], [-1.4448575338251726, 0.7921097593287006], [-1.0615978541703437, 1.139935764897052]], "mse": 0.7581142908656355, "vol": 384277.2081358577, "inc": 12, "msevvol": 1.9728317860517273e-06, "msevinc": 0.06317619090546962}