{"beta": [0.13496267334292095, -0.1217231866458709, 0.03430018081124159, 0.3058811341336328, -0.2693055817926485, -0.1973406982562634, -0.6688894907968633, 0.18621156610766487, 0.0015746893567561415, 0.025519996325656703, 0.09169761698317616, 0.045774577209807515], "R": [[-2.7959321704778626, 6.122627160047834], [-0.6200012420557325, 3.5331412060101], [-0.42101883666293477, 0.9928297429740395], [-2.4563033545612583, -0.2868601906870625], [-2.4742496470777513, 5.631750263799668], [-2.462565505455457, 2.672624983201624], [-0.6431824093258334, 3.6099946272353787], [-3.452326015876494, 0.5658610947793643], [-0.688649780344704, 1.6988029782571497], [-1.4448575338251726, 0.7921097593287006], [-0.9615978541703437, 1.139935764897052]], "mse": 0.690326438653223, "vol": 907110.6006241838, "inc": 25, "msevvol": 7.610168354092749e-07, "msevinc": 0.02761305754612892}