{"beta": [0.20132441172898333, -0.362728782425089, -0.12955476224522489, 0.5759846824467171, -0.3314052739219538, -0.37681581564550826, -0.2984006402693464, 0.16934169432715424, -0.00045444480812082045, 0.0384373062124186, 0.09055941899723557, 0.013055956786195073], "R": [[-2.7959321704778626, 6.122627160047834], [-2.746572466088649, 3.5331412060101], [-2.877433136057892, 5.334375481884964], [-2.4563033545612583, 4.986747718998426], [-2.4742496470777513, 5.631750263799668], [-2.462565505455457, 2.672624983201624], [-1.898207975706763, 3.6099946272353787], [-3.452326015876494, 4.224581498035601], [-0.5886497803447039, 1.6988029782571497], [-1.5448575338251724, 0.7921097593287006], [-1.0615978541703437, 1.139935764897052]], "mse": 0.45767672172171775, "vol": 70911034.91145265, "inc": 52, "msevvol": 6.45423836068989e-09, "msevinc": 0.008801475417725342}