{"beta": [0.0966120544407974, -0.09569527979086785, -0.030986821512351034, 0.15241105244479103, -0.1753917447372711, -0.14260496985697596, -0.5427228861294888, 0.22147431183567928, 0.013838441490486013, 0.1161429321491539, 0.11302915939724033, -0.03810976886116541], "R": [[-2.7959321704778626, 6.122627160047834], [-0.6200012420557325, 3.5331412060101], [-0.42101883666293477, 0.9928297429740395], [-2.4563033545612583, -0.2868601906870625], [-2.4742496470777513, 5.631750263799668], [-2.462565505455457, 2.672624983201624], [-1.898207975706763, 3.6099946272353787], [-3.452326015876494, 0.5658610947793643], [-0.688649780344704, 1.6988029782571497], [-1.4448575338251726, 0.7921097593287006], [-0.9615978541703437, 1.139935764897052]], "mse": 0.734662066787097, "vol": 1174780.3885338283, "inc": 30, "msevvol": 6.253611942773269e-07, "msevinc": 0.0244887355595699}