{"beta": [-0.8074413045499208, 0.5561010368552847, 0.41133029437919677, -0.0486569412225392, -0.004635745570592895, 0.07686231781258328, -0.41970205553839407, 0.25934081150537464, 0.00015457586621670598, 0.08978782377625415, -8.17029244938773, 8.433125887618619], "R": [[-0.5607747834103449, 6.122627160047834], [-0.6200012420557324, 3.5331412060101], [-0.8923016965419263, 5.334375481884963], [-2.4563033545612583, 4.986747718998426], [-2.4742496470777513, 1.5787503083609589], [-1.1287678832911867, 2.6726249832016244], [-1.1469701563643238, 3.6099946272353787], [-3.452326015876494, 4.224581498035601], [-0.688649780344704, 1.6988029782571497], [-1.4448575338251728, 0.7921097593287006], [-0.9615978541703436, 1.139935764897052]], "mse": 0.7804805303358939, "vol": 8123592.304621183, "inc": 62, "msevvol": 9.607578778810824e-08, "msevinc": 0.012588395650578935}