{"beta": [-0.1204342227033366, -0.06039457366699963, 0.018933585375976315, 0.16719933486347208, -0.08062244939547597, -0.1769155742871422, -0.3390653176665698, 0.10492753456344214, -0.025293438551263123, 0.07419328623171195, 0.07650466617494946, 0.021673514208771973], "R": [[-2.7959321704778626, 6.122627160047834], [-2.746572466088649, 3.5331412060101], [-2.877433136057892, 5.334375481884963], [-2.4563033545612583, 4.986747718998426], [-2.4742496470777513, 5.631750263799668], [-2.462565505455457, 2.6726249832016244], [-1.898207975706763, 3.6099946272353787], [-3.452326015876494, 4.224581498035601], [-0.688649780344704, 1.7988029782571497], [-1.5448575338251727, 0.7921097593287006], [-1.0615978541703437, 1.139935764897052]], "mse": 0.7271557785531841, "vol": 77111034.85853748, "inc": 205, "msevvol": 9.429983398448398e-09, "msevinc": 0.0035471013587960202}