{"beta": [-1.3229679160837469, 0.6992036407056651, 0.7884143306605339, 0.33462048438339276, 0.05445215635882499, 0.3455564685986113, -0.6041406525149906, 0.23407825251489803, 0.07853964670761883, 0.0062268532481096536, 1.7447000342321082, -1.8338694328385492], "R": [[-2.7959321704778626, 1.2185230391459194], [-0.9577631127278852, 3.5331412060101], [-0.8923016965419263, 1.464112602853031], [-2.4563033545612583, 4.986747718998426], [-2.4742496470777513, 0.2610836565480556], [-0.30623613518167314, 2.6726249832016244], [-0.9380825539337309, 2.1829439764998435], [-3.452326015876494, 1.2847945095786042], [-0.688649780344704, 1.6988029782571497], [-1.4448575338251728, 0.7921097593287006], [-0.9615978541703436, 1.139935764897052]], "mse": 0.7265073084523925, "vol": 427529.6454542967, "inc": 23, "msevvol": 1.699314459656709e-06, "msevinc": 0.031587274280538806}