{"beta": [-0.38836087346839687, 0.14688515992190335, 0.2889650534328261, 0.2761328722285497, -0.17955057546355352, -0.18320031002593445, -0.3049420402240315, 0.21641263017962473, -0.015613106052718964, 0.08860619092720731, 1.5637566656967594, -1.640625], "R": [[-2.7959321704778626, 6.122627160047834], [-0.6200012420557324, 3.5331412060101], [-0.8923016965419263, 5.334375481884963], [-2.4563033545612583, 4.986747718998426], [-2.4742496470777513, 1.908166971314185], [-1.5400337573459435, 2.6726249832016244], [-1.8982079757067631, 3.6099946272353787], [-3.452326015876494, 4.224581498035601], [-0.688649780344704, 1.7988029782571497], [-1.4448575338251728, 0.7921097593287006], [-0.9615978541703436, 1.139935764897052]], "mse": 0.6343649283139227, "vol": 15670969.153290147, "inc": 86, "msevvol": 4.04802614381215e-08, "msevinc": 0.007376336375743287}