{"beta": [-0.2422511657776223, 0.1501563435580422, 0.26542138216135763, -0.4423397602506936, 0.15929494959856144, 0.28132404038188025, -0.3063288689950895, 0.2661536124286532, 0.0335748941363206, 0.023418994490848978, 1.960962995206807, -2.0757063307814287], "R": [[-2.7959321704778626, 6.122627160047834], [-0.2822393713835798, 3.4331412060100996], [-0.8923016965419263, 0.9928297429740395], [-2.4563033545612583, 4.986747718998426], [-2.4742496470777513, 1.249333645407733], [-1.1287678832911867, 2.6726249832016244], [-0.8766450238070856, 3.6099946272353787], [-3.452326015876494, 1.2847945095786042], [-0.688649780344704, 1.6988029782571497], [-1.4448575338251728, 0.7921097593287006], [-0.9615978541703436, 1.139935764897052]], "mse": 0.46839923677678336, "vol": 1569859.7836405593, "inc": 50, "msevvol": 2.9837011028497674e-07, "msevinc": 0.009367984735535666}