{"beta": [-0.020335418212995414, 0.14702184094540152, -0.1325496208753026, -0.07190339368188252, 0.10577762603713854, 0.008851772298128554], "R": [[-1.3767654645611844, 3.615181352813236], [-1.761779282579846, 0.9121829326680108], [-1.310910811246963, 2.3330237003102603], [-0.5313915329587728, 2.4180798036097926], [-1.0217648016985406, 1.1848754456205048]], "mse": 1.0858619751562029, "vol": 316.57126695647105, "inc": 106, "msevvol": 0.0034300711672152805, "msevinc": 0.010243980897700027}