{"beta": [-0.02033541821299566, 0.14702184094540102, -0.1325496208753026, -0.07190339368188259, 0.1057776260371387, 0.00885177229812857], "R": [[-1.3767654645611844, 3.615181352813236], [-1.761779282579846, 0.9121829326680108], [-1.310910811246963, 2.3330237003102603], [-0.5313915329587728, 2.4180798036097926], [-1.0217648016985406, 1.1848754456205048]], "mse": 0.8971416332341893, "vol": 316.57126695647105, "inc": 159, "msevvol": 0.0028339325986825818, "msevinc": 0.005642400209020059}