{"beta": [-0.2024434522223714, 0.7040913498546642, -0.21441947994410515, 0.10576786521837454, 0.1554294422945429, -0.6839239814322311], "R": [[-1.3767654645611844, 3.615181352813236], [-0.8371252108305602, 0.9121829326680108], [-1.310910811246963, 2.3330237003102603], [-0.43139153295877275, 2.4180798036097926], [-1.0217648016985406, 1.1848754456205048]], "mse": 1.0785029038804068, "vol": 200.07953012195418, "inc": 18, "msevvol": 0.005390371035073046, "msevinc": 0.05991682799335593}