{"beta": [-0.24716668575640752, 0.16971354199465466, -0.2630344347166881, -0.09906989248623925, 0.3046335948646058, 0.20716416238966762], "R": [[-1.3767654645611844, 3.6151813528132366], [-1.7617792825798457, 0.9121829326680108], [-1.310910811246963, 2.3330237003102603], [-0.43139153295877275, 2.3180798036097925], [-1.0217648016985406, 1.1848754456205048]], "mse": 0.9085749448134809, "vol": 295.10496124727416, "inc": 21, "msevvol": 0.003078819620562625, "msevinc": 0.04326547356254671}