{"beta": [-0.020335418212995414, 0.14702184094540152, -0.1325496208753026, -0.07190339368188252, 0.10577762603713854, 0.008851772298128554], "R": [[-1.3767654645611844, 3.615181352813236], [-1.761779282579846, 0.9121829326680108], [-1.310910811246963, 2.3330237003102603], [-0.43139153295877286, 2.3180798036097925], [-1.0217648016985406, 1.1848754456205048]], "mse": 0.8971416332341894, "vol": 295.1049612472742, "inc": 159, "msevvol": 0.0030400764170225416, "msevinc": 0.005642400209020059}