{"beta": [-0.24716668575640752, 0.16971354199465488, -0.26303443471668775, -0.038784514399062255, 0.30463359486460584, 0.06741784499280214], "R": [[-1.3767654645611844, 3.6151813528132366], [-1.7617792825798457, 0.9121829326680108], [-1.310910811246963, 2.3330237003102603], [-0.43139153295877275, 2.3180798036097925], [-1.0217648016985406, 1.1848754456205048]], "mse": 1.2450872239884907, "vol": 295.10496124727416, "inc": 22, "msevvol": 0.004219133486357106, "msevinc": 0.05659487381765867}