{"beta": [0.00244065922429252, 0.1612305444091768, 0.21107309818387443, -0.04235309120876098, 0.047861630004143715, 0.21682071891000643], "R": [[-1.3767654645611844, 3.615181352813236], [-1.761779282579846, 0.9121829326680108], [-1.310910811246963, -0.06293264072788851], [-0.5313915329587728, 2.4180798036097926], [-1.0217648016985406, 1.0848754456205048]], "mse": 0.7839856300480099, "vol": 103.5062946520958, "inc": 112, "msevvol": 0.007574279735190344, "msevinc": 0.006999871696857231}