{"beta": [-0.24716668575640752, 0.16971354199465488, -0.26303443471668775, -0.038784514399062255, 0.30463359486460584, 0.06741784499280214], "R": [[-1.3767654645611844, 3.6151813528132366], [-1.7617792825798457, 0.9121829326680108], [-1.310910811246963, 2.3330237003102603], [-0.43139153295877275, 2.4180798036097926], [-0.9217648016985405, 1.1848754456205048]], "mse": 0.9085749448134808, "vol": 291.97821489657844, "inc": 21, "msevvol": 0.0031117901900157416, "msevinc": 0.0432654735625467}