{"beta": [-0.13545228037017837, 0.17984351605659488, -0.052995967160462, 1.554917660479631e-05, 0.009170025917454819, -0.013276665283489355], "R": [[-1.3767654645611844, 3.615181352813236], [-0.01247113908127473, 0.8121829326680108], [-1.310910811246963, 2.3330237003102603], [-0.5313915329587728, 2.4180798036097926], [-1.0217648016985406, 1.1848754456205048]], "mse": 0.9810579141220231, "vol": 97.63106703820247, "inc": 59, "msevvol": 0.010048624314821232, "msevinc": 0.016628100239356323}