{"beta": [-0.014484958920812247, -0.09431994484096438, 0.17411704383128787, -0.009499447847258109, 0.008849209693339365, -0.02556237689874824, -0.28871413200906443], "R": [[-1.720185174601965, 1.720185174601965], [-1.13130082502003, 1.4962299892472228], [-1.2772928491263928, 1.3340984998439032], [0.11860246670720365, 26.150966377476646], [-0.9760197726155687, 19.14347425562218], [-3.261858092384089, 4.1252797458964094]], "mse": 0.08864624167784625, "vol": 91333.86561964049, "inc": 269, "msevvol": 9.705736319867722e-07, "msevinc": 0.0003295399318879043}