{"beta": [-0.1791749081909461, -0.1688816001784391, 0.05828509610194317, 0.03046266202707545, -0.23761756959811384, -0.1349965527452314, -0.3367122481192689], "R": [[-0.14271666800175814, 1.0170250883784726], [-1.0618306677398395, 1.5755795222543156], [-1.1934563591118503, 1.4201814656607088], [0.3727205719208413, 26.016148822943872], [-0.026130553576744986, 18.730810247203966], [0.3174982066382517, 1.656964316537171]], "mse": 0.021545360878204623, "vol": 5150.5570681541285, "inc": 12, "msevvol": 4.1831127377307385e-06, "msevinc": 0.0017954467398503852}