{"beta": [0.04192617002723735, -0.6509938699686112, -1.2288141482925112, -1.421500546306944, -0.912472105149673, -0.44003677092549004, 0.045518872031742375], "R": [[0.14721877109329956, 1.0170250883784726], [-1.0618306677398395, -0.25912530996452454], [-0.6389683567071774, 0.22438989321396707], [-0.23792987968180154, 26.016148822943872], [-0.006612456549960621, 0.9602173917324086], [0.7902509513084586, 1.5584741613975446]], "mse": 1.3249759562663148, "vol": 11.7544961830419, "inc": 10, "msevvol": 0.11272077812895503, "msevinc": 0.1324975956266315}