{"beta": [-0.12289645026401459, 0.11709157283792099, -0.3703755085949733, 0.05588564207286913, -0.0796183307489685, -0.11949227049837285, -0.5989633789962866], "R": [[0.1472187710932995, 1.5968959665685882], [-1.0618306677398395, -0.27350603008549007], [-1.1934563591118503, 1.4201814656607086], [0.3250641571014896, 2.6547837569710784], [0.85125139352409, 1.7734252885914317], [0.3174982066382517, 2.208509185319079]], "mse": 0.06336405260544883, "vol": 12.134792134119044, "inc": 7, "msevvol": 0.005221684220472963, "msevinc": 0.009052007515064119}