{"beta": [-0.21025733438029232, -0.05777711801872718, 0.009036315481866593, -0.034180755057406594, -0.04773044797757553, -0.11788964098801177, -0.004985340557564909], "R": [[-1.6923938634770468, 1.6968959665685883], [-1.0618306677398395, 1.5755795222543156], [-1.1934563591118503, 1.4201814656607088], [-0.23792987968180157, 26.016148822943872], [-0.9565511514060261, 18.730810247203966], [-3.1508650991369676, 4.357104412223306]], "mse": 1.3626622174485818, "vol": 90664.77576043956, "inc": 1546, "msevvol": 1.5029676145111722e-05, "msevinc": 0.0008814115248697166}