{"beta": [-0.07278621985924197, -0.022866158593423638, 0.051441242127256336, -0.022736242713922692, -0.04602866140236403, -0.10244911003261464, -0.007730314474626649], "R": [[-1.720185174601965, 1.720185174601965], [-1.13130082502003, 1.4962299892472228], [-1.2772928491263928, 1.3340984998439032], [-0.23821647948833946, 26.150966377476646], [-0.9760197726155687, 19.14347425562218], [-0.934039085909002, 4.1252797458964094]], "mse": 0.4056119202216757, "vol": 63410.33113997727, "inc": 2397, "msevvol": 6.396622016155285e-06, "msevinc": 0.00016921648736824185}