{"beta": [-0.07911600332980935, 0.04385534993649991, -0.10888263525564479, -0.07325841975478252, -0.019728211393351885, -0.16255941519209036, -0.30937655397999086], "R": [[-1.302458424381989, 1.6968959665685883], [-1.0618306677398395, 1.5755795222543156], [-1.1934563591118503, 1.420181465660709], [0.7092880645139644, 26.016148822943872], [-0.9565511514060261, 18.730810247203966], [0.35689426869410235, 2.0903209991515275]], "mse": 0.01890908290218212, "vol": 17855.916575952557, "inc": 27, "msevvol": 1.0589813646221843e-06, "msevinc": 0.000700336403784523}