{"beta": [-0.13975402008240814, -0.007522947202944891, 0.02085981538972218, -0.014867219810855247, -0.023990641739230063, -0.18012766052731083, -0.03359334582190085], "R": [[-1.6923938634770468, 1.6968959665685883], [-1.0618306677398395, 0.8377092755328451], [-1.1934563591118503, 1.4201814656607088], [-0.12726748379485242, 26.016148822943872], [-0.33452186124280975, 18.730810247203966], [0.179611989442777, 4.357104412223306]], "mse": 0.2931832626623316, "vol": 35036.839987213396, "inc": 387, "msevvol": 8.367856883478306e-06, "msevinc": 0.0007575794900835441}