{"beta": [-0.49128999319592404, -0.0637664942215294, -0.24011403384737112, 0.006652749630963917, -0.07375397823657641, -0.4069577930376828, 0.3946131486343354], "R": [[0.14721877109329956, 1.0170250883784726], [-1.0618306677398395, -0.05755148725200787], [-0.6389683567071774, 1.4201814656607086], [-0.23792987968180154, 26.016148822943872], [-0.9565511514060262, 18.730810247203966], [0.7311568582246827, 4.357104412223306]], "mse": 0.2257314673058305, "vol": 3371.093346493111, "inc": 39, "msevvol": 6.696090677543978e-05, "msevinc": 0.00578798634117514}