{"beta": [1.333583060509655, -4.620725991652381, 2.4141375471771487, -0.19084117133915743, -0.5590311157537634, -0.5890588450143204, -1.2756781170375042], "R": [[-0.23145502494313785, 1.720185174601965], [-1.13130082502003, 1.4962299892472228], [-1.2772928491263928, 1.3340984998439032], [1.1827268438514378, 2.6530666801017553], [-0.9760197726155687, 1.2822624387883843], [-3.2618580923840894, 1.8943224353550219]], "mse": 0.18110256339297, "vol": 229.2680756937971, "inc": 4, "msevvol": 0.0007899161836855326, "msevinc": 0.0452756408482425}