{"beta": [-0.21195972359862858, -0.5835957199328846, 0.405556045868647, -0.021553803511878813, -0.1792921086649758, -0.12439631607802074, -0.3211321658669035], "R": [[-0.14271666800175814, 1.0170250883784726], [-1.0618306677398395, 1.5755795222543156], [-1.1934563591118503, 1.4201814656607088], [0.4972078667938914, 26.016148822943872], [-0.026130553576744986, 1.8719424924510073], [0.35689426869410235, 1.656964316537171]], "mse": 0.016436400926421936, "vol": 503.4156381557774, "inc": 7, "msevvol": 3.264976230503162e-05, "msevinc": 0.002348057275203134}