{"beta": [-0.0538429702552151, 0.061542765158025134, -0.006591968078567686, -0.002974290652460794, 0.014097324812602173, -0.0037181306990650923, -0.6427456730386532], "R": [[-1.6923938634770468, 1.6968959665685883], [-1.0618306677398395, 0.6449101295043076], [-1.1934563591118503, 1.4201814656607086], [0.2657537111410352, 26.016148822943872], [0.6521510056582032, 18.730810247203966], [0.35689426869410235, 4.357104412223306]], "mse": 0.02054579403493146, "vol": 28154.940111312575, "inc": 24, "msevvol": 7.297402854952697e-07, "msevinc": 0.0008560747514554775}