{"beta": [0.5385976754115229, -0.34214320524871966, 0.1620045100737427, 0.008663492833555012, -0.654824832171943, -0.023682144475632584, -0.20722921410732026], "R": [[-1.720185174601965, 1.720185174601965], [-1.13130082502003, 1.4962299892472228], [-1.2772928491263928, 1.3340984998439032], [2.367551869722617, 26.150966377476646], [-0.9760197726155687, 19.14347425562218], [-3.261858092384089, 4.1252797458964094]], "mse": 0.007398568810706235, "vol": 83443.48565781898, "inc": 10, "msevvol": 8.866562503208374e-08, "msevinc": 0.0007398568810706235}