{"beta": [-0.10449043725491548, -0.12181951771165636, 0.2326029731344076, -0.006272943042789956, -0.009051107268195305, -0.06925212003825272, -0.32433027345259374], "R": [[-0.7225875461918736, 1.6968959665685883], [-1.0618306677398395, 0.3512022016100118], [-1.1934563591118503, 1.4201814656607088], [0.12211488119594649, 26.016148822943872], [-0.956551151406026, 18.730810247203966], [0.3174982066382517, 4.357104412223306]], "mse": 0.05380761049377354, "vol": 18401.21905169732, "inc": 83, "msevvol": 2.9241329252482514e-06, "msevinc": 0.0006482844637804041}