{"beta": [-0.21025733438029068, -0.057777118018722685, 0.009036315481860655, -0.03418075505740676, -0.04773044797757635, -0.11788964098801148, -0.004985340557564898], "R": [[-1.6923938634770468, 1.6968959665685883], [-1.0618306677398395, 1.5755795222543156], [-1.1934563591118503, 1.4201814656607088], [-0.23792987968180157, 26.016148822943872], [-0.9565511514060261, 18.730810247203966], [-3.1508650991369676, 4.357104412223306]], "mse": 0.8111927937559168, "vol": 90664.77576043956, "inc": 2318, "msevvol": 8.947165941261508e-06, "msevinc": 0.0003499537505418105}