{"beta": [-0.0837014328693178, -0.014678546688797891, 0.039028433999672776, -0.025875973732309238, -0.04650844551793314, -0.08672307375943733, -0.013390388502470839], "R": [[-1.720185174601965, 1.720185174601965], [-1.13130082502003, 1.496229989247223], [-1.2772928491263928, 1.3340984998439032], [-0.23821647948833943, 26.150966377476646], [-0.9760197726155687, 19.14347425562218], [-3.261858092384089, 4.1252797458964094]], "mse": 0.4563044195413701, "vol": 92585.75552845064, "inc": 1936, "msevvol": 4.928451649359307e-06, "msevinc": 0.0002356944315812862}