{"beta": [-0.11675820742703602, -0.03728822073470944, 0.07511072650477245, -0.015009300063669401, -0.031454656259111355, -0.16636003882881692, -0.04397632066949456], "R": [[-1.6923938634770468, 1.6968959665685883], [-1.0618306677398395, 1.5755795222543156], [-1.1934563591118503, 1.4201814656607088], [-0.23792987968180157, 26.016148822943872], [-0.33452186124280975, 18.730810247203966], [0.179611989442777, 4.357104412223306]], "mse": 0.36740363557147276, "vol": 48852.70585576786, "inc": 496, "msevvol": 7.520640446328415e-06, "msevinc": 0.000740733136232808}