{"beta": [-0.38046455972987936, -0.16296070292983816, 0.28400606154751823, -0.003283317067036317, -0.00885100419085303, -0.29183577385520215, 0.2275433971917053], "R": [[0.14721877109329956, 1.0170250883784726], [-1.0618306677398395, -0.05755148725200787], [-0.6389683567071774, 0.0385397807064799], [-0.23792987968180154, 25.179377730536647], [-0.006612456549960621, 18.730810247203966], [0.49478048588957924, 4.357104412223306]], "mse": 0.11303673125825804, "vol": 1088.628316455315, "inc": 24, "msevvol": 0.00010383409061626946, "msevinc": 0.004709863802427419}