{"beta": [-0.15426103505138297, -0.07616398112594415, 0.02584144480200184, -0.022745467220251545, -0.044743836214948686, -0.15020815750035232, -0.034814398340566995], "R": [[-1.6923938634770468, 1.6968959665685883], [-1.0618306677398395, 1.5755795222543154], [-1.1934563591118503, 1.4201814656607086], [-0.23792987968180168, 26.016148822943872], [-0.4010273664156827, 18.730810247203966], [-3.1508650991369676, 4.357104412223306]], "mse": 0.5017373238251873, "vol": 88106.46241534615, "inc": 1528, "msevvol": 5.694671083943055e-06, "msevinc": 0.00032836212292224303}