{"beta": [-0.013987148081044821, -0.07998521891095806, 0.09521752291070662, -0.008738646961241332, 0.0020353984021643716, -0.02645269934752452, -0.3414950498031564], "R": [[-1.720185174601965, 1.720185174601965], [-1.13130082502003, 1.4962299892472228], [-1.2772928491263928, 1.3340984998439032], [0.17787964217488628, 26.150966377476646], [-0.9760197726155687, 19.14347425562218], [-3.2618580923840894, 4.1252797458964094]], "mse": 0.08391306729855039, "vol": 91125.89320510931, "inc": 149, "msevvol": 9.208476794809128e-07, "msevinc": 0.0005631749483124187}