{"beta": [0.0835717779634859, -0.5475089487225346, 0.37827671459835466, 0.002902848651039063, -0.21224936619745888, 0.004098718111091182, -0.4858842297165229], "R": [[0.0, 1.720185174601965], [-1.13130082502003, 0.411866244061852], [-1.2772928491263928, 1.3340984998439032], [0.3183408748336971, 26.150966377476646], [-0.9760197726155687, 1.1150541795725155], [0.8288437800843271, 4.1252797458964094]], "mse": 0.06136512975419934, "vol": 1234.3624235310901, "inc": 44, "msevvol": 4.9714029351812754e-05, "msevinc": 0.0013946620398681668}