{"beta": [-0.1860691339745626, -0.016987056930535753, 0.01750652840408033, -0.012782434496903092, -0.02075914673446188, -0.18996199445097978, 0.015813704377617917], "R": [[-0.7225875461918736, 1.6968959665685883], [-1.0618306677398395, 0.8377092755328452], [-1.1934563591118503, 1.4201814656607088], [-0.1269825045045233, 26.016148822943872], [-0.956551151406026, 18.730810247203966], [0.3174982066382517, 4.357104412223306]], "mse": 0.3919465063094797, "vol": 24974.721433646715, "inc": 347, "msevvol": 1.569372885102283e-05, "msevinc": 0.0011295288366267426}