{"beta": [-0.07600909286498773, 0.37772314171254406, 0.1915635184845996, -0.022649556325889116, -0.20487095929500285, -0.09194470689563707, -0.1231246377257983], "R": [[-0.14271666800175814, 1.0170250883784726], [-1.0618306677398395, -0.23938228742557183], [-0.8057507303989612, 1.4201814656607088], [0.19303302020151492, 26.016148822943872], [-0.9565511514060261, 18.730810247203966], [0.3174982066382517, 1.5584741613975446]], "mse": 0.020530695239099592, "vol": 1339.4959293956247, "inc": 6, "msevvol": 1.532718001492021e-05, "msevinc": 0.003421782539849932}