{"beta": [-0.058742207987223426, -0.024670454609824918, 0.09974338272388558, -0.018114691400315387, -0.015077916586284245, -0.02609246616383354, -0.17722998360368214], "R": [[-1.720185174601965, 1.720185174601965], [-1.13130082502003, 1.4962299892472228], [-1.2772928491263928, 1.3340984998439032], [0.007752363814751639, 26.150966377476646], [-0.9760197726155687, 19.14347425562218], [-3.261858092384089, 4.1252797458964094]], "mse": 0.1941634789259044, "vol": 91722.78029662509, "inc": 314, "msevvol": 2.116851215128818e-06, "msevinc": 0.0006183550284264472}