{"beta": [-0.023393059348299352, -0.005984767984629621, 0.2084690599371672, -0.826231115452613, -0.03665255840010958, -0.19157671058929177, 0.18996513868689877], "R": [[0.0, 1.1572751247156892], [-1.13130082502003, -0.5105954653597042], [-1.1114618652995036, 0.1600647930125333], [-0.2382164794883394, 0.4853608265403498], [-0.03814290384134561, 19.14347425562218], [0.5382586922832285, 1.3712692773130444]], "mse": 0.18492019180428027, "vol": 10.560105564028847, "inc": 35, "msevvol": 0.01751120674722974, "msevinc": 0.005283434051550864}