{"beta": [0.19261228064721003, -0.2081891118818878, -0.14436818401614593, -0.36587550477271713, -0.16217194689747202, -0.15441928007994912, -0.3915696911732003], "R": [[0.0, 0.9258200997725514], [-1.03130082502003, -0.5105954653597042], [-1.024651776736573, 0.8234385531142616], [-0.2382164794883394, 0.4853608265403498], [0.05782301312680688, 19.14347425562218], [0.5963757098434482, 1.3712692773130444]], "mse": 0.21170701584996438, "vol": 9.534014857914569, "inc": 15, "msevvol": 0.02220544219880441, "msevinc": 0.014113801056664292}