{"beta": [-0.18936871590555523, -0.1068663631256457, 0.05321095324442158, -0.02332305397090229, -0.04341241409533449, -0.1967563835631204, 0.03704628073329542], "R": [[-1.6923938634770468, 1.6968959665685883], [-1.0618306677398395, 1.5755795222543156], [-1.1934563591118503, 1.4201814656607088], [-0.23792987968180157, 26.016148822943872], [-0.956551151406026, 18.730810247203966], [-0.7855915309255621, 4.357104412223306]], "mse": 0.6463719944726029, "vol": 62102.193380542696, "inc": 1239, "msevvol": 1.0408199119664561e-05, "msevinc": 0.0005216884539730451}