{"beta": [-0.08255330467084625, -0.0579431462701156, 0.121832098565049, -0.007998270024089722, -0.009358878048608073, -0.010521401792823215, -0.502786497935018], "R": [[-1.692393863477047, 1.6968959665685883], [-1.0618306677398395, 1.5755795222543156], [-1.1934563591118503, 1.420181465660709], [0.12738583961463612, 26.016148822943872], [-0.9565511514060261, 18.730810247203966], [-3.1508650991369676, 4.357104412223306]], "mse": 0.04582020535511298, "vol": 89403.20919979454, "inc": 189, "msevvol": 5.125118635586773e-07, "msevinc": 0.00024243494896885177}