{"beta": [-0.15406638679271153, -0.07614109653052051, 0.022264558051191024, -0.02320175825369844, -0.04640827178589323, -0.1500546556326187, -0.03130845165534492], "R": [[-1.6923938634770468, 1.6968959665685883], [-1.0618306677398395, 1.5755795222543156], [-1.1934563591118503, 1.4201814656607086], [-0.23792987968180154, 26.016148822943872], [-0.4010273664156828, 18.730810247203966], [-3.150865099136967, 4.357104412223306]], "mse": 0.4533860790772513, "vol": 88106.46241534616, "inc": 1024, "msevvol": 5.145889037513798e-06, "msevinc": 0.00044275984284887824}