{"beta": [0.033087243702778255, -0.5938585969311373, -2.422553546818744, -1.7518619820838672, -2.063663931037379, -0.811546518466346, 0.6174625735420072], "R": [[0.14721877109329956, 1.0170250883784726], [-1.0618306677398395, -0.25912530996452454], [-0.6389683567071774, 0.22438989321396707], [-0.23792987968180154, 0.38251876231760523], [-0.006612456549960621, 0.7079568998149331], [0.7902509513084586, 1.5584741613975446]], "mse": 1.1929389478027645, "vol": 0.20530872839945166, "inc": 9, "msevvol": 5.810463866308524, "msevinc": 0.13254877197808496}