{"beta": [-0.08171373863237295, 0.11134610223381726, -0.05199493222909925, -0.023789685179287055, -0.07963258278851136, -0.010908286266656816, -0.44941218210399414], "R": [[-1.6923938634770468, 1.6968959665685883], [-1.0618306677398395, 0.28417342138517265], [-1.1934563591118503, 0.1350852936973823], [0.12211488119594649, 26.016148822943872], [-0.2793438230944096, 18.730810247203966], [0.27810214458240123, 1.656964316537171]], "mse": 0.06428153135906384, "vol": 4113.736495846672, "inc": 67, "msevvol": 1.5626069249686757e-05, "msevinc": 0.0009594258411800572}