{"beta": [-0.24776995171947622, 0.12743621846282688, -1.9899568108851222, -0.919782213664642, -1.6993287041634002, -0.3482193179152385, 0.49836710686236396], "R": [[0.14721877109329956, 1.3069605274735303], [-1.0618306677398395, -0.25912530996452454], [-0.6389683567071774, 0.22438989321396707], [-0.23792987968180154, 0.38251876231760523], [-0.006612456549960621, 0.7079568998149331], [0.7902509513084586, 1.440285975229993]], "mse": 0.41928151150474013, "vol": 0.23163036024553527, "inc": 9, "msevvol": 1.8101319320156861, "msevinc": 0.04658683461163779}