{"beta": [-0.05997271759531178, -0.016318647842980517, 0.09717248781668052, -0.018303738068533765, -0.016429428782173246, -0.02662775734243261, -0.1697583587199623], "R": [[-1.720185174601965, 1.720185174601965], [-1.13130082502003, 1.4962299892472228], [-1.2772928491263928, 1.3340984998439032], [0.007752363814751195, 26.150966377476646], [-0.9760197726155687, 19.14347425562218], [-3.2618580923840894, 4.1252797458964094]], "mse": 0.19289245407441838, "vol": 91722.78029662509, "inc": 439, "msevvol": 2.1029939721693737e-06, "msevinc": 0.000439390555978174}