{"beta": [0.13261395110485424, -0.7802498164073697, 0.5106478327164979, 0.005441929838798225, -0.27683450459754494, 0.06099267118882844, -0.6333963001515063], "R": [[0.0, 0.9258200997725514], [-1.13130082502003, 1.4962299892472233], [-1.2772928491263928, 0.7043158204751291], [0.3183408748336971, 26.150966377476646], [-0.9760197726155686, 1.1150541795725155], [0.8288437800843271, 4.1252797458964094]], "mse": 0.02465188748486425, "vol": 858.3707315693032, "inc": 18, "msevvol": 2.8719394287588084e-05, "msevinc": 0.0013695493047146806}