{"beta": [0.07362732122774118, -1.647048788118025, 0.8227085145402937, -0.4599604647689791, -0.2863334828734649, -0.3996362032945987, 0.08465176181560877], "R": [[-0.7225875461918736, 1.0170250883784726], [-1.0618306677398395, 1.5755795222543156], [-1.1934563591118503, 1.420181465660709], [1.1697450905418862, 2.4845213739758085], [-0.9565511514060261, 1.2469659897572498], [-3.1508650991369676, 2.0312269060677512]], "mse": 0.005610207059442183, "vol": 180.03172956692174, "inc": 3, "msevvol": 3.116232384667918e-05, "msevinc": 0.001870069019814061}