{"beta": [0.042941970420117694, -0.7992990318045858, 1.1799449974792529, 0.23863764587786004, -0.21315365052751883, -0.03353325073300714, -0.16778611334721616], "R": [[0.0, 1.3887301496588271], [-1.13130082502003, -0.3685849127250698], [-0.9800410367806225, 1.3340984998439032], [0.3608549611530648, 26.150966377476646], [-0.9760197726155686, 1.1150541795725155], [0.8288437800843271, 1.7587160610478425]], "mse": 0.0273462993312238, "vol": 122.91818131295835, "inc": 6, "msevvol": 0.0002224756259743072, "msevinc": 0.004557716555203967}