{"beta": [-0.18487593377820383, 0.010614343918092137, 0.012838571700422938, -0.015370294144698355, -0.023234320326967293, -0.1502228313305284, -0.026545422558296297], "R": [[-0.7225875461918736, 1.6968959665685883], [-1.0618306677398395, 0.8506275495398143], [-1.1934563591118503, 1.4201814656607088], [-0.1269825045045233, 26.016148822943872], [-0.956551151406026, 18.730810247203966], [0.179611989442777, 4.357104412223306]], "mse": 0.3809856404711951, "vol": 26002.84207303715, "inc": 384, "msevvol": 1.4651692280446777e-05, "msevinc": 0.0009921501053937372}