{"beta": [0.04365372399483053, -1.9302040197200871, 2.273543896421903, -0.2614099662538638, -0.23304127777343067, 0.15850498052622142, 0.08562378801061035], "R": [[0.0, 0.9258200997725514], [-1.13130082502003, -0.3685849127250698], [-0.9800410367806225, 1.3340984998439032], [0.32644326340511154, 26.150966377476646], [-0.9760197726155686, 1.1150541795725155], [0.8288437800843271, 1.7587160610478425]], "mse": 0.12728684989454142, "vol": 82.05479387594494, "inc": 8, "msevvol": 0.0015512420893650754, "msevinc": 0.015910856236817678}