{"beta": [-0.0457329564954267, -0.0445307070592811, 0.10314909862902419, -0.01478109399429358, -0.01645433676215816, -0.0736554609479023, -0.12005242006908835], "R": [[-1.720185174601965, 1.720185174601965], [-1.13130082502003, 1.4962299892472233], [-1.2772928491263928, 1.3340984998439032], [0.007752363814751195, 26.150966377476646], [-0.9760197726155686, 19.14347425562218], [0.20892892610865021, 4.1252797458964094]], "mse": 0.15410795872053998, "vol": 48627.573178127604, "inc": 368, "msevvol": 3.169147638851466e-06, "msevinc": 0.00041877162695798907}