{"beta": [-0.15508904538956095, 0.13834048913674846, -0.02397841684380401, -0.01088749583372877, -0.010135434974513254, -0.21594199799755578, 0.09717042502457136], "R": [[-0.7225875461918736, 1.6968959665685883], [-1.0618306677398395, 0.48672220817368694], [-1.1934563591118503, 1.4201814656607086], [-0.23792987968180154, 26.016148822943872], [-0.9565511514060262, 18.730810247203966], [0.7311568582246827, 4.357104412223306]], "mse": 0.21675873556429828, "vol": 18352.698387221713, "inc": 321, "msevvol": 1.1810728373066881e-05, "msevinc": 0.0006752608584557579}