{"beta": [0.4369693132900805, 0.6621163582672074, -0.27184815980633104, -0.022539177580787047, -0.6960399459955101, 0.3244305490688861, -0.016798805728354578], "R": [[-1.720185174601965, 1.720185174601965], [-1.13130082502003, 1.4962299892472228], [-1.2772928491263928, 1.3340984998439032], [2.7963057438042536, 26.150966377476646], [-0.9760197726155687, 19.14347425562218], [-3.261858092384089, 4.1252797458964094]], "mse": 0.002264125144753662, "vol": 81939.21394229215, "inc": 4, "msevvol": 2.7631765498119516e-08, "msevinc": 0.0005660312861884155}