{"beta": [-0.06708198331032633, 0.012232300225705, 0.031863098990160335, -0.00769675462716968, -0.0103607943771401, -0.003832250198949309, -0.5410407276003597], "R": [[-1.692393863477047, 1.6968959665685883], [-1.0618306677398395, 1.5755795222543156], [-1.1934563591118503, 1.420181465660709], [0.1648362887925252, 26.016148822943872], [-0.9565511514060261, 18.730810247203966], [-3.1508650991369676, 4.357104412223306]], "mse": 0.04199839782332456, "vol": 89273.87933012743, "inc": 120, "msevvol": 4.7044441373515264e-07, "msevinc": 0.0003499866485277047}