{"beta": [-0.07278621985924229, -0.02286615859341709, 0.05144124212724997, -0.0227362427139229, -0.04602866140236423, -0.10244911003261359, -0.0077303144746269075], "R": [[-1.720185174601965, 1.720185174601965], [-1.13130082502003, 1.4962299892472233], [-1.2772928491263928, 1.3340984998439032], [-0.23821647948833946, 26.150966377476646], [-0.9760197726155686, 19.14347425562218], [-0.934039085909002, 4.1252797458964094]], "mse": 0.40561192022167586, "vol": 63410.33113997728, "inc": 2397, "msevvol": 6.3966220161552875e-06, "msevinc": 0.0001692164873682419}