{"beta": [0.10666125016137479, -0.01708786882544939, -0.03206443557136923, 0.003926844140611826, 0.0032802501815942537, -0.18361320997217587, -0.2524367974650599], "R": [[-1.720185174601965, 1.720185174601965], [-1.13130082502003, 1.4962299892472228], [-1.2772928491263928, 1.3340984998439032], [1.2518316835140437, 26.150966377476646], [-0.9760197726155687, 19.14347425562218], [-3.261858092384089, 4.1252797458964094]], "mse": 0.01050904204181612, "vol": 87357.96065154545, "inc": 32, "msevvol": 1.202986191920702e-07, "msevinc": 0.00032840756380675374}