{"beta": [0.0400767801698451, -0.10956160436468258, 0.06741516762216855, -0.00560793596146621, -0.005707207415186932, -0.058918216331444756, -0.3477835366537268], "R": [[-1.6201851746019649, 1.720185174601965], [-1.13130082502003, 1.4962299892472228], [-1.2772928491263928, 1.3340984998439032], [0.5569162898008055, 26.150966377476646], [-0.9760197726155687, 19.14347425562218], [-3.2618580923840894, 4.1252797458964094]], "mse": 0.030665488815074204, "vol": 87185.98369299191, "inc": 57, "msevvol": 3.517249850968777e-07, "msevinc": 0.0005379910318434071}