{"beta": [-0.14941372525841287, -0.03185691517880304, 0.044462643386328944, -0.030019999754478277, -0.04640034237291729, -0.07311510463977916, 0.026169938784601172], "R": [[-1.6201851746019647, 1.7201851746019652], [-1.13130082502003, 1.496229989247223], [-1.2772928491263928, 1.3340984998439032], [-0.2382164794883394, 26.150966377476646], [-0.9760197726155688, 19.14347425562218], [-3.261858092384089, 4.1252797458964094]], "mse": 0.4151869294783379, "vol": 89894.59887579914, "inc": 1789, "msevvol": 4.618597053333222e-06, "msevinc": 0.0002320776576178524}