{"beta": [-0.06877641249243349, -0.046393153751066535, 0.02156935408190047, -0.007607048756959315, -0.013130479270281912, 0.017402928451340675, -0.6250462675019816], "R": [[-1.6923938634770468, 1.6968959665685883], [-1.0618306677398395, 1.5755795222543156], [-1.1934563591118503, 1.4201814656607088], [0.3330088236587143, 26.016148822943872], [-0.956551151406026, 18.730810247203966], [-3.1508650991369676, 4.357104412223306]], "mse": 0.03873367009066179, "vol": 88693.1190857703, "inc": 109, "msevvol": 4.36715615483142e-07, "msevinc": 0.0003553547714739614}