{"beta": [-0.20323791663925025, 0.13889219384186718, -0.15029916991329714, -0.05094329706385963, 0.107258635238463, -0.21615233088551253, -0.29151624241538016], "R": [[-0.1427166680017582, 1.6968959665685883], [-1.0618306677398395, 0.6449101295043076], [-1.1934563591118503, 1.4201814656607086], [0.3250641571014896, 26.016148822943872], [0.85125139352409, 1.7734252885914317], [0.35689426869410235, 2.208509185319079]], "mse": 0.05137721409954579, "vol": 359.98573818275514, "inc": 12, "msevvol": 0.00014272013763351633, "msevinc": 0.004281434508295483}