{"beta": [0.010985303321035648, 0.030171669011279982, 0.014830246387769586, -0.012057984668861479, -0.02523501161300889, -0.10918789417357622, -0.06259856490392599], "R": [[0.0, 1.7201851746019652], [-1.13130082502003, 0.9993287011145273], [-1.2772928491263928, 1.3340984998439032], [-0.2382164794883394, 26.150966377476646], [-0.9760197726155688, 19.14347425562218], [0.5382586922832285, 4.1252797458964094]], "mse": 0.18876642025815207, "vol": 18227.706436932403, "inc": 493, "msevvol": 1.0356016041364343e-05, "msevinc": 0.0003828933473796188}