{"beta": [-0.11354442791289072, -0.012446915301447075, 0.032101204059617, -0.014335507323784228, -0.017234959716244426, -0.15523237467112846, -0.10008571997089714], "R": [[-1.6923938634770468, 1.6968959665685883], [-1.0618306677398395, 0.837709275532845], [-1.1934563591118503, 1.4201814656607086], [-0.23792987968180168, 26.016148822943872], [-0.20325842417057327, 18.730810247203966], [0.179611989442777, 4.357104412223306]], "mse": 0.2892511585655341, "vol": 34942.900129299356, "inc": 528, "msevvol": 8.27782346328487e-06, "msevinc": 0.0005478241639498752}