{"beta": [-0.1967160301304279, -0.05852968011759531, 0.06935854308395147, -0.015479627924585633, -0.029951102547698137, -0.27311454815587827, 0.12829289220551265], "R": [[-1.692393863477047, 1.6968959665685883], [-1.0618306677398395, 1.5755795222543156], [-1.1934563591118503, 1.420181465660709], [-0.11172105259071752, 26.016148822943872], [-0.9565511514060261, 18.730810247203966], [-0.47042303447875744, 4.357104412223306]], "mse": 0.48936127765643966, "vol": 58016.03770953045, "inc": 1054, "msevvol": 8.434931046248457e-06, "msevinc": 0.00046428963724519894}