{"beta": [0.031068135042988058, -0.11803675264263352, 0.11732180341686185, -0.0028150425575152464, 0.045399372568015336, -0.09846866051455296, -0.31775229901152097], "R": [[-1.720185174601965, 1.720185174601965], [-1.13130082502003, 1.4962299892472228], [-1.2772928491263928, 1.3340984998439032], [0.6719811907018842, 26.150966377476646], [-0.9760197726155687, 19.14347425562218], [-3.261858092384089, 4.1252797458964094]], "mse": 0.015728829184542818, "vol": 89392.3508886948, "inc": 46, "msevvol": 1.7595274123763983e-07, "msevinc": 0.0003419310692291917}