{"beta": [-0.072786219859242, -0.02286615859342418, 0.051441242127256974, -0.022736242713922692, -0.04602866140236402, -0.10244911003261455, -0.0077303144746266594], "R": [[-1.7201851746019647, 1.7201851746019652], [-1.13130082502003, 1.496229989247223], [-1.2772928491263928, 1.3340984998439032], [-0.2382164794883394, 26.150966377476646], [-0.9760197726155688, 19.14347425562218], [-0.934039085909002, 4.1252797458964094]], "mse": 0.38758844785608687, "vol": 63410.33113997727, "inc": 1585, "msevvol": 6.1123864343255315e-06, "msevinc": 0.000244535298331916}