{"beta": [-0.05319200942679156, 0.09252189902711148, 0.008251979992471126, -0.005654929929004079, 0.008576747297345545, -0.009955133890997033, -0.5631820527929], "R": [[-1.6923938634770468, 1.6968959665685883], [-1.0618306677398395, 1.5755795222543154], [-1.1934563591118503, 1.4201814656607086], [0.11825260089530676, 26.016148822943872], [0.36059210226214966, 18.730810247203966], [-3.1508650991369676, 4.357104412223306]], "mse": 0.046333581387274426, "vol": 83451.29780725067, "inc": 52, "msevvol": 5.552170260346597e-07, "msevinc": 0.000891030411293739}