{"beta": [-0.0832908024447022, -0.11715761812686198, 0.142077888355122, -0.012578409030302653, -0.03484404817535607, -0.01638852924909063, -0.423073122071186], "R": [[-1.692393863477047, 1.6968959665685883], [-1.0618306677398395, 1.5755795222543156], [-1.1934563591118503, 1.420181465660709], [0.0923287530945518, 26.016148822943872], [-0.9565511514060261, 18.730810247203966], [-3.1508650991369676, 4.357104412223306]], "mse": 0.24443784166971416, "vol": 89524.27392745684, "inc": 160, "msevvol": 2.730408535541842e-06, "msevinc": 0.0015277365104357135}