{"beta": [-0.010049651022826997, -0.0068829654018385455, 0.11351196191692477, -0.011953378116337047, -0.002547782811559686, -0.016535248706625517, -0.25232961586132896], "R": [[-1.720185174601965, 1.720185174601965], [-1.13130082502003, 1.4962299892472228], [-1.2772928491263928, 1.3340984998439032], [0.10686876193617478, 26.150966377476646], [-0.9760197726155687, 19.14347425562218], [-3.2618580923840894, 4.1252797458964094]], "mse": 0.0975932676230443, "vol": 91375.03301490477, "inc": 291, "msevvol": 1.068051790549014e-06, "msevinc": 0.00033537205368743743}