{"beta": [0.09233053872475114, -1.3798425401580048, 1.2922332878244047, -0.23137477401048182, -0.2700564511473753, 0.11036098407450685, -0.2802655227482299], "R": [[0.0, 0.9258200997725514], [-1.13130082502003, -0.3685849127250698], [-1.2772928491263928, 1.3340984998439032], [0.32644326340511154, 26.150966377476646], [-0.9760197726155686, 1.1150541795725155], [0.8288437800843271, 1.8943224353550219]], "mse": 0.06657975014460298, "vol": 106.0981545127875, "inc": 18, "msevvol": 0.0006275297666612894, "msevinc": 0.0036988750080334987}