{"beta": [-0.081808006380651, -0.02165882558741659, 0.04219749879292366, -0.022773844564313438, -0.04470166668201316, -0.11404099687227147, 0.000902728385226471], "R": [[-1.720185174601965, 1.720185174601965], [-1.13130082502003, 1.4962299892472233], [-1.2772928491263928, 1.3340984998439032], [-0.23821647948833946, 26.150966377476646], [-0.9760197726155687, 19.14347425562218], [-1.0502731210294416, 4.1252797458964094]], "mse": 2.2883944057118635, "vol": 64867.13568259447, "inc": 2499, "msevvol": 3.5278178720721575e-05, "msevinc": 0.0009157240519055076}