{"beta": [-0.16275974589166617, -0.08187055855122467, 0.19138196912846706, -0.006530861808397636, -0.013397068587922726, -0.10316556202861468, -0.1718677713172752], "R": [[-0.14271666800175814, 1.6968959665685883], [-1.0618306677398395, 0.3512022016100118], [-1.1934563591118503, 1.4201814656607088], [0.10227290849367954, 26.016148822943872], [-0.9565511514060261, 18.730810247203966], [0.3174982066382517, 4.357104412223306]], "mse": 0.12147883885449605, "vol": 14001.77111027113, "inc": 104, "msevvol": 8.675962340605904e-06, "msevinc": 0.0011680657582163081}