{"beta": [0.09761395170700196, -0.055874175977392214, -0.08209184791533981, 0.3723020555822737, -0.08031904457289257, 0.12342632877575753, 0.06914833079111853, 17.49908817161487, 0.043191951389932086, 0.016243132682756612, 0.09064074205235007, 1.815157816322239], "R": [[-1.39348134574445, 0.18897304514694946], [-1.092348552109554, 0.7835342245958757], [-3.013722095571801, 0.006268466432424513], [-0.9884801809281367, 1.102602736603293], [-2.982577280579566, 0.0014600123116923491], [-1.2105686238760485, 0.5245473970931662], [-1.2883164539645324, 0.6525396730089077], [-0.21340330868756002, 8.918084865187856], [-0.25036706077527937, 6.750392678051216], [-1.9964714169067956, 0.445843566271675], [-1.3401336114715119, 1.768791932764223]], "mse": 0.5392317528671507, "vol": 91440.49660812122, "inc": 38, "msevvol": 5.897078131345792e-06, "msevinc": 0.014190309285977651}