{"beta": [0.363620979984713, -0.641048200608522, -0.11526449818135341, 0.21274034974323908, 0.026231216638275184, 0.08405469525531417, -0.09652725885162666, 0.004708509701233913, -0.12843777496341358, -0.08609869207042704, -0.08252073438627924, -0.18348502651937898], "R": [[-1.1486865614333561, 0.8225202901239119], [-0.8824063036780065, 0.4911848577472884], [-0.7980294713368424, 0.8184355340571313], [-0.8213254062689033, 2.108488833039723], [-1.2635964208025436, 5.041763475283599], [-0.8592196038470401, 1.4635991089389775], [-0.9395076438021857, 0.6838233715080582], [-0.6117999790190289, 1.953888317691431], [-0.9041149963561597, 1.206053990952793], [-1.8365757495016346, 2.078781219365068], [-1.1946538235091722, 0.35835465168131964]], "mse": 0.9161196210610015, "vol": 10036.786388117447, "inc": 99, "msevvol": 9.127618997108434e-05, "msevinc": 0.009253733546070722}