{"beta": [-0.07607448727878034, 0.09209814709399358, 0.286231267691341, 0.13931658803860505, -0.1219130697091555, -0.025416330921561783, -0.027953792330958148, 0.01921015414019264, 0.3441637818014408, -0.26129516391258445, 0.24645868847575736, 0.029308127896581996, 0.031083817425949917, -0.049830765224736485, 0.16019862189666814, -0.09532880294901305, 0.05380961181479479, -0.08207897140219612, 0.030924362540971376, 0.2509648193817872, -0.006128860651238218, -0.07766253377376497, -0.11021838270340038, 0.21844748649836887, -0.11388422283186869, 0.10588766256116318, -0.12651763678993522, -0.27307235331775287], "R": [[-0.1, 1.1], [-0.1, 1.1], [-0.1, 1.1], [-0.1, 1.1], [-0.1, 1.1], [-0.1, 1.1], [-0.1, 1.1], [-0.1, 1.1], [-0.1, 1.1], [-0.1, 1.1], [-0.1, 1.1], [-0.1, 1.1], [-0.1, 1.1], [-0.1, 1.1], [-0.1, 1.1], [-0.1, 1.1], [-0.1, 1.1], [-0.1, 1.1], [-0.1, 1.1], [-0.1, 1.1], [-2.4981993196613552, 3.7962268675753306], [-2.048731692570825, 3.70956534419748], [-2.7506561756272165, 2.221574435698607], [-2.5468817033043174, 3.9147135853931747], [-1.7919422551589224, 3.079874271543797], [-1.335654730362813, 5.625192628894896], [-3.311921066360926, 2.377114349452829]], "mse": 0.8133263063471997, "vol": 8613066.854051575, "inc": 482, "msevvol": 9.442935021044358e-08, "msevinc": 0.0016873989758240658}