{"beta": [-0.5218762557722648, -0.26579390095167205, 0.09033723341228991, 0.14558315200576888, -0.3539291222527937, 0.46107463484806965, -0.0873080227775526, -0.1570030603266667, -0.6183574879227053, 0.29573295690835183, 0.6411737996693501, -0.6666666666666669], "R": [[-1.39348134574445, -0.07476935333494972], [-1.2424191742459882, 0.7835342245958757], [-1.4088225540567385, 0.006268466432424513], [-0.9884801809281367, -0.01588347509956467], [-1.8911894611481956, -0.08866615309115944], [-1.2105686238760485, 0.8799326062073435], [-1.2883164539645324, 1.1784985664298906], [-0.21340330868756002, 8.918084865187856], [-0.25036706077527937, 6.750392678051216], [-0.8070931365636742, 0.6233274830722177], [-1.2297278617165706, 0.772630963384411]], "mse": 3.89371838983896, "vol": 6258.307232705078, "inc": 9, "msevvol": 0.0006221679832992071, "msevinc": 0.43263537664877333}