{"beta": [-0.05072137085170541, -0.1216586342125212, 1.6956375876947696, -0.18386848431127825, -0.020924272254693822, -0.42237419808918664, -0.11142882834426054, -0.029278435487461788, 0.5193079503584174, -0.07451361903911952, 0.3667719691800968, 0.08169059823673518, 0.0005951082207262219, -0.012684117567498874, -0.13409718346112848, -0.11279279429527873, -0.11652717795316207, -0.18106838132849848, 0.3910509678347611, 0.10425103188009903, 0.17104018771502794, 0.17105387841297948, -0.17202815320821274, 0.040112472067248245, 0.09034813884287558, 0.18986679768034412, -0.1132042408153878, -0.04337842267007838], "R": [[-0.10000000000000002, 1.0], [-0.10000000000000002, 1.1], [-0.1, 1.1], [-0.09999999999999998, 1.1], [-0.1, 1.1], [-0.1, 1.0], [-0.1, 1.0], [-0.1, 1.1], [-0.1, 1.1], [-0.1, 1.0], [0.0, 1.1], [-0.09999999999999998, 1.1], [-0.10000000000000002, 1.0], [-0.1, 1.0], [-0.1, 1.1], [-0.09999999999999998, 1.1], [-0.09999999999999998, 1.1], [-0.09999999999999998, 1.1], [-0.09999999999999998, 1.1], [-0.1, 1.0], [-2.059620087037095, 0.987593006581248], [-2.048731692570825, 0.8304168258133274], [-1.338292871291459, 0.5705995439071365], [-2.5468817033043174, 0.3708361019655214], [-1.7919422551589224, 0.3102647083728297], [-1.335654730362813, 1.2433226346983473], [-1.427984621655857, 0.21872606852267074]], "mse": 0.722879803652457, "vol": 8337.740447376254, "inc": 62, "msevvol": 8.669972496924332e-05, "msevinc": 0.011659351671813822}