{"beta": [0.055456377802641066, 0.1028794722520785, 0.08653059396085215, 0.1631309145782927, -0.08260774126320562, -0.03341851325567536, -0.030706640633804766, 0.008438985333451592, -0.2146795674401275, 0.02316744959136965, 0.3052919471559293, -0.09836573898411957], "R": [[-0.8659965487806494, 0.9802002405926492], [-1.2424191742459882, 2.534311068096654], [-3.013722095571801, 10.965817738591115], [-2.4014857337967093, 5.238879065791867], [-2.982577280579566, -0.08866615309115944], [-1.6809314006448117, 0.7022400016502545], [-1.2883164539645324, 0.8851753374066502], [-0.21340330868756002, 8.918084865187856], [-0.25036706077527937, 6.750392678051216], [-3.4045536263392084, 8.738392508636064], [-2.3133427231696846, 2.0322601992248783]], "mse": 0.8595178364056426, "vol": 37658259.5322953, "inc": 143, "msevvol": 2.282415191462924e-08, "msevinc": 0.006010614240598899}