{"beta": [0.21365723752883506, -1.1289363019957086, 0.340989137647873, 0.6836684599062093, -0.21585034641672693, -0.28448555423003624, 0.6387151930046239, -2.4944366800348696, 1.8055496529183312, 0.06633786537356945, -0.10144773608709286, 0.022482544566099046], "R": [[-0.6022541502987503, 0.9802002405926492], [-0.717171996768468, 0.33332235818657263], [-0.8675441705763208, 1.1179523212935516], [-2.4014857337967093, 0.6649342189804359], [-1.8911894611481954, -0.08866615309115944], [-1.2523786484777164, 0.7858600508535902], [-0.8039618780030449, 0.2884142852559197], [-0.21340330868756002, 8.918084865187856], [-0.25036706077527937, 6.750392678051216], [-0.5085407053179019, 1.293956543595065], [-0.7429388741606926, 1.0712283320398208]], "mse": 10.68365436868413, "vol": 8491.266763945752, "inc": 14, "msevvol": 0.0012581932314324807, "msevinc": 0.7631181691917235}