{"beta": [-0.03254318562655322, 0.09005015481866424, 1.8274528223796527, -0.10493189702625196, -0.75835583539149, -0.13371525743168702, -0.003025171278391282, -0.20493045577989133, -0.1298098668498363, -0.3743129287047277, 0.45080947984228464, 0.10909875203447628, -0.09512286545523128, -0.0835444067760704, -0.19836915735731056, -0.24640429017934695, -0.21853459474812736, -0.051787218332522894, 0.3322079496933346, 0.22357908623828485, 0.14934719727013784, 0.08282439147465029, -0.08130831151344578, 0.03617804907917006, 0.22668860702489643, 0.20132934652943635, -0.22309162049594117, -0.09162381359492407], "R": [[-0.10000000000000002, 1.0], [-0.10000000000000002, 1.0], [-0.1, 1.1], [-0.09999999999999998, 1.1], [-0.1, 1.1], [-0.1, 1.1], [-0.1, 1.0], [-0.1, 1.1], [-0.1, 1.1], [-0.1, 1.1], [0.0, 1.1], [-0.09999999999999998, 1.1], [-0.10000000000000002, 1.0], [-0.1, 1.0], [-0.1, 1.0], [-0.09999999999999998, 1.1], [0.0, 1.1], [-0.09999999999999998, 1.1], [-0.09999999999999998, 1.1], [-0.1, 1.1], [-2.4981993196613552, 0.987593006581248], [-2.048731692570825, 0.8304168258133274], [-1.338292871291459, 0.4512936079557246], [-2.5468817033043174, 0.24560431562202367], [-1.6919422551589223, 0.1851269645946958], [-0.8976123623999275, 5.625192628894896], [-1.427984621655857, 0.21872606852267074]], "mse": 0.7746563136885133, "vol": 19326.69961677945, "inc": 88, "msevvol": 4.0082183148123044e-05, "msevinc": 0.008802912655551288}