{"beta": [0.24779788367893335, -0.001138106681806572, 0.1010469135425396, 0.5141908916293381, -0.24681549119551657, -0.010234185896340932, -0.47402588832694625, 0.013938537537278962, -0.26068856519499245, 0.19018625764534866, 0.15655133208826427, -0.2554101292083196], "R": [[-0.6022541502987503, 0.9802002405926492], [-0.9422779299731195, 0.7835342245958757], [-1.4088225540567385, 1.2660150181200334], [-2.4014857337967093, 0.42178504252329274], [-1.8911894611481954, -0.08866615309115944], [-1.283736166928967, 0.7022400016502545], [-1.2883164539645324, 0.40978941450691586], [-0.21340330868756002, 8.918084865187856], [-0.25036706077527937, 6.750392678051216], [-1.1655422658088552, 0.8960624687762664], [-0.7429388741606926, 1.0712283320398208]], "mse": 1.4773746776773145, "vol": 29975.318532087924, "inc": 41, "msevvol": 4.928637125559874e-05, "msevinc": 0.03603352872383694}