{"beta": [-0.25991290697945596, 0.12492554159642083, 0.30414510056717475, 0.01294915005781526, 0.06449030112824158, -0.11226253610325751, -0.09211424949536615, -6.685543641134549, 4.725806451612903, -0.10905322333657651, 0.28042529098590735, -0.12381809995497572], "R": [[-1.129738947262551, 0.4527154436288509], [-2.1678075959963774, 0.4083576692547899], [-3.013722095571801, 0.006268466432424513], [-2.4014857337967093, 5.238879065791867], [-2.982577280579566, -0.2689184838968631], [-3.0143271263940123, 0.46183236019066487], [-1.2883164539645324, 1.1784985664298906], [-0.21340330868756002, 8.918084865187856], [-0.25036706077527937, 6.750392678051216], [-3.4045536263392084, 0.44584356627167493], [-1.1695065436684207, 0.3034065269259105]], "mse": 37.96707767240783, "vol": 793570.4789018383, "inc": 26, "msevvol": 4.784335945176234e-05, "msevinc": 1.460272218169532}