{"beta": [0.5414605916453292, -0.4470706059318322, 0.1960166584987128, -0.9308846488469902, 0.7960514603427761, 0.5104532318173479, 0.6531356146746775, 0.14206747274289128, 0.11398751231106614, 0.5359647993140149, -0.3462550442312244, -0.17381203367671824], "R": [[-1.1486865614333561, 0.25931833253612246], [-1.4318427682481245, 0.3538257416047589], [-1.4017093035981716, 0.6787410274181462], [-1.726904352964297, 0.5104083388713812], [-1.353529172919734, 0.4451258694240753], [-1.103168601080275, 0.9438816800507817], [-0.9395076438021857, 0.47463354898305987], [-0.6117999790190289, 1.953888317691431], [-0.9041149963561594, 1.206053990952793], [-0.6362367172139991, 0.80985921473374], [-1.3692255791145267, 0.668956346719418]], "mse": 1.1764445427037358, "vol": 972.3427602583963, "inc": 21, "msevvol": 0.0012099072372288762, "msevinc": 0.05602116870017789}