{"beta": [0.07382507245456384, -0.010653136005598387, 0.07510005778831101, -0.020830818410981288, 0.035595709557069206, 0.0516748558041796, 0.023586676405121465, 0.025755728849121137, -0.03589374674751354, 0.007584766236052763, 0.23659848860607074, -0.012434318299504605], "R": [[-1.8118885190211482, 2.048924205299496], [-2.0125996747469777, 2.308173809528907], [-2.521978111015047, 24.050349106616267], [-2.306328501214799, 5.670996570404462], [-4.241444488552639, 5.041763475283599], [-3.1759735352273033, 9.29572167341846], [-0.9395076438021857, 15.110644293668837], [-0.6117999790190289, 2.053888317691431], [-1.0041149963561595, 1.206053990952793], [-4.1498813091984434, 3.3012268919967234], [-1.8909183913560328, 3.296846054511241]], "mse": 1.012312373087957, "vol": 1496462358.7829792, "inc": 872, "msevvol": 6.764703215864617e-10, "msevinc": 0.0011609086847338957}