{"beta": [0.4893845032491642, -0.505981031239828, 0.03318901476086229, -0.8644907757435408, 0.7818680381374853, 0.414071284224959, 0.5372382025795382, 0.15007349700682598, 0.191558344498144, 0.42071575234797326, -0.14360859479798635, -0.34473046163052373], "R": [[-1.1486865614333561, 0.25931833253612246], [-1.4318427682481245, 0.4225052996760237], [-2.521978111015047, 0.6787410274181462], [-1.726904352964297, 0.5104083388713812], [-1.353529172919734, 0.4451258694240753], [-1.103168601080275, 0.9438816800507817], [-0.9395076438021857, 0.47463354898305987], [-0.6117999790190289, 1.953888317691431], [-0.9041149963561594, 1.206053990952793], [-0.7220969655110492, 0.80985921473374], [-1.3692255791145267, 0.668956346719418]], "mse": 1.7255256792223204, "vol": 1645.6946397252432, "inc": 24, "msevvol": 0.0010485090232234125, "msevinc": 0.07189690330093002}