{"beta": [-0.037140018247787475, 0.1571278195408002, 0.6477627651541175, -0.31432995775757727, 0.32373432192811186, 0.046078058441356685, 1.0048332620076714, 2.8196786853894436, -3.69369284610857, -0.06443282007355405, 0.7951635854425633, 0.756330951785982], "R": [[-1.6572237442263515, 0.18897304514694935], [-1.5425604185188573, 0.48339298032300704], [-3.013722095571801, 0.1640401925590041], [-2.4014857337967093, -0.06451331039099328], [-1.4405586341339367, 0.0014600123116923491], [-1.1374010808231299, 0.19006720027982427], [-1.2883164539645324, 22.438229432520206], [-0.21340330868756002, 8.918084865187856], [-0.25036706077527937, 6.750392678051216], [-1.0073912605870683, 0.4448599507937797], [-1.2297278617165706, -0.12567036416715716]], "mse": 31.625154803875184, "vol": 129310.01359396407, "inc": 23, "msevvol": 0.0002445684902886081, "msevinc": 1.375006730603269}