{"beta": [-0.1688641048885004, 0.11490113520377342, 1.6699814538418978, 0.14726754216205434, -0.4668457548407268, 0.012534076263870061, -0.0037456920861338523, 0.2585941189523632, 0.5521656529172997, -0.05719416026105107, 0.2113971062164806, 0.06434670126214304, 0.18360172713795964, -0.01194122883495048, 0.27327140527758065, -0.1660362875852565, -0.058114366296094476, -0.10551461927818473, 0.17622289268446684, 0.15705404446360918, 0.12002001877327277, -0.02068961118854663, -0.07447339536713464, 0.19327722914836884, -0.13605515588733713, 0.19632409766918169, -0.10472109000381058, -0.32305552833911877], "R": [[-0.1, 1.1], [-0.09999999999999998, 1.1], [-0.1, 1.1], [-0.09999999999999998, 1.1], [-0.1, 1.1], [-0.09999999999999998, 1.1], [-0.10000000000000003, 1.0], [-0.1, 1.1], [-0.1, 1.1], [-0.1, 1.1], [-0.09999999999999998, 1.1], [-0.09999999999999998, 1.0], [-0.10000000000000003, 1.1], [-0.09999999999999999, 1.0], [-0.1, 1.0], [-0.09999999999999998, 1.1], [-0.09999999999999998, 1.1], [-0.09999999999999998, 1.1], [-0.09999999999999998, 1.1], [-0.09999999999999998, 1.1], [-2.4981993196613552, 3.7962268675753306], [-2.048731692570825, 0.4333956089013057], [-2.2927389366672015, 0.5705995439071365], [-2.5468817033043174, 3.9147135853931747], [-1.066252561651377, 1.1445178186908664], [-1.335654730362813, 1.356003424019309], [-3.3119210663609264, 0.21872606852267085]], "mse": 0.7199602246046551, "vol": 164392.1865629326, "inc": 113, "msevvol": 4.379528246794382e-06, "msevinc": 0.006371329421280134}