{"beta": [0.34389212645578215, 0.15608039746330543, -0.18098345656399442, -0.050301828142044966, 0.4697723136524899, 0.37921863396582056, 0.39188460100813893, 0.015018038749531087, 0.06731632172922959, 0.09502770610684715, 0.21308395865976154, -0.31530493521313696], "R": [[-0.5854846038455668, 0.5409193113300172], [-0.40164939717915327, 1.1779804384599357], [-2.521978111015047, -0.019731505776780733], [-0.5549786572408464, 5.670996570404462], [-0.45420165174782945, 0.8947896300100278], [-0.5622382159109282, 1.145404764721714], [-0.9395076438021857, 0.8393747780010057], [-0.6117999790190289, 2.053888317691431], [-1.0041149963561595, 1.1060539909527929], [-1.3341471705956274, 3.3012268919967234], [-0.6097250839483739, 2.83636671501447]], "mse": 1.1474661569191915, "vol": 10206.543011563173, "inc": 32, "msevvol": 0.0001124245648716913, "msevinc": 0.035858317403724735}