{"beta": [-0.12274724991865613, 0.11880046401860689, 1.3175225293853647, 0.03107600083025484, 0.171328316179927, -0.1556170022266896, -0.13089905679902092, 0.31971267675109466, 0.5396639584152038, -0.23615588537504256, 0.1982117604946456, 0.07579149213118368, 0.10371823119923732, -0.11778176551058868, -0.5213485061825288, -0.09802187597699377, -0.13323557465686361, 0.056327997382658514, 0.30274394015932465, 0.037954990998898104, -0.04099522860019527, -0.06919356706722578, -0.17838473398406665, 0.0843619860518098, -0.1323544261957804, 0.19450381500059966, -0.04200882106989476, -0.27096578678896743], "R": [[-0.09999999999999999, 1.1], [-0.1, 1.1], [-0.1, 1.1], [-0.10000000000000003, 1.1], [-0.1, 1.1], [-0.1, 1.1], [-0.10000000000000003, 1.1], [-0.1, 1.1], [-0.1, 1.1], [-0.1, 1.1], [-0.10000000000000009, 1.1], [-0.09999999999999998, 1.1], [-0.10000000000000003, 1.1], [-0.10000000000000002, 1.1], [-0.1, 1.1], [-0.1, 1.1], [-0.09999999999999998, 1.1], [-0.09999999999999998, 1.1], [-0.09999999999999998, 1.1], [-0.09999999999999999, 1.0], [-1.3824616217885743, 0.3104345413327273], [-2.048731692570825, 1.3068422861077535], [-1.338292871291459, 2.221574435698607], [-2.5468817033043174, 0.8091477273879263], [-1.7919422551589226, 0.5605407528530265], [-1.335654730362813, 0.679918688093538], [-3.311921066360926, 0.7676297409728486]], "mse": 0.7382016223822143, "vol": 46135.00087129674, "inc": 127, "msevvol": 1.6000901884484245e-05, "msevinc": 0.0058126111998599555}