{"beta": [0.22330747922102762, -0.6174409710692508, 0.1651600696311991, 0.08648061432368603, 0.004497460536100673, 0.02579770417991762, -0.03667045039772971, -0.07404377017299243, -0.09041839324399414, -0.046221153002797256, 0.2860476275477877, -0.07581380398171986], "R": [[-1.1486865614333561, 1.1041212689178093], [-0.8824063036780065, 0.4911848577472884], [-0.7980294713368424, 0.8184355340571313], [-0.8213254062689033, 5.670996570404462], [-1.2635964208025436, 1.3444533905959801], [-0.8592196038470401, 1.4635991089389775], [-0.9395076438021857, 0.6838233715080582], [-0.6117999790190289, 1.953888317691431], [-0.9041149963561597, 1.206053990952793], [-0.6362367172139991, 2.078781219365068], [-0.9951432456744814, 0.12937092030286756]], "mse": 0.8546863569640591, "vol": 5278.919493437397, "inc": 36, "msevvol": 0.0001619055486689238, "msevinc": 0.02374128769344609}