{"beta": [-0.3237988187398456, 0.197663922508322, 0.7164379220922156, -0.2379900856955198, 0.3288645224624463, -0.3047635410195946, 0.6465212357764072, 4.390977527227629, -3.803921568627451, 0.16436222956698268, 0.515630417592042, 0.18587360594795593], "R": [[-1.6572237442263515, 0.18897304514694935], [-1.0173132410413366, 0.48339298032300704], [-3.013722095571801, 0.1640401925590041], [-2.4014857337967093, -0.06451331039099328], [-1.4405586341339367, 0.0014600123116923491], [-1.1374010808231299, 0.6186199524469197], [-1.2883164539645324, 22.438229432520206], [-0.21340330868756002, 8.918084865187856], [-0.25036706077527937, 6.750392678051216], [-1.0073912605870683, 0.4147479755632145], [-1.2297278617165706, -0.12567036416715716]], "mse": 33.82491539300266, "vol": 124080.72454680035, "inc": 22, "msevvol": 0.00027260410927278794, "msevinc": 1.5374961542273937}