{"beta": [0.0738250724545632, -0.010653136005598293, 0.07510005778831073, -0.020830818410982162, 0.03559570955706992, 0.051674855804179846, 0.023586676405121323, 0.025755728849121466, -0.03589374674751398, 0.0075847662360528185, 0.23659848860607163, -0.012434318299504634], "R": [[-1.8118885190211482, 2.048924205299496], [-2.0125996747469777, 2.308173809528907], [-2.521978111015047, 24.050349106616267], [-2.306328501214799, 5.670996570404462], [-4.241444488552639, 5.041763475283599], [-3.1759735352273033, 9.29572167341846], [-0.9395076438021857, 15.110644293668837], [-0.6117999790190289, 2.053888317691431], [-1.0041149963561595, 1.206053990952793], [-4.1498813091984434, 3.3012268919967234], [-1.8909183913560328, 3.296846054511241]], "mse": 0.9172102333502813, "vol": 1496462358.7829792, "inc": 1308, "msevvol": 6.129190139444713e-10, "msevinc": 0.0007012310652525087}