{"beta": [0.05665267535233559, 0.011380748170037059, 0.031145644992725062, 0.05534358910858525, -0.00016878402901097489, 0.014159229273139022, 0.08321611225537752, -0.006877546203831395, -0.005264707655658822, -0.003934642574477842, 0.2910593409839177, -0.04502333962385616], "R": [[-1.7572237442263516, 0.18897304514694946], [-2.1678075959963774, 2.534311068096654], [-3.013722095571801, 10.965817738591115], [-2.4014857337967093, 5.238879065791867], [-2.982577280579566, 5.4189037710799495], [-3.014327126394013, 9.279222489638407], [-1.2883164539645324, 22.438229432520206], [-0.21340330868756002, 8.918084865187856], [-0.25036706077527937, 6.750392678051216], [-4.7899245497589265, 8.738392508636064], [-2.3133427231696846, 3.672922252623378]], "mse": 0.8174495599394737, "vol": 12400563491.316868, "inc": 581, "msevvol": 6.592035599929543e-11, "msevinc": 0.00140696998268412}