{"beta": [-0.08357177843636653, 0.3909106039556976, 0.33780185113228806, 0.1314987629136989, 0.3158783220727268, -0.005834488405014208, 0.1932575600153345, -1.0573963928079082, 0.6666666666666666, -0.1308897592943149, 0.24573853022487724, 0.52760967344577], "R": [[-1.129738947262551, 0.4527154436288509], [-1.0173132410413366, 0.4083576692547899], [-3.013722095571801, 0.006268466432424513], [-2.4014857337967093, -0.06451331039099328], [-1.8010632957453439, -0.2689184838968631], [-3.0143271263940123, 0.28413975563357674], [-1.2883164539645324, 1.1784985664298906], [-0.21340330868756002, 8.918084865187856], [-0.25036706077527937, 6.750392678051216], [-2.8227265792507708, 0.36264929055483325], [-1.1695065436684207, 0.21809299302436502]], "mse": 1.436867181245319, "vol": 56087.97449784481, "inc": 17, "msevvol": 2.5618097178754977e-05, "msevinc": 0.08452159889678347}