{"beta": [0.2016456705818739, -1.0434214961535957, 0.27740383084292997, 0.692385831190431, -0.4469786420210233, -0.30252944827984063, 0.46275919672965204, -14.06535786414285, 10.236271565539852, 0.10517317991725826, -0.02836371813623643, -0.3031595200258075], "R": [[-0.6022541502987503, 0.9802002405926492], [-0.717171996768468, 0.33332235818657263], [-0.8675441705763208, 1.1179523212935516], [-2.4014857337967093, 0.6649342189804359], [-1.8911894611481954, -0.08866615309115944], [-1.2523786484777164, 0.7858600508535902], [-0.8039618780030449, 0.40978941450691586], [-0.21340330868756002, 8.918084865187856], [-0.25036706077527937, 6.750392678051216], [-0.5085407053179019, 1.293956543595065], [-0.7429388741606926, 1.0712283320398208]], "mse": 295.6547027776658, "vol": 9434.740848828613, "inc": 16, "msevvol": 0.03133681226807341, "msevinc": 18.478418923604114}