{"beta": [-0.02980659434993521, 0.2526134578222317, 1.8575712922917305, -0.03205688428989831, -1.1129904365713534, -0.07276893247897549, 0.04723796408067009, 0.19357083220208943, 0.02024085484610748, -0.383990495217555, 0.15130361405496773, 0.12162678500785182, 0.14052416151712904, 0.040261734898697936, 0.06771061980249078, -0.10615804023609202, -0.09499207474603749, -0.0014943005572414646, 0.3025401540533034, 0.22645822024631748, -0.1350923464026033, -0.09914539300579867, -0.1811583662558097, 0.2628612622646032, -0.056621548140103416, 0.20724272981638217, -0.11821286496889995, -0.37376264895938777], "R": [[-0.09999999999999999, 1.1], [-0.1, 1.1], [-0.1, 1.1], [-0.10000000000000003, 1.1], [-0.1, 1.1], [-0.1, 1.0], [-0.10000000000000003, 1.0], [-0.1, 1.1], [-0.1, 1.1], [-0.1, 1.1], [-0.10000000000000009, 1.1], [-0.09999999999999998, 1.0], [-0.10000000000000003, 1.0], [-0.10000000000000002, 1.0], [-0.1, 1.1], [-0.1, 1.1], [-0.09999999999999998, 1.1], [-0.09999999999999998, 1.1], [-0.09999999999999998, 1.1], [-0.09999999999999999, 1.0], [-2.4981993196613557, 0.3104345413327273], [-0.9164765285995684, 0.5922040956661143], [-1.338292871291459, 2.221574435698607], [-1.3197945065523493, 1.9362349241398942], [-1.5250916052491186, 0.3102647083728297], [-1.335654730362813, 1.4686842133402709], [-3.311921066360926, 0.7676297409728486]], "mse": 0.6879968104013391, "vol": 23456.94054646732, "inc": 87, "msevvol": 2.93302022503081e-05, "msevinc": 0.00790800931495792}