{"beta": [0.05561923851623948, 0.08183572690633081, -0.07392911138667689, -0.00027225661134949237, 0.11329485498421128, 0.1783890271528587, 0.2677923811698243, 0.0640016068562729, -0.02666733438371245, 0.060171078778639676, 0.2025162417106207, -0.05934086707404694], "R": [[-1.4302875402272535, 1.385722247711704], [-0.745047187535477, 2.308173809528907], [-2.521978111015047, 0.13243572466925668], [-0.5549786572408464, 5.670996570404462], [-0.45420165174782945, 2.1538481596506944], [-3.1759735352273033, 0.9226687237696303], [-0.9395076438021857, 0.5604550146343412], [-0.6117999790190289, 2.053888317691431], [-1.0041149963561595, 1.1060539909527929], [-0.5578537664961956, 3.3012268919967234], [-1.3646912478001019, 3.296846054511241]], "mse": 1.1469953426874178, "vol": 230538.98928674238, "inc": 99, "msevvol": 4.975277050689222e-06, "msevinc": 0.01158581154229715}