{"beta": [0.22478833358423578, -0.20786253183166722, 0.058883225504882536, -0.050831801246994095, -0.06491781817813043, 0.2985365897010303, 0.023951622962636296, -0.024775798688810583, 0.04929740408406146, -0.12593297630014086, 0.17515344558970897, -0.03568130675385793], "R": [[-1.8118885190211484, 0.25931833253612246], [-1.4318427682481245, 0.4225052996760237], [-2.521978111015047, 0.6787410274181462], [-1.726904352964297, 0.5104083388713812], [-1.893125685622877, 0.4451258694240753], [-3.1759735352273033, 0.9438816800507817], [-0.9395076438021857, 15.110644293668837], [-0.6117999790190289, 1.953888317691431], [-0.9041149963561594, 1.206053990952793], [-4.1498813091984434, 0.80985921473374], [-1.3692255791145267, 0.668956346719418]], "mse": 0.8574896825649656, "vol": 232736.4193426511, "inc": 45, "msevvol": 3.684381176727259e-06, "msevinc": 0.01905532627922146}