{"beta": [-0.23946891768262668, -0.283030624121603, 0.33620653498676545, -0.15255665500048304, -0.1527218106731389, -0.1490879245735671, -0.336044209303984, -0.014416003720712986, 0.20412787225061724, -0.6425339208386904, 0.13798698795913464, 0.12409197597650534, 0.0876969906808366, 0.25924930371081195, 0.04787382776136005, 0.2272111083762652, -0.18511595757967492, -0.07507243439243742, 0.04985149339825177, 0.014340608373237378, -0.012127352827128499, -0.060421242739527335, -0.19018891270936347, 0.21308334612056845, 0.016028675795819822, 0.11607614605423251, -0.10730763518934791, 0.2969357824511004], "R": [[-0.1, 1.0], [-0.1, 1.0], [-0.1, 1.1], [-0.10000000000000003, 1.0], [-0.1, 1.1], [-0.09999999999999999, 1.1], [-0.09999999999999998, 1.0], [-0.1, 1.0], [-0.1, 1.0], [-0.1, 1.1], [-0.09999999999999998, 1.1], [-0.1, 1.1], [-0.09999999999999998, 1.1], [-0.1, 1.1], [-0.1, 1.1], [-0.1, 1.1], [-0.09999999999999998, 1.1], [-0.09999999999999998, 1.1], [-0.10000000000000003, 1.0], [-0.1, 1.0], [-2.4981993196613552, 3.7962268675753306], [-2.048731692570825, 0.5127998522837101], [-1.338292871291459, 2.221574435698607], [-1.9459539981000822, 3.914713585393175], [-1.7919422551589221, -0.023436312984813412], [-1.335654730362813, 0.6799186880935381], [-1.5652103761823983, 2.377114349452829]], "mse": 0.8349166091396025, "vol": 90346.37374955446, "inc": 179, "msevvol": 9.241285228049563e-06, "msevinc": 0.004664338598545266}