{"beta": [-0.37029082976988204, 0.4823222532553023, 0.2404988070913643, -0.05008263870684533, -0.20704085097020547, -0.10387945829313547, 0.29502532055792174, 3.069629250150178, -0.7272727272727273, 0.5676952571944014, 0.22525460628284694, 0.08108434016052006], "R": [[-1.129738947262551, 0.18897304514694946], [-1.092348552109554, 0.3333223581865727], [-3.013722095571801, 0.006268466432424513], [-1.57203820442528, -0.06451331039099328], [-1.8010632957453439, 0.0014600123116923491], [-1.1060435623718787, 0.5245473970931662], [-1.2883164539645324, 0.19738293831767278], [-0.21340330868756002, 8.918084865187856], [-0.25036706077527937, 6.750392678051216], [-0.9830106838270084, 0.5669052510062818], [-1.2297278617165706, 0.38621083924211663]], "mse": 2.7136788971258317, "vol": 5984.335686023481, "inc": 15, "msevvol": 0.0004534636824374133, "msevinc": 0.18091192647505544}