{"beta": [0.05702850877861569, -0.06930815004505034, 0.04990308338641326, 0.00776505207742509, 0.005845545358369464, 0.0400484506398939, 0.036911796616767224, 0.037492649828419336, -0.005737660582255061, -0.052718623736849185, 0.23031671042432142, -0.05060628400434384], "R": [[-1.8118885190211482, 2.048924205299496], [-2.0125996747469777, 2.308173809528907], [-2.521978111015047, 24.050349106616267], [-2.306328501214799, 5.670996570404462], [-4.241444488552639, 5.041763475283599], [-3.1759735352273033, 9.29572167341846], [-0.9395076438021857, 15.110644293668837], [-0.6117999790190289, 2.053888317691431], [-0.9041149963561594, 1.1060539909527929], [-4.1498813091984434, 3.3012268919967234], [-1.890918391356033, 3.296846054511241]], "mse": 0.9032250958868859, "vol": 1361046255.5460012, "inc": 565, "msevvol": 6.636255690843847e-10, "msevinc": 0.0015986284882953733}