{"beta": [-0.45126515479309337, -0.17936838113713777, -0.7080229450689802, -0.08021607946697558, -0.6663219026580414, -0.21753244726514867, -0.23524632948076973, -0.06530360645322754, 0.11183118924991912, -0.4637927740657052, 0.17534817241017972, 0.2244339263841278, 0.01552905743438569, 0.2050375534534299, -0.015145660930009873, 0.20495910089547578, -0.022453175134682184, -0.07202092015255024, -0.06665721041182765, 0.20351823634339586, 0.06952634190221263, -0.16132032906332788, -0.3153320616903279, 0.26332653463476235, -0.08519510904015443, 0.037975321795803665, -0.09464762136771798, 0.07326310837377523], "R": [[-0.1, 1.1], [-0.1, 1.1], [-0.1, 1.1], [-0.10000000000000003, 1.0], [-0.1, 1.1], [-0.09999999999999999, 1.1], [-0.09999999999999998, 1.0], [-0.1, 1.1], [-0.1, 1.1], [-0.1, 1.0], [-0.09999999999999998, 1.1], [-0.1, 1.1], [-0.09999999999999998, 1.1], [-0.1, 1.0], [-0.1, 1.1], [-0.1, 1.0], [-0.09999999999999998, 1.1], [-0.09999999999999998, 1.1], [-0.10000000000000003, 1.1], [-0.1, 1.0], [-1.043882389164314, 3.7962268675753306], [-2.048731692570825, 1.3862465294901578], [-0.9803753478843341, 2.221574435698607], [-1.4450264795059284, 0.9343798869515869], [-1.6085169998195115, -0.023436312984813412], [-1.335654730362813, 0.6799186880935381], [-1.0163070309042266, 1.453759167949568]], "mse": 0.800116364135242, "vol": 22736.01954353617, "inc": 76, "msevvol": 3.5191576194906745e-05, "msevinc": 0.010527846896516342}