{"beta": [-0.13009609049682017, -0.929962537049518, 0.37951665581973876, 0.4194442789701504, -0.9497630532549057, -0.19898001289990505, 0.6581992705882065, 5.461760628252962, -2.8828828828828827, 0.41979561862651216, -0.24371431719852363, -0.3931570582962223], "R": [[-0.3385117518168512, 0.9802002405926492], [-0.717171996768468, 0.33332235818657263], [-0.8675441705763208, 1.1179523212935516], [-2.4014857337967093, 5.238879065791867], [-1.8911894611481954, -0.08866615309115944], [-1.1896636115752146, 0.7858600508535902], [-0.8039618780030449, 0.19738293831767284], [-0.21340330868756002, 8.918084865187856], [-0.25036706077527937, 6.750392678051216], [-0.5085407053179019, 1.293956543595065], [-0.7429388741606926, 0.9633318038702188]], "mse": 33.210258389691916, "vol": 14732.720480627373, "inc": 13, "msevvol": 0.002254183701738004, "msevinc": 2.554635260745532}