{"beta": [-0.20285459804204586, 0.23514375066121124, -0.021727330056448637, 0.1084858265790386, -0.14514374016243276, -0.19075661779743394, 0.16653986895931344, 5.49304482134433, -2.9653675862795548, 0.42808431548752346, 0.5101492529998518, 0.14559295917928317], "R": [[-1.129738947262551, 0.4527154436288509], [-2.1678075959963774, 0.4083576692547899], [-3.013722095571801, 0.006268466432424513], [-2.4014857337967093, 5.238879065791867], [-1.8010632957453439, -0.2689184838968631], [-3.0143271263940123, 0.46183236019066487], [-1.2883164539645324, 1.1784985664298906], [-0.21340330868756002, 8.918084865187856], [-0.25036706077527937, 6.750392678051216], [-1.846104050502295, 0.36264929055483325], [-1.1695065436684207, 0.3034065269259105]], "mse": 20.33385524937268, "vol": 257022.86800143225, "inc": 23, "msevvol": 7.911301981603975e-05, "msevinc": 0.8840806630162035}