{"beta": [-0.34357547350193407, 0.44982916120140254, 0.21780731453276198, -0.03889113170679849, -0.15779897406724822, 0.04583358576596753, 0.15586940915687006, 7.0980194838734345, -4.0, 0.5868360789979321, 0.24716404009091417, 0.08658089896809174], "R": [[-1.129738947262551, 0.18897304514694946], [-1.092348552109554, 0.3333223581865727], [-3.013722095571801, 0.006268466432424513], [-1.57203820442528, -0.06451331039099328], [-1.8010632957453439, 0.0014600123116923491], [-1.1060435623718787, 0.3991173232881627], [-1.2883164539645324, 0.19738293831767278], [-0.21340330868756002, 8.918084865187856], [-0.25036706077527937, 6.750392678051216], [-0.9830106838270084, 0.5669052510062818], [-1.2297278617165706, 0.38621083924211663]], "mse": 57.08566471493376, "vol": 5524.0021717139825, "inc": 14, "msevvol": 0.010334113372953521, "msevinc": 4.077547479638126}