{"beta": [0.08630619787759777, 0.046916885403327696, 0.061963085842911464, 0.10207344916170774, 0.1313061858397006, -0.029960077980872052, 0.11535662352036213, -0.0017008493595364433, -0.09264996739449644, 0.016623985409123094, 0.34024548971120533, 0.17900135265799663], "R": [[-1.7572237442263516, 0.9802002405926491], [-2.1678075959963774, 2.534311068096654], [-3.013722095571801, 10.965817738591115], [-2.4014857337967093, 5.238879065791867], [-2.982577280579566, -0.08866615309115944], [-3.0143271263940123, 9.279222489638407], [-1.2883164539645324, 2.6350001174418445], [-0.21340330868756002, 8.918084865187856], [-0.25036706077527937, 6.750392678051216], [-4.7899245497589265, 1.7826659821427002], [-2.3133427231696846, 3.672922252623378]], "mse": 0.6653396152189356, "vol": 482656003.35635954, "inc": 282, "msevvol": 1.3784965080558527e-09, "msevinc": 0.0023593603376558}