{"beta": [0.33330283087653273, 0.22125596706221917, -0.592857686069025, -0.12381782419792534, 0.8296826344522439, 0.1866927157298002, 0.5326710509803293, -0.08720704260339776, 0.09367584944955118, 0.04124814915432341, 0.5951938793811808, -0.6901031696088007], "R": [[-0.5854846038455668, 0.5409193113300172], [-0.40164939717915327, 1.1779804384599357], [-1.3717747664612467, -0.019731505776780733], [-0.5549786572408464, 5.670996570404462], [-0.09447064327906751, 0.8947896300100278], [-0.5622382159109282, 1.145404764721714], [-0.9395076438021857, 0.8393747780010057], [-0.6117999790190289, 2.053888317691431], [-1.0041149963561595, 1.1060539909527929], [-1.3341471705956274, 3.3012268919967234], [-0.6097250839483739, 1.417121013599509]], "mse": 4.213198939550713, "vol": 2378.6717023116335, "inc": 10, "msevvol": 0.0017712401990809638, "msevinc": 0.4213198939550713}