{"beta": [-0.1047781453920112, 0.10179647925432518, 0.31278194991381714, 0.089825624039592, -0.4169657872060875, 0.007940294422727753, 0.027939198303393874, 0.084532771915171, 0.4703007435665652, -0.1315482016832266, 0.20559827389485208, 0.09070576869498533, 0.10327738797687465, -0.21550208600459458, 0.30020878480011554, -0.303993654361198, 0.014065618328360074, -0.05549646826533257, 0.09495126970830048, 0.304750230772405, 0.08242105422609891, -0.023303414087370047, -0.10869996716205858, 0.26268023706088356, -0.13001706102169766, 0.10404423098081056, -0.06881038106928346, -0.2745346475916752], "R": [[-0.10000000000000002, 1.1], [-0.10000000000000002, 1.0], [-0.1, 1.1], [-0.09999999999999998, 1.1], [-0.1, 1.1], [-0.1, 1.1], [-0.1, 1.1], [-0.1, 1.1], [-0.1, 1.1], [-0.1, 1.1], [-0.09999999999999998, 1.1], [-0.09999999999999998, 1.1], [-0.10000000000000002, 1.1], [-0.1, 1.1], [-0.1, 1.1], [-0.09999999999999998, 1.1], [-0.09999999999999998, 1.1], [-0.09999999999999998, 1.1], [-0.09999999999999998, 1.1], [-0.1, 1.1], [-2.4981993196613552, 3.79622686757533], [-1.3134977455115902, 3.70956534419748], [-2.53135038189936, 2.2215744356986065], [-2.5468817033043174, 3.914713585393175], [-1.7919422551589224, 3.079874271543797], [-1.335654730362813, 5.625192628894896], [-3.311921066360926, 0.21872606852267074]], "mse": 0.8805032410215603, "vol": 4085725.503731337, "inc": 367, "msevvol": 2.155071945527007e-07, "msevinc": 0.0023991913924293197}