{"beta": [-0.24837688318279602, -0.19158360742688865, 0.2285582844158647, -0.14656230337158044, -0.45845705210570753, -0.20223915088321942, -0.3519250682531267, 0.0676069933115499, 0.3134511537656934, -0.7247005833775432, 0.17520210690324964, 0.19110032567000707, -0.050867528417104096, 0.13085481516843336, 0.20531460662235843, 0.15435344895780162, -0.14322115214868184, -0.08495682158701863, 0.021924509821824797, 0.1710237500456823, 0.028011140909972348, -0.09469726031468832, -0.16863215173305598, 0.25419893404510996, -0.04406032226342452, 0.07556353616030341, -0.11768994778421822, 0.1960933843986888], "R": [[-0.1, 1.0], [-0.1, 1.0], [-0.1, 1.1], [-0.10000000000000003, 1.0], [-0.1, 1.1], [-0.09999999999999999, 1.0], [-0.09999999999999998, 1.0], [-0.1, 1.1], [-0.1, 1.1], [-0.1, 1.1], [-0.09999999999999998, 1.1], [-0.1, 1.1], [-0.09999999999999998, 1.1], [-0.1, 1.1], [-0.1, 1.1], [-0.1, 1.1], [-0.09999999999999998, 1.1], [-0.09999999999999998, 1.1], [-0.10000000000000003, 1.0], [-0.1, 1.0], [-2.4981993196613552, 3.7962268675753306], [-1.472306232276399, 0.5127998522837101], [-2.7506561756272165, 2.221574435698607], [-1.9459539981000822, 3.914713585393175], [-1.7919422551589221, -0.023436312984813412], [-1.335654730362813, 1.3560034240193088], [-1.427984621655857, 2.377114349452829]], "mse": 0.8455500959087144, "vol": 137510.41594813036, "inc": 212, "msevvol": 6.148989442571829e-06, "msevinc": 0.003988443848626012}