{"beta": [-0.2116837054757749, 0.19533608944986858, 1.7525017559436562, -0.013448456316538649, -0.47043921761704405, 0.0698921017386671, -0.03730162449654044, 0.10342476747549076, 0.6726511208226265, -0.3801664743374796, 0.0723531792346442, 0.06719097240016145, 0.26676157777971093, 0.1474540009345627, 0.2501742657932046, -0.3227416597732962, -0.10272997164918113, -0.11253332836737834, 0.3014652636559168, 0.1292235223402605, 0.06643312832671286, -0.20174346257546755, -0.27368704916392994, 0.2288700405984581, -0.15423386062335664, 0.12671328225746534, -0.2262043172826406, -0.382488211250888], "R": [[-0.1, 1.1], [-0.09999999999999998, 1.1], [-0.1, 1.1], [-0.09999999999999998, 1.1], [-0.1, 1.1], [-0.09999999999999998, 1.0], [-0.10000000000000003, 1.0], [-0.1, 1.1], [-0.1, 1.1], [-0.1, 1.1], [0.0, 1.1], [-0.09999999999999998, 1.0], [-0.10000000000000003, 1.1], [-0.09999999999999999, 1.0], [-0.1, 1.1], [-0.09999999999999998, 1.0], [-0.09999999999999998, 1.1], [-0.09999999999999998, 1.1], [-0.09999999999999998, 1.1], [-0.09999999999999998, 1.1], [-0.7053031565400537, 3.7962268675753306], [-2.048731692570825, 0.4333956089013057], [-1.4575985227957606, 0.6899051954114379], [-2.5468817033043174, 0.9969957801233359], [-1.1079651893210825, 3.079874271543797], [-1.335654730362813, 5.625192628894896], [-1.427984621655857, 0.21872606852267085]], "mse": 0.8549034029268906, "vol": 92845.27826544188, "inc": 148, "msevvol": 9.207828539031864e-06, "msevinc": 0.0057763743441006125}