{"beta": [0.1257490763332963, -0.014527065480186658, 0.054050500607215474, -0.0026493853305199918, 0.061815922077207985, 0.08113257824969783, -0.02109817760229609, 0.06030093265507701, -0.029468448898858433, -0.00716562606033016, 0.21520287128980586, -0.036136235653014666], "R": [[-1.8118885190211482, 1.1041212689178093], [-0.8137267456067417, 2.308173809528907], [-2.521978111015047, 0.359439297957608], [-2.306328501214799, 1.575795334983609], [-4.241444488552639, 5.041763475283599], [-3.1759735352273033, 9.29572167341846], [-0.9395076438021857, 15.110644293668837], [-0.6117999790190289, 2.053888317691431], [-1.0041149963561595, 1.1060539909527929], [-4.1498813091984434, 3.3012268919967234], [-1.8909183913560328, 3.296846054511241]], "mse": 0.953073165623398, "vol": 41144713.176529355, "inc": 390, "msevvol": 2.3163927806089808e-08, "msevinc": 0.0024437773477523025}