{"beta": [0.18938778935123396, -0.19358172661889658, 0.19088096074081864, 0.534191649212812, -0.15921231476488457, -0.08477617617935462, -0.2891753194425934, 0.35379771819742684, -0.26752797855311494, -0.013730269031407605, 0.23823700682884805, -0.019232931712814177], "R": [[-0.6022541502987503, 0.9802002405926492], [-0.717171996768468, 0.7835342245958757], [-1.294741459780597, 1.2660150181200334], [-2.4014857337967093, 0.6649342189804359], [-1.8911894611481954, -0.08866615309115944], [-1.283736166928967, 0.6290724585973364], [-1.2883164539645324, 0.40978941450691586], [-0.21340330868756002, 8.918084865187856], [-0.25036706077527937, 6.650392678051216], [-0.7924514548349837, 1.293956543595065], [-0.7429388741606926, 1.0712283320398208]], "mse": 0.9096500401970011, "vol": 26041.079868548637, "inc": 25, "msevvol": 3.49313486533114e-05, "msevinc": 0.036386001607880046}