{"beta": [0.10308791402699137, -0.27238516091257625, 0.03994105967192738, -0.04508523073908047, 0.0953130763535567, 0.05059646182473142, 0.05466290083346425, 0.021707453356523264, -0.09230867659653547, -0.030775714731073118, 0.10300960594307224, -0.1416030593079001], "R": [[-1.8118885190211482, 1.385722247711704], [-0.8824063036780065, 0.4911848577472884], [-1.0125603208181413, 1.19760633779152], [-1.1409415051025715, 5.670996570404462], [-0.9038654123337816, 2.243780911767885], [-0.8592196038470401, 1.4848120652201278], [-0.9395076438021857, 1.2148436902253614], [-0.6117999790190289, 1.953888317691431], [-0.9041149963561597, 1.206053990952793], [-0.7826126199105607, 2.078781219365068], [-1.1946538235091722, 0.6236130335751701]], "mse": 0.8049384475727067, "vol": 29607.45802702792, "inc": 99, "msevvol": 2.7187016421264477e-05, "msevinc": 0.0081306913896233}