{"beta": [-0.044422837915727396, 0.10806120363624233, 0.30681382912563343, 0.16965112882855835, -0.14190428788986525, 0.06693255722671412, -0.06633462766302958, -0.0009158705273225689, -0.03793385658781711, 0.21280925592103245, 0.3632368192270197, -0.06597926398165885], "R": [[-1.129738947262551, 0.9802002405926491], [-2.1678075959963774, 0.8585695356640931], [-3.013722095571801, 0.8315359569406849], [-2.4014857337967093, 5.238879065791867], [-2.982577280579566, -0.08866615309115944], [-3.0143271263940123, 1.3607478891265237], [-1.2883164539645324, 1.481936389557381], [-0.21340330868756002, 8.918084865187856], [-0.25036706077527937, 6.750392678051216], [-1.5172780090797169, 0.44584356627167493], [-2.3133427231696846, 0.8855459347246922]], "mse": 1.517669346338136, "vol": 2641531.096858876, "inc": 86, "msevvol": 5.7454154075371e-07, "msevinc": 0.017647317980676}