{"beta": [-0.3618638856548232, 0.183182041169785, 0.6514881655783074, -0.3134953481044228, 0.30983048771639005, -0.351270899664494, 0.6770297592942527, 2.9936988849419177, -1.6857142857142857, 0.24479168134526577, 0.5285359739986856, 0.21191135734072036], "R": [[-1.6572237442263515, 0.18897304514694935], [-1.0173132410413366, 0.48339298032300704], [-1.396686267431617, 0.1640401925590041], [-2.4014857337967093, -0.06451331039099328], [-1.4405586341339367, 0.0014600123116923491], [-1.1374010808231299, 0.6186199524469197], [-1.2883164539645324, 22.438229432520206], [-0.21340330868756002, 8.918084865187856], [-0.25036706077527937, 6.750392678051216], [-1.0073912605870683, 0.4147479755632145], [-1.2297278617165706, -0.12567036416715716]], "mse": 42.71364809212158, "vol": 60941.018369536294, "inc": 22, "msevvol": 0.0007009014492195233, "msevinc": 1.9415294587327991}