{"beta": [0.04405052028638057, -0.02037943691578117, 0.030286509587866512, 0.15751609155350008, -0.04539596493299991, -0.0047812378663609, 0.1492189161919858, 0.00939882431774018, 0.031055671584219215, -0.05713399088259465, 0.2583616524744334, -0.07598941991771352], "R": [[-1.7572237442263516, 0.18897304514694946], [-2.1678075959963774, 0.7835342245958757], [-3.013722095571801, 0.2902575734602673], [-2.4014857337967093, 0.6649342189804358], [-2.982577280579566, 1.2632263279516178], [-3.014327126394013, 9.279222489638407], [-1.2883164539645324, 2.635000117441844], [-0.21340330868756002, 8.918084865187856], [-0.25036706077527937, 6.750392678051216], [-4.7899245497589265, 0.8960624687762663], [-2.3133427231696846, 3.6729222526233776]], "mse": 0.6813482530852404, "vol": 25930706.488856107, "inc": 198, "msevvol": 2.6275730411666737e-08, "msevinc": 0.0034411527933598}