{"beta": [-0.059452945195228764, -0.04938293946063086, 0.07322374586131393, -0.07129329426273553, -0.014659431492654891, 0.5338288544208655, 0.1061886133210594, -6.580741196933659e-05, 0.14394701019864273, 0.017797086224199874, -0.015430454119350435, -0.009314463521861775, 0.05507922224926106, -0.05875441213330507, -0.026646197600436173, -0.2043244278891736, -0.12104917295503788], "R": [[-0.10000000000000003, 1.1], [-0.1, 1.1], [-0.1, 1.1], [-0.1, 1.0], [-0.1, 1.1], [-3.6351241692909233, 1.6448237448886112], [-0.9769183989499992, 1.1236269488575596], [-2.2506388573287786, 2.626375163077166], [-0.3251141929816165, 2.3173220832340404], [-1.517848309229576, 0.9981412909820017], [-1.7875307746960676, 0.5281905392186821], [-1.4026371056557283, 6.11292947530571], [-0.7169950228232279, 1.4400672075780616], [-0.7856874150981881, 2.10076149506507], [-0.527513004764509, 2.439110129645856], [-0.9436399543409112, 0.8139641770525373]], "mse": 0.5706312079651918, "vol": 463451.9895536448, "inc": 948, "msevvol": 1.2312628294351965e-06, "msevinc": 0.0006019316539717214}