{"beta": [-0.042049620049180246, -0.06200163374861906, -0.033899603141918595, -0.04270661627438468, -0.04727027079946869, 0.5901738497072125, 0.10990112561513019, -0.027831236500857715, 0.045404313115770846, -0.002383247248076971, -0.005948546378796038, -0.007990941361219273, -0.0022495635888784473, 0.022888898537421196, -0.01310894959452704, -0.08695447941220605, 0.048706021157551974], "R": [[-0.1, 1.1], [-0.1, 1.1], [-0.1, 1.1], [-0.1, 1.1], [-0.1, 1.1], [-3.9918644005925885, 6.457576198303895], [-1.0784111940537748, 1.1220651665449353], [-2.251719604905245, 2.6254058790138397], [-2.4828060419456293, 2.317941267123266], [-1.5169791737417384, 2.708998760482675], [-1.887219490427016, 2.172847884726703], [-1.4032255388300936, 6.1113898898974], [-0.7175431378773933, 3.3033577420364177], [-0.7862811582964232, 2.7081113848135385], [-0.5274526967944777, 2.4394401474107608], [-0.9437002178516671, 2.5724418339902657]], "mse": 0.5775114217731911, "vol": 25317412.174206007, "inc": 2420, "msevvol": 2.2810839346431062e-08, "msevinc": 0.0002386410833773517}