{"beta": [-0.05414796169786315, -0.07729605604356755, -0.03005207397564017, 0.023420793285049726, -0.00612915472353655, 0.543077369804856, 0.10866784137290027, -0.028177056179377748, 0.01036948402647037, -0.013166906886366783, 0.0026129146053134383, -0.001061688565796896, -0.020379536966192578, -0.03240166543714047, -0.041031421487973375, -0.03598076270274135, 0.030446668130389182], "R": [[-0.09999999999999998, 1.1], [-0.1, 1.1], [-0.1, 1.1], [-0.1, 1.0], [-0.1, 1.1], [-3.9918644005925885, 0.6150973338143328], [-0.9784111940537747, 1.1220651665449353], [-2.251719604905245, 0.7604528662141843], [-0.2974981809357863, 2.317941267123266], [-1.4169791737417383, 0.9986075867929095], [-1.887219490427016, 2.172847884726703], [-1.4032255388300936, 6.1113898898974], [-0.7175431378773933, 0.8520341236279186], [-0.7862811582964232, 2.7081113848135385], [-0.5274526967944777, 2.4394401474107608], [-0.9437002178516671, 2.5724418339902657]], "mse": 0.5165376377904464, "vol": 733263.1839033067, "inc": 1031, "msevvol": 7.044368913229942e-07, "msevinc": 0.0005010064382060586}