{"beta": [0.05596249949603098, -0.004044843651182814, -0.024254111275950684, -0.032956855435660015, 0.027024974098254148, 0.5142448912430857, 0.09502211911082648, 0.010245234908752125, 0.09464046705541557, 0.017517722293834175, 0.012852157108782424, 0.027651200587146214, -0.05486449002555326, 0.05831934286938445, -0.043939220136463064, -0.08883459784321447, -0.0709893003605154], "R": [[-0.1, 1.1], [-0.1, 1.1], [-0.09999999999999998, 1.1], [-0.09999999999999998, 1.0], [-0.10000000000000003, 1.0], [-3.9918644005925885, 0.36613248839278334], [-0.9784111940537747, 1.1220651665449353], [-0.28086941133761234, 2.6254058790138397], [-0.004800508903775258, 2.317941267123266], [-1.4169791737417383, 0.9986075867929095], [-1.0152060153962723, 2.172847884726703], [-1.4032255388300936, 2.1615922958302987], [-0.7175431378773933, 0.8520341236279185], [-0.7862811582964232, 2.101281762796621], [-0.5274526967944777, 2.3394401474107607], [-0.9437002178516671, 2.5724418339902657]], "mse": 0.5186763818833512, "vol": 162050.049780093, "inc": 467, "msevvol": 3.2007172017979094e-06, "msevinc": 0.0011106560639900455}