{"beta": [-0.005577963846923599, -0.029740970844320418, 0.1461147127774295, 0.23708980963446846, 0.044487356711768976, 0.6474989270748945, 0.1257696281954215, -0.042697675651134144, 0.06909044453947177, 0.0776859845991545, -0.012825755355540132, -0.052675182837731455, 0.07022068981271665, -0.07357152703589062, 0.1882303493742938, -0.1938135426217212, 0.15383111609071756], "R": [[-0.10000000000000003, 1.1], [-0.1, 1.1], [-0.1, 1.1], [-0.1, 1.1], [-0.1, 1.1], [-3.6351241692909233, 1.644823744888611], [-0.9769183989499991, 1.1236269488575596], [-0.4386752347650944, 2.626375163077166], [-0.11061224117798862, 2.3173220832340404], [-1.517848309229576, 0.19281142424480913], [-1.8875307746960677, 0.5281905392186821], [-1.3026371056557282, 6.11292947530571], [-0.7169950228232279, 0.5584691088346518], [-0.7856874150981881, 1.087507345914795], [-0.527513004764509, 2.439110129645856], [-0.9436399543409112, 1.2283652099009]], "mse": 0.4072981259925127, "vol": 96888.38229588658, "inc": 92, "msevvol": 4.203787041759749e-06, "msevinc": 0.0044271535433968775}