{"beta": [0.13025775868088413, 0.10034309507370003, 0.09308065751028533, 0.0849901557851717, 0.10662647391004916, 0.5314128915452725, -0.0350355067315161, -0.03342867413422238, 0.05402573750656317, -0.0070602192030001665, 0.0021549071562499216, 0.006562837451607083, -0.009904355651519888, 0.03221092390076704, 0.007057780651882965, -0.06300929269976371, -0.10295227617580342], "R": [[-0.1, 1.1], [-0.1, 1.1], [-0.1, 1.1], [-0.1, 1.1], [-0.1, 1.1], [-2.679562738466629, 7.308664912350221], [-1.076292805095683, 1.1242828737245418], [-2.2510396912444732, 2.6261580138030496], [-2.4821366099920725, 2.31791943291289], [-1.5180186531120405, 2.709040126011043], [-1.8879968750577951, 2.172291814934038], [-1.4028577002652836, 6.115344285810739], [-0.7168216464527583, 3.304913477522386], [-0.7857143967286861, 2.7073977753677876], [-0.5275743359844131, 2.438774607923275], [-0.9437099428352796, 2.570881909663535]], "mse": 0.7118518150012734, "vol": 24198027.24124313, "inc": 3639, "msevvol": 2.9417762361552876e-08, "msevinc": 0.00019561742649114409}