{"beta": [0.22721151706163312, 0.08903211140660654, 0.11583475296736585, 0.020704846054541752, 0.25425615744284413, 0.5010686673874223, -0.013076321085268272, -0.04461610415475784, 0.08956194034634514, 0.0026555502948590257, 0.030237166544024436, -0.03356716401209901, -0.00027814274656542997, -0.021355823851964304, -0.018943230099817947, 0.00042925011358765767, -0.08571137599716279], "R": [[-0.1, 1.0], [-0.1, 1.0], [-0.1, 1.0], [-0.10000000000000003, 1.0], [-0.1, 1.0], [-2.679562738466629, 1.0362796747987928], [-0.9762928050956828, 1.1242828737245418], [-2.2510396912444732, 0.7082283397657108], [-1.5197330351118765, 2.31791943291289], [-1.4180186531120405, 0.9982166143618094], [-1.8879968750577951, 1.3002340769356713], [-0.5325206490993862, 2.5488275555642024], [-0.7168216464527581, 3.304913477522386], [-0.7857143967286861, 2.6073977753677875], [-0.5275743359844131, 2.438774607923275], [-0.9437099428352795, 0.8135859834141277]], "mse": 0.5781885068613171, "vol": 241055.79894001674, "inc": 281, "msevvol": 2.3985670927800037e-06, "msevinc": 0.002057610344702196}