{"beta": [-0.0272968446861611, -0.031180377200074758, -0.07376637722065618, -0.05423813099831693, -0.07772426011658334, 0.5249983174568117, 0.09924691048145848, 0.035224883610085016, 0.07998900859680301, 0.012650591615053918, -0.013585728783303577, 0.0038431185050537813, -0.037161409651894205, -0.029125105426175496, -0.05995120440244458, 0.03337161099682192, 0.013063011953394597], "R": [[-0.1, 1.1], [-0.1, 1.1], [-0.09999999999999998, 1.1], [-0.09999999999999998, 1.1], [-0.10000000000000003, 1.1], [-3.9918644005925885, 0.36613248839278334], [-0.9784111940537747, 1.1220651665449353], [-0.47501424274557336, 2.6254058790138397], [-0.414290598841782, 2.317941267123266], [-1.5169791737417384, 0.9986075867929095], [-1.887219490427016, 1.3008344096959592], [-1.3032255388300935, 2.1615922958302987], [-0.7175431378773933, 3.3033577420364177], [-0.7862811582964232, 0.3273780857374111], [-0.5274526967944777, 2.4394401474107608], [-0.9437002178516671, 0.8143708080692992]], "mse": 0.4396244968019615, "vol": 125229.99885469706, "inc": 421, "msevvol": 3.5105366192013847e-06, "msevinc": 0.0010442387097433763}