{"beta": [0.15779922172344357, 0.09786232703942516, 0.12272804369551438, 0.1019655987130494, 0.1558202836232178, 0.513562140441492, -0.043361877212538556, -0.029648886863049593, 0.09632920768587258, -0.029225496046794544, 0.017559097354411635, -0.005775822125792278, 0.00039653764186147063, 0.02161613099821936, 0.010101936991860636, -0.05372535310221012, -0.1129178676436211], "R": [[-0.1, 1.0], [-0.1, 1.0], [-0.1, 1.0], [-0.10000000000000003, 1.1], [-0.1, 1.1], [-2.679562738466629, 7.308664912350221], [-1.076292805095683, 1.0242828737245417], [-2.2510396912444732, 2.6261580138030496], [-2.4821366099920725, 1.3513906088223067], [-1.5180186531120405, 2.709040126011043], [-1.0159391370594286, 1.3002340769356713], [-1.3028577002652835, 6.115344285810739], [-0.7168216464527583, 3.304913477522386], [-0.7857143967286861, 2.7073977753677876], [-0.5275743359844131, 2.438774607923275], [-0.9437099428352796, 0.39926200185177585]], "mse": 0.7420009725389252, "vol": 3056042.3927812064, "inc": 1327, "msevvol": 2.427979972698133e-07, "msevinc": 0.0005591567238424455}