{"beta": [-0.05514244396412808, 0.00534659624167858, -0.05651257622432556, -0.04577009039310453, 0.023272021143857288, 0.5065918197295115, 0.09364782547297613, 0.035703783766494634, 0.0770979091030234, -0.04227177559238082, 0.011737573458263074, -0.049547603007904624, 0.004191293686703112, -0.05923324968395599, 0.06347426482682827, -0.11095029285615837, -0.004864481888515353], "R": [[-0.09999999999999998, 1.1], [-0.09999999999999998, 1.1], [-0.09999999999999998, 1.1], [-0.10000000000000003, 1.0], [-0.1, 1.1], [-3.6351241692909237, 1.6448237448886112], [-0.9769183989499992, 1.1236269488575596], [-2.2506388573287786, 1.0438499641560357], [-0.11061224117798873, 2.3173220832340404], [-1.517848309229576, 0.9981412909820018], [-1.8875307746960677, 2.172004748495182], [-1.4026371056557283, 6.112929475305711], [-0.7169950228232279, 3.3032634050648815], [-0.7856874150981881, 2.1007614950650706], [-0.527513004764509, 2.439110129645856], [-0.9436399543409112, 2.571568308445986]], "mse": 0.6627557700244089, "vol": 1879674.0356844836, "inc": 878, "msevvol": 3.525907989589622e-07, "msevinc": 0.0007548471184788256}