{"beta": [0.05873126220298919, -0.022754364372009707, -0.00686914710379557, 0.032251025221867104, 0.02493638600795498, 0.5908269637208063, 0.13880400710575705, -0.003948877300196295, 0.11045069804948889, -0.03247123481880204, 0.00784261649139142, -0.02491818252982187, 0.03174434076137589, -0.10212061412608571, -0.12657529215189897, 0.02550103719590945, -0.04560823685775364], "R": [[-0.1, 1.1], [-0.1, 1.1], [-0.10000000000000003, 1.1], [-0.1, 1.1], [-0.1, 1.1], [-1.1579046494681011, 1.043223796969146], [-1.0784111940537748, 1.0220651665449352], [-2.251719604905245, 1.8194246738939799], [-0.37897686027795596, 2.317941267123266], [-0.6117835868968557, 2.708998760482675], [-1.887219490427016, 1.3008344096959592], [-1.4032255388300936, 1.006653017610168], [-0.7175431378773933, 3.3033577420364173], [-0.7862811582964232, 1.087622518762787], [-0.5274526967944777, 2.4394401474107608], [-0.9437002178516671, 0.3998530515890576]], "mse": 0.5564226572981672, "vol": 96792.6271010107, "inc": 843, "msevvol": 5.7486057973971145e-06, "msevinc": 0.0006600506017771853}