{"beta": [0.06591545730299872, 0.07108014161674692, 0.18672715505682624, 0.1556518221423074, 0.138430096689159, 0.4496983718913806, 0.10101744677875732, -0.01353846480756036, 0.16915066378285762, -0.05721282810469225, -0.007927076380109586, -0.005701284402251722, -0.06383605045180389, -0.1178831553665249, -0.014776048800396001, -0.14261196167748422, -0.41436101949366266], "R": [[-0.10000000000000003, 1.1], [-0.1, 1.1], [-0.1, 1.0], [-0.1, 1.0], [-0.1, 1.0], [-3.6351241692909233, 0.25531806610058866], [-0.9769183989499992, 1.1236269488575596], [-0.7740083154734445, 1.5027268114411503], [-0.5177300678875002, 2.3173220832340404], [-1.517848309229576, 0.9981412909820017], [-1.7875307746960676, 0.5281905392186821], [-1.3026371056557282, 2.1626312747996894], [-0.7169950228232279, 0.8523351417491218], [-0.7856874150981881, 0.8341938086272258], [-0.527513004764509, 2.439110129645856], [-0.9436399543409112, 0.8139641770525373]], "mse": 0.5081726950381512, "vol": 27055.65730079013, "inc": 448, "msevvol": 1.878249304345345e-05, "msevinc": 0.0011343140514244448}