{"beta": [0.17373281591270603, 0.08902085567538692, 0.08788247265320688, 0.09632052388382999, 0.06975337025592021, 0.6289385934032021, 0.020423868676709783, -0.052656453734011184, 0.06089843897752577, 0.004168185673922179, -0.022700107945982977, 0.021339950925599187, -0.020767631108654473, 0.076196954474635, 0.013373360824847028, -0.09506547442633953, 0.030884012451733545], "R": [[-0.1, 1.1], [-0.09999999999999998, 1.0], [-0.1, 1.0], [-0.09999999999999998, 1.1], [-0.1, 1.1], [-2.679562738466629, 0.37374954317562536], [-1.076292805095683, 1.0242828737245415], [-2.2510396912444732, 2.6261580138030496], [-2.4821366099920725, 1.3513906088223067], [-1.5180186531120405, 0.9982166143618095], [-1.8879968750577951, 1.3002340769356713], [-1.3028577002652835, 6.115344285810739], [-0.7168216464527583, 3.304913477522386], [-0.7857143967286861, 0.5808672079238036], [-0.5275743359844131, 2.438774607923275], [-0.9437099428352796, 1.6422339465388314]], "mse": 0.7068344595155056, "vol": 629068.0384362194, "inc": 636, "msevvol": 1.1236216376095077e-06, "msevinc": 0.0011113749363451345}