{"beta": [-0.01723241124837837, 0.01887574569203195, -0.04986354134446187, -0.018184048654973726, 0.0738397915930153, 0.6063304390345838, 0.11612218136702793, 0.0010584685678444513, 0.13108414131888135, 0.000662306801099241, 0.012472938439767232, 0.031538376651174906, 0.03202580899127808, -0.05494727920888069, -0.030617922626928706, -0.05729917123416087, -0.035125133836503286], "R": [[-0.1, 1.0], [-0.1, 1.0], [-0.10000000000000003, 1.0], [-0.1, 1.0], [-0.1, 1.0], [-3.9918644005925885, 1.4294683235109884], [-1.0784111940537748, 1.0220651665449352], [-2.251719604905245, 0.5839575649342192], [0.05530034521016569, 2.0048792472668104], [-0.6117835868968557, 2.708998760482675], [-0.24319254036552845, 1.3008344096959592], [-1.4032255388300936, 0.6216732582034576], [-0.7175431378773933, 3.3033577420364173], [-0.7862811582964232, 2.708111384813539], [-0.5274526967944777, 2.4394401474107608], [-0.9437002178516671, 0.3998530515890576]], "mse": 0.5334198473829839, "vol": 58956.99071987469, "inc": 446, "msevvol": 9.047609806230585e-06, "msevinc": 0.0011960086264192463}