{"beta": [-0.040192691178585226, 0.007243294824656203, -0.02788207951104004, -0.07125431016701782, 0.013520056019016164, 0.6385902857013322, 0.13802565285702148, -0.01679034695655753, 0.0908957322894161, -0.022205862407585614, 0.02341019086546004, -0.040946117070832004, 0.03258985977135709, -0.036688427137900076, -0.03436969242117695, -0.07231123474378393, 0.005304607068123801], "R": [[-0.1, 1.0], [-0.1, 1.0], [-0.10000000000000003, 1.0], [-0.1, 1.0], [-0.1, 1.0], [-1.1579046494681011, 1.1479286385015732], [-1.0784111940537748, 1.0220651665449352], [-2.151719604905245, 0.5839575649342192], [-0.47230423008854405, 2.0048792472668104], [-0.6117835868968557, 1.8038031736377922], [-1.0152060153962723, 1.3008344096959592], [-1.4032255388300936, 0.6216732582034576], [-0.7175431378773933, 3.3033577420364173], [-0.7862811582964232, 2.708111384813539], [-0.5274526967944777, 2.4394401474107608], [-0.9437002178516671, 0.3998530515890576]], "mse": 0.4410141169237857, "vol": 33539.45924811762, "inc": 447, "msevvol": 1.3149112323524934e-05, "msevinc": 0.000986608762693033}