{"beta": [0.3096519756722891, 0.13626631693642635, 0.37017666151911816, 0.3386635680901966, 0.42097298318593374, 0.5049891849338527, -0.08235654921783646, 0.10240309318360497, 0.08397002582348531, -0.003749136440771315, -0.10771900725575563, 0.024238276306464822, 0.015134990342688382, -0.11074193981784525, -0.10272414256891903, -0.13780349901976718, -0.35684956434238047], "R": [[-0.1, 1.0], [-0.1, 1.0], [-0.1, 1.0], [-0.10000000000000003, 1.0], [-0.1, 1.0], [-1.052374638453904, 0.38497886744042475], [-1.076292805095683, 1.0242828737245417], [-1.3920981768405356, 0.14343465462789584], [-1.704042889071528, 0.7829530777881054], [-1.4180186531120405, 2.709040126011043], [-1.0159391370594286, 1.3002340769356713], [-0.5325206490993862, 1.3933219788153568], [-0.7168216464527583, 3.304913477522386], [-0.7857143967286861, 2.7073977753677876], [-0.5275743359844131, 2.438774607923275], [-0.9437099428352796, -0.01506197971057599]], "mse": 0.7555154109050317, "vol": 13229.132537700376, "inc": 235, "msevvol": 5.710997367000173e-05, "msevinc": 0.0032149591953405604}