{"beta": [0.1439039337580336, 0.027587319490703806, 0.1494132501887209, 0.1317826580633288, 0.12064892474153383, 0.47420774588185555, -0.015415763475896314, 0.04798258066000753, 0.0804210988846137, -0.005338396610356669, 0.04498800138103871, -0.00912723187920173, -0.03875519931965218, -0.09651774341918792, -0.11899736411442512, 0.07746220935610873, -0.08949676593006671], "R": [[-0.1, 1.0], [-0.1, 1.0], [-0.1, 1.0], [-0.1, 1.0], [-0.09999999999999998, 1.1], [-2.679562738466629, 0.7555465681788067], [-0.9762928050956831, 1.1242828737245418], [-2.2510396912444732, 1.3436212355457509], [-0.5596511029407755, 2.31791943291289], [-1.5180186531120405, 2.709040126011043], [-1.0159391370594286, 0.5281763389373046], [-0.5325206490993861, 1.3933219788153568], [-0.7168216464527583, 3.304913477522386], [-0.7857143967286861, 0.5808672079238036], [-0.5275743359844131, 2.438774607923275], [-0.9437099428352796, 1.2279099649764795]], "mse": 0.6345128229438987, "vol": 58359.11992662077, "inc": 449, "msevvol": 1.0872556401496776e-05, "msevinc": 0.0014131688706991062}