{"beta": [0.25211838754021126, 0.05272052860601931, 0.22289373597409867, 0.3501430375501866, 0.1855401867608191, 0.6881697745210956, -0.3648038079481533, -0.0844938580502045, -0.03629937915136862, 0.012016349169963523, -0.04612198789663733, 0.03496724165210784, -0.3616654014921262, 0.055844984274357676, 0.19424382146614066, -0.48007487151261863, 0.24737162099613105], "R": [[-0.10000000000000003, 1.1], [-0.1, 1.1], [-0.1, 1.1], [-0.1, 1.1], [-0.1, 1.1], [-3.6351241692909233, 0.9468394969392789], [-0.9769183989499991, 1.1236269488575596], [-0.4386752347650944, 1.8733581111714313], [0.2068714743850184, 2.3173220832340404], [-1.517848309229576, 0.19281142424480913], [-1.8875307746960677, 0.5281905392186821], [-1.3026371056557282, 1.3925716346984858], [-0.7169950228232279, 0.5584691088346518], [-0.7856874150981881, 1.087507345914795], [-0.527513004764509, 2.439110129645856], [-0.9436399543409112, 0.8139641770525373]], "mse": 0.518059546944695, "vol": 16214.244512795247, "inc": 52, "msevvol": 3.19508902518323e-05, "msevinc": 0.00996268359509029}