{"beta": [0.3043286731983383, 0.17797678187253818, 0.26322732523963255, 0.21738555186009448, 0.3019713782252618, 0.5215428362270565, -0.030326337090873415, 0.020409831866592246, 0.12401065395613327, -0.017751524908292425, 0.007664243174593692, -0.02709395491940527, -0.11528650116204726, -0.057705923878811134, 0.023205741107055266, -0.020127312795236576, -0.2540135027639563], "R": [[-0.1, 1.1], [-0.10000000000000003, 1.1], [-0.10000000000000002, 1.1], [-0.1, 1.1], [-0.1, 1.1], [-2.679562738466629, 1.8784789946587512], [-0.976292805095683, 1.1242828737245418], [-2.2510396912444732, 2.6261580138030496], [-2.4821366099920725, 1.2250218883783808], [-1.5180186531120405, 2.7090401260110424], [-1.8879968750577951, -0.243881399061062], [-0.5325206490993863, 6.115344285810739], [-0.7168216464527583, 3.304913477522386], [-0.7857143967286861, 0.5808672079238038], [-0.5275743359844131, 2.438774607923275], [-0.9437099428352796, 0.8135859834141278]], "mse": 0.5639979432765466, "vol": 570168.6591453542, "inc": 388, "msevvol": 9.891773850248854e-07, "msevinc": 0.0014536029465890376}