{"beta": [-0.07427800333929524, 0.01858415945699553, 0.027718778550934207, -0.0443254123209729, 0.020316026725978046, 0.4819028418979481, 0.11002722030849477, -0.029897415425564088, 0.1320221378886777, -0.01852721221829687, -0.009373756613947359, -0.03385703182236571, -0.02411829477769507, 7.134537259763466e-05, 0.025093847424027864, -0.1168808201264704, -0.08920010462688242], "R": [[-0.10000000000000003, 1.0], [-0.1, 1.0], [-0.1, 1.0], [-0.1, 1.0], [-0.1, 1.0], [-1.405625931334396, 0.25531806610058866], [-0.9769183989499992, 1.1236269488575596], [-2.2506388573287786, 1.679217906550808], [-0.3031037667291624, 2.3173220832340404], [-1.517848309229576, 0.9981412909820017], [-1.7875307746960676, 0.5281905392186821], [-1.3026371056557282, 2.9326909149008933], [-0.7169950228232279, 2.6155313392359414], [-0.7856874150981881, 2.3540750323526396], [-0.527513004764509, 2.439110129645856], [-0.9436399543409112, 2.571568308445986]], "mse": 0.4787019523395521, "vol": 155799.14984581704, "inc": 868, "msevvol": 3.0725581802807537e-06, "msevinc": 0.0005514999450916499}