{"beta": [-0.05551047584846778, 0.0014141780157724587, -0.03555436497318117, -0.03907022003875197, 0.000912591438682729, 0.5530963328901902, 0.09635568453627, 0.018845268428125363, 0.13744746902395638, -0.0281406542348083, 0.0011992172502421124, -0.03763350525048056, -0.010426986881822451, -0.004782569059899266, 0.04302691226731136, -0.08671605950633299, -0.025614109611363893], "R": [[-0.1, 1.1], [-0.1, 1.1], [-0.1, 1.1], [-0.10000000000000003, 1.1], [-0.09999999999999998, 1.1], [-3.6351241692909233, 1.6222038850013645], [-0.9769183989499992, 1.1236269488575596], [-2.2506388573287786, 2.6263751630771655], [-0.11061224117798873, 2.3173220832340404], [-1.517848309229576, 0.9981412909820019], [-1.8875307746960677, 2.172004748495182], [-1.4026371056557283, 6.11292947530571], [-0.7169950228232279, 3.3032634050648815], [-0.7856874150981881, 2.7073885696402087], [-0.527513004764509, 2.439110129645856], [-0.9436399543409112, 2.571568308445986]], "mse": 0.6027142531946389, "vol": 3657772.297770077, "inc": 1155, "msevvol": 1.6477631851552853e-07, "msevinc": 0.0005218305222464406}