{"beta": [0.008289666186238304, -0.021255897960702572, -0.0005026232940100458, -0.01163387360368812, -0.01645675927071278, 0.6084520763601567, 0.06907119203296655, -0.03972538486428518, 0.06186873617139467, -0.002358003884491173, -0.0071207918145896835, -0.03198627286143545, 0.0011902768557009891, 0.005702991292913163, -0.0019713550969487304, -0.0628779729414899, 0.06433050099426921], "R": [[-0.1, 1.1], [-0.09999999999999998, 1.1], [-0.1, 1.1], [-0.1, 1.1], [-0.10000000000000003, 1.1], [-3.9918644005925885, 6.457576198303895], [-0.9784111940537746, 1.0220651665449352], [-2.251719604905245, 2.6254058790138397], [-2.4828060419456293, 2.317941267123266], [-1.5169791737417384, 2.708998760482675], [-1.887219490427016, 2.172847884726703], [-1.4032255388300934, 6.1113898898974], [-0.7175431378773933, 3.3033577420364173], [-0.7862811582964232, 2.7081113848135385], [-0.5274526967944777, 2.4394401474107608], [-0.9437002178516671, 2.5724418339902657]], "mse": 0.5353054542295154, "vol": 23016327.497493774, "inc": 1224, "msevvol": 2.325763979017957e-08, "msevinc": 0.00043734105737705504}