{"beta": [-0.08101702743944056, -0.07311148244251188, -0.0678457999011551, -0.09784579080888914, -0.0013704659801255534, 0.5628086321393571, 0.12404246739694703, -0.015388868624449627, 0.08304152822054899, -0.005970790714716739, -0.001034716873576309, -0.0028032703963064595, -0.04620875609736275, -0.013953693586300492, 0.1287520287119138, -0.22051481763127337, 0.018928250953924617], "R": [[-0.1, 1.0], [-0.1, 1.1], [-0.1, 1.0], [-0.10000000000000003, 1.1], [-0.09999999999999998, 1.0], [-3.6351241692909233, 0.2553180661005886], [-0.9769183989499992, 1.1236269488575596], [-2.2506388573287786, 0.6908677739367202], [-0.08928556576222646, 2.3173220832340404], [-1.417848309229576, 0.9981412909820019], [-1.0156236700578178, 2.172004748495182], [-1.4026371056557283, 0.6225119945972815], [-0.7169950228232279, 0.26460307592018195], [-0.7856874150981881, 0.5808802713396566], [-0.527513004764509, 2.339110129645856], [-0.9436399543409112, 2.571568308445986]], "mse": 0.6836908432754918, "vol": 23375.07304917366, "inc": 283, "msevvol": 2.9248714724323018e-05, "msevinc": 0.0024158687041536814}