{"beta": [0.3467438026169254, -0.00584554860372392, 0.21544274110254485, 0.33319936462394895, 0.3890896894570136, 0.6763726084283975, -0.8098847972190595, -0.07766800405420635, 0.04548268717076082, -0.12843536413868353, 0.03538060822523741, 0.10018553165089956, -0.059942982115089284, -0.1815408963741905, 0.2562131029354919, -0.20062909568089024, 0.8726164218597154], "R": [[-0.10000000000000003, 1.0], [-0.1, 1.0], [-0.1, 1.0], [-0.1, 1.0], [-0.1, 1.1], [-3.6351241692909233, 0.1454501752196753], [-0.9769183989499991, 1.1236269488575596], [-0.6151663298747523, 1.5909723589959774], [0.2068714743850184, 2.3173220832340404], [-1.517848309229576, 0.19281142424480913], [-1.8875307746960677, -0.24371656541956788], [-1.3026371056557282, 0.6225119945972817], [-0.7169950228232279, 1.1462011746635918], [-0.7856874150981881, 1.340820883202364], [-0.527513004764509, 2.439110129645856], [-0.9436399543409112, 2.571568308445986]], "mse": 0.33003540652456076, "vol": 14530.135997858879, "inc": 28, "msevvol": 2.2713855298614814e-05, "msevinc": 0.011786978804448598}