{"beta": [0.008289666186244826, -0.021255897960695973, -0.0005026232940034574, -0.011633873603681502, -0.016456759270706178, 0.6084520763601567, 0.05356401656524951, -0.039725384864285146, 0.06186873617139474, -0.0023580038844911483, -0.007120791814589657, -0.03198627286143532, 0.0011902768557009674, 0.005702991292913201, -0.0019713550969485652, -0.06287797294149032, 0.0801798448713164], "R": [[-0.1, 1.1], [-0.09999999999999998, 1.1], [-0.1, 1.1], [-0.1, 1.1], [-0.10000000000000003, 1.1], [-3.9918644005925885, 6.457576198303895], [-0.9784111940537746, 1.0220651665449352], [-2.251719604905245, 2.6254058790138397], [-2.4828060419456293, 2.317941267123266], [-1.5169791737417384, 2.708998760482675], [-1.887219490427016, 2.172847884726703], [-1.4032255388300934, 6.1113898898974], [-0.7175431378773933, 3.3033577420364173], [-0.7862811582964232, 2.7081113848135385], [-0.5274526967944777, 2.4394401474107608], [-0.9437002178516671, 2.5724418339902657]], "mse": 0.5764928879819153, "vol": 23016327.497493774, "inc": 1747, "msevvol": 2.5047127437888998e-08, "msevinc": 0.0003299902049123728}