{"beta": [-0.018349798301113805, -0.0224752158755332, -0.08770646889904296, 0.05666749631192138, 0.10953717126925708, 0.5787237289185282, 0.03840391058029321, 0.05485429000787727, 0.14601919197046673, 0.04962438795330757, 0.0037138520979817504, -0.02215247764310841, -0.000672020603088949, -0.028460133730424178, -0.1814868250391686, -0.08856536840258569, -0.21790851824510896], "R": [[-0.09999999999999998, 1.1], [-0.10000000000000002, 1.0], [-0.10000000000000002, 1.0], [-0.10000000000000002, 1.0], [-0.10000000000000002, 1.0], [-3.9918644005925885, 1.6667992976511572], [-1.0784111940537748, 1.0220651665449352], [-0.033775989545659524, 1.6252798424860158], [0.11735853505471683, 2.317941267123266], [-1.5169791737417384, 0.9986075867929094], [-1.0152060153962723, 2.072847884726703], [-1.3032255388300935, 6.1113898898974], [-0.7175431378773933, 3.3033577420364177], [-0.7862811582964232, 0.3273780857374111], [-0.5274526967944777, 2.3394401474107607], [-0.9437002178516671, 1.2288885645495409]], "mse": 0.47116300382294407, "vol": 122478.50068824769, "inc": 240, "msevvol": 3.846903751885608e-06, "msevinc": 0.0019631791825956003}