{"beta": [0.1405632352319308, 0.024295774647416855, 0.1233743659690552, 0.07120350302477906, 0.16897278130479304, 0.465680277601454, -0.04137025336224023, -0.02836929850907016, 0.0695262819592452, -0.01237150503770986, -0.0015213865403205567, -0.016500845247516154, -0.0022281583314965425, -0.0259699922686139, -0.023818146279749534, 0.014052165909847052, -0.06362052699850097], "R": [[-0.1, 1.1], [-0.1, 1.0], [-0.1, 1.1], [-0.10000000000000003, 1.1], [-0.1, 1.1], [-2.679562738466629, 1.1036556203875896], [-0.9762928050956828, 1.1242828737245418], [-2.2510396912444732, 0.4434812998573596], [-0.8363292932972847, 1.5162960411758761], [-1.5180186531120405, 0.9982166143618094], [-1.8879968750577951, 1.3002340769356713], [-1.3028577002652835, 6.115344285810739], [-0.7168216464527581, 3.304913477522386], [-0.7857143967286861, 2.7073977753677876], [-0.5275743359844131, 2.438774607923275], [-0.9437099428352795, 2.570881909663535]], "mse": 0.5664656901888745, "vol": 1001554.4296095996, "inc": 455, "msevvol": 5.655865257464636e-07, "msevinc": 0.0012449795388766473}