{"beta": [-0.25117824079197804, -0.09283396805770876, -0.1646112041982647, -0.3139525185642863, -0.4253619853795727, 0.5373410779751906, 0.11541954596757954, 0.052669102507461575, 0.1835528863315261, 0.07398327142638253, 0.12018843569591718, -0.10291666246296312, -0.2805677991196679, 0.16799535251378445, -0.5643898464594577, -0.036203622322423426, 0.2562500269401893], "R": [[-0.1, 1.0], [-0.10000000000000003, 1.1], [-0.10000000000000002, 1.1], [-0.1, 1.0], [-0.1, 1.0], [-2.679562738466629, 0.21279589538016686], [-0.976292805095683, 1.1242828737245418], [-1.0567519262899594, 2.067263144628576], [-2.4821366099920725, 0.4325002343759242], [-1.5180186531120405, 2.7090401260110424], [-1.8879968750577951, -0.243881399061062], [0.6229849276494595, 2.5488275555642024], [-0.7168216464527583, 2.616954227680056], [-0.7857143967286861, 1.8474488125762936], [-0.5275743359844131, 2.3387746079232743], [-0.9437099428352796, 2.570881909663535]], "mse": 1.074513952736704, "vol": 125498.3823558605, "inc": 37, "msevvol": 8.561974525614485e-06, "msevinc": 0.029040917641532542}