{"beta": [0.011553391936329833, -0.04987298286771358, 0.016478178690492933, -0.029732675472977442, -0.030382674012523196, 0.6541942654417975, 0.13685983243614275, 0.0024038283436143442, 0.12107767244619634, 0.02136881630704526, -0.029021472234004798, 0.04871323134506194, 0.0059296010164896175, 0.015213542024475911, -0.09473889490015663, -0.07390004808667174, 0.015192347052523838], "R": [[-0.1, 1.0], [-0.1, 1.0], [-0.09999999999999998, 1.0], [-0.09999999999999998, 1.0], [-0.10000000000000003, 1.0], [-3.9918644005925885, 1.0595112167630791], [-0.9784111940537747, 1.1220651665449353], [-2.251719604905245, 2.101817155941925], [0.19788779842099213, 2.317941267123266], [-1.4169791737417383, 0.19341199994802694], [-1.0152060153962723, 2.172847884726703], [-1.4032255388300936, 1.006653017610168], [-0.7175431378773933, 2.615526837434293], [-0.7862811582964232, 2.7081113848135385], [-0.5274526967944777, 2.4394401474107608], [-0.9437002178516671, 0.8143708080692992]], "mse": 0.3959893317178553, "vol": 118545.89257559481, "inc": 431, "msevvol": 3.340388461501011e-06, "msevinc": 0.0009187687510855111}