{"beta": [0.30171621354702804, 0.1212657630738377, 0.3320299311500641, 0.23260598112816858, 0.3120491755571971, 0.573518113303714, -0.043006360749195414, 0.18814435106919097, 0.18674615457124363, -0.040125532195235465, -0.051261094600159755, -0.02695393887784856, 0.00621790881859586, -0.09413059849831311, 0.03058918613619173, -0.10892695091283976, -0.16079579891091436], "R": [[-0.1, 1.0], [-0.1, 1.0], [-0.1, 1.0], [-0.10000000000000003, 1.0], [-0.1, 1.0], [-1.052374638453904, 0.38497886744042475], [-1.076292805095683, 1.0242828737245417], [-1.3920981768405356, 0.14343465462789584], [-1.374914156628051, 1.3966289575901458], [-1.4180186531120405, 2.709040126011043], [-1.0159391370594286, 1.3002340769356713], [-0.917689174682335, 1.3933219788153568], [-0.7168216464527583, 3.304913477522386], [-0.7857143967286861, 2.7073977753677876], [-0.5275743359844131, 2.438774607923275], [-0.9437099428352796, -0.01506197971057599]], "mse": 0.6412675163702594, "vol": 17691.2765507574, "inc": 305, "msevvol": 3.6247667856551895e-05, "msevinc": 0.0021025164471156045}