{"beta": [0.07206469312456903, 0.019860076913769422, 0.025546965369026797, 0.10241751438361153, 0.045343997827489546, 0.6205145491963951, 0.0855151529991657, -0.06066668343137922, 0.05400812905850818, -0.0236911617679956, 0.029050803151541335, -0.06622543516190779, -0.03041678330083901, -0.001098155184568153, 0.021711959225175558, -0.07118785543357131, -0.025947618102655286], "R": [[-0.1, 1.1], [-0.09999999999999998, 1.1], [-0.1, 1.1], [-0.1, 1.0], [-0.10000000000000003, 1.1], [-3.9918644005925885, 1.0059954088687275], [-0.9784111940537746, 1.1220651665449353], [-2.251719604905245, 0.7604528662141842], [-0.2974981809357864, 2.317941267123266], [-1.4169791737417383, 0.9986075867929095], [-1.887219490427016, 2.172847884726703], [-1.4032255388300934, 6.1113898898974], [-0.7175431378773933, 0.8520341236279185], [-0.7862811582964232, 2.7081113848135385], [-0.5274526967944777, 2.4394401474107608], [-0.9437002178516671, 2.5724418339902657]], "mse": 0.4805018071144253, "vol": 795480.1467565827, "inc": 392, "msevvol": 6.04039973937224e-07, "msevinc": 0.0012257699161082277}