{"beta": [0.31594942461790715, 0.037478742662811315, 0.11778082820898166, 0.22952726755027886, 0.2783935705053543, 0.6418824557698204, -0.45003378208602507, -0.06746731388374601, 0.022386428885126066, -0.08080415217457315, -0.08607691248891028, 0.1015087888359319, 0.03442928536285764, -0.012189049270492896, 0.10543008265773199, -0.2145005966713275, 0.49163833151829694], "R": [[-0.10000000000000003, 1.0], [-0.1, 1.0], [-0.1, 1.0], [-0.1, 1.0], [-0.1, 1.0], [-3.6351241692909233, 0.1454501752196753], [-0.9769183989499991, 1.1236269488575596], [-0.6151663298747523, 1.5909723589959774], [0.2068714743850184, 2.3173220832340404], [-1.517848309229576, 0.19281142424480913], [-1.8875307746960677, -0.24371656541956788], [-1.3026371056557282, 0.6225119945972817], [-0.7169950228232279, 2.6155313392359414], [-0.7856874150981881, 2.7073885696402087], [-0.527513004764509, 2.439110129645856], [-0.9436399543409112, 2.571568308445986]], "mse": 0.2300756205935574, "vol": 39132.4531370615, "inc": 54, "msevvol": 5.879407043246613e-06, "msevinc": 0.0042606596406214335}