{"beta": [0.22443932874075953, 0.09428374564871643, 0.1301056801003245, 0.07502152372847576, 0.17484725134752127, 0.5776738050205532, 0.001224537066750878, -0.04674443058965444, 0.05018524630279656, -0.022093588343980425, 0.021128508434038334, -0.0339418296313422, 0.021920435895851943, -0.0260091146625781, 0.01354720056447064, -0.02418388194739431, -0.06589901252087074], "R": [[-0.1, 1.0], [-0.09999999999999998, 1.0], [-0.1, 1.0], [-0.09999999999999998, 1.0], [-0.1, 1.0], [-2.679562738466629, 7.308664912350221], [-1.076292805095683, 1.0242828737245415], [-1.356798571519423, 1.2553722222429693], [-2.4821366099920725, 2.31791943291289], [-1.4180186531120405, 0.9982166143618095], [-1.0159391370594286, 2.172291814934038], [-0.5325206490993862, 6.115344285810739], [-0.7168216464527583, 3.304913477522386], [-0.7857143967286861, 2.7073977753677876], [-0.5275743359844131, 2.438774607923275], [-0.9437099428352796, 1.6422339465388314]], "mse": 0.6122408561237858, "vol": 2338172.665179529, "inc": 847, "msevvol": 2.618458701709169e-07, "msevinc": 0.0007228345408781414}