{"beta": [-0.03909375716306293, -0.006661239289054723, -0.04226108225827714, -0.010536284161350084, 0.005542508796432371, 0.5703095337938674, 0.07822031602945127, -0.014236125254466034, 0.07302471092671403, -0.014913023264300806, 0.0036111820125290526, 0.009580122561522287, -0.016901646380046757, 0.025186546209682054, -0.001550471287377888, -0.06556758467971179, 0.017557073226829912], "R": [[-0.1, 1.1], [-0.1, 1.1], [-0.1, 1.1], [-0.1, 1.1], [-0.1, 1.1], [-3.6351241692909233, 9.745791327863362], [-1.0769183989499993, 1.1236269488575596], [-2.2506388573287786, 2.626375163077166], [-2.482619941225386, 2.3173220832340404], [-1.517848309229576, 2.708801024456387], [-1.8875307746960677, 2.172004748495182], [-1.4026371056557283, 6.11292947530571], [-0.7169950228232279, 3.3032634050648815], [-0.7856874150981881, 2.7073885696402087], [-0.527513004764509, 2.439110129645856], [-0.9436399543409112, 2.571568308445986]], "mse": 0.6248749733376483, "vol": 32390832.55511876, "inc": 3636, "msevvol": 1.9291723121791095e-08, "msevinc": 0.00017185780344819811}