{"beta": [0.25893422724401194, 0.2183367204498284, 0.054595875271092976, 0.14431501293503365, 0.19120985203548754, 0.6063458912540826, -0.07816824595897336, -0.012800749081390134, 0.11735821475417602, 0.06316164387516421, -0.024096682339141796, -0.04006042909735473, -0.05414760687275912, -0.08668659148926677, -0.0546794307765063, 0.11976430078345443, -0.09327936856145379], "R": [[-0.1, 1.0], [-0.09999999999999998, 1.0], [-0.1, 1.0], [-0.09999999999999998, 1.0], [-0.1, 1.0], [-1.052374638453904, 0.4860427858236199], [-1.076292805095683, 1.0242828737245415], [-2.2510396912444732, 1.7848663020596682], [-1.7040428890715282, 0.7829530777881054], [-0.6126068972874238, 0.9982166143618095], [-1.787996875057795, 1.3002340769356713], [-0.5325206490993862, 1.0081534532324083], [-0.7168216464527583, 3.304913477522386], [-0.7857143967286861, 2.7073977753677876], [-0.5275743359844131, 2.438774607923275], [-0.9437099428352796, 0.8135859834141278]], "mse": 0.6292063945021775, "vol": 29319.308370498882, "inc": 272, "msevvol": 2.146047875860829e-05, "msevinc": 0.002313258803316829}