{"beta": [0.13025775868088404, 0.10034309507369994, 0.09308065751028524, 0.08499015578517165, 0.10662647391004908, 0.5314128915452724, -0.03503550673151601, -0.03342867413422242, 0.05402573750656318, -0.007060219203000139, 0.002154907156249898, 0.006562837451607041, -0.009904355651519826, 0.03221092390076689, 0.00705778065188289, -0.06300929269976338, -0.10295227617580334], "R": [[-0.1, 1.1], [-0.1, 1.1], [-0.1, 1.1], [-0.1, 1.1], [-0.1, 1.1], [-2.679562738466629, 7.308664912350221], [-1.076292805095683, 1.1242828737245418], [-2.2510396912444732, 2.6261580138030496], [-2.4821366099920725, 2.31791943291289], [-1.5180186531120405, 2.709040126011043], [-1.8879968750577951, 2.172291814934038], [-1.4028577002652836, 6.115344285810739], [-0.7168216464527583, 3.304913477522386], [-0.7857143967286861, 2.7073977753677876], [-0.5275743359844131, 2.438774607923275], [-0.9437099428352796, 2.570881909663535]], "mse": 0.7259332913960471, "vol": 24198027.24124313, "inc": 2427, "msevvol": 2.9999688989471255e-08, "msevinc": 0.00029910724820603505}