{"beta": [0.03553513012738272, -0.001427121437650953, 0.027632583742693093, -0.022816334537992426, 0.022659919314382514, 0.5109134321423856, 0.021736280600580103, 0.11965174041174857, 0.15747821560929745, -0.08623016202348348, 0.02971439981327797, -0.07823962521231731, 0.051691862322383535, -0.09603383707375181, 0.00018195510856796725, -0.07155334542936155, 0.012789630559859296], "R": [[-0.1, 1.1], [-0.1, 1.1], [-0.10000000000000003, 1.1], [-0.1, 1.0], [-0.09999999999999998, 1.1], [-3.6351241692909233, 1.644823744888611], [-0.9769183989499991, 1.1236269488575596], [-2.2506388573287786, 1.0438499641560357], [-0.11061224117798873, 2.3173220832340404], [-1.517848309229576, 0.9981412909820018], [-1.8875307746960677, 2.172004748495182], [-1.4026371056557283, 6.11292947530571], [-0.7169950228232279, 3.3032634050648815], [-0.7856874150981881, 2.1007614950650706], [-0.527513004764509, 2.439110129645856], [-0.9436399543409112, 2.571568308445986]], "mse": 0.4943508312159158, "vol": 1879674.0356844827, "inc": 652, "msevvol": 2.6299816980548867e-07, "msevinc": 0.0007582067963434291}