{"beta": [-0.04204962004917911, -0.06200163374861791, -0.03389960314191759, -0.0427066162743834, -0.04727027079946756, 0.5901738497072107, 0.10990112561513134, -0.027831236500857653, 0.04540431311577027, -0.002383247248076885, -0.005948546378796256, -0.007990941361218914, -0.002249563588879778, 0.022888898537420387, -0.013108949594527687, -0.08695447941220681, 0.04870602115755084], "R": [[-0.1, 1.1], [-0.1, 1.1], [-0.1, 1.1], [-0.1, 1.1], [-0.1, 1.1], [-3.9918644005925885, 6.457576198303895], [-1.0784111940537748, 1.1220651665449353], [-2.251719604905245, 2.6254058790138397], [-2.4828060419456293, 2.317941267123266], [-1.5169791737417384, 2.708998760482675], [-1.887219490427016, 2.172847884726703], [-1.4032255388300936, 6.1113898898974], [-0.7175431378773933, 3.3033577420364177], [-0.7862811582964232, 2.7081113848135385], [-0.5274526967944777, 2.4394401474107608], [-0.9437002178516671, 2.5724418339902657]], "mse": 0.5775114217731911, "vol": 25317412.174206007, "inc": 2420, "msevvol": 2.2810839346431062e-08, "msevinc": 0.0002386410833773517}