{"beta": [-0.013329543966266198, 0.11906918876598904, -0.10520461911283102, -0.04676531703674758, -0.21823941992035817, 0.40985644684728695, 0.1593142757178033, 0.09713266665507542, 0.3608578796897174, 0.07523702408062125, -0.027264438421575842, -0.17857211629849465, -0.27711280586250664, 0.09238306138512369, -0.8705878256622065, 0.013831242336012718, -0.19791118706393201], "R": [[-0.1, 1.0], [-0.10000000000000003, 1.1], [-0.10000000000000002, 1.1], [-0.1, 1.1], [-0.1, 1.0], [-2.679562738466629, 0.21279589538016686], [-0.976292805095683, 1.1242828737245418], [-2.2510396912444732, 2.014313736646907], [-1.2690087209920542, 0.9821329763332285], [-1.5180186531120405, 0.19280485853719287], [-1.8879968750577951, -0.243881399061062], [0.6229849276494595, 6.115344285810739], [-0.7168216464527583, 2.322974602758891], [-0.7857143967286861, 1.8474488125762936], [-0.5275743359844131, 2.438774607923275], [-0.9437099428352796, 0.39926200185177596]], "mse": 0.7828341902921522, "vol": 60087.666872356676, "inc": 46, "msevvol": 1.3028200811243262e-05, "msevinc": 0.017018134571568526}