{"beta": [0.006460969247570325, 0.04081109335286591, 0.004477975912027904, 0.020374947218103977, 0.0740029311995996, 0.512057866400477, 0.07855905237168674, 6.79281073754467e-05, 0.12269145753931708, 0.009878873465003435, -0.006309171076453665, 0.03401291712115622, 0.009451174171383645, -0.013133944990021367, 0.06389988157388977, -0.13030634953930792, -0.05385801867240336], "R": [[-0.1, 1.0], [-0.1, 1.0], [-0.1, 1.0], [-0.10000000000000003, 1.0], [-0.09999999999999998, 1.0], [-3.6351241692909233, 0.2553180661005886], [-0.9769183989499992, 1.1236269488575596], [-1.8153057766204286, 0.7791133214915507], [-0.5839115444001648, 2.3173220832340404], [-1.517848309229576, 0.9981412909820019], [-1.7875307746960676, 2.072004748495182], [-0.9176072856051263, 1.0075418146478838], [-0.7169950228232279, 2.6155313392359414], [-0.7856874150981881, 2.1007614950650706], [-0.527513004764509, 2.439110129645856], [-0.9436399543409112, 2.571568308445986]], "mse": 0.4823451107495274, "vol": 185770.37472656483, "inc": 950, "msevvol": 2.5964587273912245e-06, "msevinc": 0.0005077316955258183}