{"beta": [-0.018771614868575655, 0.06207437009136515, -0.023528018498444974, -0.008858888719498387, 0.04469114910362506, 0.5557031262922538, 0.08707657399767274, -0.005344756932643658, 0.03766937003302467, -0.031246777362862237, 0.013515085706338387, -0.02158004756074571, -0.14779620907442823, -0.021025758178113977, 0.06557298724077999, -0.1555932981823962, -0.06079019993567464], "R": [[-0.1, 1.1], [-0.1, 1.1], [-0.1, 1.1], [-0.10000000000000003, 1.1], [-0.09999999999999998, 1.1], [-3.6351241692909233, 0.5752275130773657], [-0.9769183989499992, 1.1236269488575596], [-2.2506388573287786, 1.0438499641560357], [-0.11061224117798873, 2.3173220832340404], [-1.517848309229576, 0.9981412909820019], [-1.8875307746960677, 2.172004748495182], [-1.3026371056557282, 6.11292947530571], [-0.7169950228232279, 0.26460307592018195], [-0.7856874150981881, 1.0875073459147948], [-0.527513004764509, 2.439110129645856], [-0.9436399543409112, 2.571568308445986]], "mse": 0.6340350829686806, "vol": 255647.32168985496, "inc": 586, "msevvol": 2.4801162741609957e-06, "msevinc": 0.0010819711313458714}