{"beta": [-0.06224209587655106, 0.019027324902484273, 0.03343745680810466, 0.04758016370034917, 0.0867293482232667, 0.650989891917148, 0.10787699312354056, -0.028853069054979533, 0.08458388444798763, -0.0027042884474886963, 0.02336230140248826, 0.013480926744279607, 0.05496711528421886, -0.10278453485008364, 0.02195124413411018, -0.06342789789298443, 0.023190946522363948], "R": [[-0.1, 1.0], [-0.1, 1.0], [-0.1, 1.0], [-0.10000000000000003, 1.0], [-0.09999999999999998, 1.0], [-3.6351241692909233, -0.041971520988941635], [-0.9769183989499992, 1.1236269488575596], [-2.2506388573287786, 0.5496748978489934], [-0.6815218620801793, 2.3173220832340404], [-1.417848309229576, 0.9981412909820019], [-1.8875307746960677, 1.300097643856932], [-0.9176072856051263, 1.0075418146478838], [-0.7169950228232279, 3.3032634050648815], [-0.7856874150981881, 2.7073885696402087], [-0.527513004764509, 2.439110129645856], [-0.9436399543409112, 0.8139641770525373]], "mse": 0.5825376861083077, "vol": 110816.46302622446, "inc": 391, "msevvol": 5.256779274487867e-06, "msevinc": 0.0014898662048805824}