{"beta": [0.10279574434178347, 0.0149782143439127, -0.11134487027621143, 0.06868310840156963, -0.0057332394887831565, 0.6209319178218917, 0.07063515614621382, -0.09171956219743725, 0.23406017750646643, 0.035564302911311886, 0.02288679072735189, 0.04426381580485987, 0.2521097050994301, -0.005294448699250234, 0.11484552898686526, -0.4265727928828783, -0.1314493688175927], "R": [[0.0, 1.1], [-0.10000000000000002, 1.1], [-0.10000000000000002, 1.1], [-0.10000000000000002, 1.1], [-0.10000000000000002, 1.1], [-3.9918644005925885, 0.7384163693969693], [-1.0784111940537748, 1.0220651665449352], [-0.2632198812096129, 1.731177023253996], [-0.050852778512303964, 2.317941267123266], [-1.4169791737417383, 0.19341199994802694], [-1.787219490427016, 1.3008344096959592], [-0.9182457794233833, 6.1113898898974], [-0.7175431378773933, 0.5581186713268562], [-0.7862811582964232, 0.3273780857374111], [-0.5274526967944777, 2.4394401474107608], [-0.9437002178516671, 0.3998530515890576]], "mse": 0.42911929966509865, "vol": 21196.052336681696, "inc": 240, "msevvol": 2.0245246277415003e-05, "msevinc": 0.001787997081937911}