{"beta": [0.014513300251596768, 0.07834279196639192, 0.12363119452537177, 0.07105363338442282, -0.05397089062502005, 0.6575823633986538, 0.06978171099285418, 0.023021416294901842, 0.21642487189500517, -0.049841569875653774, 0.04303982652186641, -0.07927018132702073, 0.1534280215520565, -0.1431299357981634, 0.012662456726575205, -0.03202565680852662, -0.0009182605723694212], "R": [[-0.1, 1.0], [-0.1, 1.0], [-0.10000000000000003, 1.0], [-0.1, 1.0], [-0.09999999999999998, 1.0], [-3.6351241692909233, 0.2553180661005886], [-0.9769183989499991, 1.1236269488575596], [-2.2506388573287786, 0.5496748978489934], [-0.6815218620801793, 2.3173220832340404], [-1.417848309229576, 0.9981412909820018], [-1.8875307746960677, 0.5281905392186821], [-1.4026371056557283, 1.0075418146478838], [-0.7169950228232279, 3.3032634050648815], [-0.7856874150981881, 2.7073885696402087], [-0.527513004764509, 2.439110129645856], [-0.9436399543409112, 0.8139641770525373]], "mse": 0.6537045699769839, "vol": 113839.14944414733, "inc": 199, "msevvol": 5.742352900288574e-06, "msevinc": 0.0032849475878240397}