{"beta": [0.017049621168522166, -0.06699862437791743, -0.020919879150989088, 0.010648908417594544, -0.000743056442111906, 0.5739132459914303, 0.06509536530516015, -0.022931271529049904, 0.12675289003436924, 0.048218199458200085, 0.0043878844241125444, -0.0017734134878768415, 0.02082832962971415, -0.03915232168035245, 0.03070039245581365, -0.21875543350515086, -0.11737872295124338], "R": [[-0.09999999999999998, 1.1], [-0.10000000000000002, 1.1], [-0.10000000000000002, 1.1], [-0.10000000000000002, 1.1], [-0.10000000000000002, 1.1], [-1.4278104631961355, 2.1321541489063884], [-1.0784111940537748, 1.0220651665449352], [-0.3867665921055894, 2.6254058790138397], [-0.050852778512303964, 2.317941267123266], [-1.5169791737417384, 0.9986075867929094], [-1.787219490427016, 2.1728478847267025], [-1.3032255388300935, 6.1113898898974], [-0.7175431378773933, 1.733780480531106], [-0.7862811582964232, 1.087622518762787], [-0.5274526967944777, 2.4394401474107608], [-0.9437002178516671, 0.3998530515890576]], "mse": 0.42465444740947744, "vol": 179561.00076854308, "inc": 330, "msevvol": 2.364959237205765e-06, "msevinc": 0.0012868316588165983}