{"beta": [-0.03909375716306311, -0.006661239289054577, -0.042261082258277224, -0.010536284161350242, 0.005542508796432182, 0.57030953379387, 0.0782203160294499, -0.014236125254465829, 0.073024710926715, -0.014913023264301217, 0.003611182012529388, 0.009580122561522894, -0.016901646380046056, 0.025186546209679313, -0.0015504712873817945, -0.06556758467970515, 0.017557073226829947], "R": [[-0.1, 1.1], [-0.1, 1.1], [-0.1, 1.1], [-0.1, 1.1], [-0.1, 1.1], [-3.6351241692909233, 9.745791327863362], [-1.0769183989499993, 1.1236269488575596], [-2.2506388573287786, 2.626375163077166], [-2.482619941225386, 2.3173220832340404], [-1.517848309229576, 2.708801024456387], [-1.8875307746960677, 2.172004748495182], [-1.4026371056557283, 6.11292947530571], [-0.7169950228232279, 3.3032634050648815], [-0.7856874150981881, 2.7073885696402087], [-0.527513004764509, 2.439110129645856], [-0.9436399543409112, 2.571568308445986]], "mse": 0.6359920040855438, "vol": 32390832.55511876, "inc": 2425, "msevvol": 1.9634938466101184e-08, "msevinc": 0.00026226474395280155}