{"beta": [0.24235482202724803, 0.1365184115933535, 0.16231360322353622, 0.35670186622518063, 0.25751873848261875, 0.5510622642125891, -0.2996710333304147, -0.04000855613894175, 0.17513840942246262, -0.00642970878802033, -0.05639237653471397, 0.032637657937770875, -0.09366095907634762, -0.05550829374297539, 0.36648858783409494, -0.2530612877248487, 0.1722867650072817], "R": [[-0.10000000000000003, 1.1], [-0.1, 1.0], [-0.1, 1.0], [-0.1, 1.1], [-0.1, 1.1], [-3.6351241692909233, 0.1454501752196753], [-0.9769183989499991, 1.1236269488575596], [-0.721060986940548, 2.626375163077166], [0.2068714743850184, 2.3173220832340404], [-1.517848309229576, 0.9981412909820018], [-1.8875307746960677, -0.24371656541956788], [-1.3026371056557282, 0.6225119945972817], [-0.7169950228232279, 0.8523351417491218], [-0.7856874150981881, 0.8341938086272257], [-0.527513004764509, 2.439110129645856], [-0.9436399543409112, 0.8139641770525373]], "mse": 0.32158964297927417, "vol": 12379.79143641373, "inc": 42, "msevvol": 2.597698391213242e-05, "msevinc": 0.00765689626141129}