{"beta": [0.01757386756251407, -0.04387625929766535, 0.04655799669351848, 0.003213799861518489, 0.01714863074239906, 0.5031006238004145, 0.11283944695458487, 0.01865202205485327, 0.10707986397867217, 0.009792273505595792, -0.0020287886529339575, 0.04866067606374486, 0.02165613277926502, 0.027628649632417537, -0.012058806920255924, -0.09207630553730314, -0.04020732483432106], "R": [[-0.09999999999999998, 1.0], [-0.1, 1.0], [-0.1, 1.0], [-0.1, 1.0], [-0.1, 1.0], [-3.9918644005925885, 1.059511216763079], [-0.9784111940537747, 1.1220651665449353], [-1.9046261831132953, 2.6254058790138397], [-0.017851574136274806, 1.1238392363493848], [-1.4169791737417383, 0.9986075867929095], [-1.0152060153962723, 2.172847884726703], [-1.4032255388300936, 1.006653017610168], [-0.7175431378773933, 2.615526837434293], [-0.7862811582964232, 2.7081113848135385], [-0.5274526967944777, 2.4394401474107608], [-0.9437002178516671, 2.5724418339902657]], "mse": 0.6082169026731787, "vol": 199282.20358111104, "inc": 757, "msevvol": 3.052038223903043e-06, "msevinc": 0.0008034569388020855}