{"beta": [0.2462128484868445, 0.04684658608719111, 0.3049927609372396, 0.1684053689813525, 0.20887599913294944, 0.3879618169219681, -0.11160851002944326, -0.09640804396297449, 0.0995541093205479, 0.09154143863677906, 0.00386345343783676, -0.026520363046336044, -0.03939870091666718, -0.022861787395181396, 0.04399066009911679, -0.07698976659178067, -0.1468615209271723], "R": [[-0.1, 1.0], [-0.1, 1.0], [-0.1, 1.1], [-0.10000000000000003, 1.1], [-0.1, 1.0], [-2.679562738466629, 0.7143723792078756], [-0.9762928050956828, 1.1242828737245418], [-1.8862926513361253, 0.14343465462789584], [-1.027349240257362, 1.5466168883991824], [-1.4180186531120405, 0.9982166143618094], [-1.787996875057795, 1.3002340769356713], [-0.5325206490993862, 4.089501657895997], [-0.7168216464527581, 3.304913477522386], [-0.7857143967286861, 0.8341835288543015], [-0.5275743359844131, 2.438774607923275], [-0.9437099428352795, 2.570881909663535]], "mse": 0.4440922505017447, "vol": 167225.38877245222, "inc": 162, "msevvol": 2.6556508779060587e-06, "msevinc": 0.0027413101882823748}