{"beta": [0.12478940816705018, -0.004466273418460342, 0.23205003319630968, 0.06994894978188344, 0.2192080475285903, 0.49131631441644646, -0.008698639357009366, -0.03621547198968052, 0.11989827303508928, 0.04059213778210975, -0.06320091321808836, -0.08623079288652948, -0.058550728801043415, 0.159093365192292, -0.019035012847015455, -0.0698185446796917, -0.1018083962552248], "R": [[-0.1, 1.0], [-0.1, 1.0], [-0.1, 1.0], [-0.10000000000000003, 1.0], [-0.1, 1.0], [-2.679562738466629, 1.0362796747987928], [-0.9762928050956828, 1.1242828737245418], [-2.2510396912444732, 0.3022828785729059], [-0.5596511029407755, 2.31791943291289], [-1.4180186531120405, 2.7090401260110433], [-1.8879968750577951, 0.5281763389373046], [-0.5325206490993862, 1.7784905043983055], [-0.7168216464527581, 3.304913477522386], [-0.7857143967286861, 0.5808672079238036], [-0.5275743359844131, 2.438774607923275], [-0.9437099428352795, 0.8135859834141277]], "mse": 0.5328709912860538, "vol": 60978.62731153017, "inc": 182, "msevvol": 8.738651799485418e-06, "msevinc": 0.002927862589483812}