{"beta": [-0.02934458464469896, -0.08096229224981058, -0.01869133282644455, -0.03003351213266384, -0.05294874714419026, 0.5913192230954286, 0.10941398552142283, -0.02884465311075704, 0.04615638889303475, 0.006677974527603598, -0.0008836348249061726, -0.008968320534197426, -0.010138221116606328, -0.00514630515314627, -0.006392499096873014, -0.07126926933725394, 0.051098003955207846], "R": [[-0.09999999999999998, 1.1], [-0.10000000000000002, 1.1], [-0.10000000000000002, 1.1], [-0.10000000000000002, 1.1], [-0.10000000000000002, 1.1], [-3.9918644005925885, 6.457576198303895], [-1.0784111940537748, 1.1220651665449353], [-2.251719604905245, 2.6254058790138397], [-2.4828060419456293, 2.317941267123266], [-1.5169791737417384, 0.9986075867929094], [-1.887219490427016, 2.1728478847267025], [-1.4032255388300936, 6.1113898898974], [-0.7175431378773933, 3.3033577420364177], [-0.7862811582964232, 2.3546965738050796], [-0.5274526967944777, 2.4394401474107608], [-0.9437002178516671, 1.6434063210297825]], "mse": 0.5475095019872777, "vol": 9967183.557690883, "inc": 1581, "msevvol": 5.4931214903211864e-08, "msevinc": 0.0003463058203588094}