{"beta": [-0.010478137845489463, 0.009755580513827451, 0.031867663829411245, 0.020967478481669823, 0.06524525695511585, 0.5330224762657665, 0.10257139158970757, -0.055161602972051416, 0.045879316789630926, -0.008980263054952193, 0.044465613021029755, 0.029261158743223558, -0.021925347421521767, -0.035626823008317064, 0.002112978491076787, -0.027325935427469403, 0.00040693124489322703], "R": [[-0.09999999999999998, 1.0], [-0.1, 1.0], [-0.1, 1.0], [-0.1, 1.0], [-0.1, 1.0], [-1.6930627284116178, 0.44058926459362047], [-0.9784111940537747, 1.1220651665449353], [-2.251719604905245, 1.0781444085181249], [-0.5600466637602565, 1.1238392363493848], [-1.4169791737417383, 2.708998760482675], [-1.0152060153962723, 0.5288209346652153], [-1.4032255388300936, 0.6216732582034575], [-0.7175431378773933, 3.3033577420364177], [-0.7862811582964232, 2.7081113848135385], [-0.5274526967944777, 2.3394401474107607], [-0.9437002178516671, 2.5724418339902657]], "mse": 0.4047321869635749, "vol": 73943.83961671061, "inc": 493, "msevvol": 5.473507854900589e-06, "msevinc": 0.0008209577828875758}