{"beta": [0.20015502632099072, 0.05898289558260977, 0.12869521886335245, 0.13986049699031008, 0.1731456950440964, 0.5594113109138529, -0.038098045374480964, 0.019972652287303685, 0.08056947060973506, -0.054325192762729395, 0.0018985503134551708, 0.008466028859222154, -0.00973306962066193, 0.00908956606105494, -0.012662718282208708, -0.009219309220736577, -0.07584849373885906], "R": [[-0.1, 1.0], [-0.1, 1.0], [-0.1, 1.0], [-0.10000000000000003, 1.0], [-0.1, 1.0], [-2.679562738466629, 7.308664912350221], [-1.076292805095683, 1.0242828737245417], [-1.4803471901433205, 0.14343465462789584], [-1.374914156628051, 1.3613281589992172], [-1.4180186531120405, 2.709040126011043], [-1.0159391370594286, 2.172291814934038], [-0.917689174682335, 1.3933219788153568], [-0.7168216464527583, 3.304913477522386], [-0.7857143967286861, 2.7073977753677876], [-0.5275743359844131, 2.438774607923275], [-0.9437099428352796, 1.6422339465388311]], "mse": 0.7110923225912694, "vol": 491962.75781732594, "inc": 745, "msevvol": 1.4454190104676785e-06, "msevinc": 0.0009544863390486838}