{"beta": [0.04852125806366717, 0.07939811326933092, 0.19355666068989938, 0.13706685057670012, 0.16114223657003685, 0.552433240486262, 0.06262152407312153, -0.0024511403040633323, 0.14778471289287654, 0.07549890571365425, -0.019950033723474894, -0.1732505667745831, -0.15810636433562783, -0.08964493781104482, 0.2382688180736813, -0.08584160879526295, 0.1107251662239869], "R": [[-0.1, 1.1], [-0.10000000000000003, 1.1], [-0.10000000000000002, 1.1], [-0.1, 1.1], [-0.1, 1.1], [-2.679562738466629, 1.0025917020043944], [-0.976292805095683, 1.1242828737245418], [-1.1626507422533003, 2.6261580138030496], [-2.4821366099920725, 1.2250218883783808], [-1.5180186531120405, 2.7090401260110424], [-1.8879968750577951, -0.243881399061062], [0.237816402066511, 6.115344285810739], [-0.7168216464527583, 2.322974602758891], [-0.7857143967286861, 1.8474488125762936], [-0.5275743359844131, 2.438774607923275], [-0.9437099428352796, 0.39926200185177596]], "mse": 0.915282512634552, "vol": 352100.9002585235, "inc": 73, "msevvol": 2.599489271292754e-06, "msevinc": 0.01253811661143222}