{"beta": [0.14700998620109948, 0.14807011407569404, 0.13184954753209355, 0.11472261735108111, 0.19539379067600623, 0.5013928937019493, -0.06851439558525428, -0.009237483429962152, 0.05381339187520748, -0.030306408507800902, 0.01639009494487059, 0.0025896865908720413, -0.02468207725942814, 0.019160453915480553, 0.001109325661402113, -0.03077019271655254, -0.09613839702517647], "R": [[-0.1, 1.1], [-0.1, 1.1], [-0.1, 1.1], [-0.10000000000000003, 1.1], [-0.1, 1.1], [-2.679562738466629, 7.308664912350221], [-0.9762928050956828, 1.1242828737245418], [-2.2510396912444732, 2.6261580138030496], [-1.6374343175366515, 2.31791943291289], [-1.5180186531120405, 2.7090401260110433], [-1.8879968750577951, 2.172291814934038], [-1.4028577002652836, 6.115344285810739], [-0.7168216464527581, 3.304913477522386], [-0.7857143967286861, 2.7073977753677876], [-0.5275743359844131, 2.438774607923275], [-0.9437099428352795, 2.570881909663535]], "mse": 0.7916958077536892, "vol": 19033603.07796635, "inc": 1650, "msevvol": 4.1594636838369864e-08, "msevinc": 0.00047981564106284194}