{"beta": [-0.5517532264832844, -0.0571917148997749, 0.1854311808624046, -0.21316748750920386, 0.017425165938672015, 0.09779412156522974, -0.26748115648447096, 0.023221208363435396, 0.11997655541841261, 0.10361652087594769, 0.10011549068869117, -0.35685659004531123], "R": [[-2.7959321704778626, 6.122627160047834], [-2.746572466088649, 1.0688081113050312], [-2.877433136057892, 5.334375481884963], [-2.4563033545612583, 4.986747718998426], [-2.4742496470777513, 0.9199169824545073], [-2.462565505455457, 2.6726249832016244], [-1.2452702045669566, 3.6099946272353787], [-3.452326015876494, 4.224581498035601], [-0.5886497803447039, 1.7988029782571497], [-1.4448575338251728, 0.7921097593287006], [-0.9615978541703437, 1.139935764897052]], "mse": 0.6542339728381449, "vol": 15164989.065870348, "inc": 61, "msevvol": 4.31410777809616e-08, "msevinc": 0.010725147095707294}