{"beta": [-1.8824704784651258, 0.6076619302790685, 0.7019300915090553, 1.2375833913722813, -0.6882269920719618, -0.5673525915034334, -0.4632914294055186, 0.4611353231857233, 0.08221235353067409, 0.15111513750381592, 0.24128465592712864, -0.5438674992223225], "R": [[-2.7959321704778626, 6.122627160047834], [-2.746572466088649, -0.6200012420557325], [-2.877433136057892, 0.5215468830950479], [-2.4563033545612583, 4.986747718998426], [-2.4742496470777513, 5.631750263799669], [-2.462565505455457, 0.5162956129278404], [-1.4910203250735372, 3.6099946272353787], [-3.452326015876494, 1.1410078266187553], [-0.688649780344704, 1.6988029782571497], [-1.4448575338251728, 0.7921097593287006], [-0.9615978541703437, 1.139935764897052]], "mse": 0.8944025038849354, "vol": 3046817.703887654, "inc": 60, "msevvol": 2.935530086830278e-07, "msevinc": 0.014906708398082256}