{"beta": [-0.0943408861938219, -0.15511563328608483, -0.003706062035104982, 0.07477966153783802, 0.02608750342823788, -0.09536111581621683, -0.29966916209467165, 0.17776360030559563, 0.0036090038739436696, 0.07156053633694892, 0.1441943856991913, -0.007794291356082773], "R": [[-2.7959321704778626, 6.122627160047834], [-2.746572466088649, 3.5331412060101], [-2.877433136057892, 5.334375481884963], [-2.4563033545612583, 4.986747718998426], [-2.4742496470777513, 5.631750263799668], [-2.462565505455457, 2.6726249832016244], [-1.898207975706763, 3.6099946272353787], [-3.452326015876494, 4.224581498035601], [-0.688649780344704, 1.7988029782571497], [-1.5448575338251727, 0.7921097593287006], [-1.0615978541703437, 1.139935764897052]], "mse": 0.5786973565365939, "vol": 77111034.85853748, "inc": 205, "msevvol": 7.504728183174195e-09, "msevinc": 0.0028229139343248486}