{"beta": [-0.09434088619382071, -0.15511563328608569, -0.0037060620351060175, 0.07477966153784675, 0.026087503428232593, -0.09536111581622105, -0.2996691620946718, 0.177763600305596, 0.003609003873943748, 0.07156053633694857, 0.1441943856991917, -0.007794291356082815], "R": [[-2.7959321704778626, 6.122627160047834], [-2.746572466088649, 3.5331412060101], [-2.877433136057892, 5.334375481884963], [-2.4563033545612583, 4.986747718998426], [-2.474249647077751, 5.631750263799668], [-2.462565505455457, 2.6726249832016244], [-1.898207975706763, 3.6099946272353787], [-3.452326015876494, 4.224581498035601], [-0.688649780344704, 1.7988029782571495], [-1.5448575338251724, 0.7921097593287006], [-0.9615978541703437, 1.039935764897052]], "mse": 0.5786973565365938, "vol": 70105824.10993187, "inc": 205, "msevvol": 8.254625972717292e-09, "msevinc": 0.0028229139343248478}