{"beta": [0.01738769667822458, -0.2466925536138629, -0.04890117854022434, -0.2832870835051915, 0.22645698053092198, 0.13976889466776618, -0.2667107451410108, 0.14012430688747426, 0.013092652611545326, 0.023737070653942805, 0.10606916522991365, 0.03214310031710232], "R": [[-2.7959321704778626, 6.122627160047834], [-2.746572466088649, 3.5331412060101], [-2.877433136057892, 5.334375481884963], [-2.4563033545612583, 4.986747718998426], [-2.474249647077751, 5.631750263799668], [-2.462565505455457, 2.6726249832016244], [-1.898207975706763, 3.6099946272353787], [-3.452326015876494, 4.224581498035601], [-0.688649780344704, 1.7988029782571495], [-1.4448575338251723, 0.7921097593287006], [-1.0615978541703437, 1.139935764897052]], "mse": 0.672420570148216, "vol": 73811415.08703132, "inc": 204, "msevvol": 9.109980744243453e-09, "msevinc": 0.0032961792654324315}