{"beta": [0.3595269762115823, -0.6361338723512733, -0.022925772781622708, 0.20357397098477406, -0.06284976473668413, -0.10229685188698266, -0.36394220286580337, 0.028518820758579096, 0.04112059469083614, 0.0864523395116982, 0.2062315351976575, -0.1190084991275204], "R": [[-2.7959321704778626, 6.122627160047834], [-2.746572466088649, 3.5331412060101], [-2.877433136057892, 5.334375481884963], [-2.4563033545612583, 4.986747718998426], [-2.4742496470777513, 5.631750263799668], [-2.462565505455457, 2.6726249832016244], [-1.1715451684149822, 3.6099946272353787], [-3.452326015876494, 4.224581498035601], [-0.5886497803447039, 1.7988029782571497], [-1.5448575338251729, 0.7921097593287006], [-0.9615978541703436, 1.139935764897052]], "mse": 0.3731797068196795, "vol": 61328926.884685285, "inc": 13, "msevvol": 6.0848889060354296e-09, "msevinc": 0.028706131293821498}