{"beta": [0.0914243236198302, -0.2922908804297206, -0.053285843913491886, -0.21703341406425533, 0.15927013140803187, 0.17102427805854953, -0.425782074423655, 0.13128237420166522, 0.041901585908240675, -0.2020956176065787, 0.14393037978481993, 0.21388347413563766], "R": [[-2.7959321704778626, 6.122627160047834], [-2.746572466088649, 0.3932843699607257], [-1.8348674162999088, 2.4066783226110138], [-2.4563033545612583, 4.986747718998426], [-1.0565829952648478, 5.631750263799668], [-2.362565505455457, 0.5162956129278403], [-1.208407686490969, 3.6099946272353787], [-1.2674191129586982, 2.183461278077654], [-0.688649780344704, 1.6988029782571499], [-1.4448575338251723, 0.7921097593287006], [-0.9615978541703437, 1.139935764897052]], "mse": 0.6067451532782173, "vol": 3176742.792758478, "inc": 94, "msevvol": 1.9099599585503712e-07, "msevinc": 0.006454735673172524}