{"beta": [0.034126322343586236, -0.26789853167107436, -0.04552470753160991, -0.38224175940791577, 0.2247198455007263, 0.2199140193875176, -0.252537590426897, 0.16632570341750708, 0.0033468996471083838, 0.03735705448400859, 0.10809400226083382, 0.015240804126657558], "R": [[-2.7959321704778626, 6.122627160047834], [-2.746572466088649, 3.5331412060101], [-2.877433136057892, 5.334375481884963], [-2.4563033545612583, 4.986747718998426], [-2.474249647077751, 1.908166971314185], [-2.462565505455457, 2.6726249832016244], [-1.380432770845575, 3.6099946272353787], [-3.452326015876494, 1.2488478388386415], [-0.688649780344704, 1.6988029782571499], [-1.4448575338251723, 0.7921097593287006], [-0.9615978541703437, 1.139935764897052]], "mse": 0.5134070560892354, "vol": 20284738.036747675, "inc": 104, "msevvol": 2.5310016582868912e-08, "msevinc": 0.00493660630855034}