{"beta": [-0.7520310512713426, 0.3717087219264873, 0.2782534039047707, 1.378465605265748, -0.9379548008735963, -0.4986265252537671, -0.44830556220171996, 0.3944070504699439, 0.013579636065827802, 0.16048493924319412, 0.3884817013341352, 0.19568937051529642], "R": [[-2.7959321704778626, 6.122627160047834], [-2.646572466088649, -0.6200012420557325], [-2.877433136057892, 0.05026402321605661], [-2.4563033545612583, 4.986747718998426], [-2.4742496470777513, 5.631750263799669], [-2.462565505455457, 0.9275614869825972], [-1.4910203250735372, 3.6099946272353787], [-3.452326015876494, 0.7815411192191354], [-0.688649780344704, 1.6988029782571497], [-1.4448575338251728, 0.7921097593287006], [-0.9615978541703437, 1.139935764897052]], "mse": 0.8546514479214801, "vol": 2623498.826077008, "inc": 41, "msevvol": 3.257678026864089e-07, "msevinc": 0.020845157266377562}