{"beta": [-0.8796538638309623, 0.4592575753649415, 0.32032552685163207, 1.6306452745410585, -1.0243397747392133, -0.6411178415459344, -0.5035351690301163, 0.42457383207259486, 0.035913354920438983, 0.10289983876600041, 0.3314727649625158, 0.19057049103843007], "R": [[-2.7959321704778626, 6.122627160047834], [-2.646572466088649, -0.6200012420557325], [-2.877433136057892, 0.05026402321605661], [-2.4563033545612583, 4.986747718998426], [-2.4742496470777513, 5.631750263799669], [-2.462565505455457, 0.9275614869825972], [-1.4910203250735372, 3.6099946272353787], [-3.452326015876494, 1.8958879121579577], [-0.688649780344704, 1.6988029782571497], [-1.4448575338251728, 0.7921097593287006], [-0.9615978541703437, 1.139935764897052]], "mse": 0.7619584386841853, "vol": 3313999.3566402197, "inc": 24, "msevvol": 2.2992111846897574e-07, "msevinc": 0.03174826827850772}