{"beta": [-0.3720006322660138, -0.04909059097633303, 0.11706169186961235, -0.005796486272629933, 0.010624962109454354, 0.04701494073001551, -0.36110484801781606, 0.19933784317216366, 0.07099656465728915, 0.05599014608481035, 0.14475624858819344, -0.056870419054266916], "R": [[-2.7959321704778626, 6.122627160047834], [-2.746572466088649, 0.055522499288573], [-2.877433136057892, 2.4066783226110138], [-2.4563033545612583, 4.986747718998426], [-2.4742496470777513, 5.631750263799669], [-2.462565505455457, 0.5162956129278404], [-1.8982079757067631, 3.6099946272353787], [-3.452326015876494, 2.183461278077654], [-0.688649780344704, 1.7988029782571497], [-1.5448575338251729, 0.7921097593287006], [-0.9615978541703437, 1.139935764897052]], "mse": 0.5006936067604312, "vol": 9000480.436800208, "inc": 113, "msevvol": 5.562965335864165e-08, "msevinc": 0.004430916873986117}