{"beta": [-0.8599197630461917, 0.1433949737072724, 0.3278193956605102, -0.3455700950283062, 0.23712786217284876, -0.06364749172979536, -0.4134950780579332, 0.33338483566757776, -0.09367833178184021, 0.13847369506752447, 0.15820312075117157, -0.3811239624026398], "R": [[-2.7959321704778626, 6.122627160047834], [-2.746572466088649, 0.7310462406328784], [-2.877433136057892, 0.05026402321605661], [-2.4563033545612583, 4.986747718998426], [-2.4742496470777513, 5.631750263799669], [-2.462565505455457, 0.10502973887308364], [-1.3681452648202468, 3.6099946272353787], [-1.7347258325782045, 1.2488478388386415], [-0.688649780344704, 1.6988029782571497], [-1.4448575338251728, 0.7921097593287006], [-0.9615978541703437, 1.139935764897052]], "mse": 0.5413734157917883, "vol": 2344885.292081511, "inc": 40, "msevvol": 2.3087415730737994e-07, "msevinc": 0.013534335394794709}