{"beta": [-0.11263369272378122, -0.036391750940337184, -0.3714869587445765, 0.013936979299941386, 0.03180948297902134, 0.14946628116680924], "R": [[-1.3767654645611844, 3.615181352813236], [-1.6617792825798459, 0.9121829326680108], [-0.06293264072788862, 2.3330237003102603], [-0.5313915329587728, 2.4180798036097926], [-0.9217648016985407, 1.1848754456205048]], "mse": 1.3083059569763684, "vol": 191.28705212247795, "inc": 115, "msevvol": 0.006839490401779425, "msevinc": 0.011376573538924942}