{"beta": [0.9710454800585328, 0.3313283802234716, -0.4243662194486606, -0.14260100068634043, 0.07533893473079814, 0.09888336847067686], "R": [[-1.3767654645611844, 3.6151813528132357], [-1.7617792825798462, 0.9121829326680108], [-1.2109108112469629, -0.06293264072788862], [-0.5313915329587728, 2.4180798036097926], [-1.0217648016985403, 1.1848754456205048]], "mse": 0.6032834133970767, "vol": 99.73200745704128, "inc": 44, "msevvol": 0.00604904512382282, "msevinc": 0.013710986668115379}