{"beta": [-0.047784320481773834, 0.023465651465040975, -0.11190644139626563, -0.003521928841073091, 0.041446969208681426, -0.07426083694076142], "R": [[-1.3767654645611844, 3.615181352813236], [-1.761779282579846, 0.9121829326680108], [-1.3109108112469632, 2.3330237003102603], [-0.5313915329587728, 2.4180798036097926], [-0.9217648016985405, 1.0848754456205048]], "mse": 1.126904883922588, "vol": 287.8786635888774, "inc": 159, "msevvol": 0.003914513392114161, "msevinc": 0.007087452100142062}