{"beta": [0.0885985618271582, 0.07011914314565343, -0.0036869277032956908, -0.011943191230690656, 0.023319967959810894, 0.09023479655577415], "R": [[-1.3767654645611844, 3.615181352813236], [-1.761779282579846, 0.9121829326680108], [-0.06293264072788862, 1.0850455297911856], [-0.5313915329587728, 2.4180798036097926], [-1.0217648016985403, 1.1848754456205048]], "mse": 1.1476726511261244, "vol": 99.73200745704128, "inc": 99, "msevvol": 0.011507565929829244, "msevinc": 0.011592653041678024}