{"beta": [-0.047784320481773834, 0.023465651465040975, -0.11190644139626563, -0.003521928841073091, 0.041446969208681426, -0.07426083694076142], "R": [[-1.3767654645611844, 3.615181352813236], [-1.761779282579846, 0.9121829326680108], [-1.310910811246963, 2.3330237003102603], [-0.5313915329587728, 2.4180798036097926], [-1.0217648016985406, 1.1848754456205048]], "mse": 0.983972082182199, "vol": 316.57126695647105, "inc": 106, "msevvol": 0.003108216647840931, "msevinc": 0.009282755492284897}