{"beta": [0.9710454800585431, 0.33132838022347, -0.33907169500425877, -0.14260100068634188, 0.07533893473079835, 0.202167430260582], "R": [[-1.3767654645611844, 3.6151813528132357], [-1.7617792825798462, 0.9121829326680108], [-1.2109108112469629, -0.06293264072788862], [-0.5313915329587728, 2.4180798036097926], [-1.0217648016985403, 1.1848754456205048]], "mse": 1.088014799450162, "vol": 99.73200745704128, "inc": 26, "msevvol": 0.010909384330991385, "msevinc": 0.04184672305577546}