{"beta": [-0.27864202670838145, -0.1809472753277071, -0.03418300267501868, 0.01817095416047014, 0.04498591839447931, 0.04556377445777318], "R": [[-1.3767654645611844, 3.615181352813236], [-1.761779282579846, 0.9121829326680108], [-1.310910811246963, 2.3330237003102603], [-0.43139153295877275, 2.3180798036097925], [-1.0217648016985406, 1.1848754456205048]], "mse": 1.4511677236770877, "vol": 295.1049612472742, "inc": 34, "msevvol": 0.004917462985182163, "msevinc": 0.0426814036375614}