{"beta": [-0.8358006068136715, -0.8051243636578921, 0.17558781221222636, 0.19379703653912145, -0.543358865941114, 0.16293857126020753], "R": [[-1.3767654645611844, 3.615181352813236], [-1.761779282579846, 0.9121829326680108], [-0.06293264072788851, 2.3330237003102603], [-0.43139153295877275, 2.4180798036097926], [-1.0217648016985406, 1.1848754456205048]], "mse": 4.329699160075573, "vol": 201.09438478914424, "inc": 2, "msevvol": 0.02153068154844523, "msevinc": 2.1648495800377865}