{"beta": [-0.27864202670838134, -0.18094727532770702, -0.034183002675018816, 0.007641093236778502, 0.044985918394479296, 0.06997283239980263], "R": [[-1.3767654645611844, 3.615181352813236], [-1.761779282579846, 0.9121829326680108], [-1.310910811246963, 2.3330237003102603], [-0.43139153295877275, 2.3180798036097925], [-1.0217648016985406, 1.1848754456205048]], "mse": 0.6738066112231914, "vol": 295.1049612472742, "inc": 12, "msevvol": 0.0022832778153756474, "msevinc": 0.05615055093526595}