{"beta": [-0.23017579759191983, -0.14727432194632586, -0.2843227074939418, 0.023634549133303553, -0.002392119140584411, 0.21193580080236166], "R": [[-1.3767654645611844, 3.615181352813236], [-0.8371252108305604, 0.9121829326680108], [-0.06293264072788862, 2.3330237003102603], [-0.5313915329587728, 2.3180798036097925], [-0.9217648016985407, 1.1848754456205048]], "mse": 1.3462490369496347, "vol": 125.59427337317923, "inc": 87, "msevvol": 0.01071903201310393, "msevinc": 0.015474126861490054}